Time,Temperature,Relative Temperature,Wind,Wind Gust,Rel. humidity,Dew Point,Pressure,Icon,DescriptionDetails,date
00:00,17°C,17°C,290°4 Km/h,,64%,10°C,1016.0mb,,"document.write(Icons.GetShortDescription(1, 'CurrentWeather'));",2017-05-22
01:00,18°C,18°C,260°6 Km/h,,60%,10°C,1016.0mb,,"document.write(Icons.GetShortDescription(1, 'CurrentWeather'));",2017-05-22
02:00,14°C,14°C,270°4 Km/h,,72%,9°C,1016.0mb,,"document.write(Icons.GetShortDescription(1, 'CurrentWeather'));",2017-05-22
03:00,15°C,15°C,20°4 Km/h,,77%,11°C,1015.0mb,,"document.write(Icons.GetShortDescription(1, 'CurrentWeather'));",2017-05-22
04:00,14°C,14°C,10°2 Km/h,,77%,10°C,1015.0mb,,"document.write(Icons.GetShortDescription(1, 'CurrentWeather'));",2017-05-22
05:00,14°C,14°C,360°2 Km/h,,82%,11°C,1015.0mb,,"document.write(Icons.GetShortDescription(1, 'CurrentWeather'));",2017-05-22
06:00,14°C,14°C,320°4 Km/h,,82%,11°C,1016.0mb,,"document.write(Icons.GetShortDescription(1, 'CurrentWeather'));",2017-05-22
07:00,18°C,18°C,Calm,,68%,12°C,1016.0mb,,"document.write(Icons.GetShortDescription(1, 'CurrentWeather'));",2017-05-22
08:00,20°C,20°C,260°2 Km/h,,56%,11°C,1016.0mb,,"document.write(Icons.GetShortDescription(1, 'CurrentWeather'));",2017-05-22
09:00,22°C,22°C,350°4 Km/h,,57%,13°C,1016.0mb,,"document.write(Icons.GetShortDescription(1, 'CurrentWeather'));",2017-05-22
10:00,23°C,23°C,40°6 Km/h,,50%,12°C,1015.0mb,,"document.write(Icons.GetShortDescription(1, 'CurrentWeather'));",2017-05-22
11:00,25°C,25°C,50°6 Km/h,,42%,11°C,1015.0mb,,"document.write(Icons.GetShortDescription(2, 'CurrentWeather'));  Few Clouds at 910m, Scattered Clouds at 6100m",2017-05-22
12:00,26°C,26°C,330°6 Km/h,,39%,11°C,1014.0mb,,"document.write(Icons.GetShortDescription(3, 'CurrentWeather'));  Scattered Clouds at 1100m, Broken Clouds at 6100m",2017-05-22
13:00,25°C,25°C,290°19 Km/h,,47%,13°C,1014.0mb,,"document.write(Icons.GetShortDescription(3, 'CurrentWeather'));  Scattered Clouds at 1100m, Broken Clouds at 6100m",2017-05-22
14:00,26°C,26°C,300°15 Km/h,,45%,13°C,1013.0mb,,"document.write(Icons.GetShortDescription(3, 'CurrentWeather'));  Scattered Clouds at 1100m, Broken Clouds at 6100m",2017-05-22
15:00,26°C,26°C,270°11 Km/h,,42%,12°C,1012.0mb,,"document.write(Icons.GetShortDescription(2, 'CurrentWeather'));  Few Clouds at 1100m, Scattered Clouds at 6100m",2017-05-22
16:00,26°C,26°C,240°15 Km/h,,34%,9°C,1012.0mb,,"document.write(Icons.GetShortDescription(2, 'CurrentWeather'));  Few Clouds at 1100m",2017-05-22
17:00,26°C,25°C,250°15 Km/h,,32%,8°C,1012.0mb,,"document.write(Icons.GetShortDescription(1, 'CurrentWeather'));",2017-05-22
18:00,23°C,22°C,290°20 Km/h,,38%,8°C,1012.0mb,,"document.write(Icons.GetShortDescription(1, 'CurrentWeather'));",2017-05-22
19:00,21°C,21°C,280°15 Km/h,,50%,10°C,1012.0mb,,"document.write(Icons.GetShortDescription(1, 'CurrentWeather'));",2017-05-22
20:00,19°C,19°C,280°9 Km/h,,60%,11°C,1013.0mb,,"document.write(Icons.GetShortDescription(1, 'CurrentWeather'));",2017-05-22
21:00,19°C,19°C,310°6 Km/h,,60%,11°C,1013.0mb,,"document.write(Icons.GetShortDescription(1, 'CurrentWeather'));",2017-05-22
22:00,19°C,19°C,310°6 Km/h,,60%,11°C,1013.0mb,,"document.write(Icons.GetShortDescription(1, 'CurrentWeather'));",2017-05-22
23:00,17°C,17°C,360°6 Km/h,,68%,11°C,1013.0mb,,"document.write(Icons.GetShortDescription(1, 'CurrentWeather'));",2017-05-22
