Time,Temperature,Relative Temperature,Wind,Wind Gust,Rel. humidity,Dew Point,Pressure,Icon,DescriptionDetails,date
00:00,-8°C,-12°C,290°7 Km/h,,38%,-20°C,1030.0mb,,"document.write(Icons.GetShortDescription(1, 'CurrentWeather'));",2017-12-27
01:00,-8°C,-11°C,280°6 Km/h,,38%,-20°C,1030.0mb,,"document.write(Icons.GetShortDescription(1, 'CurrentWeather'));",2017-12-27
02:00,-9°C,-14°C,310°11 Km/h,,41%,-20°C,1030.0mb,,"document.write(Icons.GetShortDescription(1, 'CurrentWeather'));",2017-12-27
03:00,-9°C,-12°C,270°6 Km/h,,37%,-21°C,1030.0mb,,"document.write(Icons.GetShortDescription(1, 'CurrentWeather'));",2017-12-27
04:00,-10°C,-13°C,320°6 Km/h,,41%,-21°C,1030.0mb,,"document.write(Icons.GetShortDescription(1, 'CurrentWeather'));",2017-12-27
05:00,-9°C,-13°C,300°7 Km/h,,37%,-21°C,1030.0mb,,"document.write(Icons.GetShortDescription(1, 'CurrentWeather'));",2017-12-27
06:00,-10°C,-10°C,300°2 Km/h,,41%,-21°C,1030.0mb,,"document.write(Icons.GetShortDescription(1, 'CurrentWeather'));",2017-12-27
07:00,-10°C,-13°C,320°6 Km/h,,41%,-21°C,1031.0mb,,"document.write(Icons.GetShortDescription(1, 'CurrentWeather'));",2017-12-27
08:00,-11°C,-17°C,310°11 Km/h,,48%,-20°C,1031.0mb,,"document.write(Icons.GetShortDescription(1, 'CurrentWeather'));",2017-12-27
09:00,-9°C,-14°C,310°11 Km/h,,41%,-20°C,1032.0mb,,"document.write(Icons.GetShortDescription(1, 'CurrentWeather'));",2017-12-27
10:00,-8°C,-14°C,330°15 Km/h,,38%,-20°C,1032.0mb,,"document.write(Icons.GetShortDescription(1, 'CurrentWeather'));",2017-12-27
11:00,-7°C,-11°C,350°9 Km/h,,27%,-23°C,1032.0mb,,"document.write(Icons.GetShortDescription(1, 'CurrentWeather'));",2017-12-27
12:00,-6°C,-10°C,320°9 Km/h,,23%,-24°C,1032.0mb,,"document.write(Icons.GetShortDescription(1, 'CurrentWeather'));",2017-12-27
13:00,-5°C,-10°C,300°13 Km/h,,21%,-24°C,1031.0mb,,"document.write(Icons.GetShortDescription(1, 'CurrentWeather'));",2017-12-27
14:00,-4°C,-8°C,290°11 Km/h,,21%,-23°C,1030.0mb,,"document.write(Icons.GetShortDescription(1, 'CurrentWeather'));",2017-12-27
15:00,-4°C,-10°C,290°17 Km/h,,26%,-21°C,1030.0mb,,"document.write(Icons.GetShortDescription(1, 'CurrentWeather'));",2017-12-27
16:00,-4°C,-8°C,290°9 Km/h,,28%,-20°C,1030.0mb,,"document.write(Icons.GetShortDescription(1, 'CurrentWeather'));",2017-12-27
17:00,-5°C,-9°C,270°9 Km/h,,30%,-20°C,1030.0mb,,"document.write(Icons.GetShortDescription(1, 'CurrentWeather'));",2017-12-27
18:00,-5°C,-9°C,280°9 Km/h,,30%,-20°C,1030.0mb,,"document.write(Icons.GetShortDescription(1, 'CurrentWeather'));",2017-12-27
19:00,-6°C,-10°C,280°9 Km/h,,32%,-20°C,1031.0mb,,"document.write(Icons.GetShortDescription(1, 'CurrentWeather'));",2017-12-27
20:00,-5°C,-5°C,210°4 Km/h,,30%,-20°C,1031.0mb,,"document.write(Icons.GetShortDescription(1, 'CurrentWeather'));",2017-12-27
21:00,-6°C,-6°C,280°2 Km/h,,35%,-19°C,1030.0mb,,"document.write(Icons.GetShortDescription(1, 'CurrentWeather'));",2017-12-27
22:00,-8°C,-8°C,280°4 Km/h,,49%,-17°C,1030.0mb,,"document.write(Icons.GetShortDescription(1, 'CurrentWeather'));",2017-12-27
23:00,-8°C,-11°C,320°6 Km/h,,53%,-16°C,1030.0mb,,"document.write(Icons.GetShortDescription(1, 'CurrentWeather'));",2017-12-27
