Time,Temperature,Relative Temperature,Wind,Wind Gust,Rel. humidity,Dew Point,Pressure,Icon,DescriptionDetails,date
00:00,20°C,20°C,50°2 Km/h,,73%,15°C,1010.0mb,,"document.write(Icons.GetShortDescription(1, 'CurrentWeather'));",2017-06-17
01:00,21°C,21°C,180°9 Km/h,,64%,14°C,1010.0mb,,"document.write(Icons.GetShortDescription(1, 'CurrentWeather'));",2017-06-17
02:00,19°C,19°C,170°6 Km/h,,68%,13°C,1010.0mb,,"document.write(Icons.GetShortDescription(2, 'CurrentWeather'));  Few Clouds at 760m",2017-06-17
03:00,20°C,20°C,170°7 Km/h,,69%,14°C,1010.0mb,,"document.write(Icons.GetShortDescription(2, 'CurrentWeather'));  Few Clouds at 760m",2017-06-17
04:00,20°C,20°C,180°9 Km/h,,69%,14°C,1010.0mb,,"document.write(Icons.GetShortDescription(2, 'CurrentWeather'));  Few Clouds at 760m",2017-06-17
05:00,20°C,20°C,190°13 Km/h,,69%,14°C,1011.0mb,,"document.write(Icons.GetShortDescription(2, 'CurrentWeather'));  Few Clouds at 910m",2017-06-17
06:00,20°C,20°C,170°7 Km/h,,69%,14°C,1011.0mb,,"document.write(Icons.GetShortDescription(1, 'CurrentWeather'));",2017-06-17
07:00,21°C,21°C,170°9 Km/h,,64%,14°C,1011.0mb,,"document.write(Icons.GetShortDescription(1, 'CurrentWeather'));",2017-06-17
08:00,22°C,22°C,210°9 Km/h,,61%,14°C,1011.0mb,,"document.write(Icons.GetShortDescription(1, 'CurrentWeather'));",2017-06-17
09:00,24°C,24°C,210°9 Km/h,,54%,14°C,1011.0mb,,"document.write(Icons.GetShortDescription(1, 'CurrentWeather'));",2017-06-17
10:00,25°C,25°C,250°7 Km/h,,47%,13°C,1011.0mb,,"document.write(Icons.GetShortDescription(1, 'CurrentWeather'));",2017-06-17
11:00,26°C,26°C,240°9 Km/h,,45%,13°C,1011.0mb,,"document.write(Icons.GetShortDescription(1, 'CurrentWeather'));",2017-06-17
12:00,26°C,26°C,270°13 Km/h,,45%,13°C,1011.0mb,,"document.write(Icons.GetShortDescription(1, 'CurrentWeather'));",2017-06-17
13:00,27°C,27°C,260°11 Km/h,,39%,12°C,1010.0mb,,"document.write(Icons.GetShortDescription(1, 'CurrentWeather'));",2017-06-17
14:00,27°C,27°C,230°11 Km/h,,37%,11°C,1010.0mb,,"document.write(Icons.GetShortDescription(1, 'CurrentWeather'));",2017-06-17
15:00,28°C,27°C,280°11 Km/h,,37%,12°C,1010.0mb,,"document.write(Icons.GetShortDescription(1, 'CurrentWeather'));",2017-06-17
16:00,26°C,26°C,300°22 Km/h,,42%,12°C,1010.0mb,,"document.write(Icons.GetShortDescription(1, 'CurrentWeather'));",2017-06-17
17:00,26°C,26°C,290°17 Km/h,,42%,12°C,1010.0mb,,"document.write(Icons.GetShortDescription(1, 'CurrentWeather'));",2017-06-17
18:00,25°C,25°C,290°17 Km/h,,51%,14°C,1010.0mb,,"document.write(Icons.GetShortDescription(1, 'CurrentWeather'));",2017-06-17
19:00,23°C,23°C,300°15 Km/h,,53%,13°C,1010.0mb,,"document.write(Icons.GetShortDescription(1, 'CurrentWeather'));",2017-06-17
20:00,21°C,21°C,290°11 Km/h,,64%,14°C,1010.0mb,,"document.write(Icons.GetShortDescription(1, 'CurrentWeather'));",2017-06-17
21:00,21°C,21°C,280°9 Km/h,,69%,15°C,1011.0mb,,"document.write(Icons.GetShortDescription(1, 'CurrentWeather'));",2017-06-17
22:00,20°C,20°C,300°6 Km/h,,73%,15°C,1011.0mb,,"document.write(Icons.GetShortDescription(1, 'CurrentWeather'));",2017-06-17
23:00,20°C,20°C,310°4 Km/h,,73%,15°C,1011.0mb,,"document.write(Icons.GetShortDescription(1, 'CurrentWeather'));",2017-06-17
