Time,Temperature,Relative Temperature,Wind,Wind Gust,Rel. humidity,Dew Point,Pressure,Icon,DescriptionDetails,date
00:00,5°C,1°C,310°19 Km/h,,45%,-6°C,1020.0mb,,"document.write(Icons.GetShortDescription(1, 'CurrentWeather'));",2017-11-11
01:00,5°C,2°C,310°13 Km/h,,45%,-6°C,1020.0mb,,"document.write(Icons.GetShortDescription(1, 'CurrentWeather'));",2017-11-11
02:00,4°C,1°C,320°11 Km/h,,45%,-7°C,1020.0mb,,"document.write(Icons.GetShortDescription(1, 'CurrentWeather'));",2017-11-11
03:00,4°C,1°C,310°15 Km/h,,48%,-6°C,1021.0mb,,"document.write(Icons.GetShortDescription(1, 'CurrentWeather'));",2017-11-11
04:00,4°C,2°C,310°9 Km/h,,48%,-6°C,1021.0mb,,"document.write(Icons.GetShortDescription(1, 'CurrentWeather'));",2017-11-11
05:00,3°C,0°C,290°11 Km/h,,52%,-6°C,1021.0mb,,"document.write(Icons.GetShortDescription(1, 'CurrentWeather'));",2017-11-11
06:00,3°C,1°C,280°7 Km/h,,52%,-6°C,1021.0mb,,"document.write(Icons.GetShortDescription(1, 'CurrentWeather'));",2017-11-11
07:00,1°C,1°C,260°4 Km/h,,56%,-7°C,1022.0mb,,"document.write(Icons.GetShortDescription(1, 'CurrentWeather'));",2017-11-11
08:00,3°C,3°C,30°4 Km/h,,56%,-5°C,1023.0mb,,"document.write(Icons.GetShortDescription(1, 'CurrentWeather'));",2017-11-11
09:00,5°C,2°C,340°17 Km/h,,49%,-5°C,1023.0mb,,"document.write(Icons.GetShortDescription(1, 'CurrentWeather'));",2017-11-11
10:00,6°C,2°C,320°22 Km/h,,42%,-6°C,1023.0mb,,"document.write(Icons.GetShortDescription(1, 'CurrentWeather'));",2017-11-11
11:00,7°C,4°C,340°17 Km/h,,39%,-6°C,1023.0mb,,"document.write(Icons.GetShortDescription(1, 'CurrentWeather'));",2017-11-11
12:00,8°C,5°C,340°15 Km/h,,37%,-6°C,1023.0mb,,"document.write(Icons.GetShortDescription(1, 'CurrentWeather'));",2017-11-11
13:00,8°C,5°C,340°19 Km/h,,34%,-7°C,1022.0mb,,"document.write(Icons.GetShortDescription(1, 'CurrentWeather'));",2017-11-11
14:00,9°C,7°C,340°13 Km/h,,34%,-6°C,1022.0mb,,"document.write(Icons.GetShortDescription(1, 'CurrentWeather'));",2017-11-11
15:00,10°C,9°C,330°9 Km/h,,32%,-6°C,1021.0mb,,"document.write(Icons.GetShortDescription(1, 'CurrentWeather'));",2017-11-11
16:00,9°C,7°C,350°15 Km/h,,32%,-7°C,1021.0mb,,"document.write(Icons.GetShortDescription(1, 'CurrentWeather'));",2017-11-11
17:00,8°C,6°C,350°11 Km/h,,34%,-7°C,1021.0mb,,"document.write(Icons.GetShortDescription(1, 'CurrentWeather'));",2017-11-11
18:00,7°C,7°C,350°4 Km/h,,37%,-7°C,1021.0mb,,"document.write(Icons.GetShortDescription(1, 'CurrentWeather'));",2017-11-11
19:00,6°C,5°C,290°6 Km/h,,42%,-6°C,1021.0mb,,"document.write(Icons.GetShortDescription(1, 'CurrentWeather'));",2017-11-11
20:00,5°C,3°C,290°9 Km/h,,49%,-5°C,1022.0mb,,"document.write(Icons.GetShortDescription(1, 'CurrentWeather'));",2017-11-11
21:00,4°C,3°C,300°6 Km/h,,52%,-5°C,1022.0mb,,"document.write(Icons.GetShortDescription(1, 'CurrentWeather'));",2017-11-11
22:00,3°C,1°C,330°7 Km/h,,56%,-5°C,1022.0mb,,"document.write(Icons.GetShortDescription(1, 'CurrentWeather'));",2017-11-11
23:00,2°C,0°C,340°6 Km/h,,65%,-4°C,1023.0mb,,"document.write(Icons.GetShortDescription(1, 'CurrentWeather'));",2017-11-11
