Time,Temperature,Relative Temperature,Wind,Wind Gust,Rel. humidity,Dew Point,Pressure,Icon,DescriptionDetails,date
00:00,3°C,1°C,330°7 Km/h,,52%,-6°C,1018.0mb,,"document.write(Icons.GetShortDescription(1, 'CurrentWeather'));",2017-03-14
01:00,2°C,0°C,310°7 Km/h,,52%,-7°C,1018.0mb,,"document.write(Icons.GetShortDescription(1, 'CurrentWeather'));",2017-03-14
02:00,1°C,-2°C,320°9 Km/h,,56%,-7°C,1018.0mb,,"document.write(Icons.GetShortDescription(1, 'CurrentWeather'));",2017-03-14
03:00,0°C,-2°C,330°6 Km/h,,60%,-7°C,1018.0mb,,"document.write(Icons.GetShortDescription(1, 'CurrentWeather'));",2017-03-14
04:00,1°C,-1°C,330°7 Km/h,,56%,-7°C,1017.0mb,,"document.write(Icons.GetShortDescription(1, 'CurrentWeather'));",2017-03-14
05:00,1°C,-1°C,340°7 Km/h,,51%,-8°C,1018.0mb,,"document.write(Icons.GetShortDescription(1, 'CurrentWeather'));",2017-03-14
06:00,-1°C,-4°C,330°7 Km/h,,59%,-8°C,1018.0mb,,"document.write(Icons.GetShortDescription(1, 'CurrentWeather'));",2017-03-14
07:00,0°C,-4°C,330°13 Km/h,,60%,-7°C,1018.0mb,,"document.write(Icons.GetShortDescription(1, 'CurrentWeather'));",2017-03-14
08:00,2°C,-1°C,330°9 Km/h,,56%,-6°C,1019.0mb,,"document.write(Icons.GetShortDescription(1, 'CurrentWeather'));",2017-03-14
09:00,5°C,1°C,340°22 Km/h,,36%,-9°C,1019.0mb,,"document.write(Icons.GetShortDescription(1, 'CurrentWeather'));",2017-03-14
10:00,7°C,4°C,330°20 Km/h,,31%,-9°C,1019.0mb,,"document.write(Icons.GetShortDescription(1, 'CurrentWeather'));",2017-03-14
11:00,7°C,4°C,310°17 Km/h,,31%,-9°C,1019.0mb,,"document.write(Icons.GetShortDescription(1, 'CurrentWeather'));",2017-03-14
12:00,9°C,6°C,330°22 Km/h,,27%,-9°C,1019.0mb,,"document.write(Icons.GetShortDescription(1, 'CurrentWeather'));",2017-03-14
13:00,10°C,7°C,300°24 Km/h,,22%,-11°C,1018.0mb,,"document.write(Icons.GetShortDescription(1, 'CurrentWeather'));",2017-03-14
14:00,10°C,8°C,320°19 Km/h,,19%,-13°C,1018.0mb,,"document.write(Icons.GetShortDescription(1, 'CurrentWeather'));",2017-03-14
15:00,11°C,11°C,310°26 Km/h,,19%,-12°C,1017.0mb,,"document.write(Icons.GetShortDescription(1, 'CurrentWeather'));",2017-03-14
16:00,11°C,11°C,320°24 Km/h,,19%,-12°C,1017.0mb,,"document.write(Icons.GetShortDescription(1, 'CurrentWeather'));",2017-03-14
17:00,10°C,7°C,320°28 Km/h,,22%,-11°C,1018.0mb,,"document.write(Icons.GetShortDescription(1, 'CurrentWeather'));",2017-03-14
18:00,9°C,5°C,310°28 Km/h,,23%,-11°C,1018.0mb,,"document.write(Icons.GetShortDescription(1, 'CurrentWeather'));",2017-03-14
19:00,7°C,4°C,320°20 Km/h,,27%,-11°C,1019.0mb,,"document.write(Icons.GetShortDescription(1, 'CurrentWeather'));",2017-03-14
20:00,7°C,3°C,320°22 Km/h,,27%,-11°C,1020.0mb,,"document.write(Icons.GetShortDescription(1, 'CurrentWeather'));",2017-03-14
21:00,5°C,2°C,310°15 Km/h,,31%,-11°C,1021.0mb,,"document.write(Icons.GetShortDescription(1, 'CurrentWeather'));",2017-03-14
22:00,4°C,1°C,310°15 Km/h,,33%,-11°C,1022.0mb,,"document.write(Icons.GetShortDescription(1, 'CurrentWeather'));",2017-03-14
23:00,3°C,1°C,350°7 Km/h,,38%,-10°C,1022.0mb,,"document.write(Icons.GetShortDescription(1, 'CurrentWeather'));",2017-03-14
