Time,Temperature,Relative Temperature,Wind,Wind Gust,Rel. humidity,Dew Point,Pressure,Icon,DescriptionDetails,date
00:00,-4°C,-8°C,150°9 Km/h,,69%,-9°C,1029.0mb,,"document.write(Icons.GetShortDescription(2, 'CurrentWeather'));  Few Clouds at 760m",2017-12-22
01:00,-1°C,-4°C,150°9 Km/h,,69%,-6°C,1029.0mb,,"document.write(Icons.GetShortDescription(2, 'CurrentWeather'));  Few Clouds at 760m",2017-12-22
02:00,-2°C,-4°C,170°6 Km/h,,69%,-7°C,1028.0mb,,"document.write(Icons.GetShortDescription(2, 'CurrentWeather'));  Few Clouds at 760m",2017-12-22
03:00,-3°C,-3°C,170°2 Km/h,,69%,-8°C,1028.0mb,,"document.write(Icons.GetShortDescription(2, 'CurrentWeather'));  Scattered Clouds at 760m",2017-12-22
04:00,-2°C,-2°C,170°4 Km/h,,69%,-7°C,1028.0mb,,"document.write(Icons.GetShortDescription(2, 'CurrentWeather'));  Scattered Clouds at 760m",2017-12-22
05:00,-1°C,-3°C,180°6 Km/h,,69%,-6°C,1027.0mb,,"document.write(Icons.GetShortDescription(2, 'CurrentWeather'));  Scattered Clouds at 760m",2017-12-22
06:00,-3°C,-7°C,170°9 Km/h,,74%,-7°C,1027.0mb,,"document.write(Icons.GetShortDescription(3, 'CurrentWeather'));  Broken Clouds at 760m",2017-12-22
07:00,-4°C,-8°C,170°9 Km/h,,74%,-8°C,1027.0mb,,"document.write(Icons.GetShortDescription(2, 'CurrentWeather'));  Scattered Clouds at 760m",2017-12-22
08:00,0°C,-3°C,170°7 Km/h,,75%,-4°C,1027.0mb,,"document.write(Icons.GetShortDescription(3, 'CurrentWeather'));  Broken Clouds at 760m",2017-12-22
09:00,0°C,-4°C,140°11 Km/h,,75%,-4°C,1027.0mb,,"document.write(Icons.GetShortDescription(3, 'CurrentWeather'));  Broken Clouds at 910m",2017-12-22
10:00,3°C,0°C,150°9 Km/h,,65%,-3°C,1027.0mb,,"document.write(Icons.GetShortDescription(2, 'CurrentWeather'));  Few Clouds at 910m",2017-12-22
11:00,5°C,2°C,170°15 Km/h,,57%,-3°C,1027.0mb,,"document.write(Icons.GetShortDescription(1, 'CurrentWeather'));",2017-12-22
12:00,6°C,3°C,180°13 Km/h,,57%,-2°C,1026.0mb,,"document.write(Icons.GetShortDescription(1, 'CurrentWeather'));",2017-12-22
13:00,7°C,5°C,180°11 Km/h,,53%,-2°C,1025.0mb,,"document.write(Icons.GetShortDescription(3, 'CurrentWeather'));  Broken Clouds at 910m",2017-12-22
14:00,7°C,5°C,180°13 Km/h,,53%,-2°C,1024.0mb,,"document.write(Icons.GetShortDescription(2, 'CurrentWeather'));  Scattered Clouds at 910m",2017-12-22
15:00,8°C,5°C,210°15 Km/h,,53%,-1°C,1024.0mb,,"document.write(Icons.GetShortDescription(3, 'CurrentWeather'));  Broken Clouds at 910m",2017-12-22
16:00,7°C,5°C,210°13 Km/h,,57%,-1°C,1025.0mb,,"document.write(Icons.GetShortDescription(2, 'CurrentWeather'));  Scattered Clouds at 910m",2017-12-22
17:00,6°C,3°C,210°13 Km/h,,61%,-1°C,1024.0mb,,"document.write(Icons.GetShortDescription(3, 'CurrentWeather'));  Broken Clouds at 910m",2017-12-22
18:00,6°C,4°C,190°11 Km/h,,61%,-1°C,1024.0mb,,"document.write(Icons.GetShortDescription(3, 'CurrentWeather'));  Broken Clouds at 910m",2017-12-22
19:00,6°C,4°C,180°11 Km/h,,61%,-1°C,1024.0mb,,"document.write(Icons.GetShortDescription(2, 'CurrentWeather'));  Scattered Clouds at 910m",2017-12-22
20:00,6°C,3°C,180°17 Km/h,,66%,0°C,1024.0mb,,"document.write(Icons.GetShortDescription(2, 'CurrentWeather'));  Scattered Clouds at 910m",2017-12-22
21:00,5°C,2°C,190°17 Km/h,,70%,0°C,1025.0mb,,"document.write(Icons.GetShortDescription(2, 'CurrentWeather'));  Scattered Clouds at 910m",2017-12-22
22:00,5°C,2°C,190°17 Km/h,,70%,0°C,1025.0mb,,"document.write(Icons.GetShortDescription(2, 'CurrentWeather'));  Scattered Clouds at 910m Haze",2017-12-22
23:00,5°C,2°C,190°15 Km/h,,70%,0°C,1024.0mb,,"document.write(Icons.GetShortDescription(2, 'CurrentWeather'));  Scattered Clouds at 910m Haze",2017-12-22
