Time,Temperature,Relative Temperature,Wind,Wind Gust,Rel. humidity,Dew Point,Pressure,Icon,DescriptionDetails,date
00:00,-4°C,-4°C,100°2 Km/h,,69%,-9°C,1030.0mb,,"document.write(Icons.GetShortDescription(1, 'CurrentWeather'));",2017-02-13
01:00,-5°C,-5°C,340°2 Km/h,,58%,-12°C,1030.0mb,,"document.write(Icons.GetShortDescription(1, 'CurrentWeather'));",2017-02-13
02:00,-7°C,-7°C,310°4 Km/h,,73%,-11°C,1030.0mb,,"document.write(Icons.GetShortDescription(1, 'CurrentWeather'));",2017-02-13
03:00,-6°C,-6°C,20°2 Km/h,,63%,-12°C,1030.0mb,,"document.write(Icons.GetShortDescription(1, 'CurrentWeather'));",2017-02-13
04:00,-7°C,-7°C,310°4 Km/h,,68%,-12°C,1031.0mb,,"document.write(Icons.GetShortDescription(1, 'CurrentWeather'));",2017-02-13
05:00,-8°C,-8°C,340°2 Km/h,,73%,-12°C,1031.0mb,,"document.write(Icons.GetShortDescription(1, 'CurrentWeather'));",2017-02-13
06:00,-8°C,-8°C,10°2 Km/h,,73%,-12°C,1031.0mb,,"document.write(Icons.GetShortDescription(1, 'CurrentWeather'));",2017-02-13
07:00,-8°C,-8°C,300°2 Km/h,,68%,-13°C,1031.0mb,,"document.write(Icons.GetShortDescription(1, 'CurrentWeather'));",2017-02-13
08:00,-7°C,-10°C,40°6 Km/h,,73%,-11°C,1032.0mb,,"document.write(Icons.GetShortDescription(1, 'CurrentWeather'));",2017-02-13
09:00,-3°C,-3°C,300°2 Km/h,,69%,-8°C,1032.0mb,,"document.write(Icons.GetShortDescription(1, 'CurrentWeather'));",2017-02-13
10:00,1°C,1°C,130°2 Km/h,,51%,-8°C,1032.0mb,,"document.write(Icons.GetShortDescription(2, 'CurrentWeather'));  Scattered Clouds at 910m",2017-02-13
11:00,3°C,1°C,190°7 Km/h,,28%,-14°C,1031.0mb,,"document.write(Icons.GetShortDescription(2, 'CurrentWeather'));  Few Clouds at 910m",2017-02-13
12:00,3°C,1°C,200°7 Km/h,,30%,-13°C,1031.0mb,,"document.write(Icons.GetShortDescription(3, 'CurrentWeather'));  Broken Clouds at 910m",2017-02-13
13:00,4°C,3°C,170°6 Km/h,,36%,-10°C,1030.0mb,,"document.write(Icons.GetShortDescription(3, 'CurrentWeather'));  Broken Clouds at 910m",2017-02-13
14:00,4°C,2°C,230°9 Km/h,,42%,-8°C,1030.0mb,,"document.write(Icons.GetShortDescription(3, 'CurrentWeather'));  Broken Clouds at 910m",2017-02-13
15:00,6°C,4°C,240°11 Km/h,,46%,-5°C,1029.0mb,,"document.write(Icons.GetShortDescription(3, 'CurrentWeather'));  Broken Clouds at 760m",2017-02-13
16:00,5°C,3°C,240°7 Km/h,,49%,-5°C,1029.0mb,,"document.write(Icons.GetShortDescription(3, 'CurrentWeather'));  Broken Clouds at 910m",2017-02-13
17:00,5°C,3°C,280°9 Km/h,,53%,-4°C,1029.0mb,,"document.write(Icons.GetShortDescription(3, 'CurrentWeather'));  Broken Clouds at 910m",2017-02-13
18:00,3°C,0°C,320°9 Km/h,,60%,-4°C,1029.0mb,,"document.write(Icons.GetShortDescription(3, 'CurrentWeather'));  Broken Clouds at 910m",2017-02-13
19:00,3°C,3°C,260°4 Km/h,,60%,-4°C,1029.0mb,,"document.write(Icons.GetShortDescription(3, 'CurrentWeather'));  Broken Clouds at 910m",2017-02-13
20:00,1°C,1°C,330°2 Km/h,,75%,-3°C,1029.0mb,,"document.write(Icons.GetShortDescription(3, 'CurrentWeather'));  Broken Clouds at 910m",2017-02-13
21:00,-1°C,-1°C,110°2 Km/h,,75%,-5°C,1029.0mb,,"document.write(Icons.GetShortDescription(2, 'CurrentWeather'));  Scattered Clouds at 910m",2017-02-13
22:00,-1°C,-3°C,320°6 Km/h,,80%,-4°C,1030.0mb,,"document.write(Icons.GetShortDescription(2, 'CurrentWeather'));  Few Clouds at 760m",2017-02-13
23:00,-2°C,-5°C,330°7 Km/h,,80%,-5°C,1030.0mb,,"document.write(Icons.GetShortDescription(2, 'CurrentWeather'));  Few Clouds at 760m Haze",2017-02-13
