Time,Temperature,Relative Temperature,Wind,Wind Gust,Rel. humidity,Dew Point,Pressure,Icon,DescriptionDetails,date
00:00,-1°C,-4°C,290°9 Km/h,,51%,-10°C,1014.0mb,,"document.write(Icons.GetShortDescription(1, 'CurrentWeather'));",2017-03-09
01:00,-1°C,-3°C,300°6 Km/h,,51%,-10°C,1014.0mb,,"document.write(Icons.GetShortDescription(1, 'CurrentWeather'));",2017-03-09
02:00,-4°C,-4°C,210°2 Km/h,,59%,-11°C,1014.0mb,,"document.write(Icons.GetShortDescription(1, 'CurrentWeather'));",2017-03-09
03:00,-5°C,-5°C,180°4 Km/h,,58%,-12°C,1014.0mb,,"document.write(Icons.GetShortDescription(1, 'CurrentWeather'));",2017-03-09
04:00,-4°C,-8°C,150°9 Km/h,,54%,-12°C,1013.0mb,,"document.write(Icons.GetShortDescription(1, 'CurrentWeather'));",2017-03-09
05:00,-3°C,-7°C,140°9 Km/h,,59%,-10°C,1013.0mb,,"document.write(Icons.GetShortDescription(1, 'CurrentWeather'));",2017-03-09
06:00,-5°C,-10°C,140°11 Km/h,,63%,-11°C,1013.0mb,,"document.write(Icons.GetShortDescription(1, 'CurrentWeather'));",2017-03-09
07:00,-3°C,-5°C,190°6 Km/h,,64%,-9°C,1013.0mb,,"document.write(Icons.GetShortDescription(1, 'CurrentWeather'));",2017-03-09
08:00,0°C,-4°C,150°13 Km/h,,69%,-5°C,1014.0mb,,"document.write(Icons.GetShortDescription(1, 'CurrentWeather'));",2017-03-09
09:00,3°C,-1°C,180°15 Km/h,,60%,-4°C,1014.0mb,,"document.write(Icons.GetShortDescription(1, 'CurrentWeather'));",2017-03-09
10:00,6°C,2°C,220°20 Km/h,,49%,-4°C,1013.0mb,,"document.write(Icons.GetShortDescription(1, 'CurrentWeather'));",2017-03-09
11:00,7°C,3°C,220°30 Km/h,,49%,-3°C,1013.0mb,,"document.write(Icons.GetShortDescription(2, 'CurrentWeather'));  Few Clouds at 910m",2017-03-09
12:00,9°C,6°C,240°24 Km/h,,40%,-4°C,1012.0mb,,"document.write(Icons.GetShortDescription(2, 'CurrentWeather'));  Scattered Clouds at 910m",2017-03-09
13:00,9°C,6°C,230°24 Km/h,,40%,-4°C,1011.0mb,,"document.write(Icons.GetShortDescription(2, 'CurrentWeather'));  Few Clouds at 910m",2017-03-09
14:00,10°C,7°C,270°20 Km/h,,32%,-6°C,1010.0mb,,"document.write(Icons.GetShortDescription(1, 'CurrentWeather'));",2017-03-09
15:00,9°C,6°C,270°26 Km/h,,25%,-10°C,1010.0mb,,"document.write(Icons.GetShortDescription(1, 'CurrentWeather'));",2017-03-09
16:00,9°C,6°C,270°26 Km/h,,25%,-10°C,1010.0mb,,"document.write(Icons.GetShortDescription(1, 'CurrentWeather'));",2017-03-09
17:00,8°C,5°C,280°19 Km/h,,34%,-7°C,1010.0mb,,"document.write(Icons.GetShortDescription(1, 'CurrentWeather'));",2017-03-09
18:00,7°C,4°C,270°20 Km/h,,37%,-7°C,1011.0mb,,"document.write(Icons.GetShortDescription(1, 'CurrentWeather'));",2017-03-09
19:00,5°C,2°C,280°17 Km/h,,42%,-7°C,1011.0mb,,"document.write(Icons.GetShortDescription(1, 'CurrentWeather'));",2017-03-09
20:00,4°C,1°C,280°13 Km/h,,48%,-6°C,1012.0mb,,"document.write(Icons.GetShortDescription(1, 'CurrentWeather'));",2017-03-09
21:00,3°C,0°C,330°9 Km/h,,41%,-9°C,1014.0mb,,"document.write(Icons.GetShortDescription(1, 'CurrentWeather'));",2017-03-09
22:00,1°C,-1°C,330°6 Km/h,,44%,-10°C,1014.0mb,,"document.write(Icons.GetShortDescription(1, 'CurrentWeather'));",2017-03-09
23:00,1°C,1°C,350°4 Km/h,,41%,-11°C,1015.0mb,,"document.write(Icons.GetShortDescription(1, 'CurrentWeather'));",2017-03-09
