Time,Temperature,Relative Temperature,Wind,Wind Gust,Rel. humidity,Dew Point,Pressure,Icon,DescriptionDetails,date
00:00,13°C,13°C,310°6 Km/h,,72%,8°C,1014.0mb,,"document.write(Icons.GetShortDescription(7, 'CurrentWeather'));  Few Clouds at 1200m, Broken Clouds at 3700m Light Rain",2017-05-11
01:00,13°C,13°C,140°11 Km/h,,77%,9°C,1012.0mb,,"document.write(Icons.GetShortDescription(7, 'CurrentWeather'));  Few Clouds at 1200m, Cloudy at 3400m Light Rain",2017-05-11
02:00,13°C,13°C,190°2 Km/h,,77%,9°C,1012.0mb,,"document.write(Icons.GetShortDescription(3, 'CurrentWeather'));  Few Clouds at 1200m, Broken Clouds at 3400m",2017-05-11
03:00,13°C,13°C,200°7 Km/h,,82%,10°C,1012.0mb,,"document.write(Icons.GetShortDescription(3, 'CurrentWeather'));  Few Clouds at 1200m, Broken Clouds at 3400m",2017-05-11
04:00,13°C,13°C,40°4 Km/h,,77%,9°C,1011.0mb,,"document.write(Icons.GetShortDescription(3, 'CurrentWeather'));  Few Clouds at 1200m, Broken Clouds at 3400m",2017-05-11
05:00,13°C,13°C,320°6 Km/h,,77%,9°C,1011.0mb,,"document.write(Icons.GetShortDescription(3, 'CurrentWeather'));  Few Clouds at 1200m, Broken Clouds at 3400m",2017-05-11
06:00,13°C,13°C,30°7 Km/h,,82%,10°C,1011.0mb,,"document.write(Icons.GetShortDescription(3, 'CurrentWeather'));  Scattered Clouds at 1200m, Broken Clouds at 3400m",2017-05-11
07:00,14°C,14°C,20°7 Km/h,,72%,9°C,1012.0mb,,"document.write(Icons.GetShortDescription(3, 'CurrentWeather'));  Broken Clouds at 1200m, Broken Clouds at 3400m",2017-05-11
08:00,16°C,16°C,50°4 Km/h,,63%,9°C,1011.0mb,,"document.write(Icons.GetShortDescription(3, 'CurrentWeather'));  Broken Clouds at 1200m",2017-05-11
09:00,17°C,17°C,140°9 Km/h,,59%,9°C,1011.0mb,,"document.write(Icons.GetShortDescription(3, 'CurrentWeather'));  Broken Clouds at 1100m",2017-05-11
10:00,19°C,19°C,230°6 Km/h,,52%,9°C,1012.0mb,,"document.write(Icons.GetShortDescription(3, 'CurrentWeather'));  Broken Clouds at 760m",2017-05-11
11:00,20°C,20°C,210°7 Km/h,,53%,10°C,1012.0mb,,"document.write(Icons.GetShortDescription(3, 'CurrentWeather'));  Broken Clouds at 760m",2017-05-11
12:00,21°C,21°C,230°7 Km/h,,50%,10°C,1012.0mb,,"document.write(Icons.GetShortDescription(2, 'CurrentWeather'));  Few Clouds at 760m",2017-05-11
13:00,22°C,22°C,210°9 Km/h,,50%,11°C,1011.0mb,,"document.write(Icons.GetShortDescription(1, 'CurrentWeather'));",2017-05-11
14:00,23°C,23°C,230°13 Km/h,,47%,11°C,1011.0mb,,"document.write(Icons.GetShortDescription(1, 'CurrentWeather'));",2017-05-11
15:00,23°C,23°C,230°15 Km/h,,50%,12°C,1011.0mb,,"document.write(Icons.GetShortDescription(1, 'CurrentWeather'));",2017-05-11
16:00,23°C,23°C,230°7 Km/h,,50%,12°C,1010.0mb,,"document.write(Icons.GetShortDescription(1, 'CurrentWeather'));",2017-05-11
17:00,23°C,23°C,230°9 Km/h,,50%,12°C,1010.0mb,,"document.write(Icons.GetShortDescription(1, 'CurrentWeather'));",2017-05-11
18:00,23°C,23°C,200°9 Km/h,,50%,12°C,1010.0mb,,"document.write(Icons.GetShortDescription(1, 'CurrentWeather'));",2017-05-11
19:00,22°C,22°C,240°15 Km/h,,53%,12°C,1011.0mb,,"document.write(Icons.GetShortDescription(1, 'CurrentWeather'));",2017-05-11
20:00,20°C,20°C,230°7 Km/h,,64%,13°C,1011.0mb,,"document.write(Icons.GetShortDescription(1, 'CurrentWeather'));  Haze",2017-05-11
21:00,20°C,20°C,190°7 Km/h,,64%,13°C,1011.0mb,,"document.write(Icons.GetShortDescription(1, 'CurrentWeather'));  Haze",2017-05-11
22:00,17°C,17°C,300°13 Km/h,,77%,13°C,1012.0mb,,"document.write(Icons.GetShortDescription(1, 'CurrentWeather'));  Haze",2017-05-11
23:00,17°C,17°C,70°7 Km/h,,77%,13°C,1011.0mb,,"document.write(Icons.GetShortDescription(1, 'CurrentWeather'));  Haze",2017-05-11
