Time,Temperature,Relative Temperature,Wind,Wind Gust,Rel. humidity,Dew Point,Pressure,Icon,DescriptionDetails,date
00:00,17°C,17°C,220°7 Km/h,,56%,8°C,1017.0mb,,"document.write(Icons.GetShortDescription(1, 'CurrentWeather'));",2017-05-19
01:00,16°C,16°C,320°2 Km/h,,59%,8°C,1017.0mb,,"document.write(Icons.GetShortDescription(1, 'CurrentWeather'));",2017-05-19
02:00,14°C,14°C,20°2 Km/h,,67%,8°C,1017.0mb,,"document.write(Icons.GetShortDescription(1, 'CurrentWeather'));",2017-05-19
03:00,14°C,14°C,140°7 Km/h,,67%,8°C,1016.0mb,,"document.write(Icons.GetShortDescription(1, 'CurrentWeather'));",2017-05-19
04:00,13°C,13°C,140°11 Km/h,,67%,7°C,1017.0mb,,"document.write(Icons.GetShortDescription(1, 'CurrentWeather'));",2017-05-19
05:00,14°C,14°C,140°7 Km/h,,67%,8°C,1017.0mb,,"document.write(Icons.GetShortDescription(1, 'CurrentWeather'));",2017-05-19
06:00,15°C,15°C,130°6 Km/h,,63%,8°C,1017.0mb,,"document.write(Icons.GetShortDescription(1, 'CurrentWeather'));",2017-05-19
07:00,18°C,18°C,140°9 Km/h,,56%,9°C,1017.0mb,,"document.write(Icons.GetShortDescription(1, 'CurrentWeather'));",2017-05-19
08:00,20°C,20°C,170°7 Km/h,,46%,8°C,1017.0mb,,"document.write(Icons.GetShortDescription(1, 'CurrentWeather'));",2017-05-19
09:00,22°C,21°C,200°11 Km/h,,38%,7°C,1017.0mb,,"document.write(Icons.GetShortDescription(1, 'CurrentWeather'));",2017-05-19
10:00,24°C,23°C,210°6 Km/h,,34%,7°C,1017.0mb,,"document.write(Icons.GetShortDescription(1, 'CurrentWeather'));",2017-05-19
11:00,25°C,24°C,250°11 Km/h,,30%,6°C,1017.0mb,,"document.write(Icons.GetShortDescription(1, 'CurrentWeather'));",2017-05-19
12:00,26°C,25°C,250°11 Km/h,,30%,7°C,1017.0mb,,"document.write(Icons.GetShortDescription(1, 'CurrentWeather'));",2017-05-19
13:00,26°C,25°C,270°13 Km/h,,30%,7°C,1016.0mb,,"document.write(Icons.GetShortDescription(1, 'CurrentWeather'));",2017-05-19
14:00,27°C,26°C,270°15 Km/h,,28%,7°C,1016.0mb,,"document.write(Icons.GetShortDescription(1, 'CurrentWeather'));",2017-05-19
15:00,27°C,26°C,270°13 Km/h,,28%,7°C,1016.0mb,,"document.write(Icons.GetShortDescription(1, 'CurrentWeather'));",2017-05-19
16:00,26°C,25°C,270°13 Km/h,,28%,6°C,1016.0mb,,"document.write(Icons.GetShortDescription(1, 'CurrentWeather'));",2017-05-19
17:00,24°C,23°C,290°20 Km/h,,24%,2°C,1016.0mb,,"document.write(Icons.GetShortDescription(1, 'CurrentWeather'));",2017-05-19
18:00,23°C,22°C,290°19 Km/h,,29%,4°C,1016.0mb,,"document.write(Icons.GetShortDescription(1, 'CurrentWeather'));",2017-05-19
19:00,21°C,21°C,270°13 Km/h,,35%,5°C,1016.0mb,,"document.write(Icons.GetShortDescription(1, 'CurrentWeather'));",2017-05-19
20:00,19°C,19°C,280°9 Km/h,,43%,6°C,1017.0mb,,"document.write(Icons.GetShortDescription(1, 'CurrentWeather'));",2017-05-19
21:00,18°C,18°C,290°6 Km/h,,46%,6°C,1017.0mb,,"document.write(Icons.GetShortDescription(1, 'CurrentWeather'));",2017-05-19
22:00,17°C,17°C,240°2 Km/h,,52%,7°C,1017.0mb,,"document.write(Icons.GetShortDescription(1, 'CurrentWeather'));",2017-05-19
23:00,16°C,16°C,40°4 Km/h,,59%,8°C,1018.0mb,,"document.write(Icons.GetShortDescription(1, 'CurrentWeather'));",2017-05-19
