Time,Temperature,Relative Temperature,Wind,Wind Gust,Rel. humidity,Dew Point,Pressure,Icon,DescriptionDetails,date
00:00,22°C,22°C,10°7 Km/h,,78%,18°C,1011.0mb,,"document.write(Icons.GetShortDescription(7, 'CurrentWeather'));  Few Clouds at 300m, Broken Clouds at 910m, Cloudy at 2400m Light Rain, Haze",2017-09-11
01:00,21°C,21°C,330°6 Km/h,,83%,18°C,1011.0mb,,"document.write(Icons.GetShortDescription(7, 'CurrentWeather'));  Few Clouds at 300m, Broken Clouds at 910m, Cloudy at 2400m Light Rain, Haze",2017-09-11
02:00,21°C,21°C,330°2 Km/h,,83%,18°C,1010.0mb,,"document.write(Icons.GetShortDescription(7, 'CurrentWeather'));  Few Clouds at 300m, Broken Clouds at 910m, Cloudy at 2400m Rain, Haze",2017-09-11
03:00,20°C,20°C,40°9 Km/h,,88%,18°C,1009.0mb,,"document.write(Icons.GetShortDescription(7, 'CurrentWeather'));  Few Clouds at 300m, Broken Clouds at 910m, Cloudy at 2400m Rain, Haze",2017-09-11
04:00,20°C,20°C,70°9 Km/h,,83%,17°C,1009.0mb,,"document.write(Icons.GetShortDescription(7, 'CurrentWeather'));  Few Clouds at 300m, Broken Clouds at 910m, Cloudy at 2400m Rain, Haze",2017-09-11
05:00,19°C,19°C,30°11 Km/h,,88%,17°C,1008.0mb,,"document.write(Icons.GetShortDescription(7, 'CurrentWeather'));  Few Clouds at 300m, Broken Clouds at 910m, Cloudy at 2400m Rain, Haze",2017-09-11
06:00,19°C,19°C,20°13 Km/h,,88%,17°C,1008.0mb,,"document.write(Icons.GetShortDescription(7, 'CurrentWeather'));  Few Clouds at 460m, Broken Clouds at 910m, Cloudy at 2400m Light Rain, Haze",2017-09-11
07:00,19°C,19°C,360°13 Km/h,,83%,16°C,1008.0mb,,"document.write(Icons.GetShortDescription(7, 'CurrentWeather'));  Broken Clouds at 760m, Cloudy at 2400m Light Rain, Haze",2017-09-11
08:00,18°C,18°C,10°15 Km/h,,88%,16°C,1008.0mb,,"document.write(Icons.GetShortDescription(7, 'CurrentWeather'));  Broken Clouds at 760m, Cloudy at 2400m Light Rain",2017-09-11
09:00,19°C,19°C,10°13 Km/h,,83%,16°C,1008.0mb,,"document.write(Icons.GetShortDescription(7, 'CurrentWeather'));  Broken Clouds at 910m, Cloudy at 2400m Light Drizzle",2017-09-11
10:00,19°C,19°C,10°15 Km/h,,88%,17°C,1008.0mb,,"document.write(Icons.GetShortDescription(4, 'CurrentWeather'));  Broken Clouds at 910m, Cloudy at 3000m",2017-09-11
11:00,21°C,21°C,50°9 Km/h,,78%,17°C,1007.0mb,,"document.write(Icons.GetShortDescription(3, 'CurrentWeather'));  Few Clouds at 460m, Scattered Clouds at 910m, Broken Clouds at 3700m",2017-09-11
12:00,22°C,22°C,40°7 Km/h,,73%,17°C,1006.0mb,,"document.write(Icons.GetShortDescription(3, 'CurrentWeather'));  Scattered Clouds at 910m, Broken Clouds at 3700m",2017-09-11
13:00,23°C,23°C,340°6 Km/h,,69%,17°C,1006.0mb,,"document.write(Icons.GetShortDescription(3, 'CurrentWeather'));  Scattered Clouds at 910m, Broken Clouds at 3700m",2017-09-11
14:00,23°C,23°C,330°17 Km/h,,69%,17°C,1006.0mb,,"document.write(Icons.GetShortDescription(3, 'CurrentWeather'));  Scattered Clouds at 760m, Broken Clouds at 3700m",2017-09-11
15:00,24°C,24°C,360°11 Km/h,,65%,17°C,1006.0mb,,"document.write(Icons.GetShortDescription(3, 'CurrentWeather'));  Scattered Clouds at 760m, Broken Clouds at 4600m",2017-09-11
16:00,24°C,24°C,20°15 Km/h,,61%,16°C,1006.0mb,,"document.write(Icons.GetShortDescription(3, 'CurrentWeather'));  Scattered Clouds at 910m, Broken Clouds at 4600m",2017-09-11
17:00,24°C,24°C,340°13 Km/h,,61%,16°C,1006.0mb,,"document.write(Icons.GetShortDescription(2, 'CurrentWeather'));  Scattered Clouds at 1100m",2017-09-11
18:00,24°C,24°C,330°9 Km/h,,61%,16°C,1006.0mb,,"document.write(Icons.GetShortDescription(2, 'CurrentWeather'));  Scattered Clouds at 1100m",2017-09-11
19:00,22°C,22°C,340°9 Km/h,,65%,15°C,1007.0mb,,"document.write(Icons.GetShortDescription(2, 'CurrentWeather'));  Few Clouds at 1100m",2017-09-11
20:00,21°C,21°C,340°6 Km/h,,69%,15°C,1008.0mb,,"document.write(Icons.GetShortDescription(2, 'CurrentWeather'));  Few Clouds at 1200m",2017-09-11
21:00,21°C,21°C,320°6 Km/h,,73%,16°C,1008.0mb,,"document.write(Icons.GetShortDescription(2, 'CurrentWeather'));  Few Clouds at 1200m",2017-09-11
22:00,20°C,20°C,310°7 Km/h,,73%,15°C,1009.0mb,,"document.write(Icons.GetShortDescription(1, 'CurrentWeather'));",2017-09-11
23:00,19°C,19°C,350°4 Km/h,,78%,15°C,1009.0mb,,"document.write(Icons.GetShortDescription(1, 'CurrentWeather'));",2017-09-11
