Time,Temperature,Relative Temperature,Wind,Wind Gust,Rel. humidity,Dew Point,Pressure,Icon,DescriptionDetails,date
00:00,15°C,15°C,20°2 Km/h,,68%,9°C,1018.0mb,,"document.write(Icons.GetShortDescription(1, 'CurrentWeather'));",2017-05-20
01:00,14°C,14°C,340°4 Km/h,,67%,8°C,1017.0mb,,"document.write(Icons.GetShortDescription(1, 'CurrentWeather'));",2017-05-20
02:00,14°C,14°C,320°4 Km/h,,77%,10°C,1017.0mb,,"document.write(Icons.GetShortDescription(1, 'CurrentWeather'));",2017-05-20
03:00,12°C,12°C,280°2 Km/h,,77%,8°C,1017.0mb,,"document.write(Icons.GetShortDescription(1, 'CurrentWeather'));",2017-05-20
04:00,13°C,13°C,340°2 Km/h,,77%,9°C,1017.0mb,,"document.write(Icons.GetShortDescription(1, 'CurrentWeather'));",2017-05-20
05:00,13°C,13°C,360°4 Km/h,,77%,9°C,1017.0mb,,"document.write(Icons.GetShortDescription(1, 'CurrentWeather'));",2017-05-20
06:00,14°C,14°C,310°2 Km/h,,77%,10°C,1017.0mb,,"document.write(Icons.GetShortDescription(1, 'CurrentWeather'));",2017-05-20
07:00,16°C,16°C,320°4 Km/h,,72%,11°C,1017.0mb,,"document.write(Icons.GetShortDescription(1, 'CurrentWeather'));",2017-05-20
08:00,19°C,19°C,40°6 Km/h,,56%,10°C,1017.0mb,,"document.write(Icons.GetShortDescription(1, 'CurrentWeather'));",2017-05-20
09:00,21°C,21°C,40°6 Km/h,,46%,9°C,1017.0mb,,"document.write(Icons.GetShortDescription(1, 'CurrentWeather'));",2017-05-20
10:00,22°C,21°C,350°9 Km/h,,47%,10°C,1017.0mb,,"document.write(Icons.GetShortDescription(1, 'CurrentWeather'));",2017-05-20
11:00,24°C,24°C,290°9 Km/h,,41%,10°C,1017.0mb,,"document.write(Icons.GetShortDescription(1, 'CurrentWeather'));",2017-05-20
12:00,24°C,24°C,290°17 Km/h,,41%,10°C,1016.0mb,,"document.write(Icons.GetShortDescription(1, 'CurrentWeather'));",2017-05-20
13:00,25°C,24°C,290°19 Km/h,,34%,8°C,1016.0mb,,"document.write(Icons.GetShortDescription(1, 'CurrentWeather'));",2017-05-20
14:00,24°C,23°C,290°19 Km/h,,34%,7°C,1015.0mb,,"document.write(Icons.GetShortDescription(1, 'CurrentWeather'));",2017-05-20
15:00,24°C,23°C,290°22 Km/h,,29%,5°C,1015.0mb,,"document.write(Icons.GetShortDescription(1, 'CurrentWeather'));",2017-05-20
16:00,24°C,23°C,280°19 Km/h,,31%,6°C,1014.0mb,,"document.write(Icons.GetShortDescription(1, 'CurrentWeather'));",2017-05-20
17:00,24°C,23°C,270°17 Km/h,,27%,4°C,1014.0mb,,"document.write(Icons.GetShortDescription(1, 'CurrentWeather'));",2017-05-20
18:00,22°C,21°C,280°15 Km/h,,33%,5°C,1014.0mb,,"document.write(Icons.GetShortDescription(1, 'CurrentWeather'));",2017-05-20
19:00,21°C,21°C,290°13 Km/h,,38%,6°C,1015.0mb,,"document.write(Icons.GetShortDescription(1, 'CurrentWeather'));",2017-05-20
20:00,20°C,20°C,290°11 Km/h,,38%,5°C,1015.0mb,,"document.write(Icons.GetShortDescription(1, 'CurrentWeather'));",2017-05-20
21:00,18°C,18°C,300°6 Km/h,,43%,5°C,1015.0mb,,"document.write(Icons.GetShortDescription(1, 'CurrentWeather'));",2017-05-20
22:00,17°C,17°C,270°2 Km/h,,45%,5°C,1016.0mb,,"document.write(Icons.GetShortDescription(1, 'CurrentWeather'));",2017-05-20
23:00,17°C,17°C,310°2 Km/h,,52%,7°C,1016.0mb,,"document.write(Icons.GetShortDescription(1, 'CurrentWeather'));",2017-05-20
