Time,Temperature,Relative Temperature,Wind,Wind Gust,Rel. humidity,Dew Point,Pressure,Icon,DescriptionDetails,date
00:00,10°C,8°C,190°13 Km/h,,76%,6°C,1010.0mb,,"document.write(Icons.GetShortDescription(1, 'CurrentWeather'));",2017-04-28
01:00,10°C,8°C,200°11 Km/h,,76%,6°C,1010.0mb,,"document.write(Icons.GetShortDescription(1, 'CurrentWeather'));",2017-04-28
02:00,10°C,8°C,180°15 Km/h,,71%,5°C,1009.0mb,,"document.write(Icons.GetShortDescription(1, 'CurrentWeather'));",2017-04-28
03:00,8°C,6°C,160°11 Km/h,,76%,4°C,1009.0mb,,"document.write(Icons.GetShortDescription(1, 'CurrentWeather'));",2017-04-28
04:00,8°C,5°C,150°15 Km/h,,76%,4°C,1008.0mb,,"document.write(Icons.GetShortDescription(1, 'CurrentWeather'));",2017-04-28
05:00,9°C,7°C,170°15 Km/h,,76%,5°C,1007.0mb,,"document.write(Icons.GetShortDescription(1, 'CurrentWeather'));",2017-04-28
06:00,10°C,8°C,170°17 Km/h,,71%,5°C,1007.0mb,,"document.write(Icons.GetShortDescription(1, 'CurrentWeather'));",2017-04-28
07:00,11°C,11°C,170°15 Km/h,,67%,5°C,1007.0mb,,"document.write(Icons.GetShortDescription(1, 'CurrentWeather'));",2017-04-28
08:00,12°C,12°C,190°13 Km/h,,63%,5°C,1007.0mb,,"document.write(Icons.GetShortDescription(1, 'CurrentWeather'));",2017-04-28
09:00,15°C,15°C,200°15 Km/h,,48%,4°C,1006.0mb,,"document.write(Icons.GetShortDescription(1, 'CurrentWeather'));",2017-04-28
10:00,17°C,17°C,210°22 Km/h,,42%,4°C,1006.0mb,,"document.write(Icons.GetShortDescription(1, 'CurrentWeather'));",2017-04-28
11:00,19°C,19°C,230°24 Km/h,,35%,3°C,1006.0mb,,"document.write(Icons.GetShortDescription(1, 'CurrentWeather'));",2017-04-28
12:00,18°C,18°C,240°24 Km/h,,37%,3°C,1005.0mb,,"document.write(Icons.GetShortDescription(1, 'CurrentWeather'));",2017-04-28
13:00,18°C,18°C,240°19 Km/h,,40%,4°C,1004.0mb,,"document.write(Icons.GetShortDescription(1, 'CurrentWeather'));",2017-04-28
14:00,19°C,19°C,220°20 Km/h,,35%,3°C,1003.0mb,,"document.write(Icons.GetShortDescription(1, 'CurrentWeather'));",2017-04-28
15:00,18°C,18°C,230°22 Km/h,,37%,3°C,1003.0mb,,"document.write(Icons.GetShortDescription(1, 'CurrentWeather'));",2017-04-28
16:00,18°C,18°C,240°24 Km/h,,37%,3°C,1002.0mb,,"document.write(Icons.GetShortDescription(1, 'CurrentWeather'));",2017-04-28
17:00,17°C,17°C,230°19 Km/h,,45%,5°C,1002.0mb,,"document.write(Icons.GetShortDescription(1, 'CurrentWeather'));",2017-04-28
18:00,16°C,16°C,220°28 Km/h,,48%,5°C,1002.0mb,,"document.write(Icons.GetShortDescription(1, 'CurrentWeather'));",2017-04-28
19:00,14°C,14°C,240°11 Km/h,,55%,5°C,1003.0mb,,"document.write(Icons.GetShortDescription(2, 'CurrentWeather'));  Few Clouds at 910m, Scattered Clouds at 6100m",2017-04-28
19:57,13°C,13°C,220°13 Km/h,,63%,6°C,1003.0mb,,"document.write(Icons.GetShortDescription(2, 'CurrentWeather'));  Few Clouds at 910m",2017-04-28
20:00,13°C,13°C,210°13 Km/h,,63%,6°C,1003.0mb,,"document.write(Icons.GetShortDescription(2, 'CurrentWeather'));  Few Clouds at 910m",2017-04-28
21:00,12°C,12°C,210°9 Km/h,,63%,5°C,1004.0mb,,"document.write(Icons.GetShortDescription(2, 'CurrentWeather'));  Few Clouds at 910m",2017-04-28
22:00,11°C,11°C,190°9 Km/h,,72%,6°C,1005.0mb,,"document.write(Icons.GetShortDescription(1, 'CurrentWeather'));",2017-04-28
23:00,11°C,11°C,170°9 Km/h,,72%,6°C,1005.0mb,,"document.write(Icons.GetShortDescription(1, 'CurrentWeather'));",2017-04-28
