Time,Temperature,Relative Temperature,Wind,Wind Gust,Rel. humidity,Dew Point,Pressure,Icon,DescriptionDetails,date
00:00,24°C,25°C,300°7 Km/h,,89%,22°C,1009.0mb,,"document.write(Icons.GetShortDescription(2, 'CurrentWeather'));  Scattered Clouds at 760m",2017-07-19
01:00,24°C,25°C,290°7 Km/h,,89%,22°C,1008.0mb,,"document.write(Icons.GetShortDescription(3, 'CurrentWeather'));  Broken Clouds at 760m Haze",2017-07-19
02:00,24°C,25°C,70°4 Km/h,,89%,22°C,1008.0mb,,"document.write(Icons.GetShortDescription(3, 'CurrentWeather'));  Few Clouds at 240m, Broken Clouds at 760m Haze",2017-07-19
03:00,25°C,26°C,300°6 Km/h,,83%,22°C,1009.0mb,,"document.write(Icons.GetShortDescription(3, 'CurrentWeather'));  Scattered Clouds at 300m, Broken Clouds at 760m Haze",2017-07-19
04:00,25°C,26°C,290°6 Km/h,,79%,21°C,1009.0mb,,"document.write(Icons.GetShortDescription(3, 'CurrentWeather'));  Few Clouds at 300m, Broken Clouds at 760m Haze",2017-07-19
05:00,24°C,25°C,340°6 Km/h,,89%,22°C,1009.0mb,,"document.write(Icons.GetShortDescription(3, 'CurrentWeather'));  Few Clouds at 300m, Broken Clouds at 610m Haze",2017-07-19
06:00,24°C,25°C,330°6 Km/h,,89%,22°C,1009.0mb,,"document.write(Icons.GetShortDescription(3, 'CurrentWeather'));  Scattered Clouds at 300m, Broken Clouds at 610m Haze",2017-07-19
07:00,25°C,26°C,320°7 Km/h,,79%,21°C,1009.0mb,,"document.write(Icons.GetShortDescription(3, 'CurrentWeather'));  Few Clouds at 300m, Broken Clouds at 610m Haze",2017-07-19
08:00,26°C,27°C,330°7 Km/h,,74%,21°C,1009.0mb,,"document.write(Icons.GetShortDescription(2, 'CurrentWeather'));  Few Clouds at 460m, Scattered Clouds at 910m",2017-07-19
09:00,27°C,29°C,310°6 Km/h,,70%,21°C,1008.0mb,,"document.write(Icons.GetShortDescription(2, 'CurrentWeather'));  Few Clouds at 460m, Scattered Clouds at 910m",2017-07-19
10:00,29°C,32°C,100°2 Km/h,,66%,22°C,1008.0mb,,"document.write(Icons.GetShortDescription(2, 'CurrentWeather'));  Few Clouds at 910m",2017-07-19
11:00,29°C,32°C,80°7 Km/h,,66%,22°C,1007.0mb,,"document.write(Icons.GetShortDescription(1, 'CurrentWeather'));",2017-07-19
12:00,31°C,34°C,90°4 Km/h,,55%,21°C,1007.0mb,,"document.write(Icons.GetShortDescription(2, 'CurrentWeather'));  Few Clouds at 910m",2017-07-19
13:00,32°C,34°C,20°6 Km/h,,49%,20°C,1006.0mb,,"document.write(Icons.GetShortDescription(2, 'CurrentWeather'));  Scattered Clouds at 1200m",2017-07-19
14:00,31°C,35°C,300°17 Km/h,,62%,23°C,1006.0mb,,"document.write(Icons.GetShortDescription(3, 'CurrentWeather'));  Scattered Clouds at 1200m, Broken Clouds at 6100m",2017-07-19
15:00,31°C,35°C,310°15 Km/h,,62%,23°C,1005.0mb,,"document.write(Icons.GetShortDescription(1, 'CurrentWeather'));",2017-07-19
16:00,30°C,34°C,310°20 Km/h,,66%,23°C,1005.0mb,,"document.write(Icons.GetShortDescription(1, 'CurrentWeather'));",2017-07-19
17:00,30°C,33°C,290°17 Km/h,,62%,22°C,1005.0mb,,"document.write(Icons.GetShortDescription(1, 'CurrentWeather'));",2017-07-19
18:00,29°C,31°C,270°13 Km/h,,62%,21°C,1005.0mb,,"document.write(Icons.GetShortDescription(1, 'CurrentWeather'));",2017-07-19
19:00,28°C,30°C,300°11 Km/h,,66%,21°C,1005.0mb,,"document.write(Icons.GetShortDescription(1, 'CurrentWeather'));",2017-07-19
20:00,27°C,29°C,300°9 Km/h,,70%,21°C,1006.0mb,,"document.write(Icons.GetShortDescription(3, 'CurrentWeather'));  Few Clouds at 910m, Broken Clouds at 6100m",2017-07-19
21:00,27°C,29°C,260°2 Km/h,,74%,22°C,1006.0mb,,"document.write(Icons.GetShortDescription(3, 'CurrentWeather'));  Few Clouds at 910m, Broken Clouds at 6100m",2017-07-19
22:00,27°C,29°C,190°4 Km/h,,74%,22°C,1006.0mb,,"document.write(Icons.GetShortDescription(3, 'CurrentWeather'));  Few Clouds at 910m, Broken Clouds at 6100m",2017-07-19
23:00,26°C,28°C,280°7 Km/h,,79%,22°C,1006.0mb,,"document.write(Icons.GetShortDescription(3, 'CurrentWeather'));  Few Clouds at 910m, Broken Clouds at 6100m",2017-07-19
