Time,Temperature,Relative Temperature,Wind,Wind Gust,Rel. humidity,Dew Point,Pressure,Icon,DescriptionDetails,date
00:00,28°C,32°C,220°2 Km/h,,79%,24°C,1009.0mb,,"document.write(Icons.GetShortDescription(3, 'CurrentWeather'));  Few Clouds at 1100m, Broken Clouds at 5500m",2017-07-22
01:00,28°C,33°C,180°6 Km/h,,84%,25°C,1009.0mb,,"document.write(Icons.GetShortDescription(3, 'CurrentWeather'));  Few Clouds at 1100m, Broken Clouds at 6100m Haze",2017-07-22
02:00,28°C,32°C,200°6 Km/h,,79%,24°C,1009.0mb,,"document.write(Icons.GetShortDescription(3, 'CurrentWeather'));  Few Clouds at 1100m, Broken Clouds at 6100m Haze",2017-07-22
03:00,28°C,32°C,190°7 Km/h,,79%,24°C,1009.0mb,,"document.write(Icons.GetShortDescription(3, 'CurrentWeather'));  Few Clouds at 1100m, Broken Clouds at 6100m",2017-07-22
04:00,28°C,32°C,200°9 Km/h,,79%,24°C,1009.0mb,,"document.write(Icons.GetShortDescription(3, 'CurrentWeather'));  Few Clouds at 300m, Scattered Clouds at 1100m, Broken Clouds at 6100m Haze",2017-07-22
05:00,28°C,32°C,200°6 Km/h,,79%,24°C,1009.0mb,,"document.write(Icons.GetShortDescription(3, 'CurrentWeather'));  Few Clouds at 300m, Scattered Clouds at 1100m, Broken Clouds at 6100m Haze",2017-07-22
06:00,27°C,31°C,180°7 Km/h,,89%,25°C,1010.0mb,,"document.write(Icons.GetShortDescription(7, 'CurrentWeather'));  Few Clouds at 300m, Scattered Clouds at 1100m, Cloudy at 3700m Light Rain, Haze",2017-07-22
07:00,27°C,30°C,190°7 Km/h,,84%,24°C,1009.0mb,,"document.write(Icons.GetShortDescription(4, 'CurrentWeather'));  Few Clouds at 300m, Broken Clouds at 1100m, Cloudy at 3700m Haze",2017-07-22
08:00,27°C,30°C,180°9 Km/h,,84%,24°C,1010.0mb,,"document.write(Icons.GetShortDescription(4, 'CurrentWeather'));  Few Clouds at 300m, Broken Clouds at 1100m, Cloudy at 3700m Haze",2017-07-22
09:00,28°C,32°C,200°11 Km/h,,79%,24°C,1010.0mb,,"document.write(Icons.GetShortDescription(4, 'CurrentWeather'));  Few Clouds at 300m, Broken Clouds at 760m, Cloudy at 3700m Haze",2017-07-22
10:00,29°C,34°C,210°13 Km/h,,74%,24°C,1010.0mb,,"document.write(Icons.GetShortDescription(4, 'CurrentWeather'));  Few Clouds at 300m, Broken Clouds at 760m, Cloudy at 3700m Haze",2017-07-22
11:00,30°C,35°C,190°13 Km/h,,70%,24°C,1010.0mb,,"document.write(Icons.GetShortDescription(4, 'CurrentWeather'));  Few Clouds at 460m, Broken Clouds at 760m, Cloudy at 3700m",2017-07-22
12:00,31°C,37°C,200°13 Km/h,,66%,24°C,1009.0mb,,"document.write(Icons.GetShortDescription(3, 'CurrentWeather'));  Broken Clouds at 760m, Broken Clouds at 3700m",2017-07-22
13:00,31°C,37°C,230°11 Km/h,,66%,24°C,1009.0mb,,"document.write(Icons.GetShortDescription(3, 'CurrentWeather'));  Broken Clouds at 760m",2017-07-22
14:00,31°C,35°C,240°13 Km/h,,62%,23°C,1009.0mb,,"document.write(Icons.GetShortDescription(3, 'CurrentWeather'));  Broken Clouds at 760m, Broken Clouds at 3700m",2017-07-22
15:00,32°C,38°C,230°15 Km/h,,63%,24°C,1008.0mb,,"document.write(Icons.GetShortDescription(3, 'CurrentWeather'));  Broken Clouds at 760m, Broken Clouds at 4600m",2017-07-22
16:00,31°C,37°C,230°13 Km/h,,66%,24°C,1008.0mb,,"document.write(Icons.GetShortDescription(3, 'CurrentWeather'));  Few Clouds at 760m, Broken Clouds at 4000m",2017-07-22
17:00,32°C,37°C,250°11 Km/h,,59%,23°C,1007.0mb,,"document.write(Icons.GetShortDescription(3, 'CurrentWeather'));  Scattered Clouds at 760m, Broken Clouds at 4000m, Broken Clouds at 6100m",2017-07-22
18:00,31°C,35°C,260°7 Km/h,,62%,23°C,1007.0mb,,"document.write(Icons.GetShortDescription(3, 'CurrentWeather'));  Scattered Clouds at 760m, Broken Clouds at 4000m, Broken Clouds at 6100m",2017-07-22
19:00,30°C,35°C,240°6 Km/h,,70%,24°C,1008.0mb,,"document.write(Icons.GetShortDescription(4, 'CurrentWeather'));  Broken Clouds at 1200m, Cloudy at 3700m",2017-07-22
20:00,29°C,34°C,260°9 Km/h,,74%,24°C,1008.0mb,,"document.write(Icons.GetShortDescription(7, 'CurrentWeather'));  Scattered Clouds at 1200m, Cloudy at 3000m Light Rain",2017-07-22
21:00,28°C,32°C,290°11 Km/h,,79%,24°C,1008.0mb,,"document.write(Icons.GetShortDescription(7, 'CurrentWeather'));  Broken Clouds at 760m, Cloudy at 2700m Light Rain",2017-07-22
21:25,28°C,32°C,270°9 Km/h,,79%,24°C,1008.0mb,,"document.write(Icons.GetShortDescription(4, 'CurrentWeather'));  Few Clouds at 300m, Broken Clouds at 760m, Cloudy at 3000m Haze",2017-07-22
22:00,28°C,32°C,260°9 Km/h,,79%,24°C,1008.0mb,,"document.write(Icons.GetShortDescription(4, 'CurrentWeather'));  Few Clouds at 300m, Broken Clouds at 760m, Cloudy at 3000m Haze",2017-07-22
23:00,28°C,32°C,310°4 Km/h,,79%,24°C,1008.0mb,,"document.write(Icons.GetShortDescription(4, 'CurrentWeather'));  Few Clouds at 300m, Broken Clouds at 760m, Cloudy at 3000m Haze",2017-07-22
