Time,Temperature,Relative Temperature,Wind,Wind Gust,Rel. humidity,Dew Point,Pressure,Icon,DescriptionDetails,date
00:00,15°C,15°C,180°9 Km/h,,77%,11°C,1008.0mb,,"document.write(Icons.GetShortDescription(1, 'CurrentWeather'));  Haze",2017-05-13
01:00,16°C,16°C,220°9 Km/h,,77%,12°C,1008.0mb,,"document.write(Icons.GetShortDescription(1, 'CurrentWeather'));  Haze",2017-05-13
02:00,14°C,14°C,300°2 Km/h,,77%,10°C,1008.0mb,,"document.write(Icons.GetShortDescription(2, 'CurrentWeather'));  Few Clouds at 460m Haze",2017-05-13
03:00,13°C,13°C,50°2 Km/h,,82%,10°C,1008.0mb,,"document.write(Icons.GetShortDescription(2, 'CurrentWeather'));  Few Clouds at 460m Haze",2017-05-13
04:00,13°C,13°C,80°4 Km/h,,88%,11°C,1007.0mb,,"document.write(Icons.GetShortDescription(2, 'CurrentWeather'));  Few Clouds at 300m Haze",2017-05-13
05:00,14°C,14°C,320°4 Km/h,,82%,11°C,1008.0mb,,"document.write(Icons.GetShortDescription(2, 'CurrentWeather'));  Few Clouds at 400m Haze",2017-05-13
06:00,14°C,14°C,280°4 Km/h,,82%,11°C,1008.0mb,,"document.write(Icons.GetShortDescription(2, 'CurrentWeather'));  Few Clouds at 460m Haze",2017-05-13
07:00,15°C,15°C,90°6 Km/h,,82%,12°C,1007.0mb,,"document.write(Icons.GetShortDescription(2, 'CurrentWeather'));  Scattered Clouds at 610m Haze",2017-05-13
08:00,18°C,18°C,130°19 Km/h,,68%,12°C,1006.0mb,,"document.write(Icons.GetShortDescription(3, 'CurrentWeather'));  Few Clouds at 300m, Broken Clouds at 1200m Haze",2017-05-13
09:00,20°C,20°C,150°20 Km/h,,60%,12°C,1006.0mb,,"document.write(Icons.GetShortDescription(3, 'CurrentWeather'));  Few Clouds at 910m, Broken Clouds at 5500m",2017-05-13
10:00,20°C,20°C,170°22 Km/h,,56%,11°C,1005.0mb,,"document.write(Icons.GetShortDescription(4, 'CurrentWeather'));  Scattered Clouds at 910m, Cloudy at 3700m",2017-05-13
11:00,22°C,22°C,170°20 Km/h,,53%,12°C,1005.0mb,,"document.write(Icons.GetShortDescription(3, 'CurrentWeather'));  Scattered Clouds at 910m, Broken Clouds at 3700m",2017-05-13
12:00,22°C,22°C,170°28 Km/h,,50%,11°C,1003.0mb,,"document.write(Icons.GetShortDescription(3, 'CurrentWeather'));  Scattered Clouds at 910m, Broken Clouds at 3700m",2017-05-13
13:00,23°C,23°C,190°37 Km/h,,47%,11°C,1002.0mb,,"document.write(Icons.GetShortDescription(3, 'CurrentWeather'));  Broken Clouds at 910m, Broken Clouds at 3000m",2017-05-13
13:49,23°C,23°C,200°39 Km/h,,44%,10°C,1000.0mb,,"document.write(Icons.GetShortDescription(4, 'CurrentWeather'));  Broken Clouds at 910m, Cloudy at 2400m",2017-05-13
14:00,23°C,22°C,200°48 Km/h,,41%,9°C,1000.0mb,,"document.write(Icons.GetShortDescription(7, 'CurrentWeather'));  Few Cumulonimbus Clouds at 370m, Broken Clouds at 760m, Cloudy at 2400m Light Rain Shower",2017-05-13
14:18,22°C,21°C,200°48 Km/h,,44%,9°C,999.0mb,,"document.write(Icons.GetShortDescription(10, 'CurrentWeather'));  Few Cumulonimbus Clouds at 300m, Broken Clouds at 760m, Cloudy at 2400m Light Rain with Thunderstorm",2017-05-13
14:31,20°C,20°C,210°48 Km/h,,53%,10°C,1000.0mb,,"document.write(Icons.GetShortDescription(10, 'CurrentWeather'));  Few Cumulonimbus Clouds at 300m, Broken Clouds at 760m, Cloudy at 2400m Light Rain with Thunderstorm",2017-05-13
14:45,17°C,17°C,230°46 Km/h,,73%,12°C,1001.0mb,,"document.write(Icons.GetShortDescription(10, 'CurrentWeather'));  Few Cumulonimbus Clouds at 300m, Broken Clouds at 760m, Cloudy at 2400m Light Rain with Thunderstorm",2017-05-13
15:00,17°C,17°C,230°37 Km/h,,77%,13°C,1002.0mb,,"document.write(Icons.GetShortDescription(10, 'CurrentWeather'));  Scattered Cumulonimbus Clouds at 300m, Broken Clouds at 760m, Cloudy at 2400m Rain with Thunderstorm",2017-05-13
15:14,17°C,17°C,220°35 Km/h,,77%,13°C,1002.0mb,,"document.write(Icons.GetShortDescription(10, 'CurrentWeather'));  Few Cumulonimbus Clouds at 300m, Broken Clouds at 760m, Cloudy at 2400m Light Rain with Thunderstorm",2017-05-13
15:33,17°C,17°C,230°39 Km/h,,73%,12°C,1002.0mb,,"document.write(Icons.GetShortDescription(7, 'CurrentWeather'));  Few Cumulonimbus Clouds at 460m, Broken Clouds at 760m, Cloudy at 2400m Light Rain",2017-05-13
16:00,16°C,16°C,230°41 Km/h,,77%,12°C,1001.0mb,,"document.write(Icons.GetShortDescription(7, 'CurrentWeather'));  Few Cumulonimbus Clouds at 460m, Broken Clouds at 760m, Cloudy at 2400m Light Rain",2017-05-13
16:10,16°C,16°C,230°35 Km/h,,72%,11°C,1002.0mb,,"document.write(Icons.GetShortDescription(4, 'CurrentWeather'));  Few Clouds at 460m, Broken Clouds at 760m, Cloudy at 2400m Haze",2017-05-13
17:00,15°C,15°C,250°24 Km/h,,72%,10°C,1003.0mb,,"document.write(Icons.GetShortDescription(4, 'CurrentWeather'));  Few Clouds at 460m, Broken Clouds at 760m, Cloudy at 2400m",2017-05-13
18:00,16°C,16°C,240°15 Km/h,,72%,11°C,1004.0mb,,"document.write(Icons.GetShortDescription(2, 'CurrentWeather'));  Scattered Clouds at 910m",2017-05-13
19:00,16°C,16°C,260°15 Km/h,,63%,9°C,1005.0mb,,"document.write(Icons.GetShortDescription(2, 'CurrentWeather'));  Few Clouds at 910m",2017-05-13
20:00,14°C,14°C,250°15 Km/h,,72%,9°C,1006.0mb,,"document.write(Icons.GetShortDescription(1, 'CurrentWeather'));",2017-05-13
21:00,14°C,14°C,250°13 Km/h,,72%,9°C,1007.0mb,,"document.write(Icons.GetShortDescription(1, 'CurrentWeather'));",2017-05-13
22:00,13°C,13°C,220°9 Km/h,,72%,8°C,1008.0mb,,"document.write(Icons.GetShortDescription(1, 'CurrentWeather'));",2017-05-13
23:00,13°C,13°C,190°9 Km/h,,72%,8°C,1008.0mb,,"document.write(Icons.GetShortDescription(1, 'CurrentWeather'));",2017-05-13
