Time,Temperature,Relative Temperature,Wind,Wind Gust,Rel. humidity,Dew Point,Pressure,Icon,DescriptionDetails,date
00:00,-1°C,-3°C,350°6 Km/h,,69%,-6°C,1024.0mb,,"document.write(Icons.GetShortDescription(1, 'CurrentWeather'));",2017-11-28
01:00,-2°C,-5°C,330°7 Km/h,,74%,-6°C,1023.0mb,,"document.write(Icons.GetShortDescription(1, 'CurrentWeather'));",2017-11-28
02:00,-1°C,-1°C,350°4 Km/h,,75%,-5°C,1023.0mb,,"document.write(Icons.GetShortDescription(1, 'CurrentWeather'));",2017-11-28
03:00,-1°C,-4°C,350°7 Km/h,,75%,-5°C,1023.0mb,,"document.write(Icons.GetShortDescription(1, 'CurrentWeather'));",2017-11-28
04:00,-1°C,-3°C,340°6 Km/h,,75%,-5°C,1023.0mb,,"document.write(Icons.GetShortDescription(3, 'CurrentWeather'));  Few Clouds at 910m, Broken Clouds at 6100m",2017-11-28
05:00,-1°C,-1°C,170°2 Km/h,,75%,-5°C,1023.0mb,,"document.write(Icons.GetShortDescription(3, 'CurrentWeather'));  Few Clouds at 910m, Broken Clouds at 6100m",2017-11-28
06:00,-2°C,-2°C,Calm,,80%,-5°C,1023.0mb,,"document.write(Icons.GetShortDescription(3, 'CurrentWeather'));  Few Clouds at 910m, Broken Clouds at 6100m",2017-11-28
07:00,-2°C,-2°C,300°4 Km/h,,80%,-5°C,1022.0mb,,"document.write(Icons.GetShortDescription(3, 'CurrentWeather'));  Scattered Clouds at 910m, Broken Clouds at 6100m Haze",2017-11-28
08:00,0°C,-3°C,340°7 Km/h,,75%,-4°C,1024.0mb,,"document.write(Icons.GetShortDescription(1, 'CurrentWeather'));",2017-11-28
09:00,1°C,1°C,10°4 Km/h,,75%,-3°C,1024.0mb,,"document.write(Icons.GetShortDescription(1, 'CurrentWeather'));",2017-11-28
10:00,3°C,2°C,120°6 Km/h,,65%,-3°C,1024.0mb,,"document.write(Icons.GetShortDescription(1, 'CurrentWeather'));",2017-11-28
11:00,6°C,6°C,310°2 Km/h,,61%,-1°C,1023.0mb,,"document.write(Icons.GetShortDescription(1, 'CurrentWeather'));",2017-11-28
12:00,8°C,7°C,210°7 Km/h,,53%,-1°C,1023.0mb,,"document.write(Icons.GetShortDescription(1, 'CurrentWeather'));",2017-11-28
13:00,10°C,9°C,220°9 Km/h,,47%,-1°C,1022.0mb,,"document.write(Icons.GetShortDescription(1, 'CurrentWeather'));",2017-11-28
14:00,9°C,8°C,310°6 Km/h,,50%,-1°C,1022.0mb,,"document.write(Icons.GetShortDescription(3, 'CurrentWeather'));  Broken Clouds at 910m Haze",2017-11-28
15:00,10°C,10°C,220°4 Km/h,,50%,0°C,1022.0mb,,"document.write(Icons.GetShortDescription(3, 'CurrentWeather'));  Broken Clouds at 910m",2017-11-28
16:00,10°C,10°C,230°6 Km/h,,50%,0°C,1022.0mb,,"document.write(Icons.GetShortDescription(3, 'CurrentWeather'));  Broken Clouds at 910m",2017-11-28
17:00,9°C,8°C,180°7 Km/h,,54%,0°C,1022.0mb,,"document.write(Icons.GetShortDescription(3, 'CurrentWeather'));  Scattered Clouds at 910m, Broken Clouds at 3700m",2017-11-28
18:00,8°C,7°C,160°6 Km/h,,57%,0°C,1022.0mb,,"document.write(Icons.GetShortDescription(3, 'CurrentWeather'));  Broken Clouds at 910m, Broken Clouds at 3700m",2017-11-28
19:00,7°C,6°C,150°6 Km/h,,61%,0°C,1022.0mb,,"document.write(Icons.GetShortDescription(2, 'CurrentWeather'));  Scattered Clouds at 910m",2017-11-28
20:00,8°C,7°C,190°7 Km/h,,62%,1°C,1022.0mb,,"document.write(Icons.GetShortDescription(3, 'CurrentWeather'));  Scattered Clouds at 910m, Broken Clouds at 3000m",2017-11-28
21:00,8°C,7°C,140°7 Km/h,,66%,2°C,1022.0mb,,"document.write(Icons.GetShortDescription(7, 'CurrentWeather'));  Broken Clouds at 910m, Cloudy at 3000m Light Rain",2017-11-28
22:00,8°C,7°C,140°6 Km/h,,66%,2°C,1022.0mb,,"document.write(Icons.GetShortDescription(4, 'CurrentWeather'));  Broken Clouds at 760m, Cloudy at 2700m",2017-11-28
23:00,7°C,6°C,330°7 Km/h,,76%,3°C,1022.0mb,,"document.write(Icons.GetShortDescription(7, 'CurrentWeather'));  Broken Clouds at 760m, Cloudy at 2700m Light Rain, Haze",2017-11-28
