Time,Temperature,Relative Temperature,Wind,Wind Gust,Rel. humidity,Dew Point,Pressure,Icon,DescriptionDetails,date
00:00,-10°C,-17°C,350°15 Km/h,,48%,-19°C,1031.0mb,,"document.write(Icons.GetShortDescription(1, 'CurrentWeather'));",2017-12-13
01:00,-11°C,-17°C,340°13 Km/h,,52%,-19°C,1032.0mb,,"document.write(Icons.GetShortDescription(1, 'CurrentWeather'));",2017-12-13
02:00,-12°C,-18°C,340°11 Km/h,,52%,-20°C,1032.0mb,,"document.write(Icons.GetShortDescription(1, 'CurrentWeather'));",2017-12-13
03:00,-11°C,-15°C,350°7 Km/h,,52%,-19°C,1032.0mb,,"document.write(Icons.GetShortDescription(1, 'CurrentWeather'));",2017-12-13
04:00,-11°C,-15°C,320°7 Km/h,,52%,-19°C,1032.0mb,,"document.write(Icons.GetShortDescription(1, 'CurrentWeather'));",2017-12-13
05:00,-12°C,-17°C,310°7 Km/h,,52%,-20°C,1032.0mb,,"document.write(Icons.GetShortDescription(1, 'CurrentWeather'));",2017-12-13
06:00,-12°C,-19°C,320°13 Km/h,,52%,-20°C,1032.0mb,,"document.write(Icons.GetShortDescription(1, 'CurrentWeather'));",2017-12-13
07:00,-11°C,-17°C,320°11 Km/h,,48%,-20°C,1032.0mb,,"document.write(Icons.GetShortDescription(1, 'CurrentWeather'));",2017-12-13
08:00,-11°C,-14°C,360°6 Km/h,,48%,-20°C,1033.0mb,,"document.write(Icons.GetShortDescription(1, 'CurrentWeather'));",2017-12-13
09:00,-10°C,-18°C,350°19 Km/h,,44%,-20°C,1033.0mb,,"document.write(Icons.GetShortDescription(1, 'CurrentWeather'));",2017-12-13
10:00,-9°C,-16°C,340°19 Km/h,,37%,-21°C,1034.0mb,,"document.write(Icons.GetShortDescription(1, 'CurrentWeather'));",2017-12-13
11:00,-8°C,-15°C,330°19 Km/h,,35%,-21°C,1033.0mb,,"document.write(Icons.GetShortDescription(1, 'CurrentWeather'));",2017-12-13
12:00,-7°C,-13°C,320°15 Km/h,,35%,-20°C,1033.0mb,,"document.write(Icons.GetShortDescription(1, 'CurrentWeather'));",2017-12-13
13:00,-6°C,-11°C,350°13 Km/h,,32%,-20°C,1033.0mb,,"document.write(Icons.GetShortDescription(1, 'CurrentWeather'));",2017-12-13
14:00,-5°C,-11°C,350°17 Km/h,,28%,-21°C,1032.0mb,,"document.write(Icons.GetShortDescription(1, 'CurrentWeather'));",2017-12-13
15:00,-5°C,-11°C,350°19 Km/h,,23%,-23°C,1032.0mb,,"document.write(Icons.GetShortDescription(1, 'CurrentWeather'));",2017-12-13
16:00,-5°C,-10°C,350°13 Km/h,,28%,-21°C,1033.0mb,,"document.write(Icons.GetShortDescription(1, 'CurrentWeather'));",2017-12-13
17:00,-6°C,-11°C,350°13 Km/h,,30%,-21°C,1033.0mb,,"document.write(Icons.GetShortDescription(1, 'CurrentWeather'));",2017-12-13
18:00,-7°C,-13°C,350°13 Km/h,,32%,-21°C,1033.0mb,,"document.write(Icons.GetShortDescription(1, 'CurrentWeather'));",2017-12-13
19:00,-8°C,-13°C,340°9 Km/h,,38%,-20°C,1033.0mb,,"document.write(Icons.GetShortDescription(1, 'CurrentWeather'));",2017-12-13
20:00,-8°C,-8°C,320°4 Km/h,,38%,-20°C,1033.0mb,,"document.write(Icons.GetShortDescription(1, 'CurrentWeather'));",2017-12-13
21:00,-8°C,-11°C,300°6 Km/h,,38%,-20°C,1033.0mb,,"document.write(Icons.GetShortDescription(1, 'CurrentWeather'));",2017-12-13
22:00,-10°C,-13°C,310°6 Km/h,,44%,-20°C,1033.0mb,,"document.write(Icons.GetShortDescription(1, 'CurrentWeather'));",2017-12-13
23:00,-10°C,-14°C,310°7 Km/h,,44%,-20°C,1034.0mb,,"document.write(Icons.GetShortDescription(1, 'CurrentWeather'));",2017-12-13
