Time,Temperature,Relative Temperature,Wind,Wind Gust,Rel. humidity,Dew Point,Pressure,Icon,DescriptionDetails,date
00:00,-1°C,-5°C,280°13 Km/h,,59%,-8°C,1016.0mb,,"document.write(Icons.GetShortDescription(1, 'CurrentWeather'));",2017-02-06
01:00,-2°C,-6°C,290°13 Km/h,,64%,-8°C,1017.0mb,,"document.write(Icons.GetShortDescription(1, 'CurrentWeather'));",2017-02-06
02:00,-2°C,-6°C,290°13 Km/h,,59%,-9°C,1017.0mb,,"document.write(Icons.GetShortDescription(1, 'CurrentWeather'));",2017-02-06
03:00,-3°C,-7°C,300°11 Km/h,,59%,-10°C,1018.0mb,,"document.write(Icons.GetShortDescription(1, 'CurrentWeather'));",2017-02-06
04:00,-3°C,-8°C,290°13 Km/h,,59%,-10°C,1019.0mb,,"document.write(Icons.GetShortDescription(1, 'CurrentWeather'));",2017-02-06
05:00,-4°C,-9°C,310°13 Km/h,,54%,-12°C,1019.0mb,,"document.write(Icons.GetShortDescription(1, 'CurrentWeather'));",2017-02-06
06:00,-3°C,-8°C,340°17 Km/h,,50%,-12°C,1019.0mb,,"document.write(Icons.GetShortDescription(1, 'CurrentWeather'));",2017-02-06
07:00,-3°C,-9°C,310°20 Km/h,,50%,-12°C,1020.0mb,,"document.write(Icons.GetShortDescription(1, 'CurrentWeather'));",2017-02-06
08:00,-4°C,-10°C,320°20 Km/h,,54%,-12°C,1021.0mb,,"document.write(Icons.GetShortDescription(1, 'CurrentWeather'));",2017-02-06
09:00,-3°C,-9°C,320°19 Km/h,,50%,-12°C,1022.0mb,,"document.write(Icons.GetShortDescription(1, 'CurrentWeather'));",2017-02-06
10:00,-2°C,-8°C,330°19 Km/h,,47%,-12°C,1022.0mb,,"document.write(Icons.GetShortDescription(1, 'CurrentWeather'));",2017-02-06
11:00,-1°C,-7°C,330°22 Km/h,,43%,-12°C,1023.0mb,,"document.write(Icons.GetShortDescription(1, 'CurrentWeather'));",2017-02-06
12:00,0°C,-5°C,320°17 Km/h,,40%,-12°C,1023.0mb,,"document.write(Icons.GetShortDescription(1, 'CurrentWeather'));",2017-02-06
13:00,1°C,-4°C,310°19 Km/h,,41%,-11°C,1023.0mb,,"document.write(Icons.GetShortDescription(1, 'CurrentWeather'));",2017-02-06
14:00,1°C,-4°C,310°19 Km/h,,35%,-13°C,1023.0mb,,"document.write(Icons.GetShortDescription(1, 'CurrentWeather'));",2017-02-06
15:00,2°C,-3°C,320°20 Km/h,,32%,-13°C,1023.0mb,,"document.write(Icons.GetShortDescription(1, 'CurrentWeather'));",2017-02-06
16:00,2°C,-3°C,340°22 Km/h,,35%,-12°C,1023.0mb,,"document.write(Icons.GetShortDescription(1, 'CurrentWeather'));",2017-02-06
17:00,1°C,-4°C,310°20 Km/h,,38%,-12°C,1023.0mb,,"document.write(Icons.GetShortDescription(1, 'CurrentWeather'));",2017-02-06
18:00,0°C,-4°C,310°13 Km/h,,44%,-11°C,1024.0mb,,"document.write(Icons.GetShortDescription(1, 'CurrentWeather'));",2017-02-06
19:00,-2°C,-6°C,330°13 Km/h,,47%,-12°C,1025.0mb,,"document.write(Icons.GetShortDescription(1, 'CurrentWeather'));",2017-02-06
20:00,-2°C,-8°C,320°20 Km/h,,47%,-12°C,1025.0mb,,"document.write(Icons.GetShortDescription(1, 'CurrentWeather'));",2017-02-06
21:00,-2°C,-8°C,340°20 Km/h,,47%,-12°C,1026.0mb,,"document.write(Icons.GetShortDescription(1, 'CurrentWeather'));",2017-02-06
22:00,-2°C,-8°C,360°19 Km/h,,47%,-12°C,1026.0mb,,"document.write(Icons.GetShortDescription(1, 'CurrentWeather'));",2017-02-06
23:00,-3°C,-5°C,290°6 Km/h,,50%,-12°C,1026.0mb,,"document.write(Icons.GetShortDescription(1, 'CurrentWeather'));",2017-02-06
