Time,Temperature,Relative Temperature,Wind,Wind Gust,Rel. humidity,Dew Point,Pressure,Icon,DescriptionDetails,date
00:00,-4°C,-6°C,270°6 Km/h,,50%,-13°C,1026.0mb,,"document.write(Icons.GetShortDescription(1, 'CurrentWeather'));",2017-02-07
01:00,-5°C,-9°C,310°9 Km/h,,50%,-14°C,1026.0mb,,"document.write(Icons.GetShortDescription(1, 'CurrentWeather'));",2017-02-07
02:00,-5°C,-5°C,270°4 Km/h,,54%,-13°C,1027.0mb,,"document.write(Icons.GetShortDescription(1, 'CurrentWeather'));",2017-02-07
03:00,-5°C,-8°C,40°6 Km/h,,54%,-13°C,1027.0mb,,"document.write(Icons.GetShortDescription(1, 'CurrentWeather'));",2017-02-07
04:00,-5°C,-5°C,290°4 Km/h,,54%,-13°C,1026.0mb,,"document.write(Icons.GetShortDescription(1, 'CurrentWeather'));",2017-02-07
05:00,-6°C,-6°C,310°4 Km/h,,58%,-13°C,1026.0mb,,"document.write(Icons.GetShortDescription(1, 'CurrentWeather'));",2017-02-07
06:00,-6°C,-6°C,Calm,,63%,-12°C,1026.0mb,,"document.write(Icons.GetShortDescription(1, 'CurrentWeather'));",2017-02-07
07:00,-7°C,-10°C,330°6 Km/h,,63%,-13°C,1027.0mb,,"document.write(Icons.GetShortDescription(1, 'CurrentWeather'));",2017-02-07
08:00,-6°C,-9°C,340°6 Km/h,,58%,-13°C,1028.0mb,,"document.write(Icons.GetShortDescription(1, 'CurrentWeather'));",2017-02-07
09:00,-4°C,-6°C,330°6 Km/h,,59%,-11°C,1028.0mb,,"document.write(Icons.GetShortDescription(3, 'CurrentWeather'));  Few Clouds at 910m, Broken Clouds at 4600m",2017-02-07
10:00,-3°C,-7°C,360°9 Km/h,,46%,-13°C,1028.0mb,,"document.write(Icons.GetShortDescription(3, 'CurrentWeather'));  Scattered Clouds at 910m, Broken Clouds at 4600m",2017-02-07
11:00,-2°C,-5°C,10°7 Km/h,,40%,-14°C,1027.0mb,,"document.write(Icons.GetShortDescription(1, 'CurrentWeather'));",2017-02-07
12:00,-1°C,-4°C,310°7 Km/h,,34%,-15°C,1027.0mb,,"document.write(Icons.GetShortDescription(1, 'CurrentWeather'));",2017-02-07
13:00,0°C,-2°C,300°6 Km/h,,29%,-16°C,1026.0mb,,"document.write(Icons.GetShortDescription(1, 'CurrentWeather'));",2017-02-07
14:00,1°C,-1°C,320°7 Km/h,,32%,-14°C,1025.0mb,,"document.write(Icons.GetShortDescription(1, 'CurrentWeather'));",2017-02-07
15:00,1°C,-1°C,300°6 Km/h,,27%,-16°C,1025.0mb,,"document.write(Icons.GetShortDescription(1, 'CurrentWeather'));",2017-02-07
16:00,2°C,-1°C,330°11 Km/h,,30%,-14°C,1024.0mb,,"document.write(Icons.GetShortDescription(1, 'CurrentWeather'));",2017-02-07
17:00,1°C,-3°C,320°13 Km/h,,32%,-14°C,1024.0mb,,"document.write(Icons.GetShortDescription(1, 'CurrentWeather'));",2017-02-07
18:00,0°C,-4°C,10°11 Km/h,,37%,-13°C,1024.0mb,,"document.write(Icons.GetShortDescription(1, 'CurrentWeather'));",2017-02-07
19:00,-1°C,-5°C,320°11 Km/h,,40%,-13°C,1024.0mb,,"document.write(Icons.GetShortDescription(1, 'CurrentWeather'));",2017-02-07
20:00,-1°C,-4°C,290°9 Km/h,,40%,-13°C,1024.0mb,,"document.write(Icons.GetShortDescription(1, 'CurrentWeather'));",2017-02-07
21:00,-2°C,-2°C,320°4 Km/h,,43%,-13°C,1024.0mb,,"document.write(Icons.GetShortDescription(1, 'CurrentWeather'));",2017-02-07
22:00,-2°C,-4°C,320°6 Km/h,,43%,-13°C,1024.0mb,,"document.write(Icons.GetShortDescription(1, 'CurrentWeather'));",2017-02-07
23:00,-2°C,-4°C,330°6 Km/h,,43%,-13°C,1024.0mb,,"document.write(Icons.GetShortDescription(1, 'CurrentWeather'));",2017-02-07
