Time,Temperature,Relative Temperature,Wind,Wind Gust,Rel. humidity,Dew Point,Pressure,Icon,DescriptionDetails,date
00:00,20°C,20°C,330°6 Km/h,,83%,17°C,1013.0mb,,"document.write(Icons.GetShortDescription(1, 'CurrentWeather'));",2017-08-28
01:00,20°C,20°C,310°4 Km/h,,83%,17°C,1013.0mb,,"document.write(Icons.GetShortDescription(1, 'CurrentWeather'));",2017-08-28
02:00,19°C,19°C,350°2 Km/h,,88%,17°C,1013.0mb,,"document.write(Icons.GetShortDescription(1, 'CurrentWeather'));",2017-08-28
03:00,19°C,19°C,330°4 Km/h,,88%,17°C,1013.0mb,,"document.write(Icons.GetShortDescription(1, 'CurrentWeather'));",2017-08-28
04:00,20°C,20°C,320°6 Km/h,,83%,17°C,1013.0mb,,"document.write(Icons.GetShortDescription(1, 'CurrentWeather'));",2017-08-28
05:00,20°C,20°C,90°4 Km/h,,83%,17°C,1013.0mb,,"document.write(Icons.GetShortDescription(1, 'CurrentWeather'));",2017-08-28
06:00,20°C,20°C,200°4 Km/h,,88%,18°C,1012.0mb,,"document.write(Icons.GetShortDescription(1, 'CurrentWeather'));",2017-08-28
07:00,21°C,21°C,180°4 Km/h,,83%,18°C,1013.0mb,,"document.write(Icons.GetShortDescription(1, 'CurrentWeather'));",2017-08-28
08:00,22°C,22°C,150°4 Km/h,,78%,18°C,1013.0mb,,"document.write(Icons.GetShortDescription(1, 'CurrentWeather'));",2017-08-28
09:00,23°C,23°C,160°4 Km/h,,74%,18°C,1013.0mb,,"document.write(Icons.GetShortDescription(1, 'CurrentWeather'));",2017-08-28
10:00,25°C,25°C,110°2 Km/h,,65%,18°C,1012.0mb,,"document.write(Icons.GetShortDescription(4, 'CurrentWeather'));  Scattered Clouds at 910m, Cloudy at 3400m",2017-08-28
11:00,25°C,25°C,10°2 Km/h,,61%,17°C,1012.0mb,,"document.write(Icons.GetShortDescription(4, 'CurrentWeather'));  Scattered Clouds at 910m, Cloudy at 3000m",2017-08-28
12:00,25°C,25°C,30°7 Km/h,,57%,16°C,1011.0mb,,"document.write(Icons.GetShortDescription(3, 'CurrentWeather'));  Scattered Clouds at 910m, Broken Clouds at 3000m",2017-08-28
13:00,26°C,26°C,40°9 Km/h,,54%,16°C,1011.0mb,,"document.write(Icons.GetShortDescription(3, 'CurrentWeather'));  Scattered Clouds at 910m, Broken Clouds at 3000m",2017-08-28
14:00,25°C,25°C,20°7 Km/h,,57%,16°C,1010.0mb,,"document.write(Icons.GetShortDescription(4, 'CurrentWeather'));  Scattered Clouds at 910m, Cloudy at 3000m",2017-08-28
15:00,24°C,24°C,30°11 Km/h,,65%,17°C,1010.0mb,,"document.write(Icons.GetShortDescription(7, 'CurrentWeather'));  Scattered Clouds at 910m, Cloudy at 2400m Light Rain",2017-08-28
16:00,22°C,22°C,360°19 Km/h,,69%,16°C,1009.0mb,,"document.write(Icons.GetShortDescription(7, 'CurrentWeather'));  Few Clouds at 300m, Broken Clouds at 910m, Cloudy at 2400m Light Rain",2017-08-28
17:00,18°C,18°C,10°28 Km/h,,78%,14°C,1009.0mb,,"document.write(Icons.GetShortDescription(7, 'CurrentWeather'));  Few Clouds at 300m, Broken Clouds at 910m, Cloudy at 2400m Light Rain",2017-08-28
17:34,18°C,18°C,360°22 Km/h,,78%,14°C,1010.0mb,,"document.write(Icons.GetShortDescription(7, 'CurrentWeather'));  Few Clouds at 300m, Broken Clouds at 910m, Cloudy at 2400m Rain, Haze",2017-08-28
18:00,18°C,18°C,10°19 Km/h,,78%,14°C,1010.0mb,,"document.write(Icons.GetShortDescription(7, 'CurrentWeather'));  Few Clouds at 300m, Broken Clouds at 910m, Cloudy at 2400m Rain, Haze",2017-08-28
19:00,18°C,18°C,360°13 Km/h,,83%,15°C,1010.0mb,,"document.write(Icons.GetShortDescription(7, 'CurrentWeather'));  Few Clouds at 300m, Broken Clouds at 910m, Cloudy at 2400m Light Rain, Haze",2017-08-28
20:00,18°C,18°C,340°7 Km/h,,83%,15°C,1010.0mb,,"document.write(Icons.GetShortDescription(7, 'CurrentWeather'));  Few Clouds at 300m, Broken Clouds at 910m, Cloudy at 2400m Light Rain",2017-08-28
21:00,18°C,18°C,10°9 Km/h,,83%,15°C,1010.0mb,,"document.write(Icons.GetShortDescription(4, 'CurrentWeather'));  Scattered Clouds at 910m, Cloudy at 3000m",2017-08-28
22:00,18°C,18°C,130°2 Km/h,,88%,16°C,1011.0mb,,"document.write(Icons.GetShortDescription(4, 'CurrentWeather'));  Few Clouds at 460m, Broken Clouds at 910m, Cloudy at 3000m",2017-08-28
23:00,18°C,18°C,340°17 Km/h,,83%,15°C,1012.0mb,,"document.write(Icons.GetShortDescription(4, 'CurrentWeather'));  Scattered Clouds at 910m, Cloudy at 3000m",2017-08-28
