Time,Temperature,Relative Temperature,Wind,Wind Gust,Rel. humidity,Dew Point,Pressure,Icon,DescriptionDetails,date
00:00,19°C,19°C,280°4 Km/h,,68%,13°C,1015.0mb,,"document.write(Icons.GetShortDescription(1, 'CurrentWeather'));",2017-06-13
01:00,18°C,18°C,20°4 Km/h,,73%,13°C,1015.0mb,,"document.write(Icons.GetShortDescription(1, 'CurrentWeather'));",2017-06-13
02:00,18°C,18°C,330°7 Km/h,,73%,13°C,1015.0mb,,"document.write(Icons.GetShortDescription(1, 'CurrentWeather'));",2017-06-13
03:00,18°C,18°C,310°11 Km/h,,78%,14°C,1015.0mb,,"document.write(Icons.GetShortDescription(1, 'CurrentWeather'));",2017-06-13
04:00,18°C,18°C,260°6 Km/h,,83%,15°C,1015.0mb,,"document.write(Icons.GetShortDescription(1, 'CurrentWeather'));",2017-06-13
05:00,18°C,18°C,270°6 Km/h,,83%,15°C,1016.0mb,,"document.write(Icons.GetShortDescription(1, 'CurrentWeather'));",2017-06-13
06:00,18°C,18°C,290°2 Km/h,,83%,15°C,1016.0mb,,"document.write(Icons.GetShortDescription(1, 'CurrentWeather'));",2017-06-13
07:00,20°C,20°C,Calm,,73%,15°C,1016.0mb,,"document.write(Icons.GetShortDescription(1, 'CurrentWeather'));",2017-06-13
08:00,21°C,21°C,150°6 Km/h,,69%,15°C,1015.0mb,,"document.write(Icons.GetShortDescription(3, 'CurrentWeather'));  Scattered Clouds at 910m, Broken Clouds at 3700m",2017-06-13
09:00,23°C,23°C,220°7 Km/h,,53%,13°C,1015.0mb,,"document.write(Icons.GetShortDescription(3, 'CurrentWeather'));  Scattered Clouds at 910m, Broken Clouds at 3700m",2017-06-13
10:00,23°C,23°C,300°13 Km/h,,53%,13°C,1015.0mb,,"document.write(Icons.GetShortDescription(3, 'CurrentWeather'));  Scattered Clouds at 910m, Broken Clouds at 3700m",2017-06-13
11:00,23°C,23°C,290°15 Km/h,,53%,13°C,1015.0mb,,"document.write(Icons.GetShortDescription(3, 'CurrentWeather'));  Scattered Clouds at 910m, Broken Clouds at 3700m",2017-06-13
12:00,24°C,24°C,250°13 Km/h,,54%,14°C,1015.0mb,,"document.write(Icons.GetShortDescription(3, 'CurrentWeather'));  Scattered Clouds at 910m, Broken Clouds at 3700m",2017-06-13
13:00,24°C,24°C,290°19 Km/h,,50%,13°C,1014.0mb,,"document.write(Icons.GetShortDescription(3, 'CurrentWeather'));  Scattered Clouds at 910m, Broken Clouds at 3700m",2017-06-13
14:00,24°C,24°C,260°17 Km/h,,50%,13°C,1013.0mb,,"document.write(Icons.GetShortDescription(3, 'CurrentWeather'));  Scattered Clouds at 910m, Broken Clouds at 3700m",2017-06-13
15:00,24°C,24°C,260°15 Km/h,,50%,13°C,1013.0mb,,"document.write(Icons.GetShortDescription(2, 'CurrentWeather'));  Scattered Clouds at 910m",2017-06-13
16:00,23°C,23°C,290°22 Km/h,,53%,13°C,1013.0mb,,"document.write(Icons.GetShortDescription(2, 'CurrentWeather'));  Scattered Clouds at 910m",2017-06-13
17:00,22°C,22°C,290°20 Km/h,,57%,13°C,1013.0mb,,"document.write(Icons.GetShortDescription(2, 'CurrentWeather'));  Few Clouds at 760m",2017-06-13
18:00,21°C,21°C,290°17 Km/h,,60%,13°C,1013.0mb,,"document.write(Icons.GetShortDescription(2, 'CurrentWeather'));  Few Clouds at 760m, Scattered Clouds at 3700m",2017-06-13
19:00,20°C,20°C,300°19 Km/h,,69%,14°C,1014.0mb,,"document.write(Icons.GetShortDescription(2, 'CurrentWeather'));  Few Clouds at 610m, Scattered Clouds at 3700m",2017-06-13
20:00,19°C,19°C,280°11 Km/h,,73%,14°C,1014.0mb,,"document.write(Icons.GetShortDescription(2, 'CurrentWeather'));  Few Clouds at 610m, Scattered Clouds at 3700m",2017-06-13
21:00,19°C,19°C,200°7 Km/h,,73%,14°C,1013.0mb,,"document.write(Icons.GetShortDescription(3, 'CurrentWeather'));  Few Clouds at 610m, Broken Clouds at 4000m",2017-06-13
22:00,19°C,19°C,250°7 Km/h,,73%,14°C,1013.0mb,,"document.write(Icons.GetShortDescription(3, 'CurrentWeather'));  Few Clouds at 610m, Broken Clouds at 4000m",2017-06-13
23:00,19°C,19°C,280°9 Km/h,,78%,15°C,1014.0mb,,"document.write(Icons.GetShortDescription(2, 'CurrentWeather'));  Few Clouds at 460m, Scattered Clouds at 760m",2017-06-13
