Time,Temperature,Relative Temperature,Wind,Wind Gust,Rel. humidity,Dew Point,Pressure,Icon,DescriptionDetails,date
00:00,5°C,5°C,20°2 Km/h,,61%,-2°C,1015.0mb,,"document.write(Icons.GetShortDescription(1, 'CurrentWeather'));  Haze",2017-03-21
01:00,4°C,4°C,20°2 Km/h,,70%,-1°C,1015.0mb,,"document.write(Icons.GetShortDescription(1, 'CurrentWeather'));  Haze",2017-03-21
02:00,3°C,3°C,100°2 Km/h,,70%,-2°C,1014.0mb,,"document.write(Icons.GetShortDescription(1, 'CurrentWeather'));  Haze",2017-03-21
03:00,3°C,3°C,140°4 Km/h,,70%,-2°C,1014.0mb,,"document.write(Icons.GetShortDescription(1, 'CurrentWeather'));  Haze",2017-03-21
04:00,2°C,0°C,310°7 Km/h,,75%,-2°C,1014.0mb,,"document.write(Icons.GetShortDescription(1, 'CurrentWeather'));  Haze",2017-03-21
05:00,2°C,0°C,360°6 Km/h,,81%,-1°C,1014.0mb,,"document.write(Icons.GetShortDescription(1, 'CurrentWeather'));  Haze",2017-03-21
06:00,2°C,2°C,320°4 Km/h,,81%,-1°C,1014.0mb,,"document.write(Icons.GetShortDescription(1, 'CurrentWeather'));  Haze",2017-03-21
07:00,2°C,0°C,330°7 Km/h,,75%,-2°C,1015.0mb,,"document.write(Icons.GetShortDescription(1, 'CurrentWeather'));  Haze",2017-03-21
08:00,4°C,3°C,320°6 Km/h,,70%,-1°C,1015.0mb,,"document.write(Icons.GetShortDescription(1, 'CurrentWeather'));  Haze",2017-03-21
08:11,4°C,2°C,330°7 Km/h,,70%,-1°C,1015.0mb,,"document.write(Icons.GetShortDescription(1, 'CurrentWeather'));  Haze",2017-03-21
08:31,5°C,2°C,320°15 Km/h,,61%,-2°C,1015.0mb,,"document.write(Icons.GetShortDescription(1, 'CurrentWeather'));  Haze",2017-03-21
09:00,6°C,2°C,330°26 Km/h,,46%,-5°C,1016.0mb,,"document.write(Icons.GetShortDescription(1, 'CurrentWeather'));",2017-03-21
10:00,7°C,3°C,340°24 Km/h,,37%,-7°C,1016.0mb,,"document.write(Icons.GetShortDescription(1, 'CurrentWeather'));",2017-03-21
11:00,8°C,4°C,340°24 Km/h,,34%,-7°C,1016.0mb,,"document.write(Icons.GetShortDescription(1, 'CurrentWeather'));",2017-03-21
12:00,10°C,7°C,320°20 Km/h,,32%,-6°C,1016.0mb,,"document.write(Icons.GetShortDescription(1, 'CurrentWeather'));",2017-03-21
13:00,11°C,11°C,340°22 Km/h,,38%,-3°C,1016.0mb,,"document.write(Icons.GetShortDescription(1, 'CurrentWeather'));",2017-03-21
14:00,11°C,11°C,330°22 Km/h,,35%,-4°C,1016.0mb,,"document.write(Icons.GetShortDescription(2, 'CurrentWeather'));  Few Clouds at 910m",2017-03-21
15:00,11°C,11°C,350°9 Km/h,,35%,-4°C,1016.0mb,,"document.write(Icons.GetShortDescription(2, 'CurrentWeather'));  Few Clouds at 910m",2017-03-21
16:00,12°C,12°C,350°19 Km/h,,26%,-7°C,1015.0mb,,"document.write(Icons.GetShortDescription(2, 'CurrentWeather'));  Few Clouds at 910m",2017-03-21
17:00,13°C,13°C,310°20 Km/h,,15%,-13°C,1015.0mb,,"document.write(Icons.GetShortDescription(1, 'CurrentWeather'));",2017-03-21
18:00,11°C,11°C,320°19 Km/h,,20%,-11°C,1016.0mb,,"document.write(Icons.GetShortDescription(1, 'CurrentWeather'));",2017-03-21
19:00,9°C,6°C,310°22 Km/h,,27%,-9°C,1017.0mb,,"document.write(Icons.GetShortDescription(1, 'CurrentWeather'));",2017-03-21
20:00,7°C,4°C,310°19 Km/h,,31%,-9°C,1018.0mb,,"document.write(Icons.GetShortDescription(1, 'CurrentWeather'));",2017-03-21
21:00,7°C,5°C,320°13 Km/h,,31%,-9°C,1019.0mb,,"document.write(Icons.GetShortDescription(1, 'CurrentWeather'));",2017-03-21
22:00,6°C,4°C,290°7 Km/h,,34%,-9°C,1020.0mb,,"document.write(Icons.GetShortDescription(1, 'CurrentWeather'));",2017-03-21
23:00,5°C,4°C,350°6 Km/h,,36%,-9°C,1020.0mb,,"document.write(Icons.GetShortDescription(1, 'CurrentWeather'));",2017-03-21
