Time,Temperature,Relative Temperature,Wind,Wind Gust,Rel. humidity,Dew Point,Pressure,Icon,DescriptionDetails,date
00:00,18°C,18°C,190°4 Km/h,,78%,14°C,1013.0mb,,"document.write(Icons.GetShortDescription(1, 'CurrentWeather'));",2017-08-31
01:00,17°C,17°C,40°4 Km/h,,77%,13°C,1013.0mb,,"document.write(Icons.GetShortDescription(1, 'CurrentWeather'));",2017-08-31
02:00,18°C,18°C,Calm,,78%,14°C,1013.0mb,,"document.write(Icons.GetShortDescription(1, 'CurrentWeather'));",2017-08-31
03:00,16°C,16°C,340°2 Km/h,,83%,13°C,1013.0mb,,"document.write(Icons.GetShortDescription(1, 'CurrentWeather'));",2017-08-31
04:00,16°C,16°C,320°2 Km/h,,83%,13°C,1013.0mb,,"document.write(Icons.GetShortDescription(1, 'CurrentWeather'));  Haze",2017-08-31
05:00,16°C,16°C,360°6 Km/h,,88%,14°C,1013.0mb,,"document.write(Icons.GetShortDescription(1, 'CurrentWeather'));  Haze",2017-08-31
05:50,16°C,16°C,300°4 Km/h,,88%,14°C,1013.0mb,,"document.write(Icons.GetShortDescription(1, 'CurrentWeather'));  Partial Fog",2017-08-31
06:00,15°C,15°C,300°2 Km/h,,88%,13°C,1013.0mb,,"document.write(Icons.GetShortDescription(3, 'CurrentWeather'));  Broken Clouds at 60m Partial Fog",2017-08-31
06:57,17°C,17°C,310°7 Km/h,,88%,15°C,1013.0mb,,"document.write(Icons.GetShortDescription(1, 'CurrentWeather'));  Haze",2017-08-31
07:00,17°C,17°C,310°6 Km/h,,88%,15°C,1013.0mb,,"document.write(Icons.GetShortDescription(1, 'CurrentWeather'));  Haze",2017-08-31
08:00,20°C,20°C,360°2 Km/h,,83%,17°C,1013.0mb,,"document.write(Icons.GetShortDescription(1, 'CurrentWeather'));",2017-08-31
09:00,21°C,21°C,330°6 Km/h,,83%,18°C,1013.0mb,,"document.write(Icons.GetShortDescription(2, 'CurrentWeather'));  Few Clouds at 910m",2017-08-31
10:00,22°C,22°C,330°9 Km/h,,78%,18°C,1014.0mb,,"document.write(Icons.GetShortDescription(2, 'CurrentWeather'));  Few Clouds at 910m, Scattered Clouds at 3700m",2017-08-31
11:00,24°C,24°C,340°13 Km/h,,69%,18°C,1013.0mb,,"document.write(Icons.GetShortDescription(2, 'CurrentWeather'));  Scattered Clouds at 1100m",2017-08-31
12:00,24°C,24°C,330°9 Km/h,,65%,17°C,1012.0mb,,"document.write(Icons.GetShortDescription(2, 'CurrentWeather'));  Few Clouds at 1100m",2017-08-31
13:00,25°C,25°C,300°11 Km/h,,57%,16°C,1012.0mb,,"document.write(Icons.GetShortDescription(2, 'CurrentWeather'));  Few Clouds at 1100m",2017-08-31
14:00,26°C,26°C,350°11 Km/h,,51%,15°C,1011.0mb,,"document.write(Icons.GetShortDescription(2, 'CurrentWeather'));  Few Clouds at 1100m",2017-08-31
15:00,26°C,26°C,330°17 Km/h,,51%,15°C,1011.0mb,,"document.write(Icons.GetShortDescription(2, 'CurrentWeather'));  Few Clouds at 1100m",2017-08-31
16:00,26°C,26°C,320°19 Km/h,,48%,14°C,1010.0mb,,"document.write(Icons.GetShortDescription(2, 'CurrentWeather'));  Few Clouds at 1100m",2017-08-31
17:00,27°C,27°C,350°13 Km/h,,39%,12°C,1010.0mb,,"document.write(Icons.GetShortDescription(1, 'CurrentWeather'));",2017-08-31
18:00,26°C,26°C,350°9 Km/h,,42%,12°C,1011.0mb,,"document.write(Icons.GetShortDescription(1, 'CurrentWeather'));",2017-08-31
19:00,23°C,23°C,340°7 Km/h,,50%,12°C,1011.0mb,,"document.write(Icons.GetShortDescription(1, 'CurrentWeather'));",2017-08-31
20:00,21°C,21°C,310°9 Km/h,,60%,13°C,1011.0mb,,"document.write(Icons.GetShortDescription(1, 'CurrentWeather'));",2017-08-31
21:00,20°C,20°C,340°9 Km/h,,69%,14°C,1012.0mb,,"document.write(Icons.GetShortDescription(1, 'CurrentWeather'));",2017-08-31
22:00,19°C,19°C,330°11 Km/h,,68%,13°C,1012.0mb,,"document.write(Icons.GetShortDescription(1, 'CurrentWeather'));",2017-08-31
23:00,18°C,18°C,320°7 Km/h,,73%,13°C,1012.0mb,,"document.write(Icons.GetShortDescription(1, 'CurrentWeather'));",2017-08-31
