Time,Temperature,Relative Temperature,Wind,Wind Gust,Rel. humidity,Dew Point,Pressure,Icon,DescriptionDetails,date
00:00,-8°C,-14°C,320°13 Km/h,,38%,-20°C,1028.0mb,,"document.write(Icons.GetShortDescription(1, 'CurrentWeather'));",2017-01-11
01:00,-7°C,-13°C,310°15 Km/h,,35%,-20°C,1028.0mb,,"document.write(Icons.GetShortDescription(1, 'CurrentWeather'));",2017-01-11
02:00,-8°C,-13°C,310°11 Km/h,,38%,-20°C,1028.0mb,,"document.write(Icons.GetShortDescription(1, 'CurrentWeather'));",2017-01-11
03:00,-7°C,-7°C,250°4 Km/h,,38%,-19°C,1028.0mb,,"document.write(Icons.GetShortDescription(1, 'CurrentWeather'));",2017-01-11
04:00,-8°C,-11°C,320°6 Km/h,,41%,-19°C,1028.0mb,,"document.write(Icons.GetShortDescription(1, 'CurrentWeather'));",2017-01-11
05:00,-9°C,-9°C,Calm,,45%,-19°C,1028.0mb,,"document.write(Icons.GetShortDescription(1, 'CurrentWeather'));",2017-01-11
06:00,-8°C,-12°C,290°7 Km/h,,38%,-20°C,1028.0mb,,"document.write(Icons.GetShortDescription(1, 'CurrentWeather'));",2017-01-11
07:00,-8°C,-8°C,Calm,,38%,-20°C,1028.0mb,,"document.write(Icons.GetShortDescription(1, 'CurrentWeather'));",2017-01-11
08:00,-8°C,-8°C,40°2 Km/h,,38%,-20°C,1028.0mb,,"document.write(Icons.GetShortDescription(1, 'CurrentWeather'));",2017-01-11
09:00,-5°C,-5°C,160°2 Km/h,,42%,-16°C,1028.0mb,,"document.write(Icons.GetShortDescription(2, 'CurrentWeather'));  Few Clouds at 1200m, Scattered Clouds at 3700m",2017-01-11
10:00,-3°C,-3°C,190°2 Km/h,,20%,-23°C,1028.0mb,,"document.write(Icons.GetShortDescription(2, 'CurrentWeather'));  Few Clouds at 1200m, Scattered Clouds at 5500m",2017-01-11
11:00,-2°C,-2°C,180°4 Km/h,,24%,-20°C,1027.0mb,,"document.write(Icons.GetShortDescription(2, 'CurrentWeather'));  Few Clouds at 1200m",2017-01-11
12:00,-1°C,-3°C,230°6 Km/h,,26%,-18°C,1026.0mb,,"document.write(Icons.GetShortDescription(2, 'CurrentWeather'));  Few Clouds at 910m, Scattered Clouds at 2400m",2017-01-11
13:00,0°C,-3°C,200°7 Km/h,,29%,-16°C,1024.0mb,,"document.write(Icons.GetShortDescription(3, 'CurrentWeather'));  Scattered Clouds at 910m, Broken Clouds at 2700m",2017-01-11
14:00,1°C,-4°C,300°19 Km/h,,38%,-12°C,1024.0mb,,"document.write(Icons.GetShortDescription(2, 'CurrentWeather'));  Few Clouds at 1100m",2017-01-11
15:00,2°C,-3°C,280°19 Km/h,,38%,-11°C,1024.0mb,,"document.write(Icons.GetShortDescription(2, 'CurrentWeather'));  Scattered Clouds at 1100m",2017-01-11
16:00,1°C,-3°C,330°15 Km/h,,27%,-16°C,1024.0mb,,"document.write(Icons.GetShortDescription(2, 'CurrentWeather'));  Few Clouds at 1100m",2017-01-11
17:00,0°C,-3°C,330°7 Km/h,,29%,-16°C,1024.0mb,,"document.write(Icons.GetShortDescription(1, 'CurrentWeather'));",2017-01-11
18:00,-1°C,-4°C,260°7 Km/h,,34%,-15°C,1024.0mb,,"document.write(Icons.GetShortDescription(1, 'CurrentWeather'));",2017-01-11
19:00,-1°C,-4°C,280°7 Km/h,,40%,-13°C,1023.0mb,,"document.write(Icons.GetShortDescription(1, 'CurrentWeather'));",2017-01-11
20:00,-2°C,-5°C,280°7 Km/h,,40%,-14°C,1023.0mb,,"document.write(Icons.GetShortDescription(1, 'CurrentWeather'));",2017-01-11
21:00,-3°C,-3°C,10°2 Km/h,,50%,-12°C,1023.0mb,,"document.write(Icons.GetShortDescription(2, 'CurrentWeather'));  Scattered Clouds at 910m",2017-01-11
22:00,-2°C,-5°C,160°7 Km/h,,47%,-12°C,1023.0mb,,"document.write(Icons.GetShortDescription(3, 'CurrentWeather'));  Broken Clouds at 1200m",2017-01-11
23:00,-1°C,-1°C,190°4 Km/h,,47%,-11°C,1022.0mb,,"document.write(Icons.GetShortDescription(3, 'CurrentWeather'));  Broken Clouds at 1200m",2017-01-11
