Time,Temperature,Relative Temperature,Wind,Wind Gust,Rel. humidity,Dew Point,Pressure,Icon,DescriptionDetails,date
00:00,26°C,27°C,110°15 Km/h,,70%,20°C,998.0mb,,"document.write(Icons.GetShortDescription(4, 'CurrentWeather'));  Scattered Clouds at 1100m, Cloudy at 3400m",2017-08-10
01:00,26°C,27°C,110°17 Km/h,,70%,20°C,998.0mb,,"document.write(Icons.GetShortDescription(4, 'CurrentWeather'));  Broken Clouds at 1100m, Cloudy at 3400m",2017-08-10
02:00,25°C,26°C,120°11 Km/h,,79%,21°C,999.0mb,,"document.write(Icons.GetShortDescription(4, 'CurrentWeather'));  Scattered Clouds at 1100m, Cloudy at 3400m",2017-08-10
03:00,25°C,26°C,120°6 Km/h,,79%,21°C,999.0mb,,"document.write(Icons.GetShortDescription(7, 'CurrentWeather'));  Few Clouds at 300m, Broken Clouds at 910m, Cloudy at 3400m Light Rain",2017-08-10
04:00,25°C,26°C,150°6 Km/h,,79%,21°C,999.0mb,,"document.write(Icons.GetShortDescription(7, 'CurrentWeather'));  Few Clouds at 300m, Broken Clouds at 910m, Cloudy at 3400m Light Rain",2017-08-10
05:00,25°C,26°C,30°2 Km/h,,79%,21°C,999.0mb,,"document.write(Icons.GetShortDescription(4, 'CurrentWeather'));  Broken Clouds at 910m, Cloudy at 3400m",2017-08-10
06:00,25°C,26°C,120°7 Km/h,,79%,21°C,999.0mb,,"document.write(Icons.GetShortDescription(3, 'CurrentWeather'));  Few Clouds at 460m, Broken Clouds at 910m, Broken Clouds at 3400m",2017-08-10
07:00,24°C,25°C,20°2 Km/h,,83%,21°C,1000.0mb,,"document.write(Icons.GetShortDescription(7, 'CurrentWeather'));  Few Clouds at 300m, Broken Clouds at 760m, Cloudy at 3400m Light Drizzle, Haze",2017-08-10
07:44,24°C,25°C,320°4 Km/h,,83%,21°C,1000.0mb,,"document.write(Icons.GetShortDescription(7, 'CurrentWeather'));  Scattered Clouds at 300m, Broken Clouds at 610m, Cloudy at 2400m Light Rain, Haze",2017-08-10
08:00,24°C,25°C,20°7 Km/h,,83%,21°C,1000.0mb,,"document.write(Icons.GetShortDescription(7, 'CurrentWeather'));  Scattered Clouds at 150m, Broken Clouds at 610m, Cloudy at 2400m Light Rain, Haze",2017-08-10
09:00,25°C,26°C,20°7 Km/h,,83%,22°C,1000.0mb,,"document.write(Icons.GetShortDescription(4, 'CurrentWeather'));  Scattered Clouds at 150m, Broken Clouds at 610m, Cloudy at 2400m Haze",2017-08-10
10:00,26°C,28°C,80°7 Km/h,,84%,23°C,1000.0mb,,"document.write(Icons.GetShortDescription(4, 'CurrentWeather'));  Broken Clouds at 610m, Cloudy at 3000m",2017-08-10
11:00,26°C,28°C,90°9 Km/h,,79%,22°C,1001.0mb,,"document.write(Icons.GetShortDescription(4, 'CurrentWeather'));  Broken Clouds at 610m, Cloudy at 3700m",2017-08-10
12:00,26°C,28°C,110°9 Km/h,,79%,22°C,1001.0mb,,"document.write(Icons.GetShortDescription(4, 'CurrentWeather'));  Broken Clouds at 610m, Cloudy at 3700m",2017-08-10
13:00,26°C,27°C,70°11 Km/h,,74%,21°C,1001.0mb,,"document.write(Icons.GetShortDescription(4, 'CurrentWeather'));  Broken Clouds at 610m, Cloudy at 3700m",2017-08-10
14:00,26°C,27°C,40°7 Km/h,,74%,21°C,1001.0mb,,"document.write(Icons.GetShortDescription(4, 'CurrentWeather'));  Few Clouds at 300m, Broken Clouds at 610m, Cloudy at 2700m",2017-08-10
15:00,25°C,26°C,20°2 Km/h,,83%,22°C,1001.0mb,,"document.write(Icons.GetShortDescription(7, 'CurrentWeather'));  Few Clouds at 240m, Broken Clouds at 610m, Cloudy at 2400m Light Rain",2017-08-10
16:00,26°C,28°C,80°7 Km/h,,84%,23°C,1000.0mb,,"document.write(Icons.GetShortDescription(4, 'CurrentWeather'));  Few Clouds at 300m, Broken Clouds at 610m, Cloudy at 3000m",2017-08-10
17:00,26°C,28°C,60°7 Km/h,,79%,22°C,1001.0mb,,"document.write(Icons.GetShortDescription(4, 'CurrentWeather'));  Few Clouds at 300m, Broken Clouds at 610m, Cloudy at 3000m",2017-08-10
18:00,26°C,28°C,130°11 Km/h,,79%,22°C,1001.0mb,,"document.write(Icons.GetShortDescription(4, 'CurrentWeather'));  Few Clouds at 300m, Broken Clouds at 610m, Cloudy at 3000m",2017-08-10
19:00,25°C,26°C,80°6 Km/h,,83%,22°C,1001.0mb,,"document.write(Icons.GetShortDescription(7, 'CurrentWeather'));  Few Clouds at 300m, Broken Clouds at 610m, Cloudy at 2400m Light Rain",2017-08-10
20:00,25°C,26°C,70°6 Km/h,,83%,22°C,1002.0mb,,"document.write(Icons.GetShortDescription(4, 'CurrentWeather'));  Few Clouds at 300m, Broken Clouds at 610m, Cloudy at 2400m",2017-08-10
21:00,25°C,26°C,40°9 Km/h,,83%,22°C,1002.0mb,,"document.write(Icons.GetShortDescription(4, 'CurrentWeather'));  Few Clouds at 300m, Broken Clouds at 760m, Cloudy at 2400m",2017-08-10
22:00,25°C,26°C,70°4 Km/h,,83%,22°C,1002.0mb,,"document.write(Icons.GetShortDescription(4, 'CurrentWeather'));  Few Clouds at 300m, Broken Clouds at 760m, Cloudy at 2400m",2017-08-10
23:00,25°C,26°C,70°7 Km/h,,83%,22°C,1003.0mb,,"document.write(Icons.GetShortDescription(3, 'CurrentWeather'));  Scattered Clouds at 760m, Broken Clouds at 3400m",2017-08-10
