Time,Temperature,Relative Temperature,Wind,Wind Gust,Rel. humidity,Dew Point,Pressure,Icon,DescriptionDetails,date
00:00,14°C,14°C,350°7 Km/h,,72%,9°C,1019.0mb,,"document.write(Icons.GetShortDescription(1, 'CurrentWeather'));  Haze",2017-05-02
01:00,13°C,13°C,180°4 Km/h,,77%,9°C,1019.0mb,,"document.write(Icons.GetShortDescription(1, 'CurrentWeather'));  Haze",2017-05-02
02:00,15°C,15°C,190°7 Km/h,,68%,9°C,1019.0mb,,"document.write(Icons.GetShortDescription(1, 'CurrentWeather'));  Haze",2017-05-02
03:00,12°C,12°C,290°6 Km/h,,77%,8°C,1019.0mb,,"document.write(Icons.GetShortDescription(1, 'CurrentWeather'));  Haze",2017-05-02
04:00,12°C,12°C,130°4 Km/h,,82%,9°C,1020.0mb,,"document.write(Icons.GetShortDescription(1, 'CurrentWeather'));  Haze",2017-05-02
05:00,11°C,11°C,300°7 Km/h,,82%,8°C,1021.0mb,,"document.write(Icons.GetShortDescription(1, 'CurrentWeather'));  Haze",2017-05-02
06:00,12°C,12°C,10°6 Km/h,,82%,9°C,1022.0mb,,"document.write(Icons.GetShortDescription(1, 'CurrentWeather'));  Haze",2017-05-02
07:00,14°C,14°C,20°6 Km/h,,77%,10°C,1022.0mb,,"document.write(Icons.GetShortDescription(1, 'CurrentWeather'));  Haze",2017-05-02
08:00,16°C,16°C,10°4 Km/h,,68%,10°C,1023.0mb,,"document.write(Icons.GetShortDescription(1, 'CurrentWeather'));  Haze",2017-05-02
09:00,19°C,19°C,350°4 Km/h,,56%,10°C,1023.0mb,,"document.write(Icons.GetShortDescription(1, 'CurrentWeather'));  Haze",2017-05-02
10:00,21°C,21°C,80°4 Km/h,,40%,7°C,1023.0mb,,"document.write(Icons.GetShortDescription(1, 'CurrentWeather'));  Haze",2017-05-02
11:00,23°C,22°C,320°6 Km/h,,33%,6°C,1023.0mb,,"document.write(Icons.GetShortDescription(1, 'CurrentWeather'));",2017-05-02
12:00,24°C,23°C,260°4 Km/h,,34%,7°C,1022.0mb,,"document.write(Icons.GetShortDescription(1, 'CurrentWeather'));",2017-05-02
13:00,26°C,25°C,250°7 Km/h,,30%,7°C,1022.0mb,,"document.write(Icons.GetShortDescription(1, 'CurrentWeather'));",2017-05-02
14:00,25°C,24°C,290°17 Km/h,,32%,7°C,1021.0mb,,"document.write(Icons.GetShortDescription(1, 'CurrentWeather'));",2017-05-02
15:00,25°C,24°C,290°19 Km/h,,32%,7°C,1020.0mb,,"document.write(Icons.GetShortDescription(1, 'CurrentWeather'));",2017-05-02
16:00,24°C,23°C,280°11 Km/h,,31%,6°C,1020.0mb,,"document.write(Icons.GetShortDescription(1, 'CurrentWeather'));",2017-05-02
17:00,22°C,21°C,270°15 Km/h,,31%,4°C,1021.0mb,,"document.write(Icons.GetShortDescription(1, 'CurrentWeather'));",2017-05-02
18:00,21°C,21°C,300°15 Km/h,,33%,4°C,1020.0mb,,"document.write(Icons.GetShortDescription(1, 'CurrentWeather'));",2017-05-02
19:00,19°C,19°C,300°13 Km/h,,37%,4°C,1021.0mb,,"document.write(Icons.GetShortDescription(1, 'CurrentWeather'));",2017-05-02
20:00,18°C,18°C,310°7 Km/h,,40%,4°C,1021.0mb,,"document.write(Icons.GetShortDescription(1, 'CurrentWeather'));",2017-05-02
21:00,16°C,16°C,300°6 Km/h,,48%,5°C,1022.0mb,,"document.write(Icons.GetShortDescription(1, 'CurrentWeather'));",2017-05-02
22:00,16°C,16°C,360°4 Km/h,,52%,6°C,1022.0mb,,"document.write(Icons.GetShortDescription(1, 'CurrentWeather'));",2017-05-02
23:00,14°C,14°C,300°7 Km/h,,59%,6°C,1022.0mb,,"document.write(Icons.GetShortDescription(1, 'CurrentWeather'));",2017-05-02
