Time,Temperature,Relative Temperature,Wind,Wind Gust,Rel. humidity,Dew Point,Pressure,Icon,DescriptionDetails,date
00:00,5°C,2°C,310°15 Km/h,,53%,-4°C,1025.0mb,,"document.write(Icons.GetShortDescription(1, 'CurrentWeather'));",2017-11-04
01:00,4°C,1°C,310°11 Km/h,,56%,-4°C,1025.0mb,,"document.write(Icons.GetShortDescription(1, 'CurrentWeather'));",2017-11-04
02:00,4°C,1°C,320°13 Km/h,,56%,-4°C,1026.0mb,,"document.write(Icons.GetShortDescription(1, 'CurrentWeather'));",2017-11-04
03:00,3°C,0°C,320°9 Km/h,,56%,-5°C,1026.0mb,,"document.write(Icons.GetShortDescription(1, 'CurrentWeather'));",2017-11-04
04:00,4°C,2°C,310°9 Km/h,,56%,-4°C,1027.0mb,,"document.write(Icons.GetShortDescription(2, 'CurrentWeather'));  Scattered Clouds at 910m",2017-11-04
05:00,4°C,1°C,350°13 Km/h,,56%,-4°C,1027.0mb,,"document.write(Icons.GetShortDescription(2, 'CurrentWeather'));  Scattered Clouds at 1200m",2017-11-04
06:00,4°C,2°C,330°9 Km/h,,61%,-3°C,1028.0mb,,"document.write(Icons.GetShortDescription(2, 'CurrentWeather'));  Scattered Clouds at 1200m Haze",2017-11-04
07:00,4°C,2°C,340°9 Km/h,,61%,-3°C,1028.0mb,,"document.write(Icons.GetShortDescription(1, 'CurrentWeather'));  Haze",2017-11-04
08:00,4°C,2°C,310°9 Km/h,,61%,-3°C,1029.0mb,,"document.write(Icons.GetShortDescription(1, 'CurrentWeather'));  Haze",2017-11-04
09:00,6°C,4°C,340°11 Km/h,,57%,-2°C,1030.0mb,,"document.write(Icons.GetShortDescription(1, 'CurrentWeather'));",2017-11-04
10:00,8°C,6°C,330°9 Km/h,,50%,-2°C,1030.0mb,,"document.write(Icons.GetShortDescription(1, 'CurrentWeather'));",2017-11-04
11:00,10°C,9°C,330°9 Km/h,,47%,-1°C,1030.0mb,,"document.write(Icons.GetShortDescription(1, 'CurrentWeather'));",2017-11-04
12:00,11°C,11°C,330°11 Km/h,,44%,-1°C,1030.0mb,,"document.write(Icons.GetShortDescription(1, 'CurrentWeather'));",2017-11-04
13:00,11°C,11°C,350°11 Km/h,,41%,-2°C,1029.0mb,,"document.write(Icons.GetShortDescription(2, 'CurrentWeather'));  Few Clouds at 910m",2017-11-04
14:00,11°C,11°C,340°15 Km/h,,44%,-1°C,1029.0mb,,"document.write(Icons.GetShortDescription(2, 'CurrentWeather'));  Scattered Clouds at 910m",2017-11-04
15:00,12°C,12°C,290°13 Km/h,,38%,-2°C,1029.0mb,,"document.write(Icons.GetShortDescription(2, 'CurrentWeather'));  Scattered Clouds at 910m",2017-11-04
16:00,11°C,11°C,260°13 Km/h,,41%,-2°C,1029.0mb,,"document.write(Icons.GetShortDescription(2, 'CurrentWeather'));  Few Clouds at 910m",2017-11-04
17:00,10°C,8°C,270°15 Km/h,,47%,-1°C,1029.0mb,,"document.write(Icons.GetShortDescription(1, 'CurrentWeather'));",2017-11-04
18:00,8°C,6°C,280°9 Km/h,,50%,-2°C,1029.0mb,,"document.write(Icons.GetShortDescription(1, 'CurrentWeather'));",2017-11-04
19:00,8°C,7°C,290°7 Km/h,,43%,-4°C,1029.0mb,,"document.write(Icons.GetShortDescription(1, 'CurrentWeather'));",2017-11-04
20:00,6°C,5°C,330°6 Km/h,,53%,-3°C,1029.0mb,,"document.write(Icons.GetShortDescription(1, 'CurrentWeather'));",2017-11-04
21:00,4°C,4°C,310°2 Km/h,,56%,-4°C,1029.0mb,,"document.write(Icons.GetShortDescription(1, 'CurrentWeather'));",2017-11-04
22:00,5°C,5°C,330°4 Km/h,,53%,-4°C,1030.0mb,,"document.write(Icons.GetShortDescription(1, 'CurrentWeather'));",2017-11-04
23:00,3°C,3°C,320°4 Km/h,,56%,-5°C,1030.0mb,,"document.write(Icons.GetShortDescription(1, 'CurrentWeather'));",2017-11-04
