Time,Temperature,Relative Temperature,Wind,Wind Gust,Rel. humidity,Dew Point,Pressure,Icon,DescriptionDetails,date
00:00,23°C,24°C,10°2 Km/h,,83%,20°C,1008.0mb,,"document.write(Icons.GetShortDescription(1, 'CurrentWeather'));",2017-07-05
01:00,23°C,24°C,280°2 Km/h,,83%,20°C,1009.0mb,,"document.write(Icons.GetShortDescription(1, 'CurrentWeather'));",2017-07-05
02:00,23°C,24°C,70°2 Km/h,,83%,20°C,1009.0mb,,"document.write(Icons.GetShortDescription(2, 'CurrentWeather'));  Few Clouds at 460m Haze",2017-07-05
03:00,23°C,24°C,190°4 Km/h,,83%,20°C,1009.0mb,,"document.write(Icons.GetShortDescription(2, 'CurrentWeather'));  Few Clouds at 460m Haze",2017-07-05
04:00,23°C,24°C,10°6 Km/h,,83%,20°C,1009.0mb,,"document.write(Icons.GetShortDescription(2, 'CurrentWeather'));  Scattered Clouds at 460m Haze",2017-07-05
05:00,22°C,23°C,330°7 Km/h,,88%,20°C,1009.0mb,,"document.write(Icons.GetShortDescription(2, 'CurrentWeather'));  Scattered Clouds at 460m Haze",2017-07-05
06:00,23°C,24°C,320°2 Km/h,,83%,20°C,1010.0mb,,"document.write(Icons.GetShortDescription(2, 'CurrentWeather'));  Scattered Clouds at 460m Haze",2017-07-05
06:22,23°C,24°C,340°7 Km/h,,83%,20°C,1010.0mb,,"document.write(Icons.GetShortDescription(3, 'CurrentWeather'));  Scattered Clouds at 460m, Broken Clouds at 6100m Haze",2017-07-05
07:00,23°C,24°C,340°6 Km/h,,83%,20°C,1011.0mb,,"document.write(Icons.GetShortDescription(3, 'CurrentWeather'));  Scattered Clouds at 460m, Broken Clouds at 6100m Haze",2017-07-05
08:00,24°C,25°C,360°4 Km/h,,78%,20°C,1011.0mb,,"document.write(Icons.GetShortDescription(3, 'CurrentWeather'));  Scattered Clouds at 460m, Broken Clouds at 6100m",2017-07-05
09:00,26°C,27°C,230°4 Km/h,,70%,20°C,1011.0mb,,"document.write(Icons.GetShortDescription(3, 'CurrentWeather'));  Scattered Clouds at 460m, Broken Clouds at 6100m",2017-07-05
10:00,27°C,29°C,210°6 Km/h,,66%,20°C,1011.0mb,,"document.write(Icons.GetShortDescription(3, 'CurrentWeather'));  Few Clouds at 460m, Scattered Clouds at 760m, Broken Clouds at 6100m",2017-07-05
11:00,29°C,31°C,260°4 Km/h,,62%,21°C,1011.0mb,,"document.write(Icons.GetShortDescription(3, 'CurrentWeather'));  Scattered Clouds at 910m, Broken Clouds at 6100m",2017-07-05
12:00,31°C,34°C,220°6 Km/h,,55%,21°C,1010.0mb,,"document.write(Icons.GetShortDescription(3, 'CurrentWeather'));  Scattered Clouds at 910m, Broken Clouds at 3700m",2017-07-05
13:00,31°C,32°C,230°6 Km/h,,49%,19°C,1010.0mb,,"document.write(Icons.GetShortDescription(3, 'CurrentWeather'));  Scattered Clouds at 910m, Broken Clouds at 3700m",2017-07-05
14:00,32°C,35°C,290°9 Km/h,,52%,21°C,1009.0mb,,"document.write(Icons.GetShortDescription(2, 'CurrentWeather'));  Scattered Clouds at 910m",2017-07-05
15:00,32°C,33°C,320°11 Km/h,,46%,19°C,1009.0mb,,"document.write(Icons.GetShortDescription(2, 'CurrentWeather'));  Scattered Clouds at 910m",2017-07-05
16:00,32°C,35°C,280°13 Km/h,,52%,21°C,1009.0mb,,"document.write(Icons.GetShortDescription(2, 'CurrentWeather'));  Scattered Clouds at 910m",2017-07-05
17:00,31°C,33°C,300°17 Km/h,,52%,20°C,1008.0mb,,"document.write(Icons.GetShortDescription(2, 'CurrentWeather'));  Few Clouds at 910m",2017-07-05
18:00,30°C,32°C,270°13 Km/h,,55%,20°C,1009.0mb,,"document.write(Icons.GetShortDescription(2, 'CurrentWeather'));  Few Clouds at 910m",2017-07-05
19:00,29°C,31°C,290°11 Km/h,,58%,20°C,1009.0mb,,"document.write(Icons.GetShortDescription(2, 'CurrentWeather'));  Few Clouds at 910m",2017-07-05
20:00,27°C,29°C,330°7 Km/h,,66%,20°C,1010.0mb,,"document.write(Icons.GetShortDescription(2, 'CurrentWeather'));  Few Clouds at 910m",2017-07-05
21:00,26°C,27°C,340°6 Km/h,,70%,20°C,1010.0mb,,"document.write(Icons.GetShortDescription(2, 'CurrentWeather'));  Few Clouds at 910m",2017-07-05
22:00,26°C,27°C,290°7 Km/h,,74%,21°C,1010.0mb,,"document.write(Icons.GetShortDescription(2, 'CurrentWeather'));  Few Clouds at 910m",2017-07-05
23:00,24°C,25°C,10°6 Km/h,,78%,20°C,1011.0mb,,"document.write(Icons.GetShortDescription(1, 'CurrentWeather'));  Haze",2017-07-05
