Time,Temperature,Relative Temperature,Wind,Wind Gust,Rel. humidity,Dew Point,Pressure,Icon,DescriptionDetails,date
00:00,13°C,13°C,20°4 Km/h,,67%,7°C,1015.0mb,,"document.write(Icons.GetShortDescription(1, 'CurrentWeather'));",2017-04-16
01:00,11°C,11°C,120°2 Km/h,,72%,6°C,1015.0mb,,"document.write(Icons.GetShortDescription(1, 'CurrentWeather'));",2017-04-16
02:00,10°C,9°C,140°7 Km/h,,82%,7°C,1015.0mb,,"document.write(Icons.GetShortDescription(1, 'CurrentWeather'));  Haze",2017-04-16
03:00,11°C,11°C,190°6 Km/h,,77%,7°C,1015.0mb,,"document.write(Icons.GetShortDescription(1, 'CurrentWeather'));  Haze",2017-04-16
04:00,11°C,11°C,220°4 Km/h,,82%,8°C,1015.0mb,,"document.write(Icons.GetShortDescription(1, 'CurrentWeather'));  Haze",2017-04-16
05:00,10°C,9°C,310°7 Km/h,,82%,7°C,1016.0mb,,"document.write(Icons.GetShortDescription(3, 'CurrentWeather'));  Few Clouds at 460m, Broken Clouds at 6100m Haze",2017-04-16
06:00,10°C,10°C,90°2 Km/h,,82%,7°C,1016.0mb,,"document.write(Icons.GetShortDescription(3, 'CurrentWeather'));  Few Clouds at 300m, Broken Clouds at 6100m Haze",2017-04-16
07:00,12°C,12°C,170°7 Km/h,,82%,9°C,1016.0mb,,"document.write(Icons.GetShortDescription(1, 'CurrentWeather'));  Haze",2017-04-16
08:00,14°C,14°C,250°6 Km/h,,77%,10°C,1016.0mb,,"document.write(Icons.GetShortDescription(1, 'CurrentWeather'));  Haze",2017-04-16
09:00,16°C,16°C,290°4 Km/h,,68%,10°C,1017.0mb,,"document.write(Icons.GetShortDescription(1, 'CurrentWeather'));  Haze",2017-04-16
10:00,18°C,18°C,80°6 Km/h,,56%,9°C,1016.0mb,,"document.write(Icons.GetShortDescription(1, 'CurrentWeather'));  Haze",2017-04-16
11:00,20°C,20°C,170°7 Km/h,,49%,9°C,1016.0mb,,"document.write(Icons.GetShortDescription(1, 'CurrentWeather'));",2017-04-16
12:00,20°C,20°C,310°15 Km/h,,53%,10°C,1016.0mb,,"document.write(Icons.GetShortDescription(1, 'CurrentWeather'));",2017-04-16
13:00,22°C,21°C,230°13 Km/h,,41%,8°C,1015.0mb,,"document.write(Icons.GetShortDescription(1, 'CurrentWeather'));",2017-04-16
14:00,22°C,21°C,240°11 Km/h,,41%,8°C,1015.0mb,,"document.write(Icons.GetShortDescription(1, 'CurrentWeather'));",2017-04-16
15:00,22°C,21°C,220°11 Km/h,,36%,6°C,1014.0mb,,"document.write(Icons.GetShortDescription(1, 'CurrentWeather'));",2017-04-16
16:00,23°C,22°C,210°7 Km/h,,31%,5°C,1014.0mb,,"document.write(Icons.GetShortDescription(1, 'CurrentWeather'));",2017-04-16
17:00,23°C,22°C,200°6 Km/h,,29%,4°C,1013.0mb,,"document.write(Icons.GetShortDescription(1, 'CurrentWeather'));",2017-04-16
18:00,22°C,21°C,170°2 Km/h,,31%,4°C,1013.0mb,,"document.write(Icons.GetShortDescription(1, 'CurrentWeather'));",2017-04-16
19:00,21°C,21°C,320°4 Km/h,,35%,5°C,1012.0mb,,"document.write(Icons.GetShortDescription(1, 'CurrentWeather'));",2017-04-16
20:00,19°C,19°C,310°7 Km/h,,43%,6°C,1012.0mb,,"document.write(Icons.GetShortDescription(1, 'CurrentWeather'));",2017-04-16
21:00,18°C,18°C,310°4 Km/h,,49%,7°C,1012.0mb,,"document.write(Icons.GetShortDescription(1, 'CurrentWeather'));",2017-04-16
22:00,16°C,16°C,Calm,,59%,8°C,1012.0mb,,"document.write(Icons.GetShortDescription(1, 'CurrentWeather'));",2017-04-16
23:00,15°C,15°C,310°2 Km/h,,68%,9°C,1011.0mb,,"document.write(Icons.GetShortDescription(1, 'CurrentWeather'));",2017-04-16
