Time,Temperature,Relative Temperature,Wind,Wind Gust,Rel. humidity,Dew Point,Pressure,Icon,DescriptionDetails,date
00:00,5°C,4°C,320°6 Km/h,,49%,-5°C,1021.0mb,,"document.write(Icons.GetShortDescription(1, 'CurrentWeather'));",2017-03-23
01:00,5°C,4°C,330°6 Km/h,,53%,-4°C,1021.0mb,,"document.write(Icons.GetShortDescription(1, 'CurrentWeather'));",2017-03-23
02:00,5°C,3°C,350°7 Km/h,,53%,-4°C,1021.0mb,,"document.write(Icons.GetShortDescription(1, 'CurrentWeather'));",2017-03-23
03:00,4°C,4°C,310°4 Km/h,,61%,-3°C,1021.0mb,,"document.write(Icons.GetShortDescription(1, 'CurrentWeather'));",2017-03-23
04:00,4°C,4°C,330°2 Km/h,,65%,-2°C,1021.0mb,,"document.write(Icons.GetShortDescription(1, 'CurrentWeather'));",2017-03-23
05:00,3°C,1°C,340°7 Km/h,,65%,-3°C,1021.0mb,,"document.write(Icons.GetShortDescription(1, 'CurrentWeather'));",2017-03-23
06:00,3°C,3°C,350°4 Km/h,,65%,-3°C,1021.0mb,,"document.write(Icons.GetShortDescription(1, 'CurrentWeather'));",2017-03-23
07:00,3°C,3°C,Calm,,65%,-3°C,1021.0mb,,"document.write(Icons.GetShortDescription(1, 'CurrentWeather'));",2017-03-23
08:00,5°C,3°C,330°7 Km/h,,66%,-1°C,1022.0mb,,"document.write(Icons.GetShortDescription(1, 'CurrentWeather'));",2017-03-23
09:00,7°C,6°C,340°6 Km/h,,53%,-2°C,1022.0mb,,"document.write(Icons.GetShortDescription(1, 'CurrentWeather'));",2017-03-23
10:00,9°C,9°C,330°4 Km/h,,37%,-5°C,1021.0mb,,"document.write(Icons.GetShortDescription(1, 'CurrentWeather'));",2017-03-23
11:00,11°C,11°C,350°9 Km/h,,30%,-6°C,1021.0mb,,"document.write(Icons.GetShortDescription(1, 'CurrentWeather'));",2017-03-23
12:00,12°C,12°C,340°7 Km/h,,26%,-7°C,1021.0mb,,"document.write(Icons.GetShortDescription(1, 'CurrentWeather'));",2017-03-23
13:00,13°C,13°C,330°17 Km/h,,19%,-10°C,1020.0mb,,"document.write(Icons.GetShortDescription(1, 'CurrentWeather'));",2017-03-23
14:00,13°C,13°C,310°13 Km/h,,24%,-7°C,1019.0mb,,"document.write(Icons.GetShortDescription(1, 'CurrentWeather'));",2017-03-23
15:00,13°C,13°C,290°13 Km/h,,23%,-8°C,1019.0mb,,"document.write(Icons.GetShortDescription(1, 'CurrentWeather'));",2017-03-23
16:00,13°C,13°C,250°19 Km/h,,28%,-5°C,1018.0mb,,"document.write(Icons.GetShortDescription(1, 'CurrentWeather'));",2017-03-23
17:00,12°C,12°C,290°20 Km/h,,28%,-6°C,1018.0mb,,"document.write(Icons.GetShortDescription(1, 'CurrentWeather'));",2017-03-23
18:00,11°C,11°C,270°15 Km/h,,30%,-6°C,1018.0mb,,"document.write(Icons.GetShortDescription(1, 'CurrentWeather'));",2017-03-23
19:00,8°C,8°C,260°4 Km/h,,40%,-5°C,1019.0mb,,"document.write(Icons.GetShortDescription(1, 'CurrentWeather'));",2017-03-23
20:00,9°C,7°C,290°13 Km/h,,34%,-6°C,1020.0mb,,"document.write(Icons.GetShortDescription(1, 'CurrentWeather'));",2017-03-23
21:00,7°C,5°C,300°11 Km/h,,39%,-6°C,1021.0mb,,"document.write(Icons.GetShortDescription(1, 'CurrentWeather'));",2017-03-23
22:00,6°C,4°C,360°7 Km/h,,36%,-8°C,1021.0mb,,"document.write(Icons.GetShortDescription(1, 'CurrentWeather'));",2017-03-23
23:00,6°C,4°C,320°7 Km/h,,39%,-7°C,1021.0mb,,"document.write(Icons.GetShortDescription(1, 'CurrentWeather'));",2017-03-23
