Time,Temperature,Relative Temperature,Wind,Wind Gust,Rel. humidity,Dew Point,Pressure,Icon,DescriptionDetails,date
00:00,8°C,8°C,230°2 Km/h,,57%,0°C,1019.0mb,,"document.write(Icons.GetShortDescription(1, 'CurrentWeather'));",2017-04-24
01:00,6°C,6°C,180°2 Km/h,,49%,-4°C,1019.0mb,,"document.write(Icons.GetShortDescription(1, 'CurrentWeather'));",2017-04-24
02:00,7°C,5°C,160°9 Km/h,,53%,-2°C,1019.0mb,,"document.write(Icons.GetShortDescription(1, 'CurrentWeather'));",2017-04-24
03:00,9°C,8°C,150°6 Km/h,,43%,-3°C,1019.0mb,,"document.write(Icons.GetShortDescription(1, 'CurrentWeather'));",2017-04-24
04:00,6°C,6°C,240°2 Km/h,,57%,-2°C,1019.0mb,,"document.write(Icons.GetShortDescription(1, 'CurrentWeather'));",2017-04-24
05:00,8°C,7°C,160°6 Km/h,,46%,-3°C,1019.0mb,,"document.write(Icons.GetShortDescription(1, 'CurrentWeather'));",2017-04-24
06:00,7°C,6°C,170°7 Km/h,,53%,-2°C,1019.0mb,,"document.write(Icons.GetShortDescription(1, 'CurrentWeather'));",2017-04-24
07:00,11°C,11°C,190°4 Km/h,,47%,0°C,1020.0mb,,"document.write(Icons.GetShortDescription(1, 'CurrentWeather'));",2017-04-24
08:00,14°C,14°C,170°7 Km/h,,36%,-1°C,1020.0mb,,"document.write(Icons.GetShortDescription(1, 'CurrentWeather'));",2017-04-24
09:00,17°C,17°C,180°15 Km/h,,27%,-2°C,1020.0mb,,"document.write(Icons.GetShortDescription(1, 'CurrentWeather'));",2017-04-24
10:00,18°C,18°C,210°20 Km/h,,26%,-2°C,1020.0mb,,"document.write(Icons.GetShortDescription(1, 'CurrentWeather'));",2017-04-24
11:00,20°C,20°C,210°24 Km/h,,23%,-2°C,1019.0mb,,"document.write(Icons.GetShortDescription(1, 'CurrentWeather'));",2017-04-24
12:00,20°C,20°C,230°30 Km/h,,21%,-3°C,1019.0mb,,"document.write(Icons.GetShortDescription(1, 'CurrentWeather'));",2017-04-24
13:00,19°C,19°C,220°26 Km/h,,24%,-2°C,1019.0mb,,"document.write(Icons.GetShortDescription(1, 'CurrentWeather'));",2017-04-24
14:00,19°C,19°C,250°28 Km/h,,24%,-2°C,1019.0mb,,"document.write(Icons.GetShortDescription(1, 'CurrentWeather'));",2017-04-24
15:00,20°C,20°C,250°24 Km/h,,24%,-1°C,1018.0mb,,"document.write(Icons.GetShortDescription(1, 'CurrentWeather'));",2017-04-24
16:00,19°C,19°C,230°28 Km/h,,24%,-2°C,1017.0mb,,"document.write(Icons.GetShortDescription(1, 'CurrentWeather'));",2017-04-24
17:00,18°C,18°C,250°22 Km/h,,26%,-2°C,1017.0mb,,"document.write(Icons.GetShortDescription(1, 'CurrentWeather'));",2017-04-24
18:00,17°C,17°C,260°19 Km/h,,25%,-3°C,1018.0mb,,"document.write(Icons.GetShortDescription(1, 'CurrentWeather'));",2017-04-24
19:00,16°C,16°C,270°19 Km/h,,39%,2°C,1018.0mb,,"document.write(Icons.GetShortDescription(1, 'CurrentWeather'));",2017-04-24
20:00,15°C,15°C,300°9 Km/h,,45%,3°C,1018.0mb,,"document.write(Icons.GetShortDescription(1, 'CurrentWeather'));",2017-04-24
21:00,13°C,13°C,340°6 Km/h,,55%,4°C,1019.0mb,,"document.write(Icons.GetShortDescription(1, 'CurrentWeather'));",2017-04-24
22:00,11°C,11°C,150°15 Km/h,,58%,3°C,1017.0mb,,"document.write(Icons.GetShortDescription(1, 'CurrentWeather'));",2017-04-24
23:00,14°C,14°C,260°7 Km/h,,51%,4°C,1018.0mb,,"document.write(Icons.GetShortDescription(3, 'CurrentWeather'));  Few Clouds at 910m, Scattered Clouds at 2700m, Broken Clouds at 5500m",2017-04-24
