Time,Temperature,Relative Temperature,Wind,Wind Gust,Rel. humidity,Dew Point,Pressure,Icon,DescriptionDetails,date
00:00,18°C,18°C,340°15 Km/h,,83%,15°C,1012.0mb,,"document.write(Icons.GetShortDescription(3, 'CurrentWeather'));  Few Clouds at 300m, Broken Clouds at 4300m",2017-08-29
01:00,18°C,18°C,340°9 Km/h,,88%,16°C,1012.0mb,,"document.write(Icons.GetShortDescription(3, 'CurrentWeather'));  Few Clouds at 300m, Broken Clouds at 4300m",2017-08-29
02:00,18°C,18°C,330°9 Km/h,,83%,15°C,1012.0mb,,"document.write(Icons.GetShortDescription(3, 'CurrentWeather'));  Few Clouds at 300m, Broken Clouds at 4900m",2017-08-29
03:00,18°C,18°C,330°9 Km/h,,83%,15°C,1012.0mb,,"document.write(Icons.GetShortDescription(3, 'CurrentWeather'));  Few Clouds at 300m, Broken Clouds at 4900m",2017-08-29
04:00,18°C,18°C,340°7 Km/h,,83%,15°C,1013.0mb,,"document.write(Icons.GetShortDescription(3, 'CurrentWeather'));  Few Clouds at 460m, Broken Clouds at 4900m",2017-08-29
05:00,18°C,18°C,340°9 Km/h,,83%,15°C,1014.0mb,,"document.write(Icons.GetShortDescription(1, 'CurrentWeather'));",2017-08-29
06:00,17°C,17°C,340°9 Km/h,,77%,13°C,1014.0mb,,"document.write(Icons.GetShortDescription(1, 'CurrentWeather'));",2017-08-29
07:00,17°C,17°C,330°17 Km/h,,73%,12°C,1015.0mb,,"document.write(Icons.GetShortDescription(1, 'CurrentWeather'));",2017-08-29
08:00,17°C,17°C,340°19 Km/h,,68%,11°C,1016.0mb,,"document.write(Icons.GetShortDescription(1, 'CurrentWeather'));",2017-08-29
09:00,18°C,18°C,340°22 Km/h,,60%,10°C,1016.0mb,,"document.write(Icons.GetShortDescription(1, 'CurrentWeather'));",2017-08-29
10:00,18°C,18°C,340°20 Km/h,,56%,9°C,1016.0mb,,"document.write(Icons.GetShortDescription(1, 'CurrentWeather'));",2017-08-29
11:00,19°C,19°C,330°19 Km/h,,52%,9°C,1016.0mb,,"document.write(Icons.GetShortDescription(1, 'CurrentWeather'));",2017-08-29
12:00,20°C,20°C,330°17 Km/h,,49%,9°C,1016.0mb,,"document.write(Icons.GetShortDescription(1, 'CurrentWeather'));",2017-08-29
13:00,21°C,21°C,320°17 Km/h,,46%,9°C,1015.0mb,,"document.write(Icons.GetShortDescription(1, 'CurrentWeather'));",2017-08-29
14:00,22°C,21°C,330°19 Km/h,,41%,8°C,1015.0mb,,"document.write(Icons.GetShortDescription(1, 'CurrentWeather'));",2017-08-29
15:00,22°C,21°C,320°20 Km/h,,41%,8°C,1014.0mb,,"document.write(Icons.GetShortDescription(1, 'CurrentWeather'));",2017-08-29
16:00,22°C,21°C,320°17 Km/h,,36%,6°C,1014.0mb,,"document.write(Icons.GetShortDescription(1, 'CurrentWeather'));",2017-08-29
17:00,22°C,21°C,330°20 Km/h,,33%,5°C,1014.0mb,,"document.write(Icons.GetShortDescription(1, 'CurrentWeather'));",2017-08-29
18:00,21°C,21°C,340°19 Km/h,,35%,5°C,1014.0mb,,"document.write(Icons.GetShortDescription(1, 'CurrentWeather'));",2017-08-29
19:00,19°C,19°C,340°19 Km/h,,40%,5°C,1014.0mb,,"document.write(Icons.GetShortDescription(1, 'CurrentWeather'));",2017-08-29
20:00,18°C,18°C,330°17 Km/h,,46%,6°C,1015.0mb,,"document.write(Icons.GetShortDescription(1, 'CurrentWeather'));",2017-08-29
21:00,17°C,17°C,340°15 Km/h,,45%,5°C,1015.0mb,,"document.write(Icons.GetShortDescription(1, 'CurrentWeather'));",2017-08-29
22:00,16°C,16°C,350°11 Km/h,,52%,6°C,1016.0mb,,"document.write(Icons.GetShortDescription(1, 'CurrentWeather'));",2017-08-29
23:00,15°C,15°C,330°7 Km/h,,55%,6°C,1016.0mb,,"document.write(Icons.GetShortDescription(1, 'CurrentWeather'));",2017-08-29
