Time,Temperature,Relative Temperature,Wind,Wind Gust,Rel. humidity,Dew Point,Pressure,Icon,DescriptionDetails,date
00:00,22°C,22°C,110°9 Km/h,,83%,19°C,1009.0mb,,"document.write(Icons.GetShortDescription(3, 'CurrentWeather'));  Scattered Clouds at 760m, Broken Clouds at 3700m",2017-06-27
01:00,22°C,22°C,130°11 Km/h,,73%,17°C,1009.0mb,,"document.write(Icons.GetShortDescription(3, 'CurrentWeather'));  Scattered Clouds at 910m, Broken Clouds at 4000m",2017-06-27
02:00,21°C,21°C,270°2 Km/h,,83%,18°C,1009.0mb,,"document.write(Icons.GetShortDescription(3, 'CurrentWeather'));  Few Clouds at 910m, Broken Clouds at 4000m",2017-06-27
03:00,21°C,21°C,110°7 Km/h,,78%,17°C,1009.0mb,,"document.write(Icons.GetShortDescription(2, 'CurrentWeather'));  Few Clouds at 910m, Scattered Clouds at 4000m",2017-06-27
04:00,21°C,21°C,110°7 Km/h,,73%,16°C,1009.0mb,,"document.write(Icons.GetShortDescription(2, 'CurrentWeather'));  Few Clouds at 910m, Scattered Clouds at 4000m",2017-06-27
05:00,21°C,21°C,260°2 Km/h,,78%,17°C,1010.0mb,,"document.write(Icons.GetShortDescription(2, 'CurrentWeather'));  Scattered Clouds at 910m",2017-06-27
06:00,22°C,22°C,Calm,,73%,17°C,1010.0mb,,"document.write(Icons.GetShortDescription(3, 'CurrentWeather'));  Broken Clouds at 910m",2017-06-27
07:00,23°C,23°C,110°11 Km/h,,69%,17°C,1010.0mb,,"document.write(Icons.GetShortDescription(3, 'CurrentWeather'));  Broken Clouds at 1200m",2017-06-27
08:00,25°C,25°C,120°11 Km/h,,61%,17°C,1010.0mb,,"document.write(Icons.GetShortDescription(2, 'CurrentWeather'));  Scattered Clouds at 1200m",2017-06-27
09:00,26°C,27°C,110°7 Km/h,,58%,17°C,1010.0mb,,"document.write(Icons.GetShortDescription(2, 'CurrentWeather'));  Few Clouds at 910m, Scattered Clouds at 3700m",2017-06-27
10:00,27°C,28°C,190°7 Km/h,,54%,17°C,1010.0mb,,"document.write(Icons.GetShortDescription(3, 'CurrentWeather'));  Scattered Clouds at 910m, Broken Clouds at 3700m",2017-06-27
11:00,27°C,28°C,250°6 Km/h,,54%,17°C,1009.0mb,,"document.write(Icons.GetShortDescription(3, 'CurrentWeather'));  Broken Clouds at 910m, Broken Clouds at 3700m",2017-06-27
12:00,28°C,29°C,220°6 Km/h,,51%,17°C,1009.0mb,,"document.write(Icons.GetShortDescription(3, 'CurrentWeather'));  Broken Clouds at 910m, Broken Clouds at 3700m",2017-06-27
13:00,26°C,27°C,260°11 Km/h,,58%,17°C,1009.0mb,,"document.write(Icons.GetShortDescription(7, 'CurrentWeather'));  Broken Clouds at 910m, Broken Clouds at 3700m Light Rain",2017-06-27
14:00,25°C,25°C,260°11 Km/h,,65%,18°C,1009.0mb,,"document.write(Icons.GetShortDescription(3, 'CurrentWeather'));  Broken Clouds at 910m, Broken Clouds at 3700m",2017-06-27
15:00,26°C,27°C,290°9 Km/h,,65%,19°C,1009.0mb,,"document.write(Icons.GetShortDescription(3, 'CurrentWeather'));  Broken Clouds at 910m, Broken Clouds at 3700m",2017-06-27
16:00,27°C,28°C,300°17 Km/h,,62%,19°C,1008.0mb,,"document.write(Icons.GetShortDescription(7, 'CurrentWeather'));  Broken Clouds at 910m, Broken Clouds at 3700m Light Rain",2017-06-27
16:35,27°C,28°C,280°13 Km/h,,62%,19°C,1008.0mb,,"document.write(Icons.GetShortDescription(7, 'CurrentWeather'));  Scattered Clouds at 300m, Broken Clouds at 760m Light Rain, Haze",2017-06-27
17:00,27°C,29°C,290°13 Km/h,,66%,20°C,1008.0mb,,"document.write(Icons.GetShortDescription(7, 'CurrentWeather'));  Few Clouds at 300m, Broken Clouds at 910m, Cloudy at 2400m Light Rain",2017-06-27
18:00,26°C,27°C,290°17 Km/h,,65%,19°C,1009.0mb,,"document.write(Icons.GetShortDescription(3, 'CurrentWeather'));  Scattered Clouds at 910m, Broken Clouds at 3700m",2017-06-27
19:00,25°C,25°C,290°11 Km/h,,65%,18°C,1009.0mb,,"document.write(Icons.GetShortDescription(3, 'CurrentWeather'));  Scattered Clouds at 910m, Broken Clouds at 3700m",2017-06-27
20:00,24°C,24°C,290°11 Km/h,,69%,18°C,1010.0mb,,"document.write(Icons.GetShortDescription(3, 'CurrentWeather'));  Scattered Clouds at 910m, Broken Clouds at 3700m",2017-06-27
21:00,23°C,23°C,260°7 Km/h,,74%,18°C,1010.0mb,,"document.write(Icons.GetShortDescription(3, 'CurrentWeather'));  Scattered Clouds at 910m, Broken Clouds at 3700m",2017-06-27
22:00,22°C,22°C,340°6 Km/h,,78%,18°C,1011.0mb,,"document.write(Icons.GetShortDescription(3, 'CurrentWeather'));  Scattered Clouds at 910m, Broken Clouds at 3700m",2017-06-27
23:00,22°C,22°C,320°4 Km/h,,78%,18°C,1011.0mb,,"document.write(Icons.GetShortDescription(3, 'CurrentWeather'));  Scattered Clouds at 910m, Broken Clouds at 3700m",2017-06-27
