Time,Temperature,Relative Temperature,Wind,Wind Gust,Rel. humidity,Dew Point,Pressure,Icon,DescriptionDetails,date
00:00,-2°C,-2°C,10°2 Km/h,,69%,-7°C,1024.0mb,,"document.write(Icons.GetShortDescription(1, 'CurrentWeather'));",2017-02-25
01:00,-4°C,-4°C,360°2 Km/h,,74%,-8°C,1024.0mb,,"document.write(Icons.GetShortDescription(1, 'CurrentWeather'));",2017-02-25
02:00,-3°C,-3°C,Calm,,74%,-7°C,1024.0mb,,"document.write(Icons.GetShortDescription(1, 'CurrentWeather'));",2017-02-25
02:34,-5°C,-5°C,360°2 Km/h,,80%,-8°C,1024.0mb,,"document.write(Icons.GetShortDescription(1, 'CurrentWeather'));  Haze",2017-02-25
03:00,-4°C,-4°C,320°4 Km/h,,80%,-7°C,1023.0mb,,"document.write(Icons.GetShortDescription(1, 'CurrentWeather'));  Partial Fog",2017-02-25
04:00,-4°C,-4°C,360°2 Km/h,,80%,-7°C,1023.0mb,,"document.write(Icons.GetShortDescription(1, 'CurrentWeather'));  Partial Fog",2017-02-25
04:43,-5°C,-5°C,70°2 Km/h,,80%,-8°C,1023.0mb,,"document.write(Icons.GetShortDescription(2, 'CurrentWeather'));  Few Clouds at 150m Partial Fog",2017-02-25
05:00,-5°C,-5°C,60°2 Km/h,,80%,-8°C,1023.0mb,,"document.write(Icons.GetShortDescription(2, 'CurrentWeather'));  Few Clouds at 150m Partial Fog",2017-02-25
06:00,-7°C,-7°C,Calm,,79%,-10°C,1023.0mb,,"document.write(Icons.GetShortDescription(2, 'CurrentWeather'));  Few Clouds at 150m Partial Fog",2017-02-25
06:42,-7°C,-10°C,160°6 Km/h,,79%,-10°C,1023.0mb,,"document.write(Icons.GetShortDescription(1, 'CurrentWeather'));  Haze",2017-02-25
07:00,-7°C,-10°C,150°6 Km/h,,79%,-10°C,1023.0mb,,"document.write(Icons.GetShortDescription(1, 'CurrentWeather'));  Haze",2017-02-25
07:42,-5°C,-8°C,150°6 Km/h,,86%,-7°C,1023.0mb,,"document.write(Icons.GetShortDescription(1, 'CurrentWeather'));  Haze",2017-02-25
08:00,-3°C,-5°C,150°6 Km/h,,80%,-6°C,1023.0mb,,"document.write(Icons.GetShortDescription(1, 'CurrentWeather'));  Haze",2017-02-25
09:00,1°C,-1°C,170°7 Km/h,,70%,-4°C,1023.0mb,,"document.write(Icons.GetShortDescription(1, 'CurrentWeather'));",2017-02-25
10:00,4°C,1°C,200°13 Km/h,,56%,-4°C,1023.0mb,,"document.write(Icons.GetShortDescription(1, 'CurrentWeather'));",2017-02-25
11:00,6°C,3°C,220°15 Km/h,,46%,-5°C,1023.0mb,,"document.write(Icons.GetShortDescription(2, 'CurrentWeather'));  Few Clouds at 910m",2017-02-25
12:00,6°C,3°C,250°15 Km/h,,46%,-5°C,1022.0mb,,"document.write(Icons.GetShortDescription(2, 'CurrentWeather'));  Scattered Clouds at 910m",2017-02-25
13:00,7°C,4°C,260°15 Km/h,,42%,-5°C,1021.0mb,,"document.write(Icons.GetShortDescription(2, 'CurrentWeather'));  Scattered Clouds at 910m",2017-02-25
14:00,7°C,4°C,260°17 Km/h,,34%,-8°C,1020.0mb,,"document.write(Icons.GetShortDescription(2, 'CurrentWeather'));  Few Clouds at 910m",2017-02-25
15:00,7°C,4°C,250°19 Km/h,,37%,-7°C,1020.0mb,,"document.write(Icons.GetShortDescription(1, 'CurrentWeather'));",2017-02-25
16:00,7°C,4°C,260°19 Km/h,,34%,-8°C,1020.0mb,,"document.write(Icons.GetShortDescription(1, 'CurrentWeather'));",2017-02-25
17:00,6°C,3°C,220°17 Km/h,,42%,-6°C,1020.0mb,,"document.write(Icons.GetShortDescription(1, 'CurrentWeather'));",2017-02-25
18:00,5°C,2°C,240°11 Km/h,,45%,-6°C,1020.0mb,,"document.write(Icons.GetShortDescription(1, 'CurrentWeather'));",2017-02-25
19:00,4°C,1°C,220°15 Km/h,,52%,-5°C,1020.0mb,,"document.write(Icons.GetShortDescription(2, 'CurrentWeather'));  Few Clouds at 910m",2017-02-25
20:00,4°C,0°C,220°19 Km/h,,56%,-4°C,1020.0mb,,"document.write(Icons.GetShortDescription(2, 'CurrentWeather'));  Few Clouds at 910m",2017-02-25
21:00,3°C,0°C,220°13 Km/h,,65%,-3°C,1020.0mb,,"document.write(Icons.GetShortDescription(1, 'CurrentWeather'));",2017-02-25
22:00,3°C,3°C,230°4 Km/h,,65%,-3°C,1021.0mb,,"document.write(Icons.GetShortDescription(1, 'CurrentWeather'));",2017-02-25
23:00,3°C,2°C,240°6 Km/h,,70%,-2°C,1022.0mb,,"document.write(Icons.GetShortDescription(2, 'CurrentWeather'));  Few Clouds at 760m",2017-02-25
