Time,Temperature,Relative Temperature,Wind,Wind Gust,Rel. humidity,Dew Point,Pressure,Icon,DescriptionDetails,date
00:00,-1°C,-4°C,150°7 Km/h,,51%,-10°C,1022.0mb,,"document.write(Icons.GetShortDescription(26, 'CurrentWeather'));  Broken Clouds at 1200m Light Snowfall",2017-01-12
01:00,-1°C,-4°C,150°9 Km/h,,55%,-9°C,1021.0mb,,"document.write(Icons.GetShortDescription(26, 'CurrentWeather'));  Scattered Clouds at 300m, Broken Clouds at 1100m Light Snowfall, Haze",2017-01-12
02:00,0°C,-3°C,220°7 Km/h,,64%,-6°C,1021.0mb,,"document.write(Icons.GetShortDescription(26, 'CurrentWeather'));  Scattered Clouds at 300m, Broken Clouds at 1100m Light Snowfall, Haze",2017-01-12
03:00,-1°C,-1°C,20°4 Km/h,,64%,-7°C,1021.0mb,,"document.write(Icons.GetShortDescription(3, 'CurrentWeather'));  Scattered Clouds at 300m, Broken Clouds at 1100m",2017-01-12
04:00,-3°C,-6°C,250°7 Km/h,,69%,-8°C,1020.0mb,,"document.write(Icons.GetShortDescription(3, 'CurrentWeather'));  Scattered Clouds at 300m, Broken Clouds at 1100m",2017-01-12
05:00,-3°C,-3°C,340°4 Km/h,,74%,-7°C,1019.0mb,,"document.write(Icons.GetShortDescription(3, 'CurrentWeather'));  Broken Clouds at 1200m",2017-01-12
06:00,-2°C,-4°C,310°6 Km/h,,74%,-6°C,1019.0mb,,"document.write(Icons.GetShortDescription(3, 'CurrentWeather'));  Broken Clouds at 1200m",2017-01-12
07:00,-1°C,-3°C,320°6 Km/h,,59%,-8°C,1019.0mb,,"document.write(Icons.GetShortDescription(3, 'CurrentWeather'));  Broken Clouds at 1200m",2017-01-12
08:00,-2°C,-6°C,340°13 Km/h,,59%,-9°C,1019.0mb,,"document.write(Icons.GetShortDescription(3, 'CurrentWeather'));  Broken Clouds at 1200m",2017-01-12
09:00,-2°C,-6°C,320°13 Km/h,,55%,-10°C,1019.0mb,,"document.write(Icons.GetShortDescription(1, 'CurrentWeather'));",2017-01-12
10:00,-1°C,-6°C,340°15 Km/h,,43%,-12°C,1020.0mb,,"document.write(Icons.GetShortDescription(2, 'CurrentWeather'));  Scattered Clouds at 1100m",2017-01-12
11:00,0°C,-6°C,340°24 Km/h,,32%,-15°C,1020.0mb,,"document.write(Icons.GetShortDescription(2, 'CurrentWeather'));  Scattered Clouds at 1100m",2017-01-12
12:00,0°C,-5°C,330°19 Km/h,,29%,-16°C,1019.0mb,,"document.write(Icons.GetShortDescription(2, 'CurrentWeather'));  Scattered Clouds at 1100m",2017-01-12
13:00,1°C,-4°C,320°19 Km/h,,27%,-16°C,1018.0mb,,"document.write(Icons.GetShortDescription(2, 'CurrentWeather'));  Scattered Clouds at 1100m",2017-01-12
14:00,1°C,-5°C,320°26 Km/h,,25%,-17°C,1017.0mb,,"document.write(Icons.GetShortDescription(1, 'CurrentWeather'));",2017-01-12
15:00,2°C,-3°C,310°26 Km/h,,20%,-19°C,1017.0mb,,"document.write(Icons.GetShortDescription(1, 'CurrentWeather'));",2017-01-12
16:00,1°C,-4°C,310°20 Km/h,,23%,-18°C,1017.0mb,,"document.write(Icons.GetShortDescription(1, 'CurrentWeather'));",2017-01-12
17:00,-1°C,-7°C,320°20 Km/h,,22%,-20°C,1017.0mb,,"document.write(Icons.GetShortDescription(1, 'CurrentWeather'));",2017-01-12
18:00,-3°C,-7°C,340°11 Km/h,,31%,-18°C,1017.0mb,,"document.write(Icons.GetShortDescription(1, 'CurrentWeather'));",2017-01-12
19:00,-4°C,-10°C,340°17 Km/h,,36%,-17°C,1017.0mb,,"document.write(Icons.GetShortDescription(1, 'CurrentWeather'));",2017-01-12
20:00,-5°C,-10°C,340°13 Km/h,,39%,-17°C,1018.0mb,,"document.write(Icons.GetShortDescription(1, 'CurrentWeather'));",2017-01-12
21:00,-5°C,-10°C,330°13 Km/h,,42%,-16°C,1018.0mb,,"document.write(Icons.GetShortDescription(1, 'CurrentWeather'));",2017-01-12
22:00,-6°C,-11°C,330°11 Km/h,,42%,-17°C,1018.0mb,,"document.write(Icons.GetShortDescription(1, 'CurrentWeather'));",2017-01-12
23:00,-5°C,-8°C,320°7 Km/h,,36%,-18°C,1019.0mb,,"document.write(Icons.GetShortDescription(1, 'CurrentWeather'));",2017-01-12
