Time,Temperature,Relative Temperature,Wind,Wind Gust,Rel. humidity,Dew Point,Pressure,Icon,DescriptionDetails,date
00:00,24°C,25°C,40°6 Km/h,,83%,21°C,1003.0mb,,"document.write(Icons.GetShortDescription(3, 'CurrentWeather'));  Scattered Clouds at 760m, Broken Clouds at 3400m",2017-08-11
01:00,25°C,26°C,100°9 Km/h,,79%,21°C,1003.0mb,,"document.write(Icons.GetShortDescription(2, 'CurrentWeather'));  Scattered Clouds at 760m",2017-08-11
02:00,25°C,26°C,100°7 Km/h,,79%,21°C,1003.0mb,,"document.write(Icons.GetShortDescription(2, 'CurrentWeather'));  Scattered Clouds at 760m",2017-08-11
03:00,25°C,26°C,50°7 Km/h,,79%,21°C,1004.0mb,,"document.write(Icons.GetShortDescription(3, 'CurrentWeather'));  Broken Clouds at 760m",2017-08-11
04:00,25°C,26°C,60°4 Km/h,,79%,21°C,1004.0mb,,"document.write(Icons.GetShortDescription(3, 'CurrentWeather'));  Broken Clouds at 760m",2017-08-11
05:00,24°C,25°C,20°4 Km/h,,83%,21°C,1004.0mb,,"document.write(Icons.GetShortDescription(3, 'CurrentWeather'));  Broken Clouds at 760m",2017-08-11
06:00,24°C,25°C,360°4 Km/h,,83%,21°C,1005.0mb,,"document.write(Icons.GetShortDescription(3, 'CurrentWeather'));  Scattered Clouds at 30m, Broken Clouds at 760m",2017-08-11
07:00,25°C,26°C,40°6 Km/h,,83%,22°C,1005.0mb,,"document.write(Icons.GetShortDescription(3, 'CurrentWeather'));  Scattered Clouds at 30m, Broken Clouds at 760m",2017-08-11
08:00,27°C,29°C,100°11 Km/h,,74%,22°C,1005.0mb,,"document.write(Icons.GetShortDescription(2, 'CurrentWeather'));  Scattered Clouds at 760m",2017-08-11
09:00,27°C,29°C,110°9 Km/h,,74%,22°C,1006.0mb,,"document.write(Icons.GetShortDescription(3, 'CurrentWeather'));  Scattered Clouds at 1100m, Broken Clouds at 4600m",2017-08-11
10:00,28°C,30°C,110°9 Km/h,,66%,21°C,1006.0mb,,"document.write(Icons.GetShortDescription(3, 'CurrentWeather'));  Scattered Clouds at 760m, Broken Clouds at 3400m",2017-08-11
11:00,29°C,31°C,110°15 Km/h,,62%,21°C,1006.0mb,,"document.write(Icons.GetShortDescription(2, 'CurrentWeather'));  Scattered Cumulus Clouds at 760m",2017-08-11
12:00,29°C,31°C,110°13 Km/h,,58%,20°C,1006.0mb,,"document.write(Icons.GetShortDescription(2, 'CurrentWeather'));  Scattered Cumulus Clouds at 760m",2017-08-11
13:00,31°C,34°C,100°6 Km/h,,55%,21°C,1006.0mb,,"document.write(Icons.GetShortDescription(2, 'CurrentWeather'));  Few Clouds at 760m",2017-08-11
14:00,30°C,32°C,60°11 Km/h,,55%,20°C,1005.0mb,,"document.write(Icons.GetShortDescription(2, 'CurrentWeather'));  Scattered Clouds at 760m",2017-08-11
15:00,30°C,32°C,80°9 Km/h,,55%,20°C,1005.0mb,,"document.write(Icons.GetShortDescription(2, 'CurrentWeather'));  Few Cumulus Clouds at 760m, Scattered Clouds at 1400m",2017-08-11
16:00,31°C,33°C,10°13 Km/h,,52%,20°C,1005.0mb,,"document.write(Icons.GetShortDescription(3, 'CurrentWeather'));  Scattered Cumulus Clouds at 760m, Broken Clouds at 1400m",2017-08-11
17:00,30°C,33°C,240°13 Km/h,,59%,21°C,1006.0mb,,"document.write(Icons.GetShortDescription(3, 'CurrentWeather'));  Scattered Cumulus Clouds at 760m, Broken Clouds at 1400m",2017-08-11
18:00,28°C,29°C,200°13 Km/h,,58%,19°C,1006.0mb,,"document.write(Icons.GetShortDescription(2, 'CurrentWeather'));  Few Clouds at 760m, Scattered Clouds at 1200m",2017-08-11
19:00,26°C,27°C,310°6 Km/h,,70%,20°C,1006.0mb,,"document.write(Icons.GetShortDescription(2, 'CurrentWeather'));  Few Clouds at 760m, Scattered Clouds at 1200m",2017-08-11
20:00,26°C,27°C,120°2 Km/h,,70%,20°C,1007.0mb,,"document.write(Icons.GetShortDescription(2, 'CurrentWeather'));  Scattered Clouds at 1100m",2017-08-11
21:00,26°C,27°C,80°7 Km/h,,74%,21°C,1008.0mb,,"document.write(Icons.GetShortDescription(2, 'CurrentWeather'));  Few Clouds at 1400m",2017-08-11
22:00,26°C,27°C,70°9 Km/h,,74%,21°C,1008.0mb,,"document.write(Icons.GetShortDescription(1, 'CurrentWeather'));",2017-08-11
23:00,25°C,25°C,60°7 Km/h,,74%,20°C,1008.0mb,,"document.write(Icons.GetShortDescription(1, 'CurrentWeather'));",2017-08-11
