Time,Temperature,Relative Temperature,Wind,Wind Gust,Rel. humidity,Dew Point,Pressure,Icon,DescriptionDetails,date
00:00,12°C,12°C,300°4 Km/h,,77%,8°C,1019.0mb,,"document.write(Icons.GetShortDescription(1, 'CurrentWeather'));",2017-10-20
01:00,11°C,11°C,350°6 Km/h,,77%,7°C,1019.0mb,,"document.write(Icons.GetShortDescription(1, 'CurrentWeather'));",2017-10-20
02:00,10°C,9°C,320°9 Km/h,,82%,7°C,1020.0mb,,"document.write(Icons.GetShortDescription(1, 'CurrentWeather'));",2017-10-20
03:00,10°C,9°C,330°7 Km/h,,82%,7°C,1020.0mb,,"document.write(Icons.GetShortDescription(1, 'CurrentWeather'));",2017-10-20
04:00,10°C,10°C,350°4 Km/h,,82%,7°C,1019.0mb,,"document.write(Icons.GetShortDescription(1, 'CurrentWeather'));",2017-10-20
05:00,10°C,10°C,10°4 Km/h,,82%,7°C,1020.0mb,,"document.write(Icons.GetShortDescription(1, 'CurrentWeather'));",2017-10-20
06:00,10°C,9°C,340°7 Km/h,,82%,7°C,1020.0mb,,"document.write(Icons.GetShortDescription(2, 'CurrentWeather'));  Few Clouds at 150m",2017-10-20
07:00,9°C,8°C,330°9 Km/h,,82%,6°C,1020.0mb,,"document.write(Icons.GetShortDescription(1, 'CurrentWeather'));",2017-10-20
08:00,11°C,11°C,330°6 Km/h,,88%,9°C,1020.0mb,,"document.write(Icons.GetShortDescription(1, 'CurrentWeather'));",2017-10-20
09:00,15°C,15°C,340°2 Km/h,,77%,11°C,1021.0mb,,"document.write(Icons.GetShortDescription(1, 'CurrentWeather'));",2017-10-20
10:00,17°C,17°C,360°4 Km/h,,73%,12°C,1020.0mb,,"document.write(Icons.GetShortDescription(1, 'CurrentWeather'));",2017-10-20
11:00,20°C,20°C,260°4 Km/h,,60%,12°C,1020.0mb,,"document.write(Icons.GetShortDescription(1, 'CurrentWeather'));",2017-10-20
12:00,21°C,21°C,230°4 Km/h,,50%,10°C,1019.0mb,,"document.write(Icons.GetShortDescription(1, 'CurrentWeather'));",2017-10-20
13:00,21°C,21°C,320°7 Km/h,,40%,7°C,1018.0mb,,"document.write(Icons.GetShortDescription(1, 'CurrentWeather'));",2017-10-20
14:00,22°C,21°C,340°11 Km/h,,33%,5°C,1018.0mb,,"document.write(Icons.GetShortDescription(1, 'CurrentWeather'));",2017-10-20
15:00,22°C,21°C,360°6 Km/h,,29%,3°C,1017.0mb,,"document.write(Icons.GetShortDescription(1, 'CurrentWeather'));",2017-10-20
16:00,21°C,21°C,290°11 Km/h,,35%,5°C,1018.0mb,,"document.write(Icons.GetShortDescription(1, 'CurrentWeather'));",2017-10-20
17:00,20°C,20°C,280°13 Km/h,,43%,7°C,1018.0mb,,"document.write(Icons.GetShortDescription(1, 'CurrentWeather'));",2017-10-20
18:00,17°C,17°C,290°13 Km/h,,52%,7°C,1018.0mb,,"document.write(Icons.GetShortDescription(1, 'CurrentWeather'));",2017-10-20
19:00,16°C,16°C,290°6 Km/h,,55%,7°C,1019.0mb,,"document.write(Icons.GetShortDescription(1, 'CurrentWeather'));",2017-10-20
20:00,14°C,14°C,340°13 Km/h,,63%,7°C,1019.0mb,,"document.write(Icons.GetShortDescription(1, 'CurrentWeather'));",2017-10-20
21:00,14°C,14°C,290°6 Km/h,,63%,7°C,1019.0mb,,"document.write(Icons.GetShortDescription(1, 'CurrentWeather'));",2017-10-20
22:00,13°C,13°C,350°6 Km/h,,63%,6°C,1019.0mb,,"document.write(Icons.GetShortDescription(1, 'CurrentWeather'));",2017-10-20
23:00,12°C,12°C,330°2 Km/h,,72%,7°C,1019.0mb,,"document.write(Icons.GetShortDescription(1, 'CurrentWeather'));",2017-10-20
