Time,Temperature,Relative Temperature,Wind,Wind Gust,Rel. humidity,Dew Point,Pressure,Icon,DescriptionDetails,date
00:00,11°C,11°C,220°11 Km/h,,77%,7°C,1012.0mb,,"document.write(Icons.GetShortDescription(3, 'CurrentWeather'));  Scattered Clouds at 460m, Broken Clouds at 910m, Broken Clouds at 3700m",2017-04-15
01:00,11°C,11°C,200°7 Km/h,,77%,7°C,1012.0mb,,"document.write(Icons.GetShortDescription(3, 'CurrentWeather'));  Few Clouds at 460m, Scattered Clouds at 910m, Broken Clouds at 3700m",2017-04-15
02:00,11°C,11°C,170°6 Km/h,,77%,7°C,1012.0mb,,"document.write(Icons.GetShortDescription(2, 'CurrentWeather'));  Few Clouds at 460m, Scattered Clouds at 910m",2017-04-15
03:00,11°C,11°C,160°13 Km/h,,77%,7°C,1012.0mb,,"document.write(Icons.GetShortDescription(2, 'CurrentWeather'));  Few Clouds at 460m, Scattered Clouds at 910m",2017-04-15
04:00,11°C,11°C,150°11 Km/h,,77%,7°C,1012.0mb,,"document.write(Icons.GetShortDescription(2, 'CurrentWeather'));  Few Clouds at 460m, Scattered Clouds at 910m",2017-04-15
05:00,11°C,11°C,170°7 Km/h,,77%,7°C,1013.0mb,,"document.write(Icons.GetShortDescription(2, 'CurrentWeather'));  Few Clouds at 460m, Scattered Clouds at 910m Haze",2017-04-15
06:00,11°C,11°C,150°9 Km/h,,77%,7°C,1013.0mb,,"document.write(Icons.GetShortDescription(3, 'CurrentWeather'));  Scattered Clouds at 460m, Broken Clouds at 910m Haze",2017-04-15
07:00,11°C,11°C,230°2 Km/h,,77%,7°C,1014.0mb,,"document.write(Icons.GetShortDescription(2, 'CurrentWeather'));  Few Clouds at 460m, Scattered Clouds at 910m",2017-04-15
08:00,13°C,13°C,190°4 Km/h,,72%,8°C,1014.0mb,,"document.write(Icons.GetShortDescription(2, 'CurrentWeather'));  Few Clouds at 910m",2017-04-15
09:00,15°C,15°C,170°11 Km/h,,63%,8°C,1014.0mb,,"document.write(Icons.GetShortDescription(2, 'CurrentWeather'));  Few Clouds at 910m",2017-04-15
10:00,17°C,17°C,210°7 Km/h,,56%,8°C,1014.0mb,,"document.write(Icons.GetShortDescription(2, 'CurrentWeather'));  Few Clouds at 910m",2017-04-15
11:00,18°C,18°C,210°9 Km/h,,52%,8°C,1014.0mb,,"document.write(Icons.GetShortDescription(2, 'CurrentWeather'));  Few Clouds at 910m",2017-04-15
12:00,21°C,21°C,190°7 Km/h,,43%,8°C,1014.0mb,,"document.write(Icons.GetShortDescription(2, 'CurrentWeather'));  Few Clouds at 910m",2017-04-15
13:00,22°C,21°C,200°15 Km/h,,41%,8°C,1013.0mb,,"document.write(Icons.GetShortDescription(2, 'CurrentWeather'));  Few Clouds at 910m",2017-04-15
14:00,22°C,21°C,250°15 Km/h,,41%,8°C,1013.0mb,,"document.write(Icons.GetShortDescription(1, 'CurrentWeather'));",2017-04-15
15:00,22°C,21°C,250°19 Km/h,,38%,7°C,1013.0mb,,"document.write(Icons.GetShortDescription(1, 'CurrentWeather'));",2017-04-15
16:00,20°C,20°C,240°17 Km/h,,46%,8°C,1013.0mb,,"document.write(Icons.GetShortDescription(1, 'CurrentWeather'));",2017-04-15
17:00,21°C,21°C,240°13 Km/h,,38%,6°C,1013.0mb,,"document.write(Icons.GetShortDescription(1, 'CurrentWeather'));",2017-04-15
18:00,20°C,20°C,220°11 Km/h,,40%,6°C,1013.0mb,,"document.write(Icons.GetShortDescription(1, 'CurrentWeather'));",2017-04-15
19:00,18°C,18°C,210°9 Km/h,,49%,7°C,1013.0mb,,"document.write(Icons.GetShortDescription(1, 'CurrentWeather'));",2017-04-15
20:00,17°C,17°C,250°6 Km/h,,52%,7°C,1014.0mb,,"document.write(Icons.GetShortDescription(1, 'CurrentWeather'));",2017-04-15
21:00,14°C,14°C,320°6 Km/h,,63%,7°C,1015.0mb,,"document.write(Icons.GetShortDescription(1, 'CurrentWeather'));",2017-04-15
22:00,13°C,13°C,290°4 Km/h,,67%,7°C,1015.0mb,,"document.write(Icons.GetShortDescription(1, 'CurrentWeather'));",2017-04-15
23:00,13°C,13°C,350°6 Km/h,,67%,7°C,1015.0mb,,"document.write(Icons.GetShortDescription(1, 'CurrentWeather'));",2017-04-15
