Time,Temperature,Relative Temperature,Wind,Wind Gust,Rel. humidity,Dew Point,Pressure,Icon,DescriptionDetails,date
00:00,13°C,13°C,250°4 Km/h,,72%,8°C,1019.0mb,,"document.write(Icons.GetShortDescription(4, 'CurrentWeather'));  Few Clouds at 1200m, Broken Clouds at 3400m, Cloudy at 5500m Haze",2017-04-26
01:00,13°C,13°C,280°2 Km/h,,67%,7°C,1019.0mb,,"document.write(Icons.GetShortDescription(4, 'CurrentWeather'));  Few Clouds at 1200m, Broken Clouds at 3400m, Cloudy at 5500m Haze",2017-04-26
02:00,12°C,12°C,310°4 Km/h,,72%,7°C,1019.0mb,,"document.write(Icons.GetShortDescription(4, 'CurrentWeather'));  Few Clouds at 1200m, Broken Clouds at 3400m, Cloudy at 5500m Haze",2017-04-26
03:00,11°C,11°C,350°7 Km/h,,77%,7°C,1018.0mb,,"document.write(Icons.GetShortDescription(4, 'CurrentWeather'));  Few Clouds at 1200m, Broken Clouds at 3400m, Cloudy at 5500m Haze",2017-04-26
04:00,10°C,9°C,300°9 Km/h,,82%,7°C,1018.0mb,,"document.write(Icons.GetShortDescription(4, 'CurrentWeather'));  Few Clouds at 1200m, Broken Clouds at 3400m, Cloudy at 5500m Haze",2017-04-26
05:00,10°C,9°C,330°7 Km/h,,71%,5°C,1018.0mb,,"document.write(Icons.GetShortDescription(1, 'CurrentWeather'));",2017-04-26
06:00,10°C,9°C,320°7 Km/h,,58%,2°C,1018.0mb,,"document.write(Icons.GetShortDescription(1, 'CurrentWeather'));",2017-04-26
07:00,11°C,11°C,330°6 Km/h,,58%,3°C,1018.0mb,,"document.write(Icons.GetShortDescription(3, 'CurrentWeather'));  Broken Clouds at 910m, Broken Clouds at 4000m",2017-04-26
08:00,13°C,13°C,330°13 Km/h,,41%,0°C,1018.0mb,,"document.write(Icons.GetShortDescription(1, 'CurrentWeather'));",2017-04-26
09:00,15°C,15°C,330°9 Km/h,,36%,0°C,1018.0mb,,"document.write(Icons.GetShortDescription(1, 'CurrentWeather'));",2017-04-26
10:00,16°C,16°C,350°15 Km/h,,25%,-4°C,1018.0mb,,"document.write(Icons.GetShortDescription(1, 'CurrentWeather'));",2017-04-26
11:00,18°C,18°C,10°17 Km/h,,16%,-8°C,1017.0mb,,"document.write(Icons.GetShortDescription(1, 'CurrentWeather'));",2017-04-26
12:00,19°C,19°C,360°19 Km/h,,17%,-7°C,1017.0mb,,"document.write(Icons.GetShortDescription(1, 'CurrentWeather'));",2017-04-26
13:00,20°C,20°C,310°28 Km/h,,17%,-6°C,1016.0mb,,"document.write(Icons.GetShortDescription(1, 'CurrentWeather'));",2017-04-26
14:00,20°C,20°C,310°26 Km/h,,16%,-7°C,1015.0mb,,"document.write(Icons.GetShortDescription(2, 'CurrentWeather'));  Few Clouds at 910m, Scattered Clouds at 6100m",2017-04-26
15:00,19°C,19°C,290°30 Km/h,,24%,-2°C,1014.0mb,,"document.write(Icons.GetShortDescription(2, 'CurrentWeather'));  Few Clouds at 910m, Scattered Clouds at 6100m",2017-04-26
16:00,19°C,19°C,270°26 Km/h,,22%,-3°C,1013.0mb,,"document.write(Icons.GetShortDescription(2, 'CurrentWeather'));  Few Clouds at 910m, Scattered Clouds at 6100m",2017-04-26
17:00,17°C,17°C,270°28 Km/h,,25%,-3°C,1013.0mb,,"document.write(Icons.GetShortDescription(1, 'CurrentWeather'));",2017-04-26
18:00,17°C,17°C,290°37 Km/h,,22%,-5°C,1013.0mb,,"document.write(Icons.GetShortDescription(1, 'CurrentWeather'));",2017-04-26
19:00,15°C,15°C,290°28 Km/h,,23%,-6°C,1014.0mb,,"document.write(Icons.GetShortDescription(1, 'CurrentWeather'));",2017-04-26
20:00,13°C,13°C,270°15 Km/h,,41%,0°C,1014.0mb,,"document.write(Icons.GetShortDescription(1, 'CurrentWeather'));",2017-04-26
21:00,13°C,13°C,320°19 Km/h,,31%,-4°C,1015.0mb,,"document.write(Icons.GetShortDescription(1, 'CurrentWeather'));",2017-04-26
22:00,12°C,12°C,330°20 Km/h,,35%,-3°C,1015.0mb,,"document.write(Icons.GetShortDescription(1, 'CurrentWeather'));",2017-04-26
23:00,11°C,11°C,330°17 Km/h,,44%,-1°C,1015.0mb,,"document.write(Icons.GetShortDescription(1, 'CurrentWeather'));",2017-04-26
