Time,Temperature,Relative Temperature,Wind,Wind Gust,Rel. humidity,Dew Point,Pressure,Icon,DescriptionDetails,date
00:00,16°C,16°C,110°13 Km/h,,77%,12°C,1013.0mb,,"document.write(Icons.GetShortDescription(7, 'CurrentWeather'));  Few Clouds at 150m, Broken Clouds at 910m, Cloudy at 2400m Light Rain, Haze",2017-10-02
01:00,16°C,16°C,70°6 Km/h,,83%,13°C,1012.0mb,,"document.write(Icons.GetShortDescription(7, 'CurrentWeather'));  Few Clouds at 150m, Broken Clouds at 910m, Cloudy at 2400m Light Drizzle, Haze",2017-10-02
02:00,16°C,16°C,80°4 Km/h,,83%,13°C,1011.0mb,,"document.write(Icons.GetShortDescription(7, 'CurrentWeather'));  Few Clouds at 150m, Broken Clouds at 1200m, Cloudy at 2400m Light Drizzle, Haze",2017-10-02
03:00,16°C,16°C,330°6 Km/h,,88%,14°C,1011.0mb,,"document.write(Icons.GetShortDescription(7, 'CurrentWeather'));  Few Clouds at 300m, Broken Clouds at 1200m, Cloudy at 2400m Light Drizzle, Haze",2017-10-02
04:00,16°C,16°C,350°13 Km/h,,88%,14°C,1011.0mb,,"document.write(Icons.GetShortDescription(4, 'CurrentWeather'));  Few Clouds at 300m, Broken Clouds at 1200m, Cloudy at 2400m",2017-10-02
05:00,16°C,16°C,340°9 Km/h,,88%,14°C,1011.0mb,,"document.write(Icons.GetShortDescription(3, 'CurrentWeather'));  Broken Clouds at 910m, Broken Clouds at 3700m",2017-10-02
06:00,16°C,16°C,310°6 Km/h,,88%,14°C,1011.0mb,,"document.write(Icons.GetShortDescription(3, 'CurrentWeather'));  Broken Clouds at 910m, Broken Clouds at 3700m",2017-10-02
07:00,16°C,16°C,320°4 Km/h,,83%,13°C,1011.0mb,,"document.write(Icons.GetShortDescription(3, 'CurrentWeather'));  Broken Clouds at 910m, Broken Clouds at 3700m",2017-10-02
08:00,17°C,17°C,330°9 Km/h,,83%,14°C,1011.0mb,,"document.write(Icons.GetShortDescription(2, 'CurrentWeather'));  Few Clouds at 910m, Scattered Clouds at 3700m",2017-10-02
09:00,18°C,18°C,340°15 Km/h,,78%,14°C,1011.0mb,,"document.write(Icons.GetShortDescription(1, 'CurrentWeather'));",2017-10-02
10:00,21°C,21°C,350°11 Km/h,,69%,15°C,1011.0mb,,"document.write(Icons.GetShortDescription(1, 'CurrentWeather'));",2017-10-02
11:00,23°C,23°C,350°11 Km/h,,65%,16°C,1011.0mb,,"document.write(Icons.GetShortDescription(1, 'CurrentWeather'));",2017-10-02
12:00,25°C,25°C,20°11 Km/h,,54%,15°C,1011.0mb,,"document.write(Icons.GetShortDescription(1, 'CurrentWeather'));",2017-10-02
13:00,26°C,26°C,340°17 Km/h,,48%,14°C,1010.0mb,,"document.write(Icons.GetShortDescription(1, 'CurrentWeather'));",2017-10-02
14:00,27°C,27°C,10°15 Km/h,,42%,13°C,1009.0mb,,"document.write(Icons.GetShortDescription(1, 'CurrentWeather'));",2017-10-02
15:00,27°C,27°C,30°11 Km/h,,39%,12°C,1009.0mb,,"document.write(Icons.GetShortDescription(1, 'CurrentWeather'));",2017-10-02
16:00,27°C,27°C,340°19 Km/h,,42%,13°C,1010.0mb,,"document.write(Icons.GetShortDescription(1, 'CurrentWeather'));",2017-10-02
17:00,27°C,27°C,360°15 Km/h,,39%,12°C,1009.0mb,,"document.write(Icons.GetShortDescription(1, 'CurrentWeather'));",2017-10-02
18:00,25°C,25°C,10°9 Km/h,,42%,11°C,1011.0mb,,"document.write(Icons.GetShortDescription(1, 'CurrentWeather'));",2017-10-02
19:00,22°C,22°C,320°15 Km/h,,53%,12°C,1011.0mb,,"document.write(Icons.GetShortDescription(1, 'CurrentWeather'));",2017-10-02
20:00,21°C,21°C,330°20 Km/h,,53%,11°C,1013.0mb,,"document.write(Icons.GetShortDescription(1, 'CurrentWeather'));",2017-10-02
21:00,20°C,20°C,330°19 Km/h,,49%,9°C,1014.0mb,,"document.write(Icons.GetShortDescription(1, 'CurrentWeather'));",2017-10-02
22:00,18°C,18°C,340°19 Km/h,,56%,9°C,1014.0mb,,"document.write(Icons.GetShortDescription(1, 'CurrentWeather'));",2017-10-02
23:00,17°C,17°C,350°15 Km/h,,56%,8°C,1014.0mb,,"document.write(Icons.GetShortDescription(1, 'CurrentWeather'));",2017-10-02
