Time,Temperature,Relative Temperature,Wind,Wind Gust,Rel. humidity,Dew Point,Pressure,Icon,DescriptionDetails,date
00:00,20°C,20°C,40°6 Km/h,,78%,16°C,1014.0mb,,"document.write(Icons.GetShortDescription(2, 'CurrentWeather'));  Few Clouds at 210m, Scattered Clouds at 6100m Haze",2017-09-10
01:00,20°C,20°C,280°4 Km/h,,83%,17°C,1014.0mb,,"document.write(Icons.GetShortDescription(2, 'CurrentWeather'));  Few Clouds at 210m, Scattered Clouds at 6100m Haze",2017-09-10
02:00,19°C,19°C,20°7 Km/h,,83%,16°C,1014.0mb,,"document.write(Icons.GetShortDescription(2, 'CurrentWeather'));  Few Clouds at 210m, Scattered Clouds at 6100m Haze",2017-09-10
03:00,19°C,19°C,340°6 Km/h,,83%,16°C,1014.0mb,,"document.write(Icons.GetShortDescription(2, 'CurrentWeather'));  Few Clouds at 210m, Scattered Clouds at 6100m Haze",2017-09-10
04:00,19°C,19°C,330°4 Km/h,,88%,17°C,1014.0mb,,"document.write(Icons.GetShortDescription(3, 'CurrentWeather'));  Few Clouds at 210m, Broken Clouds at 6100m Haze",2017-09-10
05:00,19°C,19°C,20°6 Km/h,,83%,16°C,1014.0mb,,"document.write(Icons.GetShortDescription(3, 'CurrentWeather'));  Few Clouds at 210m, Broken Clouds at 6100m Haze",2017-09-10
06:00,19°C,19°C,360°4 Km/h,,88%,17°C,1014.0mb,,"document.write(Icons.GetShortDescription(3, 'CurrentWeather'));  Few Clouds at 300m, Broken Clouds at 6100m Haze",2017-09-10
07:00,20°C,20°C,330°6 Km/h,,88%,18°C,1015.0mb,,"document.write(Icons.GetShortDescription(3, 'CurrentWeather'));  Few Clouds at 300m, Broken Clouds at 6100m Haze",2017-09-10
08:00,21°C,21°C,330°6 Km/h,,83%,18°C,1015.0mb,,"document.write(Icons.GetShortDescription(1, 'CurrentWeather'));  Haze",2017-09-10
09:00,22°C,22°C,360°2 Km/h,,83%,19°C,1015.0mb,,"document.write(Icons.GetShortDescription(1, 'CurrentWeather'));  Haze",2017-09-10
10:00,24°C,25°C,60°4 Km/h,,78%,20°C,1015.0mb,,"document.write(Icons.GetShortDescription(1, 'CurrentWeather'));  Haze",2017-09-10
11:00,25°C,25°C,140°9 Km/h,,69%,19°C,1015.0mb,,"document.write(Icons.GetShortDescription(1, 'CurrentWeather'));  Haze",2017-09-10
12:00,26°C,27°C,140°7 Km/h,,65%,19°C,1014.0mb,,"document.write(Icons.GetShortDescription(1, 'CurrentWeather'));",2017-09-10
13:00,26°C,27°C,130°6 Km/h,,61%,18°C,1014.0mb,,"document.write(Icons.GetShortDescription(1, 'CurrentWeather'));",2017-09-10
14:00,26°C,27°C,120°11 Km/h,,61%,18°C,1013.0mb,,"document.write(Icons.GetShortDescription(1, 'CurrentWeather'));",2017-09-10
15:00,26°C,27°C,130°11 Km/h,,61%,18°C,1013.0mb,,"document.write(Icons.GetShortDescription(3, 'CurrentWeather'));  Few Clouds at 910m, Broken Clouds at 5500m",2017-09-10
16:00,26°C,27°C,160°9 Km/h,,58%,17°C,1013.0mb,,"document.write(Icons.GetShortDescription(3, 'CurrentWeather'));  Scattered Clouds at 910m, Broken Clouds at 5500m",2017-09-10
17:00,25°C,25°C,180°7 Km/h,,61%,17°C,1013.0mb,,"document.write(Icons.GetShortDescription(3, 'CurrentWeather'));  Scattered Clouds at 910m, Broken Clouds at 5500m",2017-09-10
18:00,25°C,25°C,210°6 Km/h,,61%,17°C,1013.0mb,,"document.write(Icons.GetShortDescription(4, 'CurrentWeather'));  Scattered Clouds at 910m, Cloudy at 3700m",2017-09-10
19:00,24°C,24°C,270°6 Km/h,,65%,17°C,1013.0mb,,"document.write(Icons.GetShortDescription(4, 'CurrentWeather'));  Scattered Clouds at 910m, Cloudy at 3700m",2017-09-10
20:00,23°C,23°C,20°4 Km/h,,69%,17°C,1012.0mb,,"document.write(Icons.GetShortDescription(7, 'CurrentWeather'));  Few Clouds at 300m, Broken Clouds at 910m, Cloudy at 3000m Light Rain, Haze",2017-09-10
21:00,22°C,22°C,350°6 Km/h,,78%,18°C,1012.0mb,,"document.write(Icons.GetShortDescription(7, 'CurrentWeather'));  Few Clouds at 300m, Broken Clouds at 910m, Cloudy at 3000m Light Rain, Haze",2017-09-10
22:00,22°C,22°C,10°4 Km/h,,78%,18°C,1012.0mb,,"document.write(Icons.GetShortDescription(4, 'CurrentWeather'));  Few Clouds at 300m, Broken Clouds at 910m, Cloudy at 3000m Haze",2017-09-10
23:00,22°C,22°C,60°4 Km/h,,78%,18°C,1011.0mb,,"document.write(Icons.GetShortDescription(7, 'CurrentWeather'));  Few Clouds at 300m, Broken Clouds at 910m, Cloudy at 3000m Light Rain, Haze",2017-09-10
