Time,Temperature,Relative Temperature,Wind,Wind Gust,Rel. humidity,Dew Point,Pressure,Icon,DescriptionDetails,date
00:00,20°C,20°C,290°2 Km/h,,73%,15°C,1013.0mb,,"document.write(Icons.GetShortDescription(1, 'CurrentWeather'));",2017-09-03
01:00,19°C,19°C,30°4 Km/h,,78%,15°C,1013.0mb,,"document.write(Icons.GetShortDescription(1, 'CurrentWeather'));",2017-09-03
02:00,19°C,19°C,270°6 Km/h,,78%,15°C,1013.0mb,,"document.write(Icons.GetShortDescription(1, 'CurrentWeather'));",2017-09-03
03:00,18°C,18°C,330°2 Km/h,,83%,15°C,1013.0mb,,"document.write(Icons.GetShortDescription(1, 'CurrentWeather'));",2017-09-03
04:00,18°C,18°C,330°6 Km/h,,83%,15°C,1013.0mb,,"document.write(Icons.GetShortDescription(1, 'CurrentWeather'));",2017-09-03
05:00,18°C,18°C,240°4 Km/h,,83%,15°C,1014.0mb,,"document.write(Icons.GetShortDescription(1, 'CurrentWeather'));",2017-09-03
06:00,18°C,18°C,360°2 Km/h,,83%,15°C,1014.0mb,,"document.write(Icons.GetShortDescription(1, 'CurrentWeather'));",2017-09-03
07:00,19°C,19°C,230°2 Km/h,,83%,16°C,1015.0mb,,"document.write(Icons.GetShortDescription(1, 'CurrentWeather'));",2017-09-03
08:00,22°C,22°C,160°6 Km/h,,78%,18°C,1015.0mb,,"document.write(Icons.GetShortDescription(1, 'CurrentWeather'));",2017-09-03
09:00,24°C,24°C,160°6 Km/h,,69%,18°C,1016.0mb,,"document.write(Icons.GetShortDescription(1, 'CurrentWeather'));",2017-09-03
10:00,25°C,25°C,170°9 Km/h,,61%,17°C,1016.0mb,,"document.write(Icons.GetShortDescription(1, 'CurrentWeather'));",2017-09-03
11:00,27°C,28°C,240°6 Km/h,,54%,17°C,1016.0mb,,"document.write(Icons.GetShortDescription(1, 'CurrentWeather'));",2017-09-03
12:00,27°C,27°C,130°2 Km/h,,51%,16°C,1015.0mb,,"document.write(Icons.GetShortDescription(2, 'CurrentWeather'));  Few Clouds at 910m",2017-09-03
13:00,28°C,28°C,110°6 Km/h,,48%,16°C,1014.0mb,,"document.write(Icons.GetShortDescription(2, 'CurrentWeather'));  Scattered Clouds at 910m",2017-09-03
14:00,29°C,29°C,250°9 Km/h,,43%,15°C,1014.0mb,,"document.write(Icons.GetShortDescription(2, 'CurrentWeather'));  Scattered Clouds at 910m",2017-09-03
15:00,29°C,29°C,300°13 Km/h,,43%,15°C,1013.0mb,,"document.write(Icons.GetShortDescription(2, 'CurrentWeather'));  Scattered Clouds at 910m, Scattered Clouds at 6100m",2017-09-03
16:00,28°C,28°C,290°13 Km/h,,48%,16°C,1013.0mb,,"document.write(Icons.GetShortDescription(2, 'CurrentWeather'));  Scattered Clouds at 910m, Scattered Clouds at 6100m",2017-09-03
17:00,27°C,27°C,280°11 Km/h,,51%,16°C,1014.0mb,,"document.write(Icons.GetShortDescription(3, 'CurrentWeather'));  Few Clouds at 910m, Broken Clouds at 6100m",2017-09-03
18:00,26°C,26°C,280°7 Km/h,,54%,16°C,1014.0mb,,"document.write(Icons.GetShortDescription(3, 'CurrentWeather'));  Few Clouds at 1200m, Broken Clouds at 6100m",2017-09-03
19:00,24°C,24°C,290°7 Km/h,,57%,15°C,1014.0mb,,"document.write(Icons.GetShortDescription(3, 'CurrentWeather'));  Few Clouds at 1200m, Broken Clouds at 6100m",2017-09-03
20:00,23°C,23°C,300°7 Km/h,,61%,15°C,1015.0mb,,"document.write(Icons.GetShortDescription(1, 'CurrentWeather'));",2017-09-03
21:00,22°C,22°C,330°4 Km/h,,65%,15°C,1015.0mb,,"document.write(Icons.GetShortDescription(1, 'CurrentWeather'));",2017-09-03
22:00,21°C,21°C,350°4 Km/h,,69%,15°C,1016.0mb,,"document.write(Icons.GetShortDescription(1, 'CurrentWeather'));",2017-09-03
23:00,21°C,21°C,310°4 Km/h,,73%,16°C,1016.0mb,,"document.write(Icons.GetShortDescription(1, 'CurrentWeather'));",2017-09-03
