Time,Temperature,Relative Temperature,Wind,Wind Gust,Rel. humidity,Dew Point,Pressure,Icon,DescriptionDetails,date
00:00,18°C,18°C,170°4 Km/h,,56%,9°C,1022.0mb,,"document.write(Icons.GetShortDescription(4, 'CurrentWeather'));  Scattered Clouds at 910m, Broken Clouds at 3700m, Cloudy at 5500m",2017-10-06
01:00,17°C,17°C,170°7 Km/h,,59%,9°C,1022.0mb,,"document.write(Icons.GetShortDescription(4, 'CurrentWeather'));  Scattered Clouds at 910m, Broken Clouds at 3400m, Cloudy at 5500m",2017-10-06
02:00,18°C,18°C,120°11 Km/h,,56%,9°C,1022.0mb,,"document.write(Icons.GetShortDescription(4, 'CurrentWeather'));  Scattered Clouds at 910m, Broken Clouds at 3400m, Cloudy at 5500m",2017-10-06
03:00,18°C,18°C,100°11 Km/h,,56%,9°C,1021.0mb,,"document.write(Icons.GetShortDescription(4, 'CurrentWeather'));  Scattered Clouds at 910m, Broken Clouds at 3400m, Cloudy at 5500m",2017-10-06
04:00,16°C,16°C,50°6 Km/h,,59%,8°C,1021.0mb,,"document.write(Icons.GetShortDescription(3, 'CurrentWeather'));  Scattered Clouds at 910m, Broken Clouds at 3400m",2017-10-06
05:00,16°C,16°C,40°2 Km/h,,63%,9°C,1020.0mb,,"document.write(Icons.GetShortDescription(3, 'CurrentWeather'));  Scattered Clouds at 910m, Broken Clouds at 3400m",2017-10-06
06:00,15°C,15°C,350°4 Km/h,,68%,9°C,1020.0mb,,"document.write(Icons.GetShortDescription(3, 'CurrentWeather'));  Scattered Clouds at 910m, Broken Clouds at 3400m",2017-10-06
07:00,15°C,15°C,340°6 Km/h,,72%,10°C,1021.0mb,,"document.write(Icons.GetShortDescription(1, 'CurrentWeather'));",2017-10-06
08:00,18°C,18°C,40°4 Km/h,,64%,11°C,1021.0mb,,"document.write(Icons.GetShortDescription(1, 'CurrentWeather'));",2017-10-06
09:00,20°C,20°C,110°9 Km/h,,56%,11°C,1021.0mb,,"document.write(Icons.GetShortDescription(1, 'CurrentWeather'));",2017-10-06
10:00,21°C,21°C,70°11 Km/h,,53%,11°C,1020.0mb,,"document.write(Icons.GetShortDescription(1, 'CurrentWeather'));",2017-10-06
11:00,22°C,21°C,70°11 Km/h,,47%,10°C,1020.0mb,,"document.write(Icons.GetShortDescription(2, 'CurrentWeather'));  Few Clouds at 910m, Scattered Clouds at 3700m",2017-10-06
12:00,24°C,24°C,150°11 Km/h,,44%,11°C,1019.0mb,,"document.write(Icons.GetShortDescription(2, 'CurrentWeather'));  Few Clouds at 910m, Scattered Clouds at 4600m",2017-10-06
13:00,22°C,21°C,120°20 Km/h,,44%,9°C,1019.0mb,,"document.write(Icons.GetShortDescription(3, 'CurrentWeather'));  Broken Clouds at 910m, Broken Clouds at 3700m",2017-10-06
14:00,20°C,20°C,100°20 Km/h,,49%,9°C,1018.0mb,,"document.write(Icons.GetShortDescription(3, 'CurrentWeather'));  Broken Clouds at 1100m, Broken Clouds at 3700m",2017-10-06
15:00,20°C,20°C,80°13 Km/h,,53%,10°C,1018.0mb,,"document.write(Icons.GetShortDescription(4, 'CurrentWeather'));  Broken Clouds at 910m, Cloudy at 3700m",2017-10-06
16:00,19°C,19°C,40°13 Km/h,,60%,11°C,1017.0mb,,"document.write(Icons.GetShortDescription(4, 'CurrentWeather'));  Broken Clouds at 1100m, Cloudy at 3700m",2017-10-06
17:00,19°C,19°C,50°13 Km/h,,60%,11°C,1017.0mb,,"document.write(Icons.GetShortDescription(3, 'CurrentWeather'));  Broken Clouds at 1100m, Broken Clouds at 3700m",2017-10-06
18:00,19°C,19°C,40°11 Km/h,,60%,11°C,1017.0mb,,"document.write(Icons.GetShortDescription(3, 'CurrentWeather'));  Broken Clouds at 1100m, Broken Clouds at 3700m",2017-10-06
19:00,19°C,19°C,30°7 Km/h,,60%,11°C,1017.0mb,,"document.write(Icons.GetShortDescription(3, 'CurrentWeather'));  Broken Clouds at 1100m, Broken Clouds at 3700m",2017-10-06
20:00,19°C,19°C,60°6 Km/h,,60%,11°C,1018.0mb,,"document.write(Icons.GetShortDescription(3, 'CurrentWeather'));  Broken Clouds at 1100m",2017-10-06
21:00,19°C,19°C,100°13 Km/h,,64%,12°C,1018.0mb,,"document.write(Icons.GetShortDescription(2, 'CurrentWeather'));  Scattered Clouds at 910m",2017-10-06
22:00,18°C,18°C,110°13 Km/h,,68%,12°C,1018.0mb,,"document.write(Icons.GetShortDescription(2, 'CurrentWeather'));  Scattered Clouds at 910m",2017-10-06
23:00,18°C,18°C,70°7 Km/h,,68%,12°C,1018.0mb,,"document.write(Icons.GetShortDescription(2, 'CurrentWeather'));  Scattered Clouds at 910m",2017-10-06
