Time,Temperature,Relative Temperature,Wind,Wind Gust,Rel. humidity,Dew Point,Pressure,Icon,DescriptionDetails,date
00:00,2°C,-1°C,320°9 Km/h,,81%,-1°C,1013.0mb,,"document.write(Icons.GetShortDescription(7, 'CurrentWeather'));  Scattered Clouds at 150m, Broken Clouds at 610m, Cloudy at 2100m Light Rain, Haze",2017-03-02
01:00,1°C,-3°C,330°15 Km/h,,87%,-1°C,1013.0mb,,"document.write(Icons.GetShortDescription(7, 'CurrentWeather'));  Scattered Clouds at 120m, Broken Clouds at 760m, Cloudy at 2400m Light Rain, Haze",2017-03-02
02:00,1°C,-3°C,330°13 Km/h,,87%,-1°C,1013.0mb,,"document.write(Icons.GetShortDescription(7, 'CurrentWeather'));  Scattered Clouds at 120m, Broken Clouds at 760m, Cloudy at 2400m Light Rain, Haze",2017-03-02
03:00,1°C,-2°C,340°9 Km/h,,81%,-2°C,1012.0mb,,"document.write(Icons.GetShortDescription(4, 'CurrentWeather'));  Scattered Clouds at 180m, Broken Clouds at 760m, Cloudy at 2400m Haze",2017-03-02
04:00,2°C,-2°C,310°13 Km/h,,81%,-1°C,1012.0mb,,"document.write(Icons.GetShortDescription(3, 'CurrentWeather'));  Scattered Clouds at 300m, Broken Clouds at 760m Haze",2017-03-02
05:00,2°C,-2°C,320°13 Km/h,,75%,-2°C,1013.0mb,,"document.write(Icons.GetShortDescription(3, 'CurrentWeather'));  Scattered Clouds at 300m, Broken Clouds at 760m Haze",2017-03-02
06:00,0°C,-5°C,310°19 Km/h,,75%,-4°C,1013.0mb,,"document.write(Icons.GetShortDescription(3, 'CurrentWeather'));  Broken Clouds at 1200m Haze",2017-03-02
07:00,0°C,-5°C,320°17 Km/h,,69%,-5°C,1014.0mb,,"document.write(Icons.GetShortDescription(2, 'CurrentWeather'));  Scattered Clouds at 760m",2017-03-02
08:00,0°C,-5°C,320°17 Km/h,,64%,-6°C,1015.0mb,,"document.write(Icons.GetShortDescription(3, 'CurrentWeather'));  Broken Clouds at 760m",2017-03-02
09:00,0°C,-5°C,320°20 Km/h,,60%,-7°C,1015.0mb,,"document.write(Icons.GetShortDescription(2, 'CurrentWeather'));  Scattered Clouds at 760m",2017-03-02
10:00,1°C,-4°C,310°19 Km/h,,56%,-7°C,1016.0mb,,"document.write(Icons.GetShortDescription(1, 'CurrentWeather'));",2017-03-02
11:00,2°C,-2°C,340°17 Km/h,,56%,-6°C,1016.0mb,,"document.write(Icons.GetShortDescription(1, 'CurrentWeather'));",2017-03-02
12:00,3°C,-1°C,330°19 Km/h,,45%,-8°C,1016.0mb,,"document.write(Icons.GetShortDescription(1, 'CurrentWeather'));",2017-03-02
13:00,4°C,0°C,340°20 Km/h,,48%,-6°C,1016.0mb,,"document.write(Icons.GetShortDescription(1, 'CurrentWeather'));",2017-03-02
14:00,5°C,2°C,330°15 Km/h,,42%,-7°C,1015.0mb,,"document.write(Icons.GetShortDescription(1, 'CurrentWeather'));",2017-03-02
15:00,6°C,3°C,240°13 Km/h,,39%,-7°C,1015.0mb,,"document.write(Icons.GetShortDescription(1, 'CurrentWeather'));",2017-03-02
16:00,5°C,1°C,260°19 Km/h,,42%,-7°C,1016.0mb,,"document.write(Icons.GetShortDescription(1, 'CurrentWeather'));",2017-03-02
17:00,5°C,2°C,270°17 Km/h,,42%,-7°C,1016.0mb,,"document.write(Icons.GetShortDescription(2, 'CurrentWeather'));  Few Clouds at 1100m",2017-03-02
18:00,4°C,0°C,280°19 Km/h,,45%,-7°C,1017.0mb,,"document.write(Icons.GetShortDescription(1, 'CurrentWeather'));",2017-03-02
19:00,1°C,-3°C,340°17 Km/h,,48%,-9°C,1018.0mb,,"document.write(Icons.GetShortDescription(1, 'CurrentWeather'));",2017-03-02
20:00,0°C,-4°C,330°13 Km/h,,37%,-13°C,1019.0mb,,"document.write(Icons.GetShortDescription(1, 'CurrentWeather'));",2017-03-02
21:00,0°C,-2°C,340°6 Km/h,,37%,-13°C,1019.0mb,,"document.write(Icons.GetShortDescription(1, 'CurrentWeather'));",2017-03-02
22:00,0°C,-3°C,280°9 Km/h,,40%,-12°C,1020.0mb,,"document.write(Icons.GetShortDescription(1, 'CurrentWeather'));",2017-03-02
23:00,-2°C,-2°C,240°2 Km/h,,51%,-11°C,1020.0mb,,"document.write(Icons.GetShortDescription(1, 'CurrentWeather'));",2017-03-02
