Time,Temperature,Relative Temperature,Wind,Wind Gust,Rel. humidity,Dew Point,Pressure,Icon,DescriptionDetails,date
00:00,12°C,12°C,240°9 Km/h,,88%,10°C,1011.0mb,,"document.write(Icons.GetShortDescription(7, 'CurrentWeather'));  Scattered Clouds at 150m, Broken Clouds at 760m, Cloudy at 2100m Rain, Haze",2017-04-06
01:00,12°C,12°C,240°17 Km/h,,82%,9°C,1011.0mb,,"document.write(Icons.GetShortDescription(7, 'CurrentWeather'));  Scattered Clouds at 150m, Broken Clouds at 760m, Cloudy at 2100m Light Rain, Haze",2017-04-06
02:00,11°C,11°C,240°19 Km/h,,82%,8°C,1011.0mb,,"document.write(Icons.GetShortDescription(7, 'CurrentWeather'));  Scattered Clouds at 150m, Broken Clouds at 760m, Cloudy at 2100m Light Rain, Haze",2017-04-06
03:00,10°C,8°C,220°17 Km/h,,88%,8°C,1010.0mb,,"document.write(Icons.GetShortDescription(7, 'CurrentWeather'));  Scattered Clouds at 60m, Broken Clouds at 760m, Cloudy at 2100m Light Rain, Haze",2017-04-06
04:00,11°C,11°C,220°11 Km/h,,82%,8°C,1010.0mb,,"document.write(Icons.GetShortDescription(7, 'CurrentWeather'));  Scattered Clouds at 60m, Broken Clouds at 760m, Cloudy at 2100m Light Rain, Haze",2017-04-06
04:52,10°C,8°C,230°13 Km/h,,88%,8°C,1010.0mb,,"document.write(Icons.GetShortDescription(7, 'CurrentWeather'));  Scattered Clouds at 60m, Broken Clouds at 760m, Cloudy at 2100m Drizzle, Haze",2017-04-06
05:00,10°C,8°C,230°13 Km/h,,88%,8°C,1010.0mb,,"document.write(Icons.GetShortDescription(7, 'CurrentWeather'));  Scattered Clouds at 60m, Broken Clouds at 760m, Cloudy at 2100m Light Drizzle, Haze",2017-04-06
06:00,10°C,8°C,240°11 Km/h,,88%,8°C,1010.0mb,,"document.write(Icons.GetShortDescription(7, 'CurrentWeather'));  Scattered Clouds at 60m, Broken Clouds at 760m, Cloudy at 2100m Light Drizzle, Haze",2017-04-06
07:00,9°C,6°C,220°17 Km/h,,87%,7°C,1011.0mb,,"document.write(Icons.GetShortDescription(7, 'CurrentWeather'));  Scattered Clouds at 60m, Broken Clouds at 760m, Cloudy at 2100m Light Drizzle, Haze",2017-04-06
08:00,9°C,7°C,220°13 Km/h,,87%,7°C,1012.0mb,,"document.write(Icons.GetShortDescription(4, 'CurrentWeather'));  Few Clouds at 60m, Scattered Clouds at 760m, Cloudy at 2400m Haze",2017-04-06
09:00,10°C,8°C,210°11 Km/h,,88%,8°C,1012.0mb,,"document.write(Icons.GetShortDescription(4, 'CurrentWeather'));  Few Clouds at 60m, Scattered Clouds at 760m, Cloudy at 2400m Haze",2017-04-06
10:00,10°C,8°C,230°13 Km/h,,82%,7°C,1013.0mb,,"document.write(Icons.GetShortDescription(3, 'CurrentWeather'));  Scattered Clouds at 240m, Broken Clouds at 760m Haze",2017-04-06
11:00,10°C,9°C,260°9 Km/h,,82%,7°C,1013.0mb,,"document.write(Icons.GetShortDescription(3, 'CurrentWeather'));  Scattered Clouds at 240m, Broken Clouds at 760m Haze",2017-04-06
12:00,11°C,11°C,230°13 Km/h,,77%,7°C,1013.0mb,,"document.write(Icons.GetShortDescription(3, 'CurrentWeather'));  Scattered Clouds at 240m, Broken Clouds at 760m Haze",2017-04-06
12:32,11°C,11°C,230°13 Km/h,,77%,7°C,1013.0mb,,"document.write(Icons.GetShortDescription(3, 'CurrentWeather'));  Scattered Clouds at 240m, Broken Clouds at 760m",2017-04-06
13:00,11°C,11°C,230°15 Km/h,,77%,7°C,1013.0mb,,"document.write(Icons.GetShortDescription(3, 'CurrentWeather'));  Scattered Clouds at 240m, Broken Clouds at 910m",2017-04-06
14:00,12°C,12°C,230°15 Km/h,,72%,7°C,1012.0mb,,"document.write(Icons.GetShortDescription(3, 'CurrentWeather'));  Scattered Clouds at 240m, Broken Clouds at 760m",2017-04-06
15:00,11°C,11°C,230°13 Km/h,,77%,7°C,1012.0mb,,"document.write(Icons.GetShortDescription(3, 'CurrentWeather'));  Scattered Clouds at 760m, Broken Clouds at 3000m",2017-04-06
16:00,10°C,8°C,280°13 Km/h,,76%,6°C,1012.0mb,,"document.write(Icons.GetShortDescription(3, 'CurrentWeather'));  Few Clouds at 300m, Broken Clouds at 760m",2017-04-06
17:00,10°C,10°C,300°6 Km/h,,82%,7°C,1012.0mb,,"document.write(Icons.GetShortDescription(3, 'CurrentWeather'));  Few Clouds at 300m, Broken Clouds at 760m",2017-04-06
18:00,11°C,11°C,230°9 Km/h,,77%,7°C,1012.0mb,,"document.write(Icons.GetShortDescription(3, 'CurrentWeather'));  Few Clouds at 300m, Broken Clouds at 760m",2017-04-06
19:00,10°C,9°C,290°7 Km/h,,76%,6°C,1012.0mb,,"document.write(Icons.GetShortDescription(3, 'CurrentWeather'));  Few Clouds at 300m, Broken Clouds at 760m",2017-04-06
20:00,10°C,10°C,240°4 Km/h,,76%,6°C,1013.0mb,,"document.write(Icons.GetShortDescription(3, 'CurrentWeather'));  Few Clouds at 300m, Broken Clouds at 760m",2017-04-06
21:00,10°C,9°C,300°7 Km/h,,76%,6°C,1014.0mb,,"document.write(Icons.GetShortDescription(3, 'CurrentWeather'));  Scattered Clouds at 300m, Broken Clouds at 760m",2017-04-06
22:00,10°C,10°C,240°4 Km/h,,76%,6°C,1014.0mb,,"document.write(Icons.GetShortDescription(3, 'CurrentWeather'));  Scattered Clouds at 300m, Broken Clouds at 760m",2017-04-06
23:00,9°C,8°C,300°7 Km/h,,82%,6°C,1014.0mb,,"document.write(Icons.GetShortDescription(3, 'CurrentWeather'));  Scattered Clouds at 300m, Broken Clouds at 760m",2017-04-06
