Time,Temperature,Relative Temperature,Wind,Wind Gust,Rel. humidity,Dew Point,Pressure,Icon,DescriptionDetails,date
00:00,-6°C,-12°C,340°15 Km/h,,42%,-17°C,1024.0mb,,"document.write(Icons.GetShortDescription(1, 'CurrentWeather'));",2017-12-05
01:00,-6°C,-12°C,330°15 Km/h,,42%,-17°C,1024.0mb,,"document.write(Icons.GetShortDescription(1, 'CurrentWeather'));",2017-12-05
02:00,-7°C,-10°C,340°6 Km/h,,42%,-18°C,1024.0mb,,"document.write(Icons.GetShortDescription(1, 'CurrentWeather'));",2017-12-05
03:00,-8°C,-12°C,350°7 Km/h,,45%,-18°C,1024.0mb,,"document.write(Icons.GetShortDescription(1, 'CurrentWeather'));",2017-12-05
04:00,-8°C,-13°C,320°11 Km/h,,41%,-19°C,1024.0mb,,"document.write(Icons.GetShortDescription(1, 'CurrentWeather'));",2017-12-05
05:00,-7°C,-13°C,310°15 Km/h,,35%,-20°C,1024.0mb,,"document.write(Icons.GetShortDescription(1, 'CurrentWeather'));",2017-12-05
06:00,-8°C,-14°C,320°13 Km/h,,38%,-20°C,1024.0mb,,"document.write(Icons.GetShortDescription(1, 'CurrentWeather'));",2017-12-05
07:00,-8°C,-13°C,360°11 Km/h,,38%,-20°C,1024.0mb,,"document.write(Icons.GetShortDescription(1, 'CurrentWeather'));",2017-12-05
08:00,-8°C,-12°C,340°7 Km/h,,38%,-20°C,1024.0mb,,"document.write(Icons.GetShortDescription(1, 'CurrentWeather'));",2017-12-05
09:00,-6°C,-10°C,330°9 Km/h,,35%,-19°C,1024.0mb,,"document.write(Icons.GetShortDescription(1, 'CurrentWeather'));",2017-12-05
10:00,-4°C,-8°C,340°9 Km/h,,28%,-20°C,1024.0mb,,"document.write(Icons.GetShortDescription(1, 'CurrentWeather'));",2017-12-05
11:00,-3°C,-8°C,340°15 Km/h,,26%,-20°C,1024.0mb,,"document.write(Icons.GetShortDescription(1, 'CurrentWeather'));",2017-12-05
12:00,-2°C,-7°C,330°17 Km/h,,24%,-20°C,1023.0mb,,"document.write(Icons.GetShortDescription(1, 'CurrentWeather'));",2017-12-05
13:00,-2°C,-7°C,330°15 Km/h,,26%,-19°C,1023.0mb,,"document.write(Icons.GetShortDescription(1, 'CurrentWeather'));",2017-12-05
14:00,0°C,-4°C,340°15 Km/h,,27%,-17°C,1022.0mb,,"document.write(Icons.GetShortDescription(1, 'CurrentWeather'));",2017-12-05
15:00,-1°C,-4°C,300°9 Km/h,,29%,-17°C,1022.0mb,,"document.write(Icons.GetShortDescription(1, 'CurrentWeather'));",2017-12-05
16:00,-1°C,-4°C,280°9 Km/h,,31%,-16°C,1022.0mb,,"document.write(Icons.GetShortDescription(1, 'CurrentWeather'));",2017-12-05
17:00,-2°C,-6°C,270°11 Km/h,,37%,-15°C,1022.0mb,,"document.write(Icons.GetShortDescription(1, 'CurrentWeather'));",2017-12-05
18:00,-3°C,-7°C,270°9 Km/h,,43%,-14°C,1023.0mb,,"document.write(Icons.GetShortDescription(1, 'CurrentWeather'));",2017-12-05
19:00,-3°C,-3°C,220°4 Km/h,,43%,-14°C,1023.0mb,,"document.write(Icons.GetShortDescription(1, 'CurrentWeather'));",2017-12-05
20:00,-3°C,-3°C,210°4 Km/h,,46%,-13°C,1022.0mb,,"document.write(Icons.GetShortDescription(1, 'CurrentWeather'));",2017-12-05
21:00,-3°C,-7°C,160°11 Km/h,,46%,-13°C,1022.0mb,,"document.write(Icons.GetShortDescription(3, 'CurrentWeather'));  Broken Clouds at 910m",2017-12-05
22:00,-2°C,-5°C,170°9 Km/h,,47%,-12°C,1022.0mb,,"document.write(Icons.GetShortDescription(26, 'CurrentWeather'));  Few Clouds at 300m, Broken Clouds at 910m Light Snowfall",2017-12-05
23:00,-3°C,-8°C,160°13 Km/h,,59%,-10°C,1022.0mb,,"document.write(Icons.GetShortDescription(26, 'CurrentWeather'));  Few Clouds at 300m, Broken Clouds at 910m, Cloudy at 2400m Light Snowfall",2017-12-05
23:55,-3°C,-5°C,160°6 Km/h,,64%,-9°C,1022.0mb,,"document.write(Icons.GetShortDescription(26, 'CurrentWeather'));  Few Clouds at 300m, Broken Clouds at 910m, Cloudy at 2400m Light Snowfall",2017-12-05
