Time,Temperature,Relative Temperature,Wind,Wind Gust,Rel. humidity,Dew Point,Pressure,Icon,DescriptionDetails,date
00:00,24°C,25°C,10°6 Km/h,,78%,20°C,1011.0mb,,"document.write(Icons.GetShortDescription(1, 'CurrentWeather'));",2017-07-06
01:00,24°C,25°C,350°6 Km/h,,78%,20°C,1011.0mb,,"document.write(Icons.GetShortDescription(1, 'CurrentWeather'));  Haze",2017-07-06
02:00,23°C,24°C,320°7 Km/h,,83%,20°C,1011.0mb,,"document.write(Icons.GetShortDescription(1, 'CurrentWeather'));  Haze",2017-07-06
03:00,23°C,24°C,340°2 Km/h,,83%,20°C,1010.0mb,,"document.write(Icons.GetShortDescription(1, 'CurrentWeather'));  Haze",2017-07-06
04:00,23°C,24°C,320°4 Km/h,,83%,20°C,1010.0mb,,"document.write(Icons.GetShortDescription(1, 'CurrentWeather'));  Haze",2017-07-06
05:00,22°C,23°C,Calm,,88%,20°C,1011.0mb,,"document.write(Icons.GetShortDescription(1, 'CurrentWeather'));  Haze",2017-07-06
06:00,23°C,24°C,290°2 Km/h,,83%,20°C,1011.0mb,,"document.write(Icons.GetShortDescription(1, 'CurrentWeather'));  Haze",2017-07-06
07:00,25°C,26°C,300°2 Km/h,,79%,21°C,1011.0mb,,"document.write(Icons.GetShortDescription(3, 'CurrentWeather'));  Few Clouds at 300m, Broken Clouds at 5500m Haze",2017-07-06
08:00,28°C,31°C,280°2 Km/h,,70%,22°C,1011.0mb,,"document.write(Icons.GetShortDescription(3, 'CurrentWeather'));  Few Clouds at 300m, Broken Clouds at 5500m Haze",2017-07-06
09:00,29°C,31°C,180°9 Km/h,,58%,20°C,1011.0mb,,"document.write(Icons.GetShortDescription(4, 'CurrentWeather'));  Few Clouds at 300m, Cloudy at 5500m Haze",2017-07-06
10:00,30°C,33°C,130°9 Km/h,,59%,21°C,1011.0mb,,"document.write(Icons.GetShortDescription(1, 'CurrentWeather'));  Haze",2017-07-06
11:00,31°C,33°C,170°9 Km/h,,52%,20°C,1010.0mb,,"document.write(Icons.GetShortDescription(2, 'CurrentWeather'));  Few Clouds at 760m, Scattered Clouds at 6100m",2017-07-06
12:00,32°C,35°C,210°9 Km/h,,52%,21°C,1010.0mb,,"document.write(Icons.GetShortDescription(2, 'CurrentWeather'));  Scattered Clouds at 760m",2017-07-06
13:00,33°C,36°C,230°7 Km/h,,49%,21°C,1009.0mb,,"document.write(Icons.GetShortDescription(2, 'CurrentWeather'));  Scattered Clouds at 910m",2017-07-06
14:00,33°C,37°C,300°7 Km/h,,52%,22°C,1009.0mb,,"document.write(Icons.GetShortDescription(2, 'CurrentWeather'));  Scattered Clouds at 910m",2017-07-06
15:00,32°C,36°C,290°15 Km/h,,55%,22°C,1008.0mb,,"document.write(Icons.GetShortDescription(2, 'CurrentWeather'));  Scattered Clouds at 910m",2017-07-06
16:00,32°C,36°C,290°17 Km/h,,55%,22°C,1008.0mb,,"document.write(Icons.GetShortDescription(2, 'CurrentWeather'));  Few Clouds at 910m",2017-07-06
17:00,31°C,34°C,300°19 Km/h,,55%,21°C,1008.0mb,,"document.write(Icons.GetShortDescription(2, 'CurrentWeather'));  Few Clouds at 910m",2017-07-06
18:00,29°C,32°C,290°17 Km/h,,66%,22°C,1008.0mb,,"document.write(Icons.GetShortDescription(2, 'CurrentWeather'));  Scattered Clouds at 910m",2017-07-06
19:00,28°C,31°C,300°9 Km/h,,70%,22°C,1009.0mb,,"document.write(Icons.GetShortDescription(7, 'CurrentWeather'));  Broken Clouds at 610m Light Rain",2017-07-06
20:00,28°C,31°C,240°13 Km/h,,70%,22°C,1010.0mb,,"document.write(Icons.GetShortDescription(3, 'CurrentWeather'));  Broken Clouds at 610m",2017-07-06
21:00,27°C,29°C,240°9 Km/h,,74%,22°C,1010.0mb,,"document.write(Icons.GetShortDescription(3, 'CurrentWeather'));  Broken Clouds at 910m, Broken Clouds at 3700m",2017-07-06
22:00,26°C,27°C,200°7 Km/h,,74%,21°C,1010.0mb,,"document.write(Icons.GetShortDescription(3, 'CurrentWeather'));  Broken Clouds at 910m, Broken Clouds at 3700m",2017-07-06
23:00,26°C,27°C,150°4 Km/h,,74%,21°C,1009.0mb,,"document.write(Icons.GetShortDescription(3, 'CurrentWeather'));  Broken Clouds at 910m, Broken Clouds at 3700m",2017-07-06
