Time,Temperature,Relative Temperature,Wind,Wind Gust,Rel. humidity,Dew Point,Pressure,Icon,DescriptionDetails,date
00:00,10°C,10°C,230°2 Km/h,,58%,2°C,1022.0mb,,"document.write(Icons.GetShortDescription(1, 'CurrentWeather'));",2017-04-05
01:00,10°C,10°C,350°4 Km/h,,50%,0°C,1021.0mb,,"document.write(Icons.GetShortDescription(1, 'CurrentWeather'));",2017-04-05
02:00,10°C,10°C,340°2 Km/h,,50%,0°C,1021.0mb,,"document.write(Icons.GetShortDescription(1, 'CurrentWeather'));",2017-04-05
03:00,10°C,10°C,50°6 Km/h,,54%,1°C,1021.0mb,,"document.write(Icons.GetShortDescription(1, 'CurrentWeather'));",2017-04-05
04:00,10°C,9°C,50°7 Km/h,,54%,1°C,1021.0mb,,"document.write(Icons.GetShortDescription(1, 'CurrentWeather'));",2017-04-05
05:00,10°C,10°C,330°2 Km/h,,58%,2°C,1021.0mb,,"document.write(Icons.GetShortDescription(1, 'CurrentWeather'));",2017-04-05
06:00,9°C,9°C,280°2 Km/h,,62%,2°C,1021.0mb,,"document.write(Icons.GetShortDescription(4, 'CurrentWeather'));  Scattered Clouds at 1100m, Cloudy at 3400m",2017-04-05
07:00,11°C,11°C,10°2 Km/h,,50%,1°C,1021.0mb,,"document.write(Icons.GetShortDescription(4, 'CurrentWeather'));  Scattered Clouds at 1100m, Cloudy at 3400m",2017-04-05
08:00,11°C,11°C,60°6 Km/h,,62%,4°C,1021.0mb,,"document.write(Icons.GetShortDescription(7, 'CurrentWeather'));  Scattered Clouds at 760m, Cloudy at 2400m Light Rain",2017-04-05
08:57,10°C,8°C,210°11 Km/h,,88%,8°C,1012.0mb,,"document.write(Icons.GetShortDescription(4, 'CurrentWeather'));  Few Clouds at 60m, Scattered Clouds at 760m, Cloudy at 2400m Haze",2017-04-05
09:00,12°C,12°C,40°11 Km/h,,58%,4°C,1020.0mb,,"document.write(Icons.GetShortDescription(7, 'CurrentWeather'));  Scattered Clouds at 760m, Cloudy at 2400m Light Rain",2017-04-05
10:00,14°C,14°C,110°7 Km/h,,44%,2°C,1020.0mb,,"document.write(Icons.GetShortDescription(4, 'CurrentWeather'));  Scattered Clouds at 760m, Cloudy at 2400m",2017-04-05
11:00,14°C,14°C,110°19 Km/h,,39%,0°C,1020.0mb,,"document.write(Icons.GetShortDescription(7, 'CurrentWeather'));  Broken Clouds at 910m, Cloudy at 2400m Light Rain",2017-04-05
12:00,15°C,15°C,140°20 Km/h,,42%,2°C,1018.0mb,,"document.write(Icons.GetShortDescription(4, 'CurrentWeather'));  Scattered Clouds at 910m, Cloudy at 2100m",2017-04-05
13:00,14°C,14°C,150°22 Km/h,,48%,3°C,1017.0mb,,"document.write(Icons.GetShortDescription(7, 'CurrentWeather'));  Broken Clouds at 910m, Cloudy at 2100m Light Rain",2017-04-05
14:00,13°C,13°C,130°19 Km/h,,63%,6°C,1016.0mb,,"document.write(Icons.GetShortDescription(7, 'CurrentWeather'));  Few Clouds at 460m, Broken Clouds at 910m, Cloudy at 2100m Light Rain",2017-04-05
15:00,12°C,12°C,120°15 Km/h,,72%,7°C,1015.0mb,,"document.write(Icons.GetShortDescription(7, 'CurrentWeather'));  Few Clouds at 460m, Broken Clouds at 760m, Cloudy at 2100m Light Rain, Haze",2017-04-05
15:45,11°C,11°C,120°20 Km/h,,77%,7°C,1013.0mb,,"document.write(Icons.GetShortDescription(7, 'CurrentWeather'));  Few Clouds at 460m, Broken Clouds at 760m, Cloudy at 2100m Rain, Haze",2017-04-05
16:00,11°C,11°C,120°22 Km/h,,77%,7°C,1013.0mb,,"document.write(Icons.GetShortDescription(7, 'CurrentWeather'));  Few Clouds at 460m, Broken Clouds at 760m, Cloudy at 2100m Rain, Haze",2017-04-05
17:00,11°C,11°C,120°19 Km/h,,82%,8°C,1012.0mb,,"document.write(Icons.GetShortDescription(7, 'CurrentWeather'));  Few Clouds at 370m, Broken Clouds at 760m, Cloudy at 2100m Rain, Haze",2017-04-05
18:00,12°C,12°C,130°19 Km/h,,77%,8°C,1012.0mb,,"document.write(Icons.GetShortDescription(7, 'CurrentWeather'));  Few Clouds at 300m, Broken Clouds at 760m, Cloudy at 2100m Light Rain, Haze",2017-04-05
18:50,12°C,12°C,130°17 Km/h,,82%,9°C,1011.0mb,,"document.write(Icons.GetShortDescription(7, 'CurrentWeather'));  Few Clouds at 240m, Broken Clouds at 760m, Cloudy at 2100m Light Rain, Haze",2017-04-05
19:00,12°C,12°C,140°17 Km/h,,82%,9°C,1011.0mb,,"document.write(Icons.GetShortDescription(7, 'CurrentWeather'));  Few Clouds at 240m, Broken Clouds at 760m, Cloudy at 2100m Light Rain, Haze",2017-04-05
19:22,12°C,12°C,150°15 Km/h,,82%,9°C,1011.0mb,,"document.write(Icons.GetShortDescription(7, 'CurrentWeather'));  Scattered Clouds at 240m, Broken Clouds at 760m, Cloudy at 2100m Rain, Haze",2017-04-05
20:00,12°C,12°C,140°13 Km/h,,82%,9°C,1011.0mb,,"document.write(Icons.GetShortDescription(7, 'CurrentWeather'));  Scattered Clouds at 240m, Broken Clouds at 760m, Cloudy at 2100m Rain, Haze",2017-04-05
21:00,12°C,12°C,190°4 Km/h,,82%,9°C,1011.0mb,,"document.write(Icons.GetShortDescription(7, 'CurrentWeather'));  Scattered Clouds at 240m, Broken Clouds at 760m, Cloudy at 2100m Rain, Haze",2017-04-05
22:00,13°C,13°C,190°7 Km/h,,82%,10°C,1011.0mb,,"document.write(Icons.GetShortDescription(7, 'CurrentWeather'));  Scattered Clouds at 150m, Broken Clouds at 760m, Cloudy at 2100m Rain, Haze",2017-04-05
23:00,13°C,13°C,210°13 Km/h,,82%,10°C,1011.0mb,,"document.write(Icons.GetShortDescription(7, 'CurrentWeather'));  Scattered Clouds at 150m, Broken Clouds at 760m, Cloudy at 2100m Rain, Haze",2017-04-05
