Time,Temperature,Relative Temperature,Wind,Wind Gust,Rel. humidity,Dew Point,Pressure,Icon,DescriptionDetails,date
00:00,-1°C,-1°C,300°4 Km/h,,47%,-11°C,1015.0mb,,"document.write(Icons.GetShortDescription(1, 'CurrentWeather'));",2017-03-10
01:00,-3°C,-3°C,250°2 Km/h,,50%,-12°C,1016.0mb,,"document.write(Icons.GetShortDescription(1, 'CurrentWeather'));",2017-03-10
02:00,-2°C,-4°C,360°6 Km/h,,59%,-9°C,1016.0mb,,"document.write(Icons.GetShortDescription(1, 'CurrentWeather'));",2017-03-10
03:00,-4°C,-4°C,240°2 Km/h,,59%,-11°C,1017.0mb,,"document.write(Icons.GetShortDescription(1, 'CurrentWeather'));",2017-03-10
04:00,-2°C,-4°C,10°6 Km/h,,69%,-7°C,1016.0mb,,"document.write(Icons.GetShortDescription(1, 'CurrentWeather'));",2017-03-10
05:00,-4°C,-4°C,Calm,,69%,-9°C,1017.0mb,,"document.write(Icons.GetShortDescription(1, 'CurrentWeather'));",2017-03-10
06:00,-4°C,-4°C,320°4 Km/h,,74%,-8°C,1017.0mb,,"document.write(Icons.GetShortDescription(1, 'CurrentWeather'));",2017-03-10
07:00,-4°C,-4°C,50°2 Km/h,,80%,-7°C,1019.0mb,,"document.write(Icons.GetShortDescription(1, 'CurrentWeather'));",2017-03-10
08:00,0°C,-2°C,40°6 Km/h,,69%,-5°C,1020.0mb,,"document.write(Icons.GetShortDescription(1, 'CurrentWeather'));",2017-03-10
09:00,4°C,4°C,10°4 Km/h,,52%,-5°C,1020.0mb,,"document.write(Icons.GetShortDescription(1, 'CurrentWeather'));",2017-03-10
10:00,6°C,6°C,50°4 Km/h,,39%,-7°C,1021.0mb,,"document.write(Icons.GetShortDescription(1, 'CurrentWeather'));",2017-03-10
11:00,8°C,6°C,280°9 Km/h,,25%,-11°C,1021.0mb,,"document.write(Icons.GetShortDescription(1, 'CurrentWeather'));",2017-03-10
12:00,9°C,8°C,280°9 Km/h,,21%,-12°C,1020.0mb,,"document.write(Icons.GetShortDescription(1, 'CurrentWeather'));",2017-03-10
13:00,9°C,8°C,110°6 Km/h,,23%,-11°C,1019.0mb,,"document.write(Icons.GetShortDescription(1, 'CurrentWeather'));",2017-03-10
14:00,12°C,12°C,340°9 Km/h,,21%,-10°C,1018.0mb,,"document.write(Icons.GetShortDescription(1, 'CurrentWeather'));",2017-03-10
15:00,10°C,8°C,270°13 Km/h,,22%,-11°C,1018.0mb,,"document.write(Icons.GetShortDescription(1, 'CurrentWeather'));",2017-03-10
16:00,9°C,6°C,290°20 Km/h,,18%,-14°C,1019.0mb,,"document.write(Icons.GetShortDescription(1, 'CurrentWeather'));",2017-03-10
17:00,9°C,7°C,260°11 Km/h,,20%,-13°C,1019.0mb,,"document.write(Icons.GetShortDescription(1, 'CurrentWeather'));",2017-03-10
18:00,8°C,6°C,250°11 Km/h,,23%,-12°C,1019.0mb,,"document.write(Icons.GetShortDescription(1, 'CurrentWeather'));",2017-03-10
19:00,6°C,4°C,270°9 Km/h,,26%,-12°C,1019.0mb,,"document.write(Icons.GetShortDescription(1, 'CurrentWeather'));",2017-03-10
20:00,4°C,4°C,290°2 Km/h,,36%,-10°C,1020.0mb,,"document.write(Icons.GetShortDescription(1, 'CurrentWeather'));",2017-03-10
21:00,2°C,0°C,330°7 Km/h,,56%,-6°C,1021.0mb,,"document.write(Icons.GetShortDescription(1, 'CurrentWeather'));",2017-03-10
22:00,2°C,2°C,20°4 Km/h,,56%,-6°C,1021.0mb,,"document.write(Icons.GetShortDescription(1, 'CurrentWeather'));",2017-03-10
23:00,1°C,1°C,330°4 Km/h,,60%,-6°C,1022.0mb,,"document.write(Icons.GetShortDescription(1, 'CurrentWeather'));",2017-03-10
