Time,Temperature,Relative Temperature,Wind,Wind Gust,Rel. humidity,Dew Point,Pressure,Icon,DescriptionDetails,date
00:00,12°C,12°C,20°17 Km/h,,58%,4°C,1015.0mb,,"document.write(Icons.GetShortDescription(1, 'CurrentWeather'));",2017-10-23
01:00,11°C,11°C,20°15 Km/h,,58%,3°C,1015.0mb,,"document.write(Icons.GetShortDescription(1, 'CurrentWeather'));",2017-10-23
02:00,9°C,8°C,30°9 Km/h,,62%,2°C,1015.0mb,,"document.write(Icons.GetShortDescription(1, 'CurrentWeather'));",2017-10-23
03:00,8°C,6°C,360°9 Km/h,,62%,1°C,1016.0mb,,"document.write(Icons.GetShortDescription(1, 'CurrentWeather'));",2017-10-23
04:00,7°C,5°C,330°11 Km/h,,61%,0°C,1015.0mb,,"document.write(Icons.GetShortDescription(1, 'CurrentWeather'));",2017-10-23
05:00,8°C,6°C,360°11 Km/h,,66%,2°C,1016.0mb,,"document.write(Icons.GetShortDescription(1, 'CurrentWeather'));",2017-10-23
06:00,6°C,5°C,360°6 Km/h,,66%,0°C,1016.0mb,,"document.write(Icons.GetShortDescription(1, 'CurrentWeather'));",2017-10-23
07:00,6°C,4°C,350°9 Km/h,,66%,0°C,1017.0mb,,"document.write(Icons.GetShortDescription(1, 'CurrentWeather'));",2017-10-23
08:00,9°C,8°C,330°7 Km/h,,66%,3°C,1018.0mb,,"document.write(Icons.GetShortDescription(1, 'CurrentWeather'));",2017-10-23
09:00,12°C,12°C,340°7 Km/h,,58%,4°C,1018.0mb,,"document.write(Icons.GetShortDescription(1, 'CurrentWeather'));",2017-10-23
10:00,14°C,14°C,20°7 Km/h,,51%,4°C,1019.0mb,,"document.write(Icons.GetShortDescription(1, 'CurrentWeather'));",2017-10-23
11:00,15°C,15°C,300°6 Km/h,,45%,3°C,1019.0mb,,"document.write(Icons.GetShortDescription(1, 'CurrentWeather'));",2017-10-23
12:00,16°C,16°C,40°9 Km/h,,42%,3°C,1019.0mb,,"document.write(Icons.GetShortDescription(1, 'CurrentWeather'));",2017-10-23
13:00,17°C,17°C,320°6 Km/h,,37%,2°C,1018.0mb,,"document.write(Icons.GetShortDescription(1, 'CurrentWeather'));",2017-10-23
14:00,17°C,17°C,340°6 Km/h,,37%,2°C,1018.0mb,,"document.write(Icons.GetShortDescription(1, 'CurrentWeather'));",2017-10-23
15:00,18°C,18°C,70°11 Km/h,,34%,2°C,1017.0mb,,"document.write(Icons.GetShortDescription(1, 'CurrentWeather'));",2017-10-23
16:00,18°C,18°C,10°11 Km/h,,34%,2°C,1018.0mb,,"document.write(Icons.GetShortDescription(1, 'CurrentWeather'));",2017-10-23
17:00,17°C,17°C,360°6 Km/h,,34%,1°C,1018.0mb,,"document.write(Icons.GetShortDescription(1, 'CurrentWeather'));",2017-10-23
18:00,14°C,14°C,340°9 Km/h,,41%,1°C,1019.0mb,,"document.write(Icons.GetShortDescription(1, 'CurrentWeather'));",2017-10-23
19:00,13°C,13°C,300°13 Km/h,,55%,4°C,1019.0mb,,"document.write(Icons.GetShortDescription(1, 'CurrentWeather'));",2017-10-23
20:00,12°C,12°C,340°9 Km/h,,58%,4°C,1020.0mb,,"document.write(Icons.GetShortDescription(1, 'CurrentWeather'));",2017-10-23
21:00,11°C,11°C,10°4 Km/h,,62%,4°C,1020.0mb,,"document.write(Icons.GetShortDescription(1, 'CurrentWeather'));",2017-10-23
22:00,10°C,10°C,40°2 Km/h,,67%,4°C,1021.0mb,,"document.write(Icons.GetShortDescription(1, 'CurrentWeather'));",2017-10-23
23:00,10°C,10°C,310°2 Km/h,,67%,4°C,1021.0mb,,"document.write(Icons.GetShortDescription(1, 'CurrentWeather'));",2017-10-23
