Time,Temperature,Relative Temperature,Wind,Wind Gust,Rel. humidity,Dew Point,Pressure,Icon,DescriptionDetails,date
00:00,-3°C,-5°C,170°6 Km/h,,64%,-9°C,1022.0mb,,"document.write(Icons.GetShortDescription(26, 'CurrentWeather'));  Few Clouds at 460m, Broken Clouds at 760m, Cloudy at 2400m Light Snowfall",2017-12-06
00:40,-4°C,-8°C,150°9 Km/h,,69%,-9°C,1021.0mb,,"document.write(Icons.GetShortDescription(26, 'CurrentWeather'));  Few Clouds at 460m, Broken Clouds at 760m, Cloudy at 2400m Light Snowfall",2017-12-06
01:00,-3°C,-6°C,180°7 Km/h,,69%,-8°C,1022.0mb,,"document.write(Icons.GetShortDescription(26, 'CurrentWeather'));  Few Clouds at 460m, Broken Clouds at 670m, Cloudy at 2400m Light Snowfall",2017-12-06
02:00,-3°C,-7°C,110°9 Km/h,,74%,-7°C,1022.0mb,,"document.write(Icons.GetShortDescription(3, 'CurrentWeather'));  Few Clouds at 460m, Broken Clouds at 670m",2017-12-06
03:00,-2°C,-6°C,130°11 Km/h,,69%,-7°C,1022.0mb,,"document.write(Icons.GetShortDescription(2, 'CurrentWeather'));  Scattered Clouds at 610m",2017-12-06
04:00,-2°C,-5°C,120°9 Km/h,,69%,-7°C,1022.0mb,,"document.write(Icons.GetShortDescription(2, 'CurrentWeather'));  Scattered Clouds at 610m",2017-12-06
05:00,-3°C,-5°C,70°6 Km/h,,69%,-8°C,1023.0mb,,"document.write(Icons.GetShortDescription(2, 'CurrentWeather'));  Scattered Clouds at 610m",2017-12-06
06:00,-5°C,-8°C,70°6 Km/h,,68%,-10°C,1023.0mb,,"document.write(Icons.GetShortDescription(2, 'CurrentWeather'));  Scattered Clouds at 610m",2017-12-06
07:00,-4°C,-9°C,140°15 Km/h,,74%,-8°C,1023.0mb,,"document.write(Icons.GetShortDescription(2, 'CurrentWeather'));  Few Clouds at 610m",2017-12-06
08:00,-4°C,-9°C,150°15 Km/h,,74%,-8°C,1023.0mb,,"document.write(Icons.GetShortDescription(1, 'CurrentWeather'));",2017-12-06
09:00,-1°C,-4°C,170°9 Km/h,,64%,-7°C,1024.0mb,,"document.write(Icons.GetShortDescription(1, 'CurrentWeather'));",2017-12-06
10:00,0°C,-3°C,150°9 Km/h,,64%,-6°C,1024.0mb,,"document.write(Icons.GetShortDescription(1, 'CurrentWeather'));",2017-12-06
11:00,1°C,-2°C,150°11 Km/h,,60%,-6°C,1024.0mb,,"document.write(Icons.GetShortDescription(1, 'CurrentWeather'));",2017-12-06
12:00,3°C,0°C,190°9 Km/h,,48%,-7°C,1023.0mb,,"document.write(Icons.GetShortDescription(1, 'CurrentWeather'));",2017-12-06
13:00,5°C,2°C,180°13 Km/h,,39%,-8°C,1023.0mb,,"document.write(Icons.GetShortDescription(1, 'CurrentWeather'));",2017-12-06
14:00,5°C,2°C,200°15 Km/h,,36%,-9°C,1022.0mb,,"document.write(Icons.GetShortDescription(1, 'CurrentWeather'));",2017-12-06
15:00,5°C,2°C,200°17 Km/h,,33%,-10°C,1022.0mb,,"document.write(Icons.GetShortDescription(2, 'CurrentWeather'));  Few Clouds at 910m, Scattered Clouds at 5500m",2017-12-06
16:00,5°C,2°C,200°17 Km/h,,39%,-8°C,1021.0mb,,"document.write(Icons.GetShortDescription(2, 'CurrentWeather'));  Few Clouds at 910m, Scattered Clouds at 2400m",2017-12-06
17:00,4°C,3°C,240°6 Km/h,,48%,-6°C,1022.0mb,,"document.write(Icons.GetShortDescription(26, 'CurrentWeather'));  Scattered Clouds at 910m, Cloudy at 2400m Light Rain and Snowfall",2017-12-06
17:16,2°C,-2°C,350°15 Km/h,,65%,-4°C,1022.0mb,,"document.write(Icons.GetShortDescription(26, 'CurrentWeather'));  Scattered Clouds at 910m, Cloudy at 2400m Light Snowfall, Haze",2017-12-06
17:27,1°C,-3°C,10°17 Km/h,,70%,-4°C,1022.0mb,,"document.write(Icons.GetShortDescription(26, 'CurrentWeather'));  Few Clouds at 300m, Broken Clouds at 910m, Cloudy at 2400m Light Snowfall, Haze",2017-12-06
18:00,1°C,-3°C,90°13 Km/h,,81%,-2°C,1022.0mb,,"document.write(Icons.GetShortDescription(26, 'CurrentWeather'));  Few Clouds at 300m, Broken Clouds at 760m, Cloudy at 2400m Light Snowfall, Haze",2017-12-06
18:14,1°C,-3°C,100°15 Km/h,,81%,-2°C,1022.0mb,,"document.write(Icons.GetShortDescription(2, 'CurrentWeather'));  Scattered Clouds at 910m",2017-12-06
19:00,1°C,-3°C,150°13 Km/h,,81%,-2°C,1022.0mb,,"document.write(Icons.GetShortDescription(2, 'CurrentWeather'));  Scattered Clouds at 910m",2017-12-06
20:00,1°C,-2°C,160°11 Km/h,,81%,-2°C,1022.0mb,,"document.write(Icons.GetShortDescription(2, 'CurrentWeather'));  Few Clouds at 910m",2017-12-06
21:00,2°C,-1°C,160°9 Km/h,,81%,-1°C,1021.0mb,,"document.write(Icons.GetShortDescription(26, 'CurrentWeather'));  Broken Clouds at 760m, Cloudy at 3000m Light Rain and Snowfall",2017-12-06
22:00,2°C,-1°C,140°9 Km/h,,81%,-1°C,1021.0mb,,"document.write(Icons.GetShortDescription(4, 'CurrentWeather'));  Few Clouds at 300m, Broken Clouds at 760m, Cloudy at 3000m Haze",2017-12-06
23:00,2°C,-1°C,140°11 Km/h,,81%,-1°C,1021.0mb,,"document.write(Icons.GetShortDescription(4, 'CurrentWeather'));  Few Clouds at 300m, Broken Clouds at 760m, Cloudy at 3400m Haze",2017-12-06
