Time,Temperature,Relative Temperature,Wind,Wind Gust,Rel. humidity,Dew Point,Pressure,Icon,DescriptionDetails,date
00:00,19°C,19°C,190°9 Km/h,,73%,14°C,1012.0mb,,"document.write(Icons.GetShortDescription(1, 'CurrentWeather'));",2017-05-29
01:00,18°C,18°C,180°9 Km/h,,78%,14°C,1012.0mb,,"document.write(Icons.GetShortDescription(1, 'CurrentWeather'));",2017-05-29
02:00,18°C,18°C,170°9 Km/h,,73%,13°C,1012.0mb,,"document.write(Icons.GetShortDescription(1, 'CurrentWeather'));",2017-05-29
03:00,17°C,17°C,150°6 Km/h,,77%,13°C,1012.0mb,,"document.write(Icons.GetShortDescription(1, 'CurrentWeather'));",2017-05-29
04:00,16°C,16°C,150°9 Km/h,,77%,12°C,1012.0mb,,"document.write(Icons.GetShortDescription(1, 'CurrentWeather'));",2017-05-29
05:00,16°C,16°C,150°7 Km/h,,83%,13°C,1012.0mb,,"document.write(Icons.GetShortDescription(1, 'CurrentWeather'));",2017-05-29
06:00,16°C,16°C,140°7 Km/h,,83%,13°C,1013.0mb,,"document.write(Icons.GetShortDescription(1, 'CurrentWeather'));",2017-05-29
07:00,19°C,19°C,150°6 Km/h,,73%,14°C,1013.0mb,,"document.write(Icons.GetShortDescription(2, 'CurrentWeather'));  Few Clouds at 460m, Scattered Clouds at 610m",2017-05-29
08:00,19°C,19°C,150°7 Km/h,,73%,14°C,1013.0mb,,"document.write(Icons.GetShortDescription(3, 'CurrentWeather'));  Few Clouds at 460m, Broken Clouds at 610m",2017-05-29
09:00,22°C,22°C,170°11 Km/h,,61%,14°C,1013.0mb,,"document.write(Icons.GetShortDescription(2, 'CurrentWeather'));  Few Clouds at 460m, Scattered Clouds at 910m",2017-05-29
10:00,23°C,23°C,230°9 Km/h,,57%,14°C,1013.0mb,,"document.write(Icons.GetShortDescription(2, 'CurrentWeather'));  Few Clouds at 460m, Scattered Clouds at 910m",2017-05-29
11:00,25°C,25°C,210°11 Km/h,,51%,14°C,1013.0mb,,"document.write(Icons.GetShortDescription(2, 'CurrentWeather'));  Few Clouds at 910m",2017-05-29
12:00,26°C,26°C,230°9 Km/h,,48%,14°C,1012.0mb,,"document.write(Icons.GetShortDescription(1, 'CurrentWeather'));",2017-05-29
13:00,26°C,26°C,250°13 Km/h,,48%,14°C,1012.0mb,,"document.write(Icons.GetShortDescription(1, 'CurrentWeather'));",2017-05-29
14:00,27°C,27°C,240°15 Km/h,,42%,13°C,1011.0mb,,"document.write(Icons.GetShortDescription(1, 'CurrentWeather'));",2017-05-29
15:00,27°C,27°C,220°19 Km/h,,42%,13°C,1011.0mb,,"document.write(Icons.GetShortDescription(1, 'CurrentWeather'));",2017-05-29
16:00,26°C,26°C,230°19 Km/h,,45%,13°C,1011.0mb,,"document.write(Icons.GetShortDescription(1, 'CurrentWeather'));",2017-05-29
17:00,26°C,26°C,260°15 Km/h,,45%,13°C,1010.0mb,,"document.write(Icons.GetShortDescription(1, 'CurrentWeather'));",2017-05-29
18:00,25°C,25°C,230°17 Km/h,,44%,12°C,1010.0mb,,"document.write(Icons.GetShortDescription(1, 'CurrentWeather'));",2017-05-29
19:00,23°C,23°C,220°19 Km/h,,53%,13°C,1010.0mb,,"document.write(Icons.GetShortDescription(1, 'CurrentWeather'));",2017-05-29
20:00,22°C,22°C,240°13 Km/h,,57%,13°C,1011.0mb,,"document.write(Icons.GetShortDescription(1, 'CurrentWeather'));",2017-05-29
21:00,20°C,20°C,230°7 Km/h,,64%,13°C,1011.0mb,,"document.write(Icons.GetShortDescription(1, 'CurrentWeather'));",2017-05-29
22:00,18°C,18°C,340°9 Km/h,,73%,13°C,1012.0mb,,"document.write(Icons.GetShortDescription(1, 'CurrentWeather'));",2017-05-29
23:00,18°C,18°C,320°9 Km/h,,73%,13°C,1012.0mb,,"document.write(Icons.GetShortDescription(1, 'CurrentWeather'));",2017-05-29
