Time,Temperature,Relative Temperature,Wind,Wind Gust,Rel. humidity,Dew Point,Pressure,Icon,DescriptionDetails,date
00:00,20°C,20°C,10°2 Km/h,,73%,15°C,1022.0mb,,"document.write(Icons.GetShortDescription(3, 'CurrentWeather'));  Scattered Clouds at 1200m, Broken Clouds at 5500m",2017-10-08
01:00,19°C,19°C,320°2 Km/h,,78%,15°C,1022.0mb,,"document.write(Icons.GetShortDescription(3, 'CurrentWeather'));  Scattered Clouds at 1200m, Broken Clouds at 5500m",2017-10-08
02:00,19°C,19°C,180°4 Km/h,,73%,14°C,1021.0mb,,"document.write(Icons.GetShortDescription(3, 'CurrentWeather'));  Few Clouds at 1200m, Broken Clouds at 5500m",2017-10-08
03:00,18°C,18°C,240°4 Km/h,,78%,14°C,1021.0mb,,"document.write(Icons.GetShortDescription(3, 'CurrentWeather'));  Few Clouds at 1200m, Broken Clouds at 5500m",2017-10-08
04:00,18°C,18°C,230°4 Km/h,,78%,14°C,1021.0mb,,"document.write(Icons.GetShortDescription(3, 'CurrentWeather'));  Few Clouds at 1200m, Broken Clouds at 5500m",2017-10-08
05:00,17°C,17°C,60°2 Km/h,,83%,14°C,1022.0mb,,"document.write(Icons.GetShortDescription(3, 'CurrentWeather'));  Few Clouds at 1200m, Broken Clouds at 4600m",2017-10-08
06:00,17°C,17°C,50°2 Km/h,,83%,14°C,1022.0mb,,"document.write(Icons.GetShortDescription(3, 'CurrentWeather'));  Scattered Clouds at 1200m, Broken Clouds at 4600m",2017-10-08
07:00,19°C,19°C,180°6 Km/h,,78%,15°C,1023.0mb,,"document.write(Icons.GetShortDescription(3, 'CurrentWeather'));  Scattered Clouds at 1200m, Broken Clouds at 3700m",2017-10-08
08:00,20°C,20°C,190°6 Km/h,,78%,16°C,1023.0mb,,"document.write(Icons.GetShortDescription(2, 'CurrentWeather'));  Scattered Clouds at 1200m",2017-10-08
09:00,22°C,22°C,170°9 Km/h,,73%,17°C,1023.0mb,,"document.write(Icons.GetShortDescription(3, 'CurrentWeather'));  Broken Clouds at 1400m",2017-10-08
10:00,24°C,24°C,200°7 Km/h,,65%,17°C,1023.0mb,,"document.write(Icons.GetShortDescription(2, 'CurrentWeather'));  Scattered Clouds at 1400m",2017-10-08
11:00,25°C,25°C,180°11 Km/h,,57%,16°C,1023.0mb,,"document.write(Icons.GetShortDescription(2, 'CurrentWeather'));  Scattered Clouds at 1400m",2017-10-08
12:00,26°C,26°C,230°9 Km/h,,54%,16°C,1023.0mb,,"document.write(Icons.GetShortDescription(2, 'CurrentWeather'));  Scattered Clouds at 1400m",2017-10-08
13:00,26°C,26°C,230°13 Km/h,,51%,15°C,1022.0mb,,"document.write(Icons.GetShortDescription(2, 'CurrentWeather'));  Few Clouds at 910m, Scattered Clouds at 6100m",2017-10-08
14:00,26°C,26°C,270°9 Km/h,,48%,14°C,1021.0mb,,"document.write(Icons.GetShortDescription(2, 'CurrentWeather'));  Scattered Clouds at 910m",2017-10-08
15:00,26°C,26°C,240°13 Km/h,,48%,14°C,1021.0mb,,"document.write(Icons.GetShortDescription(2, 'CurrentWeather'));  Scattered Clouds at 910m",2017-10-08
16:00,25°C,25°C,270°13 Km/h,,51%,14°C,1021.0mb,,"document.write(Icons.GetShortDescription(2, 'CurrentWeather'));  Scattered Clouds at 910m",2017-10-08
17:00,23°C,23°C,300°17 Km/h,,61%,15°C,1021.0mb,,"document.write(Icons.GetShortDescription(1, 'CurrentWeather'));",2017-10-08
18:00,22°C,22°C,320°11 Km/h,,65%,15°C,1022.0mb,,"document.write(Icons.GetShortDescription(1, 'CurrentWeather'));",2017-10-08
19:00,21°C,21°C,290°7 Km/h,,69%,15°C,1022.0mb,,"document.write(Icons.GetShortDescription(1, 'CurrentWeather'));",2017-10-08
20:00,20°C,20°C,270°6 Km/h,,73%,15°C,1022.0mb,,"document.write(Icons.GetShortDescription(1, 'CurrentWeather'));",2017-10-08
21:00,20°C,20°C,290°6 Km/h,,73%,15°C,1023.0mb,,"document.write(Icons.GetShortDescription(1, 'CurrentWeather'));",2017-10-08
22:00,18°C,18°C,Calm,,78%,14°C,1022.0mb,,"document.write(Icons.GetShortDescription(1, 'CurrentWeather'));",2017-10-08
23:00,18°C,18°C,320°6 Km/h,,78%,14°C,1022.0mb,,"document.write(Icons.GetShortDescription(1, 'CurrentWeather'));",2017-10-08
