Time,Temperature,Relative Temperature,Wind,Wind Gust,Rel. humidity,Dew Point,Pressure,Icon,DescriptionDetails,date
00:00,11°C,11°C,320°28 Km/h,,24%,-9°C,1010.0mb,,"document.write(Icons.GetShortDescription(1, 'CurrentWeather'));",2017-04-12
01:00,11°C,11°C,330°31 Km/h,,19%,-12°C,1012.0mb,,"document.write(Icons.GetShortDescription(1, 'CurrentWeather'));",2017-04-12
02:00,10°C,7°C,320°22 Km/h,,22%,-11°C,1012.0mb,,"document.write(Icons.GetShortDescription(1, 'CurrentWeather'));",2017-04-12
03:00,8°C,5°C,330°15 Km/h,,23%,-12°C,1013.0mb,,"document.write(Icons.GetShortDescription(1, 'CurrentWeather'));",2017-04-12
04:00,10°C,8°C,360°15 Km/h,,14%,-16°C,1013.0mb,,"document.write(Icons.GetShortDescription(1, 'CurrentWeather'));",2017-04-12
05:00,8°C,7°C,320°6 Km/h,,20%,-14°C,1013.0mb,,"document.write(Icons.GetShortDescription(1, 'CurrentWeather'));",2017-04-12
06:00,6°C,4°C,300°11 Km/h,,29%,-11°C,1014.0mb,,"document.write(Icons.GetShortDescription(1, 'CurrentWeather'));",2017-04-12
07:00,8°C,6°C,310°9 Km/h,,23%,-12°C,1015.0mb,,"document.write(Icons.GetShortDescription(1, 'CurrentWeather'));",2017-04-12
08:00,11°C,11°C,320°17 Km/h,,16%,-14°C,1015.0mb,,"document.write(Icons.GetShortDescription(1, 'CurrentWeather'));",2017-04-12
09:00,12°C,12°C,330°22 Km/h,,15%,-14°C,1016.0mb,,"document.write(Icons.GetShortDescription(1, 'CurrentWeather'));",2017-04-12
10:00,13°C,13°C,340°20 Km/h,,14%,-14°C,1016.0mb,,"document.write(Icons.GetShortDescription(1, 'CurrentWeather'));",2017-04-12
11:00,14°C,14°C,320°15 Km/h,,14%,-13°C,1016.0mb,,"document.write(Icons.GetShortDescription(1, 'CurrentWeather'));",2017-04-12
12:00,15°C,15°C,330°20 Km/h,,16%,-11°C,1016.0mb,,"document.write(Icons.GetShortDescription(1, 'CurrentWeather'));",2017-04-12
13:00,14°C,14°C,260°20 Km/h,,17%,-11°C,1015.0mb,,"document.write(Icons.GetShortDescription(1, 'CurrentWeather'));",2017-04-12
14:00,15°C,15°C,280°17 Km/h,,17%,-10°C,1015.0mb,,"document.write(Icons.GetShortDescription(1, 'CurrentWeather'));",2017-04-12
15:00,15°C,15°C,270°24 Km/h,,16%,-11°C,1015.0mb,,"document.write(Icons.GetShortDescription(1, 'CurrentWeather'));",2017-04-12
16:00,14°C,14°C,250°28 Km/h,,14%,-13°C,1014.0mb,,"document.write(Icons.GetShortDescription(1, 'CurrentWeather'));",2017-04-12
17:00,13°C,13°C,250°26 Km/h,,16%,-12°C,1014.0mb,,"document.write(Icons.GetShortDescription(1, 'CurrentWeather'));",2017-04-12
18:00,12°C,12°C,250°24 Km/h,,16%,-13°C,1014.0mb,,"document.write(Icons.GetShortDescription(1, 'CurrentWeather'));",2017-04-12
19:00,11°C,11°C,250°17 Km/h,,22%,-10°C,1015.0mb,,"document.write(Icons.GetShortDescription(1, 'CurrentWeather'));",2017-04-12
20:00,10°C,10°C,240°6 Km/h,,24%,-10°C,1016.0mb,,"document.write(Icons.GetShortDescription(1, 'CurrentWeather'));",2017-04-12
21:00,10°C,9°C,230°7 Km/h,,28%,-8°C,1016.0mb,,"document.write(Icons.GetShortDescription(1, 'CurrentWeather'));",2017-04-12
22:00,10°C,8°C,250°11 Km/h,,43%,-2°C,1017.0mb,,"document.write(Icons.GetShortDescription(1, 'CurrentWeather'));",2017-04-12
23:00,9°C,8°C,260°6 Km/h,,54%,0°C,1017.0mb,,"document.write(Icons.GetShortDescription(1, 'CurrentWeather'));",2017-04-12
