Time,Temperature,Relative Temperature,Wind,Wind Gust,Rel. humidity,Dew Point,Pressure,Icon,DescriptionDetails,date
00:00,19°C,19°C,20°4 Km/h,,78%,15°C,1010.0mb,,"document.write(Icons.GetShortDescription(1, 'CurrentWeather'));",2017-09-12
01:00,18°C,18°C,310°4 Km/h,,83%,15°C,1010.0mb,,"document.write(Icons.GetShortDescription(1, 'CurrentWeather'));",2017-09-12
02:00,18°C,18°C,310°6 Km/h,,83%,15°C,1010.0mb,,"document.write(Icons.GetShortDescription(1, 'CurrentWeather'));",2017-09-12
03:00,17°C,17°C,Calm,,88%,15°C,1011.0mb,,"document.write(Icons.GetShortDescription(1, 'CurrentWeather'));",2017-09-12
04:00,17°C,17°C,340°4 Km/h,,88%,15°C,1011.0mb,,"document.write(Icons.GetShortDescription(1, 'CurrentWeather'));",2017-09-12
05:00,17°C,17°C,40°4 Km/h,,83%,14°C,1012.0mb,,"document.write(Icons.GetShortDescription(1, 'CurrentWeather'));",2017-09-12
06:00,17°C,17°C,60°2 Km/h,,83%,14°C,1012.0mb,,"document.write(Icons.GetShortDescription(1, 'CurrentWeather'));  Haze",2017-09-12
07:00,18°C,18°C,260°2 Km/h,,83%,15°C,1013.0mb,,"document.write(Icons.GetShortDescription(1, 'CurrentWeather'));",2017-09-12
08:00,21°C,21°C,170°6 Km/h,,88%,19°C,1013.0mb,,"document.write(Icons.GetShortDescription(1, 'CurrentWeather'));",2017-09-12
09:00,24°C,25°C,230°2 Km/h,,78%,20°C,1013.0mb,,"document.write(Icons.GetShortDescription(1, 'CurrentWeather'));",2017-09-12
10:00,24°C,24°C,340°7 Km/h,,74%,19°C,1013.0mb,,"document.write(Icons.GetShortDescription(2, 'CurrentWeather'));  Scattered Clouds at 610m",2017-09-12
11:00,26°C,27°C,290°9 Km/h,,65%,19°C,1013.0mb,,"document.write(Icons.GetShortDescription(2, 'CurrentWeather'));  Scattered Clouds at 610m",2017-09-12
12:00,26°C,27°C,300°15 Km/h,,61%,18°C,1014.0mb,,"document.write(Icons.GetShortDescription(2, 'CurrentWeather'));  Few Clouds at 760m",2017-09-12
13:00,26°C,26°C,280°9 Km/h,,51%,15°C,1013.0mb,,"document.write(Icons.GetShortDescription(2, 'CurrentWeather'));  Few Clouds at 910m",2017-09-12
14:00,27°C,27°C,290°11 Km/h,,45%,14°C,1013.0mb,,"document.write(Icons.GetShortDescription(2, 'CurrentWeather'));  Few Clouds at 910m",2017-09-12
15:00,27°C,27°C,330°19 Km/h,,42%,13°C,1013.0mb,,"document.write(Icons.GetShortDescription(2, 'CurrentWeather'));  Few Clouds at 910m",2017-09-12
16:00,27°C,27°C,300°20 Km/h,,39%,12°C,1013.0mb,,"document.write(Icons.GetShortDescription(1, 'CurrentWeather'));",2017-09-12
17:00,26°C,26°C,330°19 Km/h,,37%,10°C,1013.0mb,,"document.write(Icons.GetShortDescription(1, 'CurrentWeather'));",2017-09-12
18:00,25°C,24°C,300°17 Km/h,,32%,7°C,1014.0mb,,"document.write(Icons.GetShortDescription(1, 'CurrentWeather'));",2017-09-12
19:00,22°C,21°C,280°9 Km/h,,36%,6°C,1014.0mb,,"document.write(Icons.GetShortDescription(1, 'CurrentWeather'));",2017-09-12
20:00,21°C,21°C,290°9 Km/h,,40%,7°C,1015.0mb,,"document.write(Icons.GetShortDescription(1, 'CurrentWeather'));",2017-09-12
21:00,19°C,19°C,320°11 Km/h,,43%,6°C,1016.0mb,,"document.write(Icons.GetShortDescription(1, 'CurrentWeather'));",2017-09-12
22:00,18°C,18°C,310°13 Km/h,,46%,6°C,1016.0mb,,"document.write(Icons.GetShortDescription(1, 'CurrentWeather'));",2017-09-12
23:00,19°C,19°C,350°4 Km/h,,46%,7°C,1017.0mb,,"document.write(Icons.GetShortDescription(1, 'CurrentWeather'));",2017-09-12
