Time,Temperature,Relative Temperature,Wind,Wind Gust,Rel. humidity,Dew Point,Pressure,Icon,DescriptionDetails,date
00:00,11°C,11°C,190°13 Km/h,,54%,2°C,1016.0mb,,"document.write(Icons.GetShortDescription(1, 'CurrentWeather'));",2017-04-14
01:00,11°C,11°C,200°13 Km/h,,50%,1°C,1016.0mb,,"document.write(Icons.GetShortDescription(1, 'CurrentWeather'));",2017-04-14
02:00,11°C,11°C,190°11 Km/h,,47%,0°C,1015.0mb,,"document.write(Icons.GetShortDescription(1, 'CurrentWeather'));",2017-04-14
03:00,10°C,9°C,190°9 Km/h,,47%,-1°C,1015.0mb,,"document.write(Icons.GetShortDescription(1, 'CurrentWeather'));",2017-04-14
04:00,7°C,4°C,150°17 Km/h,,57%,-1°C,1014.0mb,,"document.write(Icons.GetShortDescription(1, 'CurrentWeather'));",2017-04-14
05:00,8°C,6°C,150°9 Km/h,,50%,-2°C,1014.0mb,,"document.write(Icons.GetShortDescription(1, 'CurrentWeather'));",2017-04-14
06:00,8°C,6°C,160°13 Km/h,,50%,-2°C,1013.0mb,,"document.write(Icons.GetShortDescription(1, 'CurrentWeather'));",2017-04-14
07:00,11°C,11°C,180°6 Km/h,,41%,-2°C,1013.0mb,,"document.write(Icons.GetShortDescription(3, 'CurrentWeather'));  Few Clouds at 910m, Broken Clouds at 6100m",2017-04-14
08:00,14°C,14°C,200°19 Km/h,,31%,-3°C,1013.0mb,,"document.write(Icons.GetShortDescription(1, 'CurrentWeather'));",2017-04-14
09:00,16°C,16°C,200°26 Km/h,,34%,0°C,1012.0mb,,"document.write(Icons.GetShortDescription(1, 'CurrentWeather'));",2017-04-14
10:00,18°C,18°C,220°31 Km/h,,34%,2°C,1012.0mb,,"document.write(Icons.GetShortDescription(1, 'CurrentWeather'));",2017-04-14
11:00,17°C,17°C,200°37 Km/h,,37%,2°C,1011.0mb,,"document.write(Icons.GetShortDescription(1, 'CurrentWeather'));",2017-04-14
12:00,16°C,16°C,210°30 Km/h,,45%,4°C,1011.0mb,,"document.write(Icons.GetShortDescription(4, 'CurrentWeather'));  Few Clouds at 460m, Broken Clouds at 760m, Cloudy at 2400m",2017-04-14
12:31,13°C,13°C,250°24 Km/h,,63%,6°C,1011.0mb,,"document.write(Icons.GetShortDescription(7, 'CurrentWeather'));  Few Clouds at 460m, Broken Clouds at 910m, Cloudy at 2400m Light Rain",2017-04-14
13:00,11°C,11°C,230°20 Km/h,,82%,8°C,1011.0mb,,"document.write(Icons.GetShortDescription(7, 'CurrentWeather'));  Few Clouds at 460m, Broken Clouds at 910m, Cloudy at 2400m Rain, Haze",2017-04-14
13:16,11°C,11°C,220°17 Km/h,,82%,8°C,1010.0mb,,"document.write(Icons.GetShortDescription(7, 'CurrentWeather'));  Few Clouds at 460m, Broken Clouds at 910m, Cloudy at 2400m Light Rain, Haze",2017-04-14
13:30,12°C,12°C,210°17 Km/h,,77%,8°C,1010.0mb,,"document.write(Icons.GetShortDescription(4, 'CurrentWeather'));  Few Clouds at 460m, Broken Clouds at 910m, Cloudy at 2400m",2017-04-14
14:00,13°C,13°C,220°19 Km/h,,72%,8°C,1010.0mb,,"document.write(Icons.GetShortDescription(4, 'CurrentWeather'));  Scattered Clouds at 910m, Cloudy at 3000m",2017-04-14
15:00,14°C,14°C,230°30 Km/h,,59%,6°C,1009.0mb,,"document.write(Icons.GetShortDescription(4, 'CurrentWeather'));  Scattered Clouds at 910m, Cloudy at 3000m",2017-04-14
16:00,13°C,13°C,230°26 Km/h,,67%,7°C,1009.0mb,,"document.write(Icons.GetShortDescription(7, 'CurrentWeather'));  Scattered Clouds at 910m, Cloudy at 3000m Light Rain",2017-04-14
17:00,14°C,14°C,230°30 Km/h,,59%,6°C,1009.0mb,,"document.write(Icons.GetShortDescription(4, 'CurrentWeather'));  Scattered Clouds at 910m, Cloudy at 3000m",2017-04-14
18:00,13°C,13°C,230°17 Km/h,,63%,6°C,1010.0mb,,"document.write(Icons.GetShortDescription(4, 'CurrentWeather'));  Scattered Clouds at 910m, Cloudy at 3000m",2017-04-14
19:00,13°C,13°C,230°15 Km/h,,63%,6°C,1010.0mb,,"document.write(Icons.GetShortDescription(4, 'CurrentWeather'));  Scattered Clouds at 910m, Cloudy at 3000m",2017-04-14
20:00,13°C,13°C,230°17 Km/h,,63%,6°C,1011.0mb,,"document.write(Icons.GetShortDescription(3, 'CurrentWeather'));  Scattered Clouds at 910m, Broken Clouds at 3700m",2017-04-14
21:00,12°C,12°C,220°11 Km/h,,67%,6°C,1011.0mb,,"document.write(Icons.GetShortDescription(3, 'CurrentWeather'));  Scattered Clouds at 910m, Broken Clouds at 3700m",2017-04-14
22:00,11°C,11°C,190°9 Km/h,,77%,7°C,1012.0mb,,"document.write(Icons.GetShortDescription(2, 'CurrentWeather'));  Few Clouds at 460m, Scattered Clouds at 910m",2017-04-14
23:00,12°C,12°C,200°6 Km/h,,72%,7°C,1013.0mb,,"document.write(Icons.GetShortDescription(3, 'CurrentWeather'));  Scattered Clouds at 460m, Broken Clouds at 910m",2017-04-14
