Time,Temperature,Relative Temperature,Wind,Wind Gust,Rel. humidity,Dew Point,Pressure,Icon,DescriptionDetails,date
00:00,-2°C,-4°C,310°6 Km/h,,55%,-10°C,1022.0mb,,"document.write(Icons.GetShortDescription(1, 'CurrentWeather'));",2017-11-23
01:00,-2°C,-4°C,290°6 Km/h,,55%,-10°C,1021.0mb,,"document.write(Icons.GetShortDescription(1, 'CurrentWeather'));",2017-11-23
02:00,-2°C,-2°C,320°4 Km/h,,55%,-10°C,1021.0mb,,"document.write(Icons.GetShortDescription(1, 'CurrentWeather'));",2017-11-23
03:00,-3°C,-3°C,20°2 Km/h,,59%,-10°C,1021.0mb,,"document.write(Icons.GetShortDescription(1, 'CurrentWeather'));",2017-11-23
04:00,-4°C,-4°C,10°2 Km/h,,54%,-12°C,1020.0mb,,"document.write(Icons.GetShortDescription(1, 'CurrentWeather'));",2017-11-23
05:00,-5°C,-8°C,220°6 Km/h,,63%,-11°C,1020.0mb,,"document.write(Icons.GetShortDescription(1, 'CurrentWeather'));",2017-11-23
06:00,-5°C,-8°C,120°6 Km/h,,63%,-11°C,1020.0mb,,"document.write(Icons.GetShortDescription(2, 'CurrentWeather'));  Few Clouds at 910m",2017-11-23
07:00,-3°C,-3°C,190°4 Km/h,,64%,-9°C,1020.0mb,,"document.write(Icons.GetShortDescription(1, 'CurrentWeather'));",2017-11-23
08:00,-2°C,-5°C,340°9 Km/h,,59%,-9°C,1021.0mb,,"document.write(Icons.GetShortDescription(3, 'CurrentWeather'));  Broken Clouds at 1200m",2017-11-23
09:00,0°C,-4°C,340°13 Km/h,,60%,-7°C,1021.0mb,,"document.write(Icons.GetShortDescription(3, 'CurrentWeather'));  Broken Clouds at 910m",2017-11-23
10:00,2°C,0°C,200°7 Km/h,,52%,-7°C,1021.0mb,,"document.write(Icons.GetShortDescription(2, 'CurrentWeather'));  Scattered Clouds at 1100m",2017-11-23
11:00,4°C,0°C,300°22 Km/h,,52%,-5°C,1021.0mb,,"document.write(Icons.GetShortDescription(2, 'CurrentWeather'));  Scattered Clouds at 910m",2017-11-23
12:00,4°C,-1°C,320°30 Km/h,,42%,-8°C,1021.0mb,,"document.write(Icons.GetShortDescription(2, 'CurrentWeather'));  Scattered Clouds at 1100m",2017-11-23
13:00,5°C,1°C,330°24 Km/h,,39%,-8°C,1020.0mb,,"document.write(Icons.GetShortDescription(2, 'CurrentWeather'));  Scattered Clouds at 1100m",2017-11-23
14:00,6°C,2°C,300°22 Km/h,,34%,-9°C,1020.0mb,,"document.write(Icons.GetShortDescription(2, 'CurrentWeather'));  Scattered Clouds at 1200m",2017-11-23
15:00,5°C,2°C,330°13 Km/h,,36%,-9°C,1020.0mb,,"document.write(Icons.GetShortDescription(2, 'CurrentWeather'));  Scattered Clouds at 1200m",2017-11-23
16:00,5°C,1°C,290°20 Km/h,,31%,-11°C,1020.0mb,,"document.write(Icons.GetShortDescription(2, 'CurrentWeather'));  Few Clouds at 1200m",2017-11-23
17:00,3°C,0°C,300°11 Km/h,,38%,-10°C,1020.0mb,,"document.write(Icons.GetShortDescription(2, 'CurrentWeather'));  Few Clouds at 1200m",2017-11-23
18:00,2°C,0°C,290°6 Km/h,,41%,-10°C,1021.0mb,,"document.write(Icons.GetShortDescription(2, 'CurrentWeather'));  Few Clouds at 1200m",2017-11-23
19:00,1°C,1°C,260°4 Km/h,,41%,-11°C,1021.0mb,,"document.write(Icons.GetShortDescription(2, 'CurrentWeather'));  Few Clouds at 1200m",2017-11-23
20:00,0°C,0°C,280°4 Km/h,,44%,-11°C,1021.0mb,,"document.write(Icons.GetShortDescription(2, 'CurrentWeather'));  Few Clouds at 1200m",2017-11-23
21:00,0°C,0°C,240°4 Km/h,,51%,-9°C,1021.0mb,,"document.write(Icons.GetShortDescription(2, 'CurrentWeather'));  Scattered Clouds at 1200m",2017-11-23
22:00,2°C,0°C,260°7 Km/h,,48%,-8°C,1021.0mb,,"document.write(Icons.GetShortDescription(3, 'CurrentWeather'));  Broken Clouds at 910m",2017-11-23
22:37,1°C,-3°C,310°13 Km/h,,56%,-7°C,1021.0mb,,"document.write(Icons.GetShortDescription(26, 'CurrentWeather'));  Few Clouds at 300m, Broken Clouds at 910m, Cloudy at 2400m Light Snowfall, Haze",2017-11-23
23:00,0°C,-4°C,340°13 Km/h,,69%,-5°C,1021.0mb,,"document.write(Icons.GetShortDescription(26, 'CurrentWeather'));  Few Clouds at 300m, Broken Clouds at 910m, Cloudy at 2400m Light Snowfall, Haze",2017-11-23
23:10,-1°C,-5°C,350°13 Km/h,,75%,-5°C,1021.0mb,,"document.write(Icons.GetShortDescription(26, 'CurrentWeather'));  Scattered Clouds at 240m, Broken Clouds at 910m, Cloudy at 2400m Light Snowfall, Haze",2017-11-23
23:43,-1°C,-1°C,90°4 Km/h,,80%,-4°C,1021.0mb,,"document.write(Icons.GetShortDescription(26, 'CurrentWeather'));  Few Clouds at 300m, Broken Clouds at 910m, Cloudy at 2400m Light Snowfall",2017-11-23
