Time,Temperature,Relative Temperature,Wind,Wind Gust,Rel. humidity,Dew Point,Pressure,Icon,DescriptionDetails,date
00:00,17°C,17°C,320°6 Km/h,,77%,13°C,1008.0mb,,"document.write(Icons.GetShortDescription(1, 'CurrentWeather'));",2017-05-31
01:00,17°C,17°C,10°2 Km/h,,77%,13°C,1007.0mb,,"document.write(Icons.GetShortDescription(1, 'CurrentWeather'));",2017-05-31
02:00,16°C,16°C,280°4 Km/h,,83%,13°C,1006.0mb,,"document.write(Icons.GetShortDescription(1, 'CurrentWeather'));",2017-05-31
03:00,16°C,16°C,300°4 Km/h,,77%,12°C,1006.0mb,,"document.write(Icons.GetShortDescription(1, 'CurrentWeather'));",2017-05-31
04:00,16°C,16°C,310°6 Km/h,,83%,13°C,1006.0mb,,"document.write(Icons.GetShortDescription(1, 'CurrentWeather'));",2017-05-31
05:00,17°C,17°C,40°4 Km/h,,77%,13°C,1006.0mb,,"document.write(Icons.GetShortDescription(1, 'CurrentWeather'));  Haze",2017-05-31
06:00,16°C,16°C,Calm,,83%,13°C,1006.0mb,,"document.write(Icons.GetShortDescription(1, 'CurrentWeather'));  Haze",2017-05-31
07:00,18°C,18°C,160°4 Km/h,,78%,14°C,1006.0mb,,"document.write(Icons.GetShortDescription(1, 'CurrentWeather'));",2017-05-31
08:00,20°C,20°C,190°9 Km/h,,60%,12°C,1005.0mb,,"document.write(Icons.GetShortDescription(1, 'CurrentWeather'));",2017-05-31
09:00,22°C,22°C,210°13 Km/h,,50%,11°C,1005.0mb,,"document.write(Icons.GetShortDescription(1, 'CurrentWeather'));",2017-05-31
10:00,22°C,22°C,220°11 Km/h,,50%,11°C,1005.0mb,,"document.write(Icons.GetShortDescription(1, 'CurrentWeather'));",2017-05-31
11:00,23°C,23°C,250°9 Km/h,,47%,11°C,1005.0mb,,"document.write(Icons.GetShortDescription(3, 'CurrentWeather'));  Few Clouds at 1200m, Broken Clouds at 5500m",2017-05-31
12:00,24°C,24°C,280°6 Km/h,,44%,11°C,1004.0mb,,"document.write(Icons.GetShortDescription(1, 'CurrentWeather'));",2017-05-31
13:00,25°C,25°C,260°6 Km/h,,36%,9°C,1003.0mb,,"document.write(Icons.GetShortDescription(3, 'CurrentWeather'));  Few Clouds at 1200m, Broken Clouds at 5500m",2017-05-31
14:00,27°C,26°C,220°6 Km/h,,30%,8°C,1002.0mb,,"document.write(Icons.GetShortDescription(2, 'CurrentWeather'));  Few Clouds at 1200m, Scattered Clouds at 5500m",2017-05-31
15:00,27°C,27°C,290°13 Km/h,,39%,12°C,1001.0mb,,"document.write(Icons.GetShortDescription(1, 'CurrentWeather'));",2017-05-31
16:00,28°C,27°C,220°13 Km/h,,35%,11°C,1000.0mb,,"document.write(Icons.GetShortDescription(1, 'CurrentWeather'));",2017-05-31
17:00,27°C,27°C,280°17 Km/h,,42%,13°C,1000.0mb,,"document.write(Icons.GetShortDescription(1, 'CurrentWeather'));",2017-05-31
18:00,25°C,25°C,300°20 Km/h,,54%,15°C,1000.0mb,,"document.write(Icons.GetShortDescription(1, 'CurrentWeather'));",2017-05-31
19:00,23°C,23°C,290°13 Km/h,,61%,15°C,1000.0mb,,"document.write(Icons.GetShortDescription(1, 'CurrentWeather'));",2017-05-31
20:00,22°C,22°C,290°13 Km/h,,65%,15°C,1000.0mb,,"document.write(Icons.GetShortDescription(1, 'CurrentWeather'));",2017-05-31
21:00,21°C,21°C,300°9 Km/h,,73%,16°C,1001.0mb,,"document.write(Icons.GetShortDescription(1, 'CurrentWeather'));",2017-05-31
22:00,20°C,20°C,280°6 Km/h,,78%,16°C,1001.0mb,,"document.write(Icons.GetShortDescription(1, 'CurrentWeather'));",2017-05-31
23:00,20°C,20°C,330°6 Km/h,,78%,16°C,1001.0mb,,"document.write(Icons.GetShortDescription(3, 'CurrentWeather'));  Scattered Clouds at 910m, Broken Clouds at 3700m",2017-05-31
