Time,Temperature,Relative Temperature,Wind,Wind Gust,Rel. humidity,Dew Point,Pressure,Icon,DescriptionDetails,date
00:00,2°C,2°C,310°4 Km/h,,70%,-3°C,1023.0mb,,"document.write(Icons.GetShortDescription(1, 'CurrentWeather'));",2017-03-12
01:00,3°C,3°C,320°4 Km/h,,70%,-2°C,1023.0mb,,"document.write(Icons.GetShortDescription(1, 'CurrentWeather'));  Haze",2017-03-12
02:00,2°C,2°C,330°2 Km/h,,75%,-2°C,1023.0mb,,"document.write(Icons.GetShortDescription(1, 'CurrentWeather'));  Haze",2017-03-12
03:00,2°C,2°C,340°2 Km/h,,75%,-2°C,1022.0mb,,"document.write(Icons.GetShortDescription(1, 'CurrentWeather'));  Haze",2017-03-12
04:00,2°C,2°C,290°4 Km/h,,75%,-2°C,1022.0mb,,"document.write(Icons.GetShortDescription(1, 'CurrentWeather'));  Haze",2017-03-12
05:00,2°C,2°C,350°2 Km/h,,75%,-2°C,1022.0mb,,"document.write(Icons.GetShortDescription(1, 'CurrentWeather'));  Haze",2017-03-12
06:00,2°C,2°C,220°2 Km/h,,75%,-2°C,1022.0mb,,"document.write(Icons.GetShortDescription(3, 'CurrentWeather'));  Scattered Clouds at 1100m, Broken Clouds at 5500m Haze",2017-03-12
07:00,4°C,3°C,150°6 Km/h,,65%,-2°C,1022.0mb,,"document.write(Icons.GetShortDescription(3, 'CurrentWeather'));  Scattered Clouds at 1100m, Broken Clouds at 4600m Haze",2017-03-12
08:00,6°C,6°C,170°2 Km/h,,66%,0°C,1022.0mb,,"document.write(Icons.GetShortDescription(3, 'CurrentWeather'));  Scattered Clouds at 910m, Broken Clouds at 4000m Haze",2017-03-12
09:00,8°C,7°C,190°6 Km/h,,53%,-1°C,1023.0mb,,"document.write(Icons.GetShortDescription(3, 'CurrentWeather'));  Scattered Clouds at 910m, Broken Clouds at 4000m Haze",2017-03-12
10:00,9°C,9°C,190°4 Km/h,,46%,-2°C,1022.0mb,,"document.write(Icons.GetShortDescription(3, 'CurrentWeather'));  Scattered Clouds at 910m, Broken Clouds at 4000m Haze",2017-03-12
11:00,11°C,11°C,230°4 Km/h,,41%,-2°C,1022.0mb,,"document.write(Icons.GetShortDescription(4, 'CurrentWeather'));  Scattered Clouds at 910m, Cloudy at 3700m Haze",2017-03-12
12:00,12°C,12°C,200°9 Km/h,,47%,1°C,1021.0mb,,"document.write(Icons.GetShortDescription(4, 'CurrentWeather'));  Few Clouds at 760m, Cloudy at 3700m",2017-03-12
13:00,13°C,13°C,230°17 Km/h,,44%,1°C,1020.0mb,,"document.write(Icons.GetShortDescription(4, 'CurrentWeather'));  Few Clouds at 910m, Cloudy at 3700m",2017-03-12
14:00,13°C,13°C,260°17 Km/h,,38%,-1°C,1019.0mb,,"document.write(Icons.GetShortDescription(1, 'CurrentWeather'));",2017-03-12
15:00,13°C,13°C,240°19 Km/h,,38%,-1°C,1019.0mb,,"document.write(Icons.GetShortDescription(1, 'CurrentWeather'));",2017-03-12
16:00,11°C,11°C,290°20 Km/h,,50%,1°C,1019.0mb,,"document.write(Icons.GetShortDescription(1, 'CurrentWeather'));",2017-03-12
17:00,9°C,8°C,270°9 Km/h,,62%,2°C,1020.0mb,,"document.write(Icons.GetShortDescription(3, 'CurrentWeather'));  Few Clouds at 1200m, Broken Clouds at 3400m",2017-03-12
18:00,9°C,8°C,270°7 Km/h,,62%,2°C,1019.0mb,,"document.write(Icons.GetShortDescription(3, 'CurrentWeather'));  Few Clouds at 1100m, Broken Clouds at 2700m",2017-03-12
19:00,7°C,6°C,330°6 Km/h,,71%,2°C,1019.0mb,,"document.write(Icons.GetShortDescription(3, 'CurrentWeather'));  Few Clouds at 1100m, Broken Clouds at 2400m",2017-03-12
19:42,7°C,5°C,300°13 Km/h,,71%,2°C,1019.0mb,,"document.write(Icons.GetShortDescription(3, 'CurrentWeather'));  Few Clouds at 910m, Broken Clouds at 2100m Haze",2017-03-12
20:00,7°C,5°C,290°13 Km/h,,71%,2°C,1019.0mb,,"document.write(Icons.GetShortDescription(3, 'CurrentWeather'));  Few Clouds at 910m, Broken Clouds at 2100m Haze",2017-03-12
21:00,7°C,5°C,280°9 Km/h,,76%,3°C,1020.0mb,,"document.write(Icons.GetShortDescription(3, 'CurrentWeather'));  Scattered Clouds at 610m, Broken Clouds at 3400m Haze",2017-03-12
22:00,7°C,6°C,240°7 Km/h,,76%,3°C,1020.0mb,,"document.write(Icons.GetShortDescription(3, 'CurrentWeather'));  Scattered Clouds at 910m, Broken Clouds at 3400m Haze",2017-03-12
23:00,6°C,4°C,300°9 Km/h,,76%,2°C,1020.0mb,,"document.write(Icons.GetShortDescription(3, 'CurrentWeather'));  Scattered Clouds at 760m, Broken Clouds at 3400m Haze",2017-03-12
