Time,Temperature,Relative Temperature,Wind,Wind Gust,Rel. humidity,Dew Point,Pressure,Icon,DescriptionDetails,date
00:00,-2°C,-7°C,310°15 Km/h,,69%,-7°C,1028.0mb,,"document.write(Icons.GetShortDescription(1, 'CurrentWeather'));",2017-12-19
01:00,-4°C,-8°C,340°9 Km/h,,69%,-9°C,1029.0mb,,"document.write(Icons.GetShortDescription(1, 'CurrentWeather'));",2017-12-19
02:00,-5°C,-8°C,350°6 Km/h,,74%,-9°C,1028.0mb,,"document.write(Icons.GetShortDescription(1, 'CurrentWeather'));",2017-12-19
03:00,-5°C,-8°C,310°6 Km/h,,74%,-9°C,1029.0mb,,"document.write(Icons.GetShortDescription(2, 'CurrentWeather'));  Scattered Clouds at 1200m",2017-12-19
04:00,-4°C,-8°C,310°9 Km/h,,69%,-9°C,1029.0mb,,"document.write(Icons.GetShortDescription(2, 'CurrentWeather'));  Few Clouds at 1200m",2017-12-19
05:00,-5°C,-9°C,310°9 Km/h,,68%,-10°C,1029.0mb,,"document.write(Icons.GetShortDescription(2, 'CurrentWeather'));  Few Clouds at 1200m",2017-12-19
06:00,-4°C,-10°C,320°17 Km/h,,63%,-10°C,1030.0mb,,"document.write(Icons.GetShortDescription(2, 'CurrentWeather'));  Few Clouds at 1200m",2017-12-19
07:00,-5°C,-12°C,340°20 Km/h,,58%,-12°C,1031.0mb,,"document.write(Icons.GetShortDescription(2, 'CurrentWeather'));  Few Clouds at 1200m",2017-12-19
08:00,-6°C,-12°C,330°15 Km/h,,58%,-13°C,1032.0mb,,"document.write(Icons.GetShortDescription(2, 'CurrentWeather'));  Few Clouds at 1200m",2017-12-19
09:00,-5°C,-11°C,330°17 Km/h,,50%,-14°C,1032.0mb,,"document.write(Icons.GetShortDescription(1, 'CurrentWeather'));",2017-12-19
10:00,-4°C,-10°C,330°17 Km/h,,42%,-15°C,1034.0mb,,"document.write(Icons.GetShortDescription(1, 'CurrentWeather'));",2017-12-19
11:00,-3°C,-8°C,340°17 Km/h,,36%,-16°C,1034.0mb,,"document.write(Icons.GetShortDescription(1, 'CurrentWeather'));",2017-12-19
12:00,-3°C,-7°C,320°11 Km/h,,28%,-19°C,1033.0mb,,"document.write(Icons.GetShortDescription(1, 'CurrentWeather'));",2017-12-19
13:00,-2°C,-6°C,340°13 Km/h,,26%,-19°C,1033.0mb,,"document.write(Icons.GetShortDescription(1, 'CurrentWeather'));",2017-12-19
14:00,-1°C,-5°C,320°11 Km/h,,24%,-19°C,1032.0mb,,"document.write(Icons.GetShortDescription(1, 'CurrentWeather'));",2017-12-19
15:00,-2°C,-6°C,300°13 Km/h,,26%,-19°C,1032.0mb,,"document.write(Icons.GetShortDescription(1, 'CurrentWeather'));",2017-12-19
16:00,-2°C,-7°C,270°15 Km/h,,34%,-16°C,1032.0mb,,"document.write(Icons.GetShortDescription(1, 'CurrentWeather'));",2017-12-19
17:00,-3°C,-8°C,290°13 Km/h,,36%,-16°C,1032.0mb,,"document.write(Icons.GetShortDescription(1, 'CurrentWeather'));",2017-12-19
18:00,-4°C,-4°C,280°4 Km/h,,42%,-15°C,1032.0mb,,"document.write(Icons.GetShortDescription(1, 'CurrentWeather'));",2017-12-19
19:00,-5°C,-5°C,Calm,,46%,-15°C,1032.0mb,,"document.write(Icons.GetShortDescription(1, 'CurrentWeather'));",2017-12-19
20:00,-6°C,-6°C,300°2 Km/h,,49%,-15°C,1033.0mb,,"document.write(Icons.GetShortDescription(1, 'CurrentWeather'));",2017-12-19
21:00,-5°C,-9°C,300°9 Km/h,,50%,-14°C,1033.0mb,,"document.write(Icons.GetShortDescription(1, 'CurrentWeather'));",2017-12-19
22:00,-7°C,-11°C,310°9 Km/h,,58%,-14°C,1033.0mb,,"document.write(Icons.GetShortDescription(1, 'CurrentWeather'));",2017-12-19
23:00,-9°C,-14°C,320°11 Km/h,,62%,-15°C,1033.0mb,,"document.write(Icons.GetShortDescription(1, 'CurrentWeather'));",2017-12-19
