Time,Temperature,Relative Temperature,Wind,Wind Gust,Rel. humidity,Dew Point,Pressure,Icon,DescriptionDetails,date
00:00,1°C,-2°C,150°11 Km/h,,60%,-6°C,1023.0mb,,"document.write(Icons.GetShortDescription(3, 'CurrentWeather'));  Broken Clouds at 1100m, Broken Clouds at 6100m",2017-11-22
01:00,2°C,-1°C,160°9 Km/h,,65%,-4°C,1022.0mb,,"document.write(Icons.GetShortDescription(4, 'CurrentWeather'));  Broken Clouds at 910m, Cloudy at 5500m",2017-11-22
02:00,3°C,0°C,150°13 Km/h,,56%,-5°C,1021.0mb,,"document.write(Icons.GetShortDescription(4, 'CurrentWeather'));  Broken Clouds at 910m, Cloudy at 4300m",2017-11-22
03:00,3°C,1°C,160°7 Km/h,,56%,-5°C,1021.0mb,,"document.write(Icons.GetShortDescription(4, 'CurrentWeather'));  Broken Clouds at 910m, Cloudy at 3400m",2017-11-22
04:00,4°C,1°C,160°11 Km/h,,48%,-6°C,1019.0mb,,"document.write(Icons.GetShortDescription(7, 'CurrentWeather'));  Broken Clouds at 1200m, Cloudy at 2700m Light Rain",2017-11-22
05:00,4°C,2°C,170°9 Km/h,,48%,-6°C,1018.0mb,,"document.write(Icons.GetShortDescription(7, 'CurrentWeather'));  Broken Clouds at 1200m, Cloudy at 2700m Light Rain",2017-11-22
06:00,4°C,1°C,180°11 Km/h,,52%,-5°C,1018.0mb,,"document.write(Icons.GetShortDescription(7, 'CurrentWeather'));  Broken Clouds at 1200m, Cloudy at 2700m Light Rain",2017-11-22
07:00,4°C,1°C,160°11 Km/h,,65%,-2°C,1018.0mb,,"document.write(Icons.GetShortDescription(7, 'CurrentWeather'));  Broken Clouds at 760m, Cloudy at 2400m Light Rain, Haze",2017-11-22
07:44,3°C,3°C,70°2 Km/h,,75%,-1°C,1018.0mb,,"document.write(Icons.GetShortDescription(4, 'CurrentWeather'));  Few Clouds at 300m, Broken Clouds at 610m, Cloudy at 2400m Haze",2017-11-22
08:00,3°C,3°C,130°4 Km/h,,75%,-1°C,1017.0mb,,"document.write(Icons.GetShortDescription(4, 'CurrentWeather'));  Broken Clouds at 1200m, Cloudy at 2400m",2017-11-22
09:00,5°C,2°C,160°11 Km/h,,70%,0°C,1018.0mb,,"document.write(Icons.GetShortDescription(3, 'CurrentWeather'));  Few Clouds at 460m, Scattered Clouds at 1200m, Broken Clouds at 5500m",2017-11-22
10:00,6°C,3°C,160°13 Km/h,,71%,1°C,1017.0mb,,"document.write(Icons.GetShortDescription(2, 'CurrentWeather'));  Few Clouds at 1200m, Scattered Clouds at 5500m",2017-11-22
11:00,8°C,6°C,180°13 Km/h,,66%,2°C,1017.0mb,,"document.write(Icons.GetShortDescription(2, 'CurrentWeather'));  Few Clouds at 1200m",2017-11-22
12:00,10°C,8°C,200°13 Km/h,,62%,3°C,1016.0mb,,"document.write(Icons.GetShortDescription(1, 'CurrentWeather'));",2017-11-22
13:00,11°C,11°C,280°19 Km/h,,58%,3°C,1015.0mb,,"document.write(Icons.GetShortDescription(2, 'CurrentWeather'));  Scattered Clouds at 910m",2017-11-22
14:00,10°C,7°C,300°26 Km/h,,54%,1°C,1015.0mb,,"document.write(Icons.GetShortDescription(2, 'CurrentWeather'));  Scattered Clouds at 910m",2017-11-22
15:00,9°C,6°C,290°20 Km/h,,54%,0°C,1016.0mb,,"document.write(Icons.GetShortDescription(2, 'CurrentWeather'));  Few Clouds at 910m",2017-11-22
16:00,9°C,6°C,290°26 Km/h,,32%,-7°C,1016.0mb,,"document.write(Icons.GetShortDescription(2, 'CurrentWeather'));  Few Clouds at 910m",2017-11-22
17:00,7°C,4°C,300°20 Km/h,,42%,-5°C,1017.0mb,,"document.write(Icons.GetShortDescription(2, 'CurrentWeather'));  Few Clouds at 910m",2017-11-22
18:00,5°C,2°C,300°13 Km/h,,39%,-8°C,1018.0mb,,"document.write(Icons.GetShortDescription(2, 'CurrentWeather'));  Few Clouds at 910m",2017-11-22
19:00,4°C,0°C,320°20 Km/h,,39%,-9°C,1018.0mb,,"document.write(Icons.GetShortDescription(1, 'CurrentWeather'));",2017-11-22
20:00,3°C,-2°C,320°24 Km/h,,41%,-9°C,1019.0mb,,"document.write(Icons.GetShortDescription(1, 'CurrentWeather'));",2017-11-22
21:00,1°C,-3°C,320°15 Km/h,,48%,-9°C,1020.0mb,,"document.write(Icons.GetShortDescription(1, 'CurrentWeather'));",2017-11-22
22:00,0°C,-4°C,320°13 Km/h,,51%,-9°C,1021.0mb,,"document.write(Icons.GetShortDescription(1, 'CurrentWeather'));",2017-11-22
23:00,-1°C,-3°C,310°6 Km/h,,55%,-9°C,1021.0mb,,"document.write(Icons.GetShortDescription(1, 'CurrentWeather'));",2017-11-22
