Time,Temperature,Relative Temperature,Wind,Wind Gust,Rel. humidity,Dew Point,Pressure,Icon,DescriptionDetails,date
00:00,22°C,22°C,300°4 Km/h,,78%,18°C,1010.0mb,,"document.write(Icons.GetShortDescription(4, 'CurrentWeather'));  Scattered Clouds at 910m, Cloudy at 3700m Haze",2017-09-27
01:00,22°C,22°C,200°4 Km/h,,78%,18°C,1009.0mb,,"document.write(Icons.GetShortDescription(7, 'CurrentWeather'));  Scattered Clouds at 910m, Cloudy at 3700m Light Rain",2017-09-27
02:00,22°C,22°C,310°6 Km/h,,78%,18°C,1009.0mb,,"document.write(Icons.GetShortDescription(4, 'CurrentWeather'));  Broken Clouds at 910m, Cloudy at 3000m Haze",2017-09-27
03:00,22°C,22°C,220°9 Km/h,,78%,18°C,1009.0mb,,"document.write(Icons.GetShortDescription(4, 'CurrentWeather'));  Broken Clouds at 910m, Cloudy at 3000m Haze",2017-09-27
04:00,22°C,22°C,230°6 Km/h,,78%,18°C,1009.0mb,,"document.write(Icons.GetShortDescription(4, 'CurrentWeather'));  Broken Clouds at 910m, Cloudy at 3000m Haze",2017-09-27
05:00,21°C,21°C,240°4 Km/h,,78%,17°C,1008.0mb,,"document.write(Icons.GetShortDescription(7, 'CurrentWeather'));  Broken Clouds at 910m, Cloudy at 3000m Light Rain, Haze",2017-09-27
05:57,20°C,20°C,150°4 Km/h,,78%,16°C,1008.0mb,,"document.write(Icons.GetShortDescription(4, 'CurrentWeather'));  Broken Clouds at 1400m, Cloudy at 3700m",2017-09-27
06:00,20°C,20°C,150°4 Km/h,,78%,16°C,1008.0mb,,"document.write(Icons.GetShortDescription(4, 'CurrentWeather'));  Broken Clouds at 1400m, Cloudy at 3700m",2017-09-27
07:00,20°C,20°C,160°7 Km/h,,73%,15°C,1008.0mb,,"document.write(Icons.GetShortDescription(4, 'CurrentWeather'));  Broken Clouds at 1400m, Cloudy at 3700m",2017-09-27
08:00,21°C,21°C,320°2 Km/h,,69%,15°C,1009.0mb,,"document.write(Icons.GetShortDescription(7, 'CurrentWeather'));  Broken Clouds at 1100m, Cloudy at 3000m Light Rain",2017-09-27
09:00,21°C,21°C,320°6 Km/h,,73%,16°C,1009.0mb,,"document.write(Icons.GetShortDescription(7, 'CurrentWeather'));  Few Clouds at 460m, Broken Clouds at 910m, Broken Clouds at 3700m Light Rain",2017-09-27
10:00,22°C,22°C,330°6 Km/h,,65%,15°C,1008.0mb,,"document.write(Icons.GetShortDescription(7, 'CurrentWeather'));  Few Clouds at 460m, Broken Clouds at 910m, Broken Clouds at 3700m Light Rain",2017-09-27
11:00,22°C,22°C,310°4 Km/h,,65%,15°C,1007.0mb,,"document.write(Icons.GetShortDescription(3, 'CurrentWeather'));  Scattered Clouds at 910m, Broken Clouds at 3700m",2017-09-27
12:00,23°C,23°C,360°7 Km/h,,69%,17°C,1007.0mb,,"document.write(Icons.GetShortDescription(3, 'CurrentWeather'));  Scattered Clouds at 910m, Broken Clouds at 3700m",2017-09-27
13:00,24°C,24°C,330°9 Km/h,,69%,18°C,1007.0mb,,"document.write(Icons.GetShortDescription(4, 'CurrentWeather'));  Few Clouds at 460m, Scattered Clouds at 910m, Cloudy at 3700m",2017-09-27
14:00,25°C,25°C,350°11 Km/h,,61%,17°C,1006.0mb,,"document.write(Icons.GetShortDescription(2, 'CurrentWeather'));  Few Clouds at 910m, Scattered Clouds at 4600m",2017-09-27
15:00,26°C,27°C,350°7 Km/h,,61%,18°C,1005.0mb,,"document.write(Icons.GetShortDescription(2, 'CurrentWeather'));  Few Clouds at 910m, Scattered Clouds at 4600m",2017-09-27
16:00,25°C,25°C,10°15 Km/h,,57%,16°C,1005.0mb,,"document.write(Icons.GetShortDescription(3, 'CurrentWeather'));  Few Clouds at 910m, Broken Clouds at 4600m",2017-09-27
17:00,24°C,24°C,330°17 Km/h,,61%,16°C,1005.0mb,,"document.write(Icons.GetShortDescription(3, 'CurrentWeather'));  Few Clouds at 910m, Broken Clouds at 4600m",2017-09-27
18:00,23°C,23°C,330°15 Km/h,,65%,16°C,1006.0mb,,"document.write(Icons.GetShortDescription(2, 'CurrentWeather'));  Few Clouds at 910m, Scattered Clouds at 4600m",2017-09-27
19:00,21°C,21°C,340°19 Km/h,,69%,15°C,1007.0mb,,"document.write(Icons.GetShortDescription(2, 'CurrentWeather'));  Few Clouds at 910m, Scattered Clouds at 4600m",2017-09-27
20:00,21°C,21°C,10°9 Km/h,,69%,15°C,1008.0mb,,"document.write(Icons.GetShortDescription(1, 'CurrentWeather'));",2017-09-27
21:00,20°C,20°C,20°9 Km/h,,69%,14°C,1008.0mb,,"document.write(Icons.GetShortDescription(1, 'CurrentWeather'));",2017-09-27
22:00,19°C,19°C,360°11 Km/h,,68%,13°C,1008.0mb,,"document.write(Icons.GetShortDescription(1, 'CurrentWeather'));",2017-09-27
23:00,18°C,18°C,330°7 Km/h,,73%,13°C,1009.0mb,,"document.write(Icons.GetShortDescription(1, 'CurrentWeather'));",2017-09-27
