Time,Temperature,Relative Temperature,Wind,Wind Gust,Rel. humidity,Dew Point,Pressure,Icon,DescriptionDetails,date
00:00,20°C,20°C,90°17 Km/h,,46%,8°C,1018.0mb,,"document.write(Icons.GetShortDescription(1, 'CurrentWeather'));",2017-09-16
01:00,20°C,20°C,100°17 Km/h,,46%,8°C,1018.0mb,,"document.write(Icons.GetShortDescription(1, 'CurrentWeather'));",2017-09-16
02:00,19°C,19°C,100°15 Km/h,,49%,8°C,1017.0mb,,"document.write(Icons.GetShortDescription(1, 'CurrentWeather'));",2017-09-16
03:00,19°C,19°C,100°15 Km/h,,52%,9°C,1017.0mb,,"document.write(Icons.GetShortDescription(1, 'CurrentWeather'));",2017-09-16
04:00,19°C,19°C,100°15 Km/h,,52%,9°C,1017.0mb,,"document.write(Icons.GetShortDescription(1, 'CurrentWeather'));",2017-09-16
05:00,16°C,16°C,70°6 Km/h,,59%,8°C,1017.0mb,,"document.write(Icons.GetShortDescription(1, 'CurrentWeather'));",2017-09-16
06:00,15°C,15°C,20°9 Km/h,,63%,8°C,1017.0mb,,"document.write(Icons.GetShortDescription(1, 'CurrentWeather'));",2017-09-16
07:00,16°C,16°C,30°7 Km/h,,63%,9°C,1017.0mb,,"document.write(Icons.GetShortDescription(1, 'CurrentWeather'));",2017-09-16
08:00,19°C,19°C,20°11 Km/h,,56%,10°C,1017.0mb,,"document.write(Icons.GetShortDescription(1, 'CurrentWeather'));",2017-09-16
09:00,21°C,21°C,30°15 Km/h,,50%,10°C,1017.0mb,,"document.write(Icons.GetShortDescription(1, 'CurrentWeather'));",2017-09-16
10:00,23°C,23°C,50°13 Km/h,,44%,10°C,1016.0mb,,"document.write(Icons.GetShortDescription(1, 'CurrentWeather'));",2017-09-16
11:00,24°C,24°C,80°17 Km/h,,44%,11°C,1016.0mb,,"document.write(Icons.GetShortDescription(1, 'CurrentWeather'));",2017-09-16
12:00,25°C,25°C,90°17 Km/h,,42%,11°C,1015.0mb,,"document.write(Icons.GetShortDescription(1, 'CurrentWeather'));",2017-09-16
13:00,26°C,26°C,90°20 Km/h,,39%,11°C,1014.0mb,,"document.write(Icons.GetShortDescription(1, 'CurrentWeather'));",2017-09-16
14:00,26°C,26°C,100°22 Km/h,,42%,12°C,1013.0mb,,"document.write(Icons.GetShortDescription(1, 'CurrentWeather'));",2017-09-16
15:00,27°C,27°C,80°19 Km/h,,39%,12°C,1012.0mb,,"document.write(Icons.GetShortDescription(2, 'CurrentWeather'));  Few Clouds at 910m",2017-09-16
16:00,26°C,26°C,80°17 Km/h,,39%,11°C,1012.0mb,,"document.write(Icons.GetShortDescription(2, 'CurrentWeather'));  Few Clouds at 910m",2017-09-16
17:00,26°C,26°C,90°19 Km/h,,42%,12°C,1012.0mb,,"document.write(Icons.GetShortDescription(2, 'CurrentWeather'));  Few Clouds at 910m",2017-09-16
18:00,24°C,24°C,80°17 Km/h,,44%,11°C,1012.0mb,,"document.write(Icons.GetShortDescription(2, 'CurrentWeather'));  Scattered Clouds at 910m",2017-09-16
19:00,23°C,23°C,70°19 Km/h,,47%,11°C,1012.0mb,,"document.write(Icons.GetShortDescription(2, 'CurrentWeather'));  Few Clouds at 1200m",2017-09-16
20:00,23°C,23°C,80°17 Km/h,,47%,11°C,1013.0mb,,"document.write(Icons.GetShortDescription(2, 'CurrentWeather'));  Few Clouds at 1200m",2017-09-16
21:00,21°C,21°C,70°9 Km/h,,50%,10°C,1013.0mb,,"document.write(Icons.GetShortDescription(2, 'CurrentWeather'));  Few Clouds at 1200m",2017-09-16
22:00,21°C,21°C,60°11 Km/h,,53%,11°C,1013.0mb,,"document.write(Icons.GetShortDescription(2, 'CurrentWeather'));  Few Clouds at 1200m",2017-09-16
23:00,19°C,19°C,30°7 Km/h,,60%,11°C,1013.0mb,,"document.write(Icons.GetShortDescription(2, 'CurrentWeather'));  Few Clouds at 1200m, Scattered Clouds at 6100m",2017-09-16
