Time,Temperature,Relative Temperature,Wind,Wind Gust,Rel. humidity,Dew Point,Pressure,Icon,DescriptionDetails,date
00:00,12°C,12°C,100°7 Km/h,,44%,0°C,1014.0mb,,"document.write(Icons.GetShortDescription(1, 'CurrentWeather'));",2017-05-08
01:00,10°C,8°C,140°15 Km/h,,58%,2°C,1014.0mb,,"document.write(Icons.GetShortDescription(1, 'CurrentWeather'));",2017-05-08
02:00,9°C,8°C,150°9 Km/h,,66%,3°C,1014.0mb,,"document.write(Icons.GetShortDescription(1, 'CurrentWeather'));",2017-05-08
03:00,9°C,8°C,160°9 Km/h,,66%,3°C,1014.0mb,,"document.write(Icons.GetShortDescription(1, 'CurrentWeather'));",2017-05-08
04:00,10°C,8°C,140°13 Km/h,,62%,3°C,1014.0mb,,"document.write(Icons.GetShortDescription(1, 'CurrentWeather'));",2017-05-08
05:00,11°C,11°C,170°11 Km/h,,62%,4°C,1013.0mb,,"document.write(Icons.GetShortDescription(1, 'CurrentWeather'));",2017-05-08
06:00,12°C,12°C,170°13 Km/h,,54%,3°C,1014.0mb,,"document.write(Icons.GetShortDescription(1, 'CurrentWeather'));",2017-05-08
07:00,14°C,14°C,160°15 Km/h,,55%,5°C,1014.0mb,,"document.write(Icons.GetShortDescription(1, 'CurrentWeather'));",2017-05-08
08:00,16°C,16°C,180°17 Km/h,,48%,5°C,1014.0mb,,"document.write(Icons.GetShortDescription(1, 'CurrentWeather'));",2017-05-08
09:00,18°C,18°C,200°11 Km/h,,49%,7°C,1014.0mb,,"document.write(Icons.GetShortDescription(1, 'CurrentWeather'));",2017-05-08
10:00,20°C,20°C,190°15 Km/h,,49%,9°C,1014.0mb,,"document.write(Icons.GetShortDescription(1, 'CurrentWeather'));  Dust storm",2017-05-08
11:00,21°C,21°C,220°9 Km/h,,46%,9°C,1014.0mb,,"document.write(Icons.GetShortDescription(1, 'CurrentWeather'));  Dust storm",2017-05-08
12:00,22°C,21°C,240°15 Km/h,,44%,9°C,1014.0mb,,"document.write(Icons.GetShortDescription(1, 'CurrentWeather'));  Dust storm",2017-05-08
13:00,23°C,22°C,240°15 Km/h,,38%,8°C,1014.0mb,,"document.write(Icons.GetShortDescription(1, 'CurrentWeather'));",2017-05-08
14:00,22°C,21°C,230°17 Km/h,,38%,7°C,1014.0mb,,"document.write(Icons.GetShortDescription(1, 'CurrentWeather'));",2017-05-08
15:00,21°C,21°C,250°13 Km/h,,38%,6°C,1013.0mb,,"document.write(Icons.GetShortDescription(1, 'CurrentWeather'));",2017-05-08
16:00,21°C,21°C,240°13 Km/h,,40%,7°C,1013.0mb,,"document.write(Icons.GetShortDescription(1, 'CurrentWeather'));",2017-05-08
17:00,20°C,20°C,230°15 Km/h,,38%,5°C,1012.0mb,,"document.write(Icons.GetShortDescription(1, 'CurrentWeather'));",2017-05-08
18:00,20°C,20°C,230°11 Km/h,,35%,4°C,1012.0mb,,"document.write(Icons.GetShortDescription(1, 'CurrentWeather'));",2017-05-08
19:00,19°C,19°C,240°9 Km/h,,35%,3°C,1013.0mb,,"document.write(Icons.GetShortDescription(1, 'CurrentWeather'));",2017-05-08
20:00,18°C,18°C,240°7 Km/h,,37%,3°C,1013.0mb,,"document.write(Icons.GetShortDescription(1, 'CurrentWeather'));",2017-05-08
21:00,18°C,18°C,240°6 Km/h,,37%,3°C,1014.0mb,,"document.write(Icons.GetShortDescription(1, 'CurrentWeather'));",2017-05-08
22:00,18°C,18°C,180°6 Km/h,,37%,3°C,1014.0mb,,"document.write(Icons.GetShortDescription(1, 'CurrentWeather'));",2017-05-08
23:00,18°C,18°C,210°11 Km/h,,43%,5°C,1014.0mb,,"document.write(Icons.GetShortDescription(1, 'CurrentWeather'));",2017-05-08
