Time,Temperature,Relative Temperature,Wind,Wind Gust,Rel. humidity,Dew Point,Pressure,Icon,DescriptionDetails,date
00:00,18°C,18°C,230°2 Km/h,,60%,10°C,1015.0mb,,"document.write(Icons.GetShortDescription(1, 'CurrentWeather'));",2017-05-05
01:00,18°C,18°C,300°6 Km/h,,64%,11°C,1015.0mb,,"document.write(Icons.GetShortDescription(1, 'CurrentWeather'));",2017-05-05
02:00,18°C,18°C,310°6 Km/h,,64%,11°C,1015.0mb,,"document.write(Icons.GetShortDescription(3, 'CurrentWeather'));  Few Clouds at 760m, Broken Clouds at 2100m",2017-05-05
03:00,17°C,17°C,320°6 Km/h,,68%,11°C,1015.0mb,,"document.write(Icons.GetShortDescription(3, 'CurrentWeather'));  Few Clouds at 760m, Broken Clouds at 1800m",2017-05-05
04:00,17°C,17°C,320°7 Km/h,,68%,11°C,1015.0mb,,"document.write(Icons.GetShortDescription(3, 'CurrentWeather'));  Few Clouds at 760m, Broken Clouds at 1800m",2017-05-05
05:00,17°C,17°C,20°4 Km/h,,68%,11°C,1015.0mb,,"document.write(Icons.GetShortDescription(3, 'CurrentWeather'));  Few Clouds at 760m, Broken Clouds at 1800m",2017-05-05
06:00,16°C,16°C,290°2 Km/h,,68%,10°C,1015.0mb,,"document.write(Icons.GetShortDescription(1, 'CurrentWeather'));",2017-05-05
07:00,19°C,19°C,210°4 Km/h,,60%,11°C,1015.0mb,,"document.write(Icons.GetShortDescription(1, 'CurrentWeather'));",2017-05-05
08:00,21°C,21°C,30°4 Km/h,,50%,10°C,1015.0mb,,"document.write(Icons.GetShortDescription(1, 'CurrentWeather'));",2017-05-05
09:00,22°C,21°C,30°4 Km/h,,47%,10°C,1014.0mb,,"document.write(Icons.GetShortDescription(1, 'CurrentWeather'));",2017-05-05
10:00,24°C,23°C,170°6 Km/h,,39%,9°C,1013.0mb,,"document.write(Icons.GetShortDescription(2, 'CurrentWeather'));  Few Clouds at 910m",2017-05-05
11:00,25°C,25°C,190°11 Km/h,,39%,10°C,1013.0mb,,"document.write(Icons.GetShortDescription(2, 'CurrentWeather'));  Scattered Clouds at 910m",2017-05-05
12:00,25°C,25°C,240°17 Km/h,,39%,10°C,1013.0mb,,"document.write(Icons.GetShortDescription(2, 'CurrentWeather'));  Scattered Clouds at 910m",2017-05-05
13:00,24°C,23°C,260°17 Km/h,,39%,9°C,1013.0mb,,"document.write(Icons.GetShortDescription(2, 'CurrentWeather'));  Scattered Clouds at 910m",2017-05-05
14:00,25°C,25°C,260°19 Km/h,,36%,9°C,1012.0mb,,"document.write(Icons.GetShortDescription(2, 'CurrentWeather'));  Few Clouds at 910m",2017-05-05
15:00,26°C,26°C,260°19 Km/h,,37%,10°C,1012.0mb,,"document.write(Icons.GetShortDescription(2, 'CurrentWeather'));  Few Clouds at 910m",2017-05-05
16:00,24°C,24°C,300°28 Km/h,,41%,10°C,1012.0mb,,"document.write(Icons.GetShortDescription(2, 'CurrentWeather'));  Few Clouds at 910m",2017-05-05
17:00,23°C,22°C,280°20 Km/h,,41%,9°C,1012.0mb,,"document.write(Icons.GetShortDescription(2, 'CurrentWeather'));  Few Clouds at 910m",2017-05-05
18:00,20°C,20°C,280°26 Km/h,,53%,10°C,1012.0mb,,"document.write(Icons.GetShortDescription(2, 'CurrentWeather'));  Few Clouds at 910m, Scattered Clouds at 5500m",2017-05-05
19:00,19°C,19°C,270°9 Km/h,,56%,10°C,1012.0mb,,"document.write(Icons.GetShortDescription(3, 'CurrentWeather'));  Broken Clouds at 910m, Broken Clouds at 5500m",2017-05-05
20:00,18°C,18°C,280°13 Km/h,,64%,11°C,1012.0mb,,"document.write(Icons.GetShortDescription(3, 'CurrentWeather'));  Scattered Clouds at 910m, Broken Clouds at 5500m",2017-05-05
21:00,17°C,17°C,280°13 Km/h,,68%,11°C,1013.0mb,,"document.write(Icons.GetShortDescription(4, 'CurrentWeather'));  Broken Clouds at 610m, Cloudy at 4600m",2017-05-05
22:00,16°C,16°C,280°24 Km/h,,72%,11°C,1013.0mb,,"document.write(Icons.GetShortDescription(4, 'CurrentWeather'));  Few Clouds at 300m, Broken Clouds at 610m, Cloudy at 3700m",2017-05-05
23:00,15°C,15°C,280°20 Km/h,,77%,11°C,1014.0mb,,"document.write(Icons.GetShortDescription(3, 'CurrentWeather'));  Few Clouds at 300m, Broken Clouds at 760m",2017-05-05
