Time,Temperature,Relative Temperature,Wind,Wind Gust,Rel. humidity,Dew Point,Pressure,Icon,DescriptionDetails,date
00:00,3°C,-2°C,210°22 Km/h,,81%,0°C,1018.0mb,,"document.write(Icons.GetShortDescription(7, 'CurrentWeather'));  Few Clouds at 460m, Broken Clouds at 910m, Cloudy at 2400m Light Rain",2017-01-27
00:37,5°C,1°C,230°24 Km/h,,81%,2°C,1018.0mb,,"document.write(Icons.GetShortDescription(7, 'CurrentWeather'));  Few Clouds at 460m, Broken Clouds at 910m, Cloudy at 2400m Rain",2017-01-27
00:46,5°C,1°C,260°24 Km/h,,81%,2°C,1018.0mb,,"document.write(Icons.GetShortDescription(26, 'CurrentWeather'));  Few Clouds at 460m, Broken Clouds at 910m, Cloudy at 2400m Light Rain and Snowfall, Haze",2017-01-27
01:00,4°C,-2°C,280°33 Km/h,,75%,0°C,1018.0mb,,"document.write(Icons.GetShortDescription(26, 'CurrentWeather'));  Few Clouds at 460m, Broken Clouds at 910m, Cloudy at 2400m Light Rain and Snowfall, Haze",2017-01-27
02:00,3°C,-2°C,290°22 Km/h,,75%,-1°C,1019.0mb,,"document.write(Icons.GetShortDescription(2, 'CurrentWeather'));  Few Clouds at 460m, Scattered Clouds at 910m Haze",2017-01-27
03:00,1°C,-4°C,300°22 Km/h,,75%,-3°C,1021.0mb,,"document.write(Icons.GetShortDescription(2, 'CurrentWeather'));  Few Clouds at 460m, Scattered Clouds at 910m Haze",2017-01-27
04:00,-1°C,-8°C,320°28 Km/h,,64%,-7°C,1022.0mb,,"document.write(Icons.GetShortDescription(2, 'CurrentWeather'));  Scattered Clouds at 910m",2017-01-27
05:00,-2°C,-8°C,300°24 Km/h,,47%,-12°C,1023.0mb,,"document.write(Icons.GetShortDescription(2, 'CurrentWeather'));  Scattered Clouds at 910m",2017-01-27
06:00,-3°C,-9°C,320°20 Km/h,,46%,-13°C,1025.0mb,,"document.write(Icons.GetShortDescription(2, 'CurrentWeather'));  Scattered Clouds at 910m",2017-01-27
07:00,-4°C,-10°C,310°17 Km/h,,46%,-14°C,1026.0mb,,"document.write(Icons.GetShortDescription(1, 'CurrentWeather'));",2017-01-27
08:00,-5°C,-10°C,300°11 Km/h,,50%,-14°C,1027.0mb,,"document.write(Icons.GetShortDescription(1, 'CurrentWeather'));",2017-01-27
09:00,-4°C,-10°C,310°17 Km/h,,46%,-14°C,1029.0mb,,"document.write(Icons.GetShortDescription(1, 'CurrentWeather'));",2017-01-27
10:00,-3°C,-9°C,320°22 Km/h,,39%,-15°C,1029.0mb,,"document.write(Icons.GetShortDescription(1, 'CurrentWeather'));",2017-01-27
11:00,-3°C,-10°C,330°24 Km/h,,39%,-15°C,1029.0mb,,"document.write(Icons.GetShortDescription(1, 'CurrentWeather'));",2017-01-27
12:00,-2°C,-8°C,320°22 Km/h,,40%,-14°C,1029.0mb,,"document.write(Icons.GetShortDescription(1, 'CurrentWeather'));",2017-01-27
13:00,-1°C,-7°C,340°20 Km/h,,37%,-14°C,1029.0mb,,"document.write(Icons.GetShortDescription(1, 'CurrentWeather'));",2017-01-27
14:00,0°C,-5°C,330°17 Km/h,,32%,-15°C,1028.0mb,,"document.write(Icons.GetShortDescription(1, 'CurrentWeather'));",2017-01-27
15:00,0°C,-4°C,310°15 Km/h,,27%,-17°C,1029.0mb,,"document.write(Icons.GetShortDescription(1, 'CurrentWeather'));",2017-01-27
16:00,0°C,-4°C,310°13 Km/h,,29%,-16°C,1029.0mb,,"document.write(Icons.GetShortDescription(1, 'CurrentWeather'));",2017-01-27
17:00,-1°C,-6°C,270°15 Km/h,,34%,-15°C,1029.0mb,,"document.write(Icons.GetShortDescription(1, 'CurrentWeather'));",2017-01-27
18:00,-2°C,-6°C,260°11 Km/h,,34%,-16°C,1029.0mb,,"document.write(Icons.GetShortDescription(1, 'CurrentWeather'));",2017-01-27
19:00,-3°C,-7°C,290°11 Km/h,,36%,-16°C,1030.0mb,,"document.write(Icons.GetShortDescription(1, 'CurrentWeather'));",2017-01-27
20:00,-4°C,-4°C,330°4 Km/h,,46%,-14°C,1030.0mb,,"document.write(Icons.GetShortDescription(1, 'CurrentWeather'));",2017-01-27
21:00,-5°C,-10°C,330°11 Km/h,,46%,-15°C,1030.0mb,,"document.write(Icons.GetShortDescription(1, 'CurrentWeather'));",2017-01-27
22:00,-5°C,-8°C,290°7 Km/h,,46%,-15°C,1030.0mb,,"document.write(Icons.GetShortDescription(1, 'CurrentWeather'));",2017-01-27
23:00,-5°C,-8°C,310°7 Km/h,,46%,-15°C,1030.0mb,,"document.write(Icons.GetShortDescription(1, 'CurrentWeather'));",2017-01-27
