Time,Temperature,Relative Temperature,Wind,Wind Gust,Rel. humidity,Dew Point,Pressure,Icon,DescriptionDetails,date
00:00,14°C,14°C,350°4 Km/h,,55%,5°C,1013.0mb,,"document.write(Icons.GetShortDescription(1, 'CurrentWeather'));",2017-05-28
01:00,14°C,14°C,360°2 Km/h,,55%,5°C,1012.0mb,,"document.write(Icons.GetShortDescription(1, 'CurrentWeather'));",2017-05-28
02:00,13°C,13°C,Calm,,67%,7°C,1013.0mb,,"document.write(Icons.GetShortDescription(1, 'CurrentWeather'));",2017-05-28
03:00,13°C,13°C,350°2 Km/h,,67%,7°C,1013.0mb,,"document.write(Icons.GetShortDescription(1, 'CurrentWeather'));",2017-05-28
04:00,13°C,13°C,90°2 Km/h,,72%,8°C,1013.0mb,,"document.write(Icons.GetShortDescription(1, 'CurrentWeather'));",2017-05-28
05:00,14°C,14°C,160°9 Km/h,,55%,5°C,1012.0mb,,"document.write(Icons.GetShortDescription(1, 'CurrentWeather'));",2017-05-28
06:00,15°C,15°C,160°9 Km/h,,51%,5°C,1012.0mb,,"document.write(Icons.GetShortDescription(1, 'CurrentWeather'));",2017-05-28
07:00,17°C,17°C,200°7 Km/h,,49%,6°C,1012.0mb,,"document.write(Icons.GetShortDescription(1, 'CurrentWeather'));",2017-05-28
08:00,20°C,20°C,190°11 Km/h,,38%,5°C,1013.0mb,,"document.write(Icons.GetShortDescription(1, 'CurrentWeather'));",2017-05-28
09:00,21°C,21°C,150°15 Km/h,,33%,4°C,1012.0mb,,"document.write(Icons.GetShortDescription(1, 'CurrentWeather'));",2017-05-28
10:00,23°C,22°C,170°11 Km/h,,27%,3°C,1012.0mb,,"document.write(Icons.GetShortDescription(1, 'CurrentWeather'));",2017-05-28
11:00,25°C,24°C,200°15 Km/h,,30%,6°C,1012.0mb,,"document.write(Icons.GetShortDescription(2, 'CurrentWeather'));  Few Clouds at 910m",2017-05-28
12:00,25°C,24°C,210°22 Km/h,,30%,6°C,1012.0mb,,"document.write(Icons.GetShortDescription(2, 'CurrentWeather'));  Scattered Clouds at 910m",2017-05-28
13:00,26°C,25°C,210°20 Km/h,,32%,8°C,1011.0mb,,"document.write(Icons.GetShortDescription(2, 'CurrentWeather'));  Few Clouds at 910m, Scattered Clouds at 5500m",2017-05-28
14:00,26°C,26°C,240°17 Km/h,,39%,11°C,1011.0mb,,"document.write(Icons.GetShortDescription(2, 'CurrentWeather'));  Few Clouds at 910m, Scattered Clouds at 5500m",2017-05-28
15:00,25°C,25°C,260°19 Km/h,,44%,12°C,1010.0mb,,"document.write(Icons.GetShortDescription(2, 'CurrentWeather'));  Few Clouds at 910m, Scattered Clouds at 5500m",2017-05-28
16:00,25°C,25°C,230°20 Km/h,,47%,13°C,1009.0mb,,"document.write(Icons.GetShortDescription(2, 'CurrentWeather'));  Few Clouds at 910m, Scattered Clouds at 5500m",2017-05-28
17:00,24°C,24°C,230°20 Km/h,,50%,13°C,1009.0mb,,"document.write(Icons.GetShortDescription(2, 'CurrentWeather'));  Few Clouds at 910m, Scattered Clouds at 5500m",2017-05-28
18:00,23°C,23°C,240°20 Km/h,,53%,13°C,1009.0mb,,"document.write(Icons.GetShortDescription(1, 'CurrentWeather'));",2017-05-28
19:00,22°C,22°C,240°19 Km/h,,57%,13°C,1010.0mb,,"document.write(Icons.GetShortDescription(1, 'CurrentWeather'));",2017-05-28
20:00,21°C,21°C,220°17 Km/h,,60%,13°C,1010.0mb,,"document.write(Icons.GetShortDescription(1, 'CurrentWeather'));",2017-05-28
21:00,20°C,20°C,230°9 Km/h,,64%,13°C,1011.0mb,,"document.write(Icons.GetShortDescription(1, 'CurrentWeather'));",2017-05-28
22:00,20°C,20°C,200°11 Km/h,,69%,14°C,1011.0mb,,"document.write(Icons.GetShortDescription(1, 'CurrentWeather'));",2017-05-28
23:00,19°C,19°C,200°13 Km/h,,73%,14°C,1011.0mb,,"document.write(Icons.GetShortDescription(1, 'CurrentWeather'));",2017-05-28
