Time,Temperature,Relative Temperature,Wind,Wind Gust,Rel. humidity,Dew Point,Pressure,Icon,DescriptionDetails,date
00:00,3°C,-2°C,330°24 Km/h,,70%,-2°C,1015.0mb,,"document.write(Icons.GetShortDescription(4, 'CurrentWeather'));  Few Clouds at 460m, Scattered Clouds at 910m, Cloudy at 3700m Haze",2017-03-06
01:00,1°C,-3°C,320°15 Km/h,,65%,-5°C,1015.0mb,,"document.write(Icons.GetShortDescription(2, 'CurrentWeather'));  Scattered Clouds at 1100m",2017-03-06
02:00,0°C,-4°C,310°15 Km/h,,51%,-9°C,1015.0mb,,"document.write(Icons.GetShortDescription(2, 'CurrentWeather'));  Few Clouds at 1100m",2017-03-06
03:00,-1°C,-5°C,310°11 Km/h,,55%,-9°C,1015.0mb,,"document.write(Icons.GetShortDescription(1, 'CurrentWeather'));",2017-03-06
04:00,-2°C,-6°C,310°11 Km/h,,55%,-10°C,1015.0mb,,"document.write(Icons.GetShortDescription(1, 'CurrentWeather'));",2017-03-06
05:00,-2°C,-7°C,320°15 Km/h,,55%,-10°C,1016.0mb,,"document.write(Icons.GetShortDescription(1, 'CurrentWeather'));",2017-03-06
06:00,-3°C,-7°C,310°11 Km/h,,59%,-10°C,1016.0mb,,"document.write(Icons.GetShortDescription(1, 'CurrentWeather'));",2017-03-06
07:00,-2°C,-5°C,290°9 Km/h,,55%,-10°C,1017.0mb,,"document.write(Icons.GetShortDescription(1, 'CurrentWeather'));",2017-03-06
08:00,-2°C,-6°C,310°13 Km/h,,51%,-11°C,1018.0mb,,"document.write(Icons.GetShortDescription(1, 'CurrentWeather'));",2017-03-06
09:00,0°C,-6°C,320°30 Km/h,,37%,-13°C,1018.0mb,,"document.write(Icons.GetShortDescription(1, 'CurrentWeather'));",2017-03-06
10:00,1°C,-5°C,330°26 Km/h,,32%,-14°C,1018.0mb,,"document.write(Icons.GetShortDescription(1, 'CurrentWeather'));",2017-03-06
11:00,2°C,-4°C,330°31 Km/h,,25%,-16°C,1018.0mb,,"document.write(Icons.GetShortDescription(1, 'CurrentWeather'));",2017-03-06
12:00,3°C,-2°C,310°28 Km/h,,28%,-14°C,1017.0mb,,"document.write(Icons.GetShortDescription(1, 'CurrentWeather'));",2017-03-06
13:00,3°C,-3°C,320°30 Km/h,,22%,-17°C,1017.0mb,,"document.write(Icons.GetShortDescription(1, 'CurrentWeather'));",2017-03-06
14:00,3°C,-3°C,320°35 Km/h,,22%,-17°C,1016.0mb,,"document.write(Icons.GetShortDescription(1, 'CurrentWeather'));",2017-03-06
15:00,4°C,-2°C,320°35 Km/h,,20%,-17°C,1016.0mb,,"document.write(Icons.GetShortDescription(1, 'CurrentWeather'));",2017-03-06
16:00,4°C,-1°C,330°24 Km/h,,24%,-15°C,1016.0mb,,"document.write(Icons.GetShortDescription(1, 'CurrentWeather'));",2017-03-06
17:00,3°C,-3°C,320°30 Km/h,,23%,-16°C,1016.0mb,,"document.write(Icons.GetShortDescription(2, 'CurrentWeather'));  Few Clouds at 910m",2017-03-06
18:00,2°C,-3°C,330°20 Km/h,,30%,-14°C,1017.0mb,,"document.write(Icons.GetShortDescription(2, 'CurrentWeather'));  Few Clouds at 910m",2017-03-06
19:00,1°C,-4°C,310°19 Km/h,,32%,-14°C,1017.0mb,,"document.write(Icons.GetShortDescription(2, 'CurrentWeather'));  Few Clouds at 910m",2017-03-06
20:00,0°C,-4°C,310°11 Km/h,,34%,-14°C,1018.0mb,,"document.write(Icons.GetShortDescription(2, 'CurrentWeather'));  Scattered Clouds at 910m",2017-03-06
21:00,-2°C,-5°C,310°9 Km/h,,43%,-13°C,1018.0mb,,"document.write(Icons.GetShortDescription(2, 'CurrentWeather'));  Few Clouds at 910m",2017-03-06
22:00,-1°C,-4°C,280°9 Km/h,,40%,-13°C,1018.0mb,,"document.write(Icons.GetShortDescription(1, 'CurrentWeather'));",2017-03-06
23:00,-2°C,-4°C,310°6 Km/h,,43%,-13°C,1018.0mb,,"document.write(Icons.GetShortDescription(2, 'CurrentWeather'));  Few Clouds at 910m, Scattered Clouds at 3400m",2017-03-06
