Time,Temperature,Relative Temperature,Wind,Wind Gust,Rel. humidity,Dew Point,Pressure,Icon,DescriptionDetails,date
00:00,13°C,13°C,220°9 Km/h,,44%,1°C,1016.0mb,,"document.write(Icons.GetShortDescription(1, 'CurrentWeather'));",2017-05-07
01:00,11°C,11°C,200°6 Km/h,,54%,2°C,1015.0mb,,"document.write(Icons.GetShortDescription(1, 'CurrentWeather'));",2017-05-07
02:00,11°C,11°C,230°4 Km/h,,67%,5°C,1015.0mb,,"document.write(Icons.GetShortDescription(1, 'CurrentWeather'));",2017-05-07
03:00,9°C,9°C,50°2 Km/h,,71%,4°C,1015.0mb,,"document.write(Icons.GetShortDescription(1, 'CurrentWeather'));",2017-05-07
04:00,9°C,9°C,130°2 Km/h,,71%,4°C,1015.0mb,,"document.write(Icons.GetShortDescription(1, 'CurrentWeather'));",2017-05-07
05:00,9°C,7°C,140°11 Km/h,,76%,5°C,1014.0mb,,"document.write(Icons.GetShortDescription(1, 'CurrentWeather'));",2017-05-07
06:00,10°C,8°C,130°13 Km/h,,76%,6°C,1014.0mb,,"document.write(Icons.GetShortDescription(1, 'CurrentWeather'));",2017-05-07
07:00,12°C,12°C,200°15 Km/h,,72%,7°C,1014.0mb,,"document.write(Icons.GetShortDescription(1, 'CurrentWeather'));",2017-05-07
08:00,15°C,15°C,190°9 Km/h,,63%,8°C,1015.0mb,,"document.write(Icons.GetShortDescription(1, 'CurrentWeather'));",2017-05-07
09:00,17°C,17°C,270°9 Km/h,,56%,8°C,1015.0mb,,"document.write(Icons.GetShortDescription(2, 'CurrentWeather'));  Few Clouds at 910m",2017-05-07
10:00,18°C,18°C,230°13 Km/h,,52%,8°C,1014.0mb,,"document.write(Icons.GetShortDescription(1, 'CurrentWeather'));",2017-05-07
11:00,19°C,19°C,270°17 Km/h,,37%,4°C,1014.0mb,,"document.write(Icons.GetShortDescription(1, 'CurrentWeather'));",2017-05-07
12:00,21°C,21°C,270°19 Km/h,,23%,-1°C,1014.0mb,,"document.write(Icons.GetShortDescription(1, 'CurrentWeather'));",2017-05-07
13:00,21°C,21°C,280°30 Km/h,,20%,-3°C,1013.0mb,,"document.write(Icons.GetShortDescription(1, 'CurrentWeather'));",2017-05-07
14:00,22°C,21°C,260°22 Km/h,,22%,-1°C,1013.0mb,,"document.write(Icons.GetShortDescription(1, 'CurrentWeather'));",2017-05-07
15:00,22°C,21°C,270°24 Km/h,,22%,-1°C,1012.0mb,,"document.write(Icons.GetShortDescription(1, 'CurrentWeather'));",2017-05-07
16:00,21°C,21°C,260°20 Km/h,,23%,-1°C,1012.0mb,,"document.write(Icons.GetShortDescription(1, 'CurrentWeather'));",2017-05-07
17:00,20°C,20°C,260°20 Km/h,,23%,-2°C,1012.0mb,,"document.write(Icons.GetShortDescription(1, 'CurrentWeather'));",2017-05-07
18:00,20°C,20°C,280°22 Km/h,,21%,-3°C,1012.0mb,,"document.write(Icons.GetShortDescription(1, 'CurrentWeather'));",2017-05-07
19:00,18°C,18°C,270°19 Km/h,,24%,-3°C,1013.0mb,,"document.write(Icons.GetShortDescription(1, 'CurrentWeather'));",2017-05-07
20:00,17°C,17°C,270°17 Km/h,,27%,-2°C,1013.0mb,,"document.write(Icons.GetShortDescription(1, 'CurrentWeather'));",2017-05-07
21:00,16°C,16°C,280°13 Km/h,,27%,-3°C,1014.0mb,,"document.write(Icons.GetShortDescription(1, 'CurrentWeather'));",2017-05-07
22:00,15°C,15°C,220°7 Km/h,,39%,1°C,1014.0mb,,"document.write(Icons.GetShortDescription(1, 'CurrentWeather'));",2017-05-07
23:00,15°C,15°C,250°9 Km/h,,36%,0°C,1014.0mb,,"document.write(Icons.GetShortDescription(1, 'CurrentWeather'));",2017-05-07
