Time,Temperature,Relative Temperature,Wind,Wind Gust,Rel. humidity,Dew Point,Pressure,Icon,DescriptionDetails,date
00:00,20°C,20°C,320°7 Km/h,,69%,14°C,1008.0mb,,"document.write(Icons.GetShortDescription(1, 'CurrentWeather'));",2017-06-20
01:00,19°C,19°C,310°6 Km/h,,68%,13°C,1008.0mb,,"document.write(Icons.GetShortDescription(1, 'CurrentWeather'));",2017-06-20
02:00,19°C,19°C,340°4 Km/h,,78%,15°C,1008.0mb,,"document.write(Icons.GetShortDescription(1, 'CurrentWeather'));",2017-06-20
03:00,19°C,19°C,290°4 Km/h,,73%,14°C,1007.0mb,,"document.write(Icons.GetShortDescription(1, 'CurrentWeather'));",2017-06-20
04:00,18°C,18°C,290°4 Km/h,,83%,15°C,1007.0mb,,"document.write(Icons.GetShortDescription(1, 'CurrentWeather'));",2017-06-20
05:00,18°C,18°C,320°2 Km/h,,83%,15°C,1007.0mb,,"document.write(Icons.GetShortDescription(1, 'CurrentWeather'));",2017-06-20
06:00,18°C,18°C,320°6 Km/h,,83%,15°C,1008.0mb,,"document.write(Icons.GetShortDescription(1, 'CurrentWeather'));",2017-06-20
07:00,21°C,21°C,30°4 Km/h,,64%,14°C,1008.0mb,,"document.write(Icons.GetShortDescription(1, 'CurrentWeather'));",2017-06-20
08:00,23°C,23°C,30°4 Km/h,,57%,14°C,1007.0mb,,"document.write(Icons.GetShortDescription(1, 'CurrentWeather'));",2017-06-20
09:00,26°C,26°C,350°6 Km/h,,45%,13°C,1007.0mb,,"document.write(Icons.GetShortDescription(1, 'CurrentWeather'));",2017-06-20
10:00,28°C,27°C,280°6 Km/h,,37%,12°C,1006.0mb,,"document.write(Icons.GetShortDescription(1, 'CurrentWeather'));",2017-06-20
11:00,29°C,28°C,310°9 Km/h,,33%,11°C,1006.0mb,,"document.write(Icons.GetShortDescription(1, 'CurrentWeather'));",2017-06-20
12:00,30°C,29°C,340°11 Km/h,,29%,10°C,1005.0mb,,"document.write(Icons.GetShortDescription(1, 'CurrentWeather'));",2017-06-20
13:00,30°C,29°C,250°6 Km/h,,31%,11°C,1004.0mb,,"document.write(Icons.GetShortDescription(1, 'CurrentWeather'));",2017-06-20
14:00,31°C,30°C,280°13 Km/h,,33%,13°C,1003.0mb,,"document.write(Icons.GetShortDescription(1, 'CurrentWeather'));",2017-06-20
15:00,30°C,29°C,280°17 Km/h,,38%,14°C,1003.0mb,,"document.write(Icons.GetShortDescription(1, 'CurrentWeather'));",2017-06-20
16:00,29°C,28°C,300°15 Km/h,,33%,11°C,1003.0mb,,"document.write(Icons.GetShortDescription(7, 'CurrentWeather'));  Few Clouds at 1200m, Scattered Clouds at 4600m, Cloudy at 6100m Light Rain",2017-06-20
17:00,28°C,27°C,300°15 Km/h,,35%,11°C,1003.0mb,,"document.write(Icons.GetShortDescription(4, 'CurrentWeather'));  Few Clouds at 1200m, Scattered Clouds at 4600m, Cloudy at 6100m",2017-06-20
18:00,26°C,26°C,280°11 Km/h,,45%,13°C,1002.0mb,,"document.write(Icons.GetShortDescription(1, 'CurrentWeather'));",2017-06-20
19:00,26°C,26°C,290°11 Km/h,,42%,12°C,1003.0mb,,"document.write(Icons.GetShortDescription(1, 'CurrentWeather'));",2017-06-20
20:00,24°C,24°C,300°9 Km/h,,50%,13°C,1003.0mb,,"document.write(Icons.GetShortDescription(1, 'CurrentWeather'));",2017-06-20
21:00,24°C,24°C,300°6 Km/h,,54%,14°C,1003.0mb,,"document.write(Icons.GetShortDescription(1, 'CurrentWeather'));",2017-06-20
22:00,24°C,24°C,270°6 Km/h,,50%,13°C,1004.0mb,,"document.write(Icons.GetShortDescription(1, 'CurrentWeather'));",2017-06-20
23:00,24°C,24°C,280°4 Km/h,,50%,13°C,1004.0mb,,"document.write(Icons.GetShortDescription(4, 'CurrentWeather'));  Few Clouds at 1200m, Broken Clouds at 3400m, Cloudy at 6100m",2017-06-20
