Time,Temperature,Relative Temperature,Wind,Wind Gust,Rel. humidity,Dew Point,Pressure,Icon,DescriptionDetails,date
00:00,24°C,25°C,300°4 Km/h,,83%,21°C,1009.0mb,,"document.write(Icons.GetShortDescription(3, 'CurrentWeather'));  Broken Clouds at 910m",2017-08-18
01:00,24°C,25°C,Calm,,83%,21°C,1009.0mb,,"document.write(Icons.GetShortDescription(3, 'CurrentWeather'));  Broken Clouds at 910m",2017-08-18
02:00,23°C,24°C,Calm,,89%,21°C,1009.0mb,,"document.write(Icons.GetShortDescription(3, 'CurrentWeather'));  Broken Clouds at 910m Haze",2017-08-18
03:00,23°C,24°C,270°2 Km/h,,89%,21°C,1009.0mb,,"document.write(Icons.GetShortDescription(3, 'CurrentWeather'));  Broken Clouds at 910m Haze",2017-08-18
04:00,23°C,24°C,230°2 Km/h,,89%,21°C,1010.0mb,,"document.write(Icons.GetShortDescription(3, 'CurrentWeather'));  Few Clouds at 300m, Scattered Clouds at 910m, Broken Clouds at 4600m Haze",2017-08-18
05:00,23°C,24°C,120°2 Km/h,,89%,21°C,1010.0mb,,"document.write(Icons.GetShortDescription(3, 'CurrentWeather'));  Few Clouds at 300m, Scattered Clouds at 910m, Broken Clouds at 4600m",2017-08-18
06:00,23°C,24°C,150°7 Km/h,,83%,20°C,1010.0mb,,"document.write(Icons.GetShortDescription(2, 'CurrentWeather'));  Few Clouds at 910m, Scattered Clouds at 4600m Haze",2017-08-18
07:00,24°C,25°C,170°7 Km/h,,83%,21°C,1010.0mb,,"document.write(Icons.GetShortDescription(3, 'CurrentWeather'));  Scattered Clouds at 910m, Broken Clouds at 4600m Haze",2017-08-18
08:00,25°C,26°C,180°7 Km/h,,83%,22°C,1011.0mb,,"document.write(Icons.GetShortDescription(3, 'CurrentWeather'));  Broken Clouds at 910m, Broken Clouds at 3700m",2017-08-18
09:00,25°C,26°C,160°6 Km/h,,83%,22°C,1011.0mb,,"document.write(Icons.GetShortDescription(4, 'CurrentWeather'));  Few Clouds at 460m, Broken Clouds at 1100m, Cloudy at 3700m",2017-08-18
10:00,26°C,28°C,160°6 Km/h,,79%,22°C,1012.0mb,,"document.write(Icons.GetShortDescription(3, 'CurrentWeather'));  Scattered Clouds at 910m, Broken Clouds at 2400m",2017-08-18
11:00,28°C,31°C,200°6 Km/h,,70%,22°C,1012.0mb,,"document.write(Icons.GetShortDescription(3, 'CurrentWeather'));  Broken Clouds at 760m, Broken Clouds at 3000m",2017-08-18
12:00,27°C,29°C,320°7 Km/h,,70%,21°C,1011.0mb,,"document.write(Icons.GetShortDescription(4, 'CurrentWeather'));  Broken Clouds at 910m, Cloudy at 3000m",2017-08-18
13:00,28°C,31°C,330°6 Km/h,,70%,22°C,1010.0mb,,"document.write(Icons.GetShortDescription(4, 'CurrentWeather'));  Scattered Clouds at 910m, Cloudy at 5500m",2017-08-18
14:00,28°C,31°C,270°6 Km/h,,70%,22°C,1010.0mb,,"document.write(Icons.GetShortDescription(3, 'CurrentWeather'));  Scattered Clouds at 910m, Broken Clouds at 5500m",2017-08-18
15:00,29°C,31°C,330°6 Km/h,,62%,21°C,1010.0mb,,"document.write(Icons.GetShortDescription(3, 'CurrentWeather'));  Scattered Clouds at 910m, Broken Clouds at 5500m",2017-08-18
16:00,29°C,31°C,270°7 Km/h,,62%,21°C,1010.0mb,,"document.write(Icons.GetShortDescription(2, 'CurrentWeather'));  Scattered Clouds at 910m",2017-08-18
17:00,29°C,31°C,270°11 Km/h,,58%,20°C,1010.0mb,,"document.write(Icons.GetShortDescription(2, 'CurrentWeather'));  Scattered Clouds at 910m",2017-08-18
18:00,29°C,30°C,280°9 Km/h,,55%,19°C,1010.0mb,,"document.write(Icons.GetShortDescription(2, 'CurrentWeather'));  Few Clouds at 910m",2017-08-18
19:00,27°C,29°C,300°7 Km/h,,66%,20°C,1011.0mb,,"document.write(Icons.GetShortDescription(2, 'CurrentWeather'));  Few Clouds at 910m",2017-08-18
20:00,25°C,25°C,330°7 Km/h,,69%,19°C,1011.0mb,,"document.write(Icons.GetShortDescription(2, 'CurrentWeather'));  Few Clouds at 910m",2017-08-18
21:00,25°C,25°C,320°6 Km/h,,74%,20°C,1012.0mb,,"document.write(Icons.GetShortDescription(1, 'CurrentWeather'));",2017-08-18
22:00,25°C,25°C,270°2 Km/h,,74%,20°C,1012.0mb,,"document.write(Icons.GetShortDescription(2, 'CurrentWeather'));  Few Clouds at 1200m",2017-08-18
23:00,24°C,25°C,320°6 Km/h,,78%,20°C,1012.0mb,,"document.write(Icons.GetShortDescription(2, 'CurrentWeather'));  Few Clouds at 1200m",2017-08-18
23:17,24°C,25°C,330°7 Km/h,,78%,20°C,1012.0mb,,"document.write(Icons.GetShortDescription(2, 'CurrentWeather'));  Few Clouds at 1200m",2017-08-18
