Time,Temperature,Relative Temperature,Wind,Wind Gust,Rel. humidity,Dew Point,Pressure,Icon,DescriptionDetails,date
00:00,12°C,12°C,320°4 Km/h,,51%,2°C,1008.0mb,,"document.write(Icons.GetShortDescription(4, 'CurrentWeather'));  Scattered Clouds at 1200m, Cloudy at 5500m",2017-04-11
01:00,12°C,12°C,340°7 Km/h,,51%,2°C,1007.0mb,,"document.write(Icons.GetShortDescription(4, 'CurrentWeather'));  Scattered Clouds at 1200m, Cloudy at 3700m",2017-04-11
02:00,11°C,11°C,340°7 Km/h,,58%,3°C,1007.0mb,,"document.write(Icons.GetShortDescription(4, 'CurrentWeather'));  Scattered Clouds at 1200m, Cloudy at 3700m",2017-04-11
03:00,11°C,11°C,330°9 Km/h,,58%,3°C,1006.0mb,,"document.write(Icons.GetShortDescription(4, 'CurrentWeather'));  Scattered Clouds at 1200m, Cloudy at 3700m",2017-04-11
04:00,11°C,11°C,320°7 Km/h,,54%,2°C,1006.0mb,,"document.write(Icons.GetShortDescription(4, 'CurrentWeather'));  Scattered Clouds at 1200m, Cloudy at 3400m",2017-04-11
05:00,11°C,11°C,280°2 Km/h,,54%,2°C,1006.0mb,,"document.write(Icons.GetShortDescription(4, 'CurrentWeather'));  Scattered Clouds at 1200m, Cloudy at 3400m",2017-04-11
06:00,10°C,10°C,150°4 Km/h,,62%,3°C,1006.0mb,,"document.write(Icons.GetShortDescription(4, 'CurrentWeather'));  Few Clouds at 1200m, Cloudy at 2400m",2017-04-11
07:00,11°C,11°C,290°15 Km/h,,58%,3°C,1007.0mb,,"document.write(Icons.GetShortDescription(4, 'CurrentWeather'));  Few Clouds at 1200m, Cloudy at 2700m",2017-04-11
08:00,12°C,12°C,310°13 Km/h,,54%,3°C,1007.0mb,,"document.write(Icons.GetShortDescription(1, 'CurrentWeather'));",2017-04-11
09:00,13°C,13°C,270°4 Km/h,,51%,3°C,1007.0mb,,"document.write(Icons.GetShortDescription(1, 'CurrentWeather'));",2017-04-11
10:00,15°C,15°C,270°6 Km/h,,39%,1°C,1007.0mb,,"document.write(Icons.GetShortDescription(1, 'CurrentWeather'));",2017-04-11
11:00,17°C,17°C,340°7 Km/h,,37%,2°C,1006.0mb,,"document.write(Icons.GetShortDescription(1, 'CurrentWeather'));",2017-04-11
12:00,19°C,19°C,330°11 Km/h,,37%,4°C,1005.0mb,,"document.write(Icons.GetShortDescription(1, 'CurrentWeather'));",2017-04-11
13:00,18°C,18°C,290°19 Km/h,,37%,3°C,1005.0mb,,"document.write(Icons.GetShortDescription(1, 'CurrentWeather'));",2017-04-11
14:00,19°C,19°C,240°20 Km/h,,37%,4°C,1005.0mb,,"document.write(Icons.GetShortDescription(1, 'CurrentWeather'));",2017-04-11
15:00,19°C,19°C,280°19 Km/h,,37%,4°C,1004.0mb,,"document.write(Icons.GetShortDescription(1, 'CurrentWeather'));",2017-04-11
16:00,19°C,19°C,280°22 Km/h,,35%,3°C,1004.0mb,,"document.write(Icons.GetShortDescription(1, 'CurrentWeather'));",2017-04-11
17:00,18°C,18°C,260°19 Km/h,,37%,3°C,1004.0mb,,"document.write(Icons.GetShortDescription(1, 'CurrentWeather'));",2017-04-11
18:00,17°C,17°C,280°19 Km/h,,39%,3°C,1004.0mb,,"document.write(Icons.GetShortDescription(1, 'CurrentWeather'));",2017-04-11
19:00,17°C,17°C,310°26 Km/h,,25%,-3°C,1005.0mb,,"document.write(Icons.GetShortDescription(1, 'CurrentWeather'));",2017-04-11
20:00,15°C,15°C,320°28 Km/h,,20%,-8°C,1006.0mb,,"document.write(Icons.GetShortDescription(1, 'CurrentWeather'));",2017-04-11
21:00,14°C,14°C,320°28 Km/h,,20%,-9°C,1007.0mb,,"document.write(Icons.GetShortDescription(1, 'CurrentWeather'));",2017-04-11
22:00,12°C,12°C,310°19 Km/h,,22%,-9°C,1009.0mb,,"document.write(Icons.GetShortDescription(1, 'CurrentWeather'));",2017-04-11
23:00,12°C,12°C,320°30 Km/h,,22%,-9°C,1009.0mb,,"document.write(Icons.GetShortDescription(1, 'CurrentWeather'));",2017-04-11
