Time,Temperature,Relative Temperature,Wind,Wind Gust,Rel. humidity,Dew Point,Pressure,Icon,DescriptionDetails,date
00:00,20°C,20°C,320°6 Km/h,,83%,17°C,1009.0mb,,"document.write(Icons.GetShortDescription(1, 'CurrentWeather'));",2017-06-23
01:00,21°C,21°C,340°4 Km/h,,78%,17°C,1008.0mb,,"document.write(Icons.GetShortDescription(1, 'CurrentWeather'));",2017-06-23
02:00,21°C,21°C,330°2 Km/h,,78%,17°C,1008.0mb,,"document.write(Icons.GetShortDescription(1, 'CurrentWeather'));",2017-06-23
03:00,20°C,20°C,290°2 Km/h,,78%,16°C,1008.0mb,,"document.write(Icons.GetShortDescription(1, 'CurrentWeather'));",2017-06-23
04:00,19°C,19°C,320°4 Km/h,,83%,16°C,1008.0mb,,"document.write(Icons.GetShortDescription(1, 'CurrentWeather'));",2017-06-23
05:00,20°C,20°C,360°2 Km/h,,78%,16°C,1008.0mb,,"document.write(Icons.GetShortDescription(1, 'CurrentWeather'));  Haze",2017-06-23
06:00,20°C,20°C,330°6 Km/h,,83%,17°C,1008.0mb,,"document.write(Icons.GetShortDescription(3, 'CurrentWeather'));  Few Clouds at 460m, Broken Clouds at 6100m Haze",2017-06-23
07:00,22°C,22°C,350°4 Km/h,,83%,19°C,1008.0mb,,"document.write(Icons.GetShortDescription(1, 'CurrentWeather'));  Haze",2017-06-23
08:00,24°C,24°C,260°4 Km/h,,69%,18°C,1008.0mb,,"document.write(Icons.GetShortDescription(1, 'CurrentWeather'));",2017-06-23
09:00,26°C,27°C,230°6 Km/h,,61%,18°C,1008.0mb,,"document.write(Icons.GetShortDescription(1, 'CurrentWeather'));",2017-06-23
10:00,27°C,28°C,230°4 Km/h,,54%,17°C,1008.0mb,,"document.write(Icons.GetShortDescription(1, 'CurrentWeather'));",2017-06-23
11:00,29°C,30°C,340°6 Km/h,,51%,18°C,1007.0mb,,"document.write(Icons.GetShortDescription(2, 'CurrentWeather'));  Few Clouds at 910m",2017-06-23
12:00,30°C,30°C,260°7 Km/h,,43%,16°C,1006.0mb,,"document.write(Icons.GetShortDescription(2, 'CurrentWeather'));  Few Clouds at 910m",2017-06-23
13:00,31°C,31°C,310°4 Km/h,,40%,16°C,1005.0mb,,"document.write(Icons.GetShortDescription(2, 'CurrentWeather'));  Few Clouds at 910m",2017-06-23
14:00,31°C,32°C,290°19 Km/h,,46%,18°C,1005.0mb,,"document.write(Icons.GetShortDescription(2, 'CurrentWeather'));  Few Clouds at 910m",2017-06-23
15:00,31°C,31°C,290°17 Km/h,,43%,17°C,1005.0mb,,"document.write(Icons.GetShortDescription(2, 'CurrentWeather'));  Few Clouds at 1200m",2017-06-23
16:00,30°C,30°C,290°19 Km/h,,43%,16°C,1004.0mb,,"document.write(Icons.GetShortDescription(2, 'CurrentWeather'));  Few Clouds at 1200m",2017-06-23
17:00,28°C,28°C,290°20 Km/h,,48%,16°C,1005.0mb,,"document.write(Icons.GetShortDescription(2, 'CurrentWeather'));  Few Clouds at 1200m, Scattered Clouds at 5500m",2017-06-23
18:00,26°C,26°C,300°19 Km/h,,51%,15°C,1004.0mb,,"document.write(Icons.GetShortDescription(1, 'CurrentWeather'));",2017-06-23
19:00,26°C,26°C,270°7 Km/h,,51%,15°C,1004.0mb,,"document.write(Icons.GetShortDescription(1, 'CurrentWeather'));",2017-06-23
20:00,25°C,25°C,280°7 Km/h,,51%,14°C,1005.0mb,,"document.write(Icons.GetShortDescription(1, 'CurrentWeather'));",2017-06-23
21:00,23°C,23°C,220°2 Km/h,,53%,13°C,1005.0mb,,"document.write(Icons.GetShortDescription(1, 'CurrentWeather'));",2017-06-23
22:00,24°C,24°C,270°4 Km/h,,54%,14°C,1005.0mb,,"document.write(Icons.GetShortDescription(1, 'CurrentWeather'));",2017-06-23
23:00,22°C,22°C,350°7 Km/h,,65%,15°C,1005.0mb,,"document.write(Icons.GetShortDescription(1, 'CurrentWeather'));",2017-06-23
