Time,Temperature,Relative Temperature,Wind,Wind Gust,Rel. humidity,Dew Point,Pressure,Icon,DescriptionDetails,date
00:00,24°C,25°C,170°11 Km/h,,89%,22°C,1006.0mb,,"document.write(Icons.GetShortDescription(4, 'CurrentWeather'));  Few Clouds at 300m, Broken Clouds at 910m, Cloudy at 2400m",2017-08-21
01:00,25°C,26°C,170°13 Km/h,,83%,22°C,1006.0mb,,"document.write(Icons.GetShortDescription(7, 'CurrentWeather'));  Few Clouds at 300m, Broken Clouds at 910m, Cloudy at 2400m Light Rain",2017-08-21
01:28,24°C,25°C,180°15 Km/h,,89%,22°C,1006.0mb,,"document.write(Icons.GetShortDescription(7, 'CurrentWeather'));  Few Clouds at 300m, Broken Clouds at 760m, Cloudy at 2100m Rain",2017-08-21
02:00,25°C,26°C,190°19 Km/h,,83%,22°C,1006.0mb,,"document.write(Icons.GetShortDescription(4, 'CurrentWeather'));  Few Clouds at 300m, Broken Clouds at 760m, Cloudy at 2400m",2017-08-21
02:47,25°C,26°C,170°17 Km/h,,83%,22°C,1006.0mb,,"document.write(Icons.GetShortDescription(7, 'CurrentWeather'));  Few Clouds at 300m, Broken Clouds at 760m, Cloudy at 2400m Light Rain",2017-08-21
03:00,25°C,26°C,180°19 Km/h,,83%,22°C,1006.0mb,,"document.write(Icons.GetShortDescription(7, 'CurrentWeather'));  Few Clouds at 300m, Broken Clouds at 760m, Cloudy at 2400m Rain",2017-08-21
04:00,25°C,26°C,180°17 Km/h,,83%,22°C,1006.0mb,,"document.write(Icons.GetShortDescription(4, 'CurrentWeather'));  Scattered Clouds at 300m, Broken Clouds at 760m, Cloudy at 2400m",2017-08-21
05:00,24°C,25°C,160°13 Km/h,,83%,21°C,1006.0mb,,"document.write(Icons.GetShortDescription(4, 'CurrentWeather'));  Few Clouds at 300m, Broken Clouds at 1100m, Cloudy at 3400m",2017-08-21
06:00,24°C,25°C,170°9 Km/h,,83%,21°C,1006.0mb,,"document.write(Icons.GetShortDescription(4, 'CurrentWeather'));  Few Clouds at 300m, Broken Clouds at 1100m, Cloudy at 3700m",2017-08-21
07:00,24°C,25°C,150°9 Km/h,,83%,21°C,1006.0mb,,"document.write(Icons.GetShortDescription(3, 'CurrentWeather'));  Few Clouds at 300m, Broken Clouds at 1100m, Broken Clouds at 3700m",2017-08-21
08:00,25°C,26°C,150°11 Km/h,,83%,22°C,1006.0mb,,"document.write(Icons.GetShortDescription(3, 'CurrentWeather'));  Scattered Clouds at 1100m, Broken Clouds at 3000m, Broken Clouds at 5500m",2017-08-21
09:00,27°C,30°C,170°15 Km/h,,79%,23°C,1006.0mb,,"document.write(Icons.GetShortDescription(3, 'CurrentWeather'));  Scattered Clouds at 1100m, Broken Clouds at 3000m",2017-08-21
10:00,28°C,31°C,170°22 Km/h,,74%,23°C,1006.0mb,,"document.write(Icons.GetShortDescription(3, 'CurrentWeather'));  Scattered Clouds at 1100m, Scattered Clouds at 3000m, Broken Clouds at 5500m",2017-08-21
11:00,27°C,29°C,180°24 Km/h,,70%,21°C,1006.0mb,,"document.write(Icons.GetShortDescription(3, 'CurrentWeather'));  Broken Clouds at 1100m, Broken Clouds at 5500m",2017-08-21
12:00,28°C,31°C,190°22 Km/h,,70%,22°C,1006.0mb,,"document.write(Icons.GetShortDescription(3, 'CurrentWeather'));  Broken Clouds at 1100m, Broken Clouds at 5500m",2017-08-21
13:00,26°C,27°C,170°17 Km/h,,74%,21°C,1006.0mb,,"document.write(Icons.GetShortDescription(7, 'CurrentWeather'));  Broken Clouds at 1100m, Cloudy at 3700m Light Rain",2017-08-21
14:00,28°C,31°C,190°17 Km/h,,74%,23°C,1006.0mb,,"document.write(Icons.GetShortDescription(7, 'CurrentWeather'));  Broken Clouds at 1100m, Cloudy at 3700m Light Rain",2017-08-21
15:00,28°C,31°C,210°20 Km/h,,74%,23°C,1005.0mb,,"document.write(Icons.GetShortDescription(3, 'CurrentWeather'));  Broken Clouds at 1100m, Broken Clouds at 5500m",2017-08-21
16:00,29°C,33°C,230°17 Km/h,,70%,23°C,1005.0mb,,"document.write(Icons.GetShortDescription(3, 'CurrentWeather'));  Broken Clouds at 1100m, Broken Clouds at 5500m",2017-08-21
17:00,29°C,32°C,230°17 Km/h,,66%,22°C,1006.0mb,,"document.write(Icons.GetShortDescription(2, 'CurrentWeather'));  Few Clouds at 610m, Scattered Clouds at 1100m",2017-08-21
18:00,28°C,30°C,260°9 Km/h,,66%,21°C,1006.0mb,,"document.write(Icons.GetShortDescription(3, 'CurrentWeather'));  Few Clouds at 610m, Broken Clouds at 1100m",2017-08-21
19:00,26°C,27°C,220°13 Km/h,,74%,21°C,1007.0mb,,"document.write(Icons.GetShortDescription(3, 'CurrentWeather'));  Few Clouds at 610m, Scattered Clouds at 1100m, Broken Clouds at 5500m",2017-08-21
20:00,26°C,27°C,240°7 Km/h,,74%,21°C,1007.0mb,,"document.write(Icons.GetShortDescription(2, 'CurrentWeather'));  Few Clouds at 610m, Scattered Clouds at 1100m",2017-08-21
20:57,25°C,26°C,210°9 Km/h,,79%,21°C,1008.0mb,,"document.write(Icons.GetShortDescription(2, 'CurrentWeather'));  Scattered Clouds at 1100m",2017-08-21
21:00,25°C,26°C,210°9 Km/h,,79%,21°C,1008.0mb,,"document.write(Icons.GetShortDescription(2, 'CurrentWeather'));  Scattered Clouds at 1100m",2017-08-21
22:00,25°C,26°C,230°9 Km/h,,79%,21°C,1008.0mb,,"document.write(Icons.GetShortDescription(2, 'CurrentWeather'));  Few Clouds at 460m, Scattered Clouds at 1100m",2017-08-21
23:00,25°C,26°C,230°9 Km/h,,83%,22°C,1009.0mb,,"document.write(Icons.GetShortDescription(2, 'CurrentWeather'));  Few Clouds at 460m, Scattered Clouds at 1100m",2017-08-21
