Time,Temperature,Relative Temperature,Wind,Wind Gust,Rel. humidity,Dew Point,Pressure,Icon,DescriptionDetails,date
00:00,15°C,15°C,200°2 Km/h,,48%,4°C,1014.0mb,,"document.write(Icons.GetShortDescription(1, 'CurrentWeather'));",2017-05-18
01:00,14°C,14°C,30°4 Km/h,,59%,6°C,1014.0mb,,"document.write(Icons.GetShortDescription(1, 'CurrentWeather'));",2017-05-18
02:00,12°C,12°C,Calm,,72%,7°C,1014.0mb,,"document.write(Icons.GetShortDescription(1, 'CurrentWeather'));",2017-05-18
03:00,13°C,13°C,340°6 Km/h,,67%,7°C,1014.0mb,,"document.write(Icons.GetShortDescription(1, 'CurrentWeather'));",2017-05-18
04:00,12°C,12°C,330°2 Km/h,,72%,7°C,1015.0mb,,"document.write(Icons.GetShortDescription(1, 'CurrentWeather'));",2017-05-18
05:00,12°C,12°C,360°2 Km/h,,72%,7°C,1015.0mb,,"document.write(Icons.GetShortDescription(1, 'CurrentWeather'));",2017-05-18
06:00,12°C,12°C,160°7 Km/h,,63%,5°C,1015.0mb,,"document.write(Icons.GetShortDescription(1, 'CurrentWeather'));",2017-05-18
07:00,16°C,16°C,180°6 Km/h,,55%,7°C,1016.0mb,,"document.write(Icons.GetShortDescription(1, 'CurrentWeather'));",2017-05-18
08:00,19°C,19°C,190°6 Km/h,,46%,7°C,1016.0mb,,"document.write(Icons.GetShortDescription(1, 'CurrentWeather'));",2017-05-18
09:00,20°C,20°C,220°7 Km/h,,43%,7°C,1017.0mb,,"document.write(Icons.GetShortDescription(1, 'CurrentWeather'));",2017-05-18
10:00,22°C,21°C,180°9 Km/h,,41%,8°C,1016.0mb,,"document.write(Icons.GetShortDescription(1, 'CurrentWeather'));",2017-05-18
11:00,23°C,22°C,190°11 Km/h,,38%,8°C,1016.0mb,,"document.write(Icons.GetShortDescription(1, 'CurrentWeather'));",2017-05-18
12:00,26°C,25°C,260°13 Km/h,,32%,8°C,1016.0mb,,"document.write(Icons.GetShortDescription(1, 'CurrentWeather'));",2017-05-18
13:00,25°C,24°C,250°15 Km/h,,32%,7°C,1016.0mb,,"document.write(Icons.GetShortDescription(1, 'CurrentWeather'));",2017-05-18
14:00,25°C,24°C,250°17 Km/h,,32%,7°C,1015.0mb,,"document.write(Icons.GetShortDescription(1, 'CurrentWeather'));",2017-05-18
15:00,25°C,24°C,260°13 Km/h,,32%,7°C,1015.0mb,,"document.write(Icons.GetShortDescription(1, 'CurrentWeather'));",2017-05-18
16:00,25°C,24°C,270°17 Km/h,,34%,8°C,1015.0mb,,"document.write(Icons.GetShortDescription(1, 'CurrentWeather'));",2017-05-18
17:00,25°C,24°C,240°17 Km/h,,32%,7°C,1015.0mb,,"document.write(Icons.GetShortDescription(1, 'CurrentWeather'));",2017-05-18
18:00,23°C,22°C,250°11 Km/h,,38%,8°C,1015.0mb,,"document.write(Icons.GetShortDescription(1, 'CurrentWeather'));",2017-05-18
19:00,22°C,21°C,260°9 Km/h,,41%,8°C,1015.0mb,,"document.write(Icons.GetShortDescription(1, 'CurrentWeather'));",2017-05-18
20:00,20°C,20°C,280°9 Km/h,,43%,7°C,1015.0mb,,"document.write(Icons.GetShortDescription(1, 'CurrentWeather'));",2017-05-18
21:00,19°C,19°C,260°6 Km/h,,49%,8°C,1016.0mb,,"document.write(Icons.GetShortDescription(1, 'CurrentWeather'));",2017-05-18
22:00,19°C,19°C,220°4 Km/h,,49%,8°C,1017.0mb,,"document.write(Icons.GetShortDescription(1, 'CurrentWeather'));",2017-05-18
23:00,18°C,18°C,230°4 Km/h,,52%,8°C,1017.0mb,,"document.write(Icons.GetShortDescription(1, 'CurrentWeather'));",2017-05-18
