Time,Temperature,Relative Temperature,Wind,Wind Gust,Rel. humidity,Dew Point,Pressure,Icon,DescriptionDetails,date
00:00,16°C,16°C,20°4 Km/h,,72%,11°C,1014.0mb,,"document.write(Icons.GetShortDescription(1, 'CurrentWeather'));",2017-09-23
01:00,16°C,16°C,170°9 Km/h,,77%,12°C,1014.0mb,,"document.write(Icons.GetShortDescription(1, 'CurrentWeather'));",2017-09-23
02:00,17°C,17°C,150°9 Km/h,,77%,13°C,1014.0mb,,"document.write(Icons.GetShortDescription(2, 'CurrentWeather'));  Scattered Clouds at 910m",2017-09-23
03:00,19°C,19°C,150°11 Km/h,,78%,15°C,1014.0mb,,"document.write(Icons.GetShortDescription(2, 'CurrentWeather'));  Scattered Clouds at 760m Haze",2017-09-23
04:00,19°C,19°C,160°13 Km/h,,78%,15°C,1014.0mb,,"document.write(Icons.GetShortDescription(3, 'CurrentWeather'));  Broken Clouds at 760m Haze",2017-09-23
05:00,19°C,19°C,170°9 Km/h,,78%,15°C,1014.0mb,,"document.write(Icons.GetShortDescription(3, 'CurrentWeather'));  Broken Clouds at 760m Haze",2017-09-23
06:00,19°C,19°C,160°9 Km/h,,78%,15°C,1015.0mb,,"document.write(Icons.GetShortDescription(3, 'CurrentWeather'));  Broken Clouds at 760m",2017-09-23
07:00,19°C,19°C,160°9 Km/h,,78%,15°C,1015.0mb,,"document.write(Icons.GetShortDescription(3, 'CurrentWeather'));  Scattered Clouds at 760m, Broken Clouds at 5500m",2017-09-23
08:00,20°C,20°C,190°13 Km/h,,78%,16°C,1016.0mb,,"document.write(Icons.GetShortDescription(3, 'CurrentWeather'));  Few Clouds at 460m, Scattered Clouds at 760m, Broken Clouds at 5500m",2017-09-23
09:00,21°C,21°C,160°13 Km/h,,73%,16°C,1016.0mb,,"document.write(Icons.GetShortDescription(3, 'CurrentWeather'));  Few Clouds at 460m, Scattered Clouds at 760m, Broken Clouds at 5500m",2017-09-23
10:00,23°C,23°C,180°7 Km/h,,69%,17°C,1016.0mb,,"document.write(Icons.GetShortDescription(3, 'CurrentWeather'));  Few Clouds at 460m, Scattered Clouds at 760m, Broken Clouds at 5500m",2017-09-23
11:00,24°C,24°C,160°9 Km/h,,65%,17°C,1016.0mb,,"document.write(Icons.GetShortDescription(3, 'CurrentWeather'));  Scattered Clouds at 760m, Broken Clouds at 5500m",2017-09-23
12:00,25°C,25°C,180°11 Km/h,,61%,17°C,1016.0mb,,"document.write(Icons.GetShortDescription(3, 'CurrentWeather'));  Scattered Clouds at 760m, Broken Clouds at 5500m",2017-09-23
13:00,25°C,25°C,230°9 Km/h,,57%,16°C,1015.0mb,,"document.write(Icons.GetShortDescription(3, 'CurrentWeather'));  Scattered Clouds at 760m, Broken Clouds at 5500m",2017-09-23
14:00,26°C,26°C,280°13 Km/h,,54%,16°C,1015.0mb,,"document.write(Icons.GetShortDescription(3, 'CurrentWeather'));  Scattered Clouds at 760m, Broken Clouds at 5500m",2017-09-23
15:00,26°C,26°C,240°13 Km/h,,51%,15°C,1015.0mb,,"document.write(Icons.GetShortDescription(3, 'CurrentWeather'));  Scattered Clouds at 760m, Broken Clouds at 5500m",2017-09-23
16:00,25°C,25°C,230°11 Km/h,,51%,14°C,1015.0mb,,"document.write(Icons.GetShortDescription(3, 'CurrentWeather'));  Few Clouds at 760m, Broken Clouds at 5500m",2017-09-23
17:00,25°C,25°C,250°11 Km/h,,51%,14°C,1015.0mb,,"document.write(Icons.GetShortDescription(3, 'CurrentWeather'));  Few Clouds at 760m, Broken Clouds at 5500m",2017-09-23
18:00,24°C,24°C,270°7 Km/h,,47%,12°C,1015.0mb,,"document.write(Icons.GetShortDescription(3, 'CurrentWeather'));  Few Clouds at 760m, Broken Clouds at 5500m",2017-09-23
19:00,22°C,22°C,230°7 Km/h,,57%,13°C,1015.0mb,,"document.write(Icons.GetShortDescription(1, 'CurrentWeather'));",2017-09-23
20:00,20°C,20°C,210°9 Km/h,,69%,14°C,1016.0mb,,"document.write(Icons.GetShortDescription(1, 'CurrentWeather'));",2017-09-23
21:00,20°C,20°C,230°2 Km/h,,73%,15°C,1016.0mb,,"document.write(Icons.GetShortDescription(1, 'CurrentWeather'));",2017-09-23
22:00,18°C,18°C,30°2 Km/h,,78%,14°C,1016.0mb,,"document.write(Icons.GetShortDescription(2, 'CurrentWeather'));  Few Clouds at 460m",2017-09-23
23:00,18°C,18°C,30°4 Km/h,,78%,14°C,1016.0mb,,"document.write(Icons.GetShortDescription(2, 'CurrentWeather'));  Few Clouds at 460m Haze",2017-09-23
