Time,Temperature,Relative Temperature,Wind,Wind Gust,Rel. humidity,Dew Point,Pressure,Icon,DescriptionDetails,date
00:00,11°C,11°C,340°9 Km/h,,50%,1°C,1026.0mb,,"document.write(Icons.GetShortDescription(1, 'CurrentWeather'));",2017-10-17
01:00,10°C,9°C,330°9 Km/h,,54%,1°C,1026.0mb,,"document.write(Icons.GetShortDescription(1, 'CurrentWeather'));",2017-10-17
02:00,10°C,9°C,320°9 Km/h,,54%,1°C,1026.0mb,,"document.write(Icons.GetShortDescription(1, 'CurrentWeather'));",2017-10-17
03:00,9°C,8°C,320°7 Km/h,,54%,0°C,1026.0mb,,"document.write(Icons.GetShortDescription(1, 'CurrentWeather'));",2017-10-17
04:00,9°C,8°C,340°6 Km/h,,58%,1°C,1025.0mb,,"document.write(Icons.GetShortDescription(1, 'CurrentWeather'));",2017-10-17
05:00,9°C,8°C,360°6 Km/h,,62%,2°C,1025.0mb,,"document.write(Icons.GetShortDescription(1, 'CurrentWeather'));",2017-10-17
06:00,8°C,7°C,340°6 Km/h,,62%,1°C,1026.0mb,,"document.write(Icons.GetShortDescription(1, 'CurrentWeather'));",2017-10-17
07:00,7°C,6°C,340°6 Km/h,,71%,2°C,1026.0mb,,"document.write(Icons.GetShortDescription(1, 'CurrentWeather'));",2017-10-17
08:00,10°C,10°C,330°6 Km/h,,67%,4°C,1026.0mb,,"document.write(Icons.GetShortDescription(1, 'CurrentWeather'));",2017-10-17
09:00,12°C,12°C,30°7 Km/h,,63%,5°C,1027.0mb,,"document.write(Icons.GetShortDescription(1, 'CurrentWeather'));",2017-10-17
10:00,16°C,16°C,40°4 Km/h,,48%,5°C,1026.0mb,,"document.write(Icons.GetShortDescription(1, 'CurrentWeather'));",2017-10-17
11:00,18°C,18°C,100°4 Km/h,,46%,6°C,1026.0mb,,"document.write(Icons.GetShortDescription(1, 'CurrentWeather'));",2017-10-17
12:00,19°C,19°C,30°6 Km/h,,43%,6°C,1025.0mb,,"document.write(Icons.GetShortDescription(1, 'CurrentWeather'));",2017-10-17
13:00,20°C,20°C,30°7 Km/h,,38%,5°C,1025.0mb,,"document.write(Icons.GetShortDescription(1, 'CurrentWeather'));",2017-10-17
14:00,21°C,21°C,360°9 Km/h,,35%,5°C,1024.0mb,,"document.write(Icons.GetShortDescription(1, 'CurrentWeather'));",2017-10-17
15:00,21°C,21°C,360°7 Km/h,,33%,4°C,1023.0mb,,"document.write(Icons.GetShortDescription(1, 'CurrentWeather'));",2017-10-17
16:00,21°C,21°C,360°9 Km/h,,35%,5°C,1022.0mb,,"document.write(Icons.GetShortDescription(1, 'CurrentWeather'));",2017-10-17
17:00,19°C,19°C,320°11 Km/h,,37%,4°C,1022.0mb,,"document.write(Icons.GetShortDescription(1, 'CurrentWeather'));",2017-10-17
18:00,17°C,17°C,290°11 Km/h,,45%,5°C,1023.0mb,,"document.write(Icons.GetShortDescription(1, 'CurrentWeather'));",2017-10-17
19:00,15°C,15°C,320°4 Km/h,,48%,4°C,1023.0mb,,"document.write(Icons.GetShortDescription(1, 'CurrentWeather'));",2017-10-17
20:00,13°C,13°C,350°4 Km/h,,51%,3°C,1024.0mb,,"document.write(Icons.GetShortDescription(1, 'CurrentWeather'));",2017-10-17
21:00,13°C,13°C,310°9 Km/h,,59%,5°C,1024.0mb,,"document.write(Icons.GetShortDescription(1, 'CurrentWeather'));",2017-10-17
22:00,12°C,12°C,340°7 Km/h,,63%,5°C,1024.0mb,,"document.write(Icons.GetShortDescription(1, 'CurrentWeather'));",2017-10-17
23:00,12°C,12°C,300°6 Km/h,,67%,6°C,1024.0mb,,"document.write(Icons.GetShortDescription(1, 'CurrentWeather'));",2017-10-17
