Time,Temperature,Relative Temperature,Wind,Wind Gust,Rel. humidity,Dew Point,Pressure,Icon,DescriptionDetails,date
00:00,16°C,16°C,350°13 Km/h,,55%,7°C,1014.0mb,,"document.write(Icons.GetShortDescription(1, 'CurrentWeather'));",2017-10-03
01:00,15°C,15°C,340°13 Km/h,,51%,5°C,1015.0mb,,"document.write(Icons.GetShortDescription(1, 'CurrentWeather'));",2017-10-03
02:00,15°C,15°C,340°15 Km/h,,51%,5°C,1015.0mb,,"document.write(Icons.GetShortDescription(1, 'CurrentWeather'));",2017-10-03
03:00,14°C,14°C,290°6 Km/h,,51%,4°C,1016.0mb,,"document.write(Icons.GetShortDescription(1, 'CurrentWeather'));",2017-10-03
04:00,13°C,13°C,350°9 Km/h,,55%,4°C,1016.0mb,,"document.write(Icons.GetShortDescription(1, 'CurrentWeather'));",2017-10-03
05:00,12°C,12°C,330°9 Km/h,,58%,4°C,1016.0mb,,"document.write(Icons.GetShortDescription(1, 'CurrentWeather'));",2017-10-03
06:00,11°C,11°C,320°9 Km/h,,62%,4°C,1017.0mb,,"document.write(Icons.GetShortDescription(1, 'CurrentWeather'));",2017-10-03
07:00,11°C,11°C,310°9 Km/h,,62%,4°C,1018.0mb,,"document.write(Icons.GetShortDescription(1, 'CurrentWeather'));",2017-10-03
08:00,14°C,14°C,340°17 Km/h,,59%,6°C,1019.0mb,,"document.write(Icons.GetShortDescription(1, 'CurrentWeather'));",2017-10-03
09:00,16°C,16°C,340°17 Km/h,,48%,5°C,1019.0mb,,"document.write(Icons.GetShortDescription(1, 'CurrentWeather'));",2017-10-03
10:00,18°C,18°C,330°19 Km/h,,49%,7°C,1019.0mb,,"document.write(Icons.GetShortDescription(3, 'CurrentWeather'));  Few Clouds at 910m, Broken Clouds at 4600m",2017-10-03
11:00,18°C,18°C,330°15 Km/h,,49%,7°C,1019.0mb,,"document.write(Icons.GetShortDescription(3, 'CurrentWeather'));  Few Clouds at 910m, Scattered Clouds at 3700m, Broken Clouds at 5500m",2017-10-03
12:00,20°C,20°C,330°15 Km/h,,46%,8°C,1019.0mb,,"document.write(Icons.GetShortDescription(3, 'CurrentWeather'));  Few Clouds at 910m, Scattered Clouds at 3700m, Broken Clouds at 5500m",2017-10-03
13:00,20°C,20°C,360°9 Km/h,,49%,9°C,1018.0mb,,"document.write(Icons.GetShortDescription(3, 'CurrentWeather'));  Scattered Clouds at 910m, Broken Clouds at 3700m, Broken Clouds at 5500m",2017-10-03
14:00,22°C,22°C,330°7 Km/h,,50%,11°C,1017.0mb,,"document.write(Icons.GetShortDescription(3, 'CurrentWeather'));  Scattered Clouds at 910m, Broken Clouds at 3700m, Broken Clouds at 5500m",2017-10-03
15:00,21°C,21°C,310°11 Km/h,,53%,11°C,1017.0mb,,"document.write(Icons.GetShortDescription(3, 'CurrentWeather'));  Scattered Clouds at 910m, Broken Clouds at 3700m, Broken Clouds at 5500m",2017-10-03
16:00,20°C,20°C,320°17 Km/h,,49%,9°C,1017.0mb,,"document.write(Icons.GetShortDescription(3, 'CurrentWeather'));  Scattered Clouds at 910m, Broken Clouds at 5500m",2017-10-03
17:00,19°C,19°C,320°20 Km/h,,46%,7°C,1018.0mb,,"document.write(Icons.GetShortDescription(3, 'CurrentWeather'));  Few Clouds at 910m, Broken Clouds at 4900m",2017-10-03
18:00,17°C,17°C,320°20 Km/h,,45%,5°C,1019.0mb,,"document.write(Icons.GetShortDescription(3, 'CurrentWeather'));  Few Clouds at 910m, Broken Clouds at 4900m",2017-10-03
19:00,16°C,16°C,330°15 Km/h,,42%,3°C,1020.0mb,,"document.write(Icons.GetShortDescription(4, 'CurrentWeather'));  Few Clouds at 910m, Cloudy at 4900m",2017-10-03
20:00,16°C,16°C,340°19 Km/h,,42%,3°C,1020.0mb,,"document.write(Icons.GetShortDescription(4, 'CurrentWeather'));  Few Clouds at 910m, Cloudy at 4900m",2017-10-03
21:00,14°C,14°C,330°17 Km/h,,44%,2°C,1021.0mb,,"document.write(Icons.GetShortDescription(4, 'CurrentWeather'));  Few Clouds at 910m, Cloudy at 4900m",2017-10-03
22:00,13°C,13°C,330°13 Km/h,,44%,1°C,1021.0mb,,"document.write(Icons.GetShortDescription(1, 'CurrentWeather'));",2017-10-03
23:00,12°C,12°C,340°11 Km/h,,47%,1°C,1022.0mb,,"document.write(Icons.GetShortDescription(1, 'CurrentWeather'));",2017-10-03
