Time,Temperature,Relative Temperature,Wind,Wind Gust,Rel. humidity,Dew Point,Pressure,Icon,DescriptionDetails,date
00:00,-3°C,-5°C,330°6 Km/h,,46%,-13°C,1023.0mb,,"document.write(Icons.GetShortDescription(1, 'CurrentWeather'));",2017-02-08
01:00,-4°C,-6°C,330°6 Km/h,,54%,-12°C,1022.0mb,,"document.write(Icons.GetShortDescription(1, 'CurrentWeather'));",2017-02-08
02:00,-5°C,-8°C,330°6 Km/h,,58%,-12°C,1022.0mb,,"document.write(Icons.GetShortDescription(1, 'CurrentWeather'));",2017-02-08
03:00,-5°C,-5°C,320°2 Km/h,,63%,-11°C,1022.0mb,,"document.write(Icons.GetShortDescription(1, 'CurrentWeather'));",2017-02-08
04:00,-5°C,-8°C,340°6 Km/h,,63%,-11°C,1022.0mb,,"document.write(Icons.GetShortDescription(1, 'CurrentWeather'));",2017-02-08
05:00,-6°C,-9°C,330°6 Km/h,,63%,-12°C,1022.0mb,,"document.write(Icons.GetShortDescription(1, 'CurrentWeather'));",2017-02-08
06:00,-7°C,-11°C,340°9 Km/h,,68%,-12°C,1022.0mb,,"document.write(Icons.GetShortDescription(1, 'CurrentWeather'));",2017-02-08
07:00,-6°C,-9°C,330°6 Km/h,,68%,-11°C,1022.0mb,,"document.write(Icons.GetShortDescription(1, 'CurrentWeather'));",2017-02-08
08:00,-5°C,-5°C,360°2 Km/h,,68%,-10°C,1021.0mb,,"document.write(Icons.GetShortDescription(1, 'CurrentWeather'));",2017-02-08
09:00,-3°C,-3°C,340°2 Km/h,,64%,-9°C,1021.0mb,,"document.write(Icons.GetShortDescription(1, 'CurrentWeather'));",2017-02-08
10:00,-1°C,-1°C,230°2 Km/h,,55%,-9°C,1021.0mb,,"document.write(Icons.GetShortDescription(1, 'CurrentWeather'));",2017-02-08
11:00,-1°C,-1°C,330°2 Km/h,,47%,-11°C,1021.0mb,,"document.write(Icons.GetShortDescription(1, 'CurrentWeather'));",2017-02-08
12:00,0°C,-4°C,310°13 Km/h,,34%,-14°C,1020.0mb,,"document.write(Icons.GetShortDescription(1, 'CurrentWeather'));",2017-02-08
13:00,0°C,-4°C,300°11 Km/h,,32%,-15°C,1019.0mb,,"document.write(Icons.GetShortDescription(1, 'CurrentWeather'));",2017-02-08
14:00,1°C,-2°C,300°9 Km/h,,29%,-15°C,1018.0mb,,"document.write(Icons.GetShortDescription(1, 'CurrentWeather'));",2017-02-08
15:00,0°C,-4°C,290°11 Km/h,,37%,-13°C,1018.0mb,,"document.write(Icons.GetShortDescription(1, 'CurrentWeather'));",2017-02-08
16:00,1°C,-2°C,260°11 Km/h,,35%,-13°C,1018.0mb,,"document.write(Icons.GetShortDescription(1, 'CurrentWeather'));",2017-02-08
17:00,0°C,-4°C,280°11 Km/h,,37%,-13°C,1017.0mb,,"document.write(Icons.GetShortDescription(1, 'CurrentWeather'));",2017-02-08
18:00,0°C,-3°C,270°9 Km/h,,40%,-12°C,1017.0mb,,"document.write(Icons.GetShortDescription(1, 'CurrentWeather'));",2017-02-08
19:00,0°C,-3°C,280°7 Km/h,,40%,-12°C,1017.0mb,,"document.write(Icons.GetShortDescription(1, 'CurrentWeather'));",2017-02-08
20:00,-1°C,-4°C,300°9 Km/h,,47%,-11°C,1017.0mb,,"document.write(Icons.GetShortDescription(1, 'CurrentWeather'));",2017-02-08
21:00,-2°C,-8°C,320°22 Km/h,,40%,-14°C,1018.0mb,,"document.write(Icons.GetShortDescription(1, 'CurrentWeather'));",2017-02-08
22:00,-3°C,-6°C,320°7 Km/h,,43%,-14°C,1018.0mb,,"document.write(Icons.GetShortDescription(1, 'CurrentWeather'));",2017-02-08
23:00,-3°C,-6°C,310°7 Km/h,,43%,-14°C,1017.0mb,,"document.write(Icons.GetShortDescription(1, 'CurrentWeather'));",2017-02-08
