Time,Temperature,Relative Temperature,Wind,Wind Gust,Rel. humidity,Dew Point,Pressure,Icon,DescriptionDetails,date
00:00,-5°C,-8°C,350°6 Km/h,,46%,-15°C,1027.0mb,,"document.write(Icons.GetShortDescription(1, 'CurrentWeather'));",2017-11-19
01:00,-5°C,-10°C,340°11 Km/h,,50%,-14°C,1028.0mb,,"document.write(Icons.GetShortDescription(1, 'CurrentWeather'));",2017-11-19
02:00,-6°C,-10°C,330°9 Km/h,,49%,-15°C,1028.0mb,,"document.write(Icons.GetShortDescription(1, 'CurrentWeather'));",2017-11-19
03:00,-5°C,-9°C,310°9 Km/h,,46%,-15°C,1028.0mb,,"document.write(Icons.GetShortDescription(1, 'CurrentWeather'));",2017-11-19
04:00,-6°C,-9°C,310°6 Km/h,,45%,-16°C,1028.0mb,,"document.write(Icons.GetShortDescription(1, 'CurrentWeather'));",2017-11-19
05:00,-7°C,-7°C,290°4 Km/h,,49%,-16°C,1028.0mb,,"document.write(Icons.GetShortDescription(1, 'CurrentWeather'));",2017-11-19
06:00,-8°C,-11°C,200°6 Km/h,,53%,-16°C,1028.0mb,,"document.write(Icons.GetShortDescription(1, 'CurrentWeather'));",2017-11-19
07:00,-8°C,-8°C,290°2 Km/h,,58%,-15°C,1028.0mb,,"document.write(Icons.GetShortDescription(1, 'CurrentWeather'));",2017-11-19
08:00,-6°C,-6°C,Calm,,63%,-12°C,1029.0mb,,"document.write(Icons.GetShortDescription(2, 'CurrentWeather'));  Few Clouds at 1200m, Scattered Clouds at 6100m",2017-11-19
09:00,-3°C,-3°C,290°4 Km/h,,46%,-13°C,1029.0mb,,"document.write(Icons.GetShortDescription(3, 'CurrentWeather'));  Few Clouds at 1200m, Broken Clouds at 6100m",2017-11-19
10:00,-1°C,-1°C,360°4 Km/h,,31%,-16°C,1029.0mb,,"document.write(Icons.GetShortDescription(1, 'CurrentWeather'));",2017-11-19
11:00,1°C,-2°C,350°9 Km/h,,25%,-17°C,1029.0mb,,"document.write(Icons.GetShortDescription(1, 'CurrentWeather'));",2017-11-19
12:00,1°C,-3°C,350°13 Km/h,,27%,-16°C,1028.0mb,,"document.write(Icons.GetShortDescription(1, 'CurrentWeather'));",2017-11-19
13:00,2°C,-3°C,350°19 Km/h,,25%,-16°C,1027.0mb,,"document.write(Icons.GetShortDescription(1, 'CurrentWeather'));",2017-11-19
14:00,2°C,-3°C,340°20 Km/h,,25%,-16°C,1026.0mb,,"document.write(Icons.GetShortDescription(1, 'CurrentWeather'));",2017-11-19
15:00,3°C,-1°C,320°17 Km/h,,23%,-16°C,1026.0mb,,"document.write(Icons.GetShortDescription(1, 'CurrentWeather'));",2017-11-19
16:00,3°C,-1°C,270°15 Km/h,,26%,-15°C,1026.0mb,,"document.write(Icons.GetShortDescription(1, 'CurrentWeather'));",2017-11-19
17:00,1°C,-2°C,270°11 Km/h,,32%,-14°C,1026.0mb,,"document.write(Icons.GetShortDescription(1, 'CurrentWeather'));",2017-11-19
18:00,1°C,-1°C,260°7 Km/h,,32%,-14°C,1026.0mb,,"document.write(Icons.GetShortDescription(1, 'CurrentWeather'));",2017-11-19
19:00,1°C,1°C,260°4 Km/h,,35%,-13°C,1026.0mb,,"document.write(Icons.GetShortDescription(1, 'CurrentWeather'));",2017-11-19
20:00,1°C,1°C,290°4 Km/h,,41%,-11°C,1026.0mb,,"document.write(Icons.GetShortDescription(1, 'CurrentWeather'));",2017-11-19
21:00,-1°C,-4°C,330°7 Km/h,,51%,-10°C,1026.0mb,,"document.write(Icons.GetShortDescription(3, 'CurrentWeather'));  Few Clouds at 1200m, Broken Clouds at 6100m",2017-11-19
22:00,-1°C,-5°C,320°11 Km/h,,43%,-12°C,1027.0mb,,"document.write(Icons.GetShortDescription(3, 'CurrentWeather'));  Few Clouds at 1200m, Broken Clouds at 6100m",2017-11-19
23:00,-1°C,-3°C,320°6 Km/h,,43%,-12°C,1027.0mb,,"document.write(Icons.GetShortDescription(3, 'CurrentWeather'));  Few Clouds at 1200m, Broken Clouds at 6100m",2017-11-19
