Time,Temperature,Relative Temperature,Wind,Wind Gust,Rel. humidity,Dew Point,Pressure,Icon,DescriptionDetails,date
00:00,25°C,26°C,330°2 Km/h,,79%,21°C,1007.0mb,,"document.write(Icons.GetShortDescription(2, 'CurrentWeather'));  Few Clouds at 760m Haze",2017-07-14
01:00,25°C,26°C,300°4 Km/h,,83%,22°C,1007.0mb,,"document.write(Icons.GetShortDescription(2, 'CurrentWeather'));  Scattered Clouds at 760m Haze",2017-07-14
02:00,25°C,26°C,340°4 Km/h,,83%,22°C,1008.0mb,,"document.write(Icons.GetShortDescription(2, 'CurrentWeather'));  Scattered Clouds at 760m Haze",2017-07-14
03:00,25°C,26°C,10°6 Km/h,,83%,22°C,1008.0mb,,"document.write(Icons.GetShortDescription(2, 'CurrentWeather'));  Scattered Clouds at 760m Haze",2017-07-14
04:00,26°C,28°C,110°2 Km/h,,79%,22°C,1008.0mb,,"document.write(Icons.GetShortDescription(2, 'CurrentWeather'));  Scattered Clouds at 760m Haze",2017-07-14
05:00,25°C,26°C,180°6 Km/h,,83%,22°C,1007.0mb,,"document.write(Icons.GetShortDescription(2, 'CurrentWeather'));  Scattered Clouds at 760m Haze",2017-07-14
06:00,26°C,28°C,170°9 Km/h,,79%,22°C,1007.0mb,,"document.write(Icons.GetShortDescription(2, 'CurrentWeather'));  Few Clouds at 300m, Scattered Clouds at 760m Haze",2017-07-14
06:45,26°C,28°C,160°9 Km/h,,79%,22°C,1007.0mb,,"document.write(Icons.GetShortDescription(3, 'CurrentWeather'));  Few Clouds at 300m, Broken Clouds at 760m Haze",2017-07-14
07:00,27°C,29°C,180°9 Km/h,,70%,21°C,1007.0mb,,"document.write(Icons.GetShortDescription(2, 'CurrentWeather'));  Few Clouds at 300m, Scattered Clouds at 760m Haze",2017-07-14
08:00,29°C,32°C,180°13 Km/h,,66%,22°C,1008.0mb,,"document.write(Icons.GetShortDescription(1, 'CurrentWeather'));  Haze",2017-07-14
09:00,30°C,33°C,180°9 Km/h,,62%,22°C,1007.0mb,,"document.write(Icons.GetShortDescription(1, 'CurrentWeather'));",2017-07-14
10:00,31°C,35°C,170°7 Km/h,,59%,22°C,1007.0mb,,"document.write(Icons.GetShortDescription(1, 'CurrentWeather'));",2017-07-14
11:00,33°C,38°C,220°13 Km/h,,56%,23°C,1007.0mb,,"document.write(Icons.GetShortDescription(2, 'CurrentWeather'));  Few Clouds at 910m",2017-07-14
12:00,33°C,37°C,230°13 Km/h,,52%,22°C,1007.0mb,,"document.write(Icons.GetShortDescription(2, 'CurrentWeather'));  Scattered Clouds at 1100m",2017-07-14
13:00,31°C,35°C,270°17 Km/h,,62%,23°C,1007.0mb,,"document.write(Icons.GetShortDescription(2, 'CurrentWeather'));  Scattered Clouds at 1100m",2017-07-14
14:00,32°C,37°C,240°13 Km/h,,59%,23°C,1007.0mb,,"document.write(Icons.GetShortDescription(3, 'CurrentWeather'));  Scattered Clouds at 1100m, Broken Clouds at 4600m",2017-07-14
15:00,32°C,34°C,240°20 Km/h,,49%,20°C,1007.0mb,,"document.write(Icons.GetShortDescription(2, 'CurrentWeather'));  Scattered Clouds at 1100m",2017-07-14
16:00,29°C,32°C,240°30 Km/h,,66%,22°C,1007.0mb,,"document.write(Icons.GetShortDescription(2, 'CurrentWeather'));  Scattered Clouds at 1100m",2017-07-14
17:00,28°C,31°C,250°13 Km/h,,74%,23°C,1008.0mb,,"document.write(Icons.GetShortDescription(3, 'CurrentWeather'));  Few Clouds at 460m, Broken Clouds at 610m",2017-07-14
18:00,27°C,29°C,290°11 Km/h,,70%,21°C,1007.0mb,,"document.write(Icons.GetShortDescription(3, 'CurrentWeather'));  Few Clouds at 610m, Broken Clouds at 4600m",2017-07-14
19:00,28°C,30°C,240°4 Km/h,,66%,21°C,1007.0mb,,"document.write(Icons.GetShortDescription(3, 'CurrentWeather'));  Few Clouds at 610m, Broken Clouds at 4600m",2017-07-14
20:00,27°C,29°C,190°6 Km/h,,70%,21°C,1007.0mb,,"document.write(Icons.GetShortDescription(3, 'CurrentWeather'));  Few Clouds at 910m, Broken Clouds at 4600m",2017-07-14
21:00,28°C,30°C,200°7 Km/h,,66%,21°C,1008.0mb,,"document.write(Icons.GetShortDescription(3, 'CurrentWeather'));  Few Clouds at 910m, Broken Clouds at 4600m",2017-07-14
22:00,28°C,30°C,170°9 Km/h,,62%,20°C,1008.0mb,,"document.write(Icons.GetShortDescription(3, 'CurrentWeather'));  Scattered Clouds at 910m, Broken Clouds at 3700m",2017-07-14
22:51,28°C,30°C,210°6 Km/h,,66%,21°C,1008.0mb,,"document.write(Icons.GetShortDescription(4, 'CurrentWeather'));  Scattered Clouds at 910m, Cloudy at 3700m",2017-07-14
23:00,27°C,29°C,240°4 Km/h,,70%,21°C,1008.0mb,,"document.write(Icons.GetShortDescription(4, 'CurrentWeather'));  Scattered Clouds at 910m, Cloudy at 3700m",2017-07-14
23:40,27°C,29°C,230°7 Km/h,,70%,21°C,1008.0mb,,"document.write(Icons.GetShortDescription(7, 'CurrentWeather'));  Broken Clouds at 910m, Cloudy at 3000m Light Rain",2017-07-14
