Time,Temperature,Relative Temperature,Wind,Wind Gust,Rel. humidity,Dew Point,Pressure,Icon,DescriptionDetails,date
00:00,-4°C,-7°C,320°7 Km/h,,80%,-7°C,1031.0mb,,"document.write(Icons.GetShortDescription(2, 'CurrentWeather'));  Few Clouds at 300m, Scattered Clouds at 760m Haze",2017-12-21
01:00,-3°C,-6°C,330°7 Km/h,,80%,-6°C,1031.0mb,,"document.write(Icons.GetShortDescription(2, 'CurrentWeather'));  Few Clouds at 300m, Scattered Clouds at 760m Haze",2017-12-21
02:00,-6°C,-11°C,330°11 Km/h,,80%,-9°C,1031.0mb,,"document.write(Icons.GetShortDescription(2, 'CurrentWeather'));  Few Clouds at 300m, Scattered Clouds at 760m Haze",2017-12-21
03:00,-6°C,-9°C,350°6 Km/h,,80%,-9°C,1032.0mb,,"document.write(Icons.GetShortDescription(2, 'CurrentWeather'));  Few Clouds at 300m, Scattered Clouds at 760m Haze",2017-12-21
04:00,-8°C,-8°C,240°2 Km/h,,86%,-10°C,1032.0mb,,"document.write(Icons.GetShortDescription(2, 'CurrentWeather'));  Few Clouds at 300m, Scattered Clouds at 760m Haze",2017-12-21
04:28,-10°C,-10°C,290°2 Km/h,,79%,-13°C,1032.0mb,,"document.write(Icons.GetShortDescription(2, 'CurrentWeather'));  Few Clouds at 300m, Scattered Clouds at 760m Partial Fog",2017-12-21
05:00,-11°C,-11°C,40°4 Km/h,,79%,-14°C,1032.0mb,,"document.write(Icons.GetShortDescription(2, 'CurrentWeather'));  Few Clouds at 300m Partial Fog, Fog",2017-12-21
06:00,-11°C,-11°C,330°4 Km/h,,79%,-14°C,1032.0mb,,"document.write(Icons.GetShortDescription(2, 'CurrentWeather'));  Few Clouds at 300m Partial Fog",2017-12-21
06:20,-11°C,-11°C,330°4 Km/h,,79%,-14°C,1032.0mb,,"document.write(Icons.GetShortDescription(2, 'CurrentWeather'));  Few Clouds at 300m Partial Fog",2017-12-21
06:37,-11°C,-11°C,320°4 Km/h,,79%,-14°C,1032.0mb,,"document.write(Icons.GetShortDescription(2, 'CurrentWeather'));  Scattered Clouds at 60m Fog",2017-12-21
06:57,-11°C,-14°C,320°6 Km/h,,79%,-14°C,1033.0mb,,"document.write(Icons.GetShortDescription(2, 'CurrentWeather'));  Scattered Clouds at 60m Fog",2017-12-21
06:58,-11°C,-14°C,320°6 Km/h,,79%,-14°C,1032.0mb,,"document.write(Icons.GetShortDescription(2, 'CurrentWeather'));  Scattered Clouds at 60m Fog",2017-12-21
07:00,-11°C,-14°C,330°6 Km/h,,79%,-14°C,1032.0mb,,"document.write(Icons.GetShortDescription(2, 'CurrentWeather'));  Scattered Clouds at 60m Fog",2017-12-21
08:00,-9°C,-12°C,340°6 Km/h,,79%,-12°C,1033.0mb,,"document.write(Icons.GetShortDescription(2, 'CurrentWeather'));  Scattered Clouds at 60m Fog",2017-12-21
09:00,-9°C,-9°C,350°4 Km/h,,79%,-12°C,1033.0mb,,"document.write(Icons.GetShortDescription(2, 'CurrentWeather'));  Scattered Clouds at 30m Fog, Haze",2017-12-21
10:00,-6°C,-9°C,310°6 Km/h,,80%,-9°C,1034.0mb,,"document.write(Icons.GetShortDescription(2, 'CurrentWeather'));  Scattered Clouds at 30m Fog, Haze",2017-12-21
10:30,-5°C,-5°C,320°4 Km/h,,86%,-7°C,1034.0mb,,"document.write(Icons.GetShortDescription(2, 'CurrentWeather'));  Few Clouds at 30m Fog, Haze",2017-12-21
10:43,-4°C,-6°C,320°6 Km/h,,80%,-7°C,1034.0mb,,"document.write(Icons.GetShortDescription(2, 'CurrentWeather'));  Few Clouds at 30m Haze",2017-12-21
11:00,-3°C,-3°C,360°4 Km/h,,80%,-6°C,1033.0mb,,"document.write(Icons.GetShortDescription(1, 'CurrentWeather'));  Haze",2017-12-21
12:00,-1°C,-1°C,60°4 Km/h,,80%,-4°C,1033.0mb,,"document.write(Icons.GetShortDescription(1, 'CurrentWeather'));  Haze",2017-12-21
13:00,1°C,1°C,310°4 Km/h,,70%,-4°C,1032.0mb,,"document.write(Icons.GetShortDescription(1, 'CurrentWeather'));",2017-12-21
14:00,3°C,3°C,300°4 Km/h,,60%,-4°C,1032.0mb,,"document.write(Icons.GetShortDescription(1, 'CurrentWeather'));",2017-12-21
15:00,3°C,0°C,300°13 Km/h,,56%,-5°C,1031.0mb,,"document.write(Icons.GetShortDescription(1, 'CurrentWeather'));",2017-12-21
16:00,3°C,0°C,240°9 Km/h,,56%,-5°C,1031.0mb,,"document.write(Icons.GetShortDescription(1, 'CurrentWeather'));",2017-12-21
17:00,2°C,0°C,200°7 Km/h,,56%,-6°C,1031.0mb,,"document.write(Icons.GetShortDescription(1, 'CurrentWeather'));",2017-12-21
18:00,0°C,-3°C,180°9 Km/h,,60%,-7°C,1030.0mb,,"document.write(Icons.GetShortDescription(1, 'CurrentWeather'));",2017-12-21
19:00,-2°C,-5°C,160°7 Km/h,,64%,-8°C,1030.0mb,,"document.write(Icons.GetShortDescription(1, 'CurrentWeather'));",2017-12-21
20:00,-2°C,-5°C,150°7 Km/h,,69%,-7°C,1030.0mb,,"document.write(Icons.GetShortDescription(1, 'CurrentWeather'));",2017-12-21
21:00,-2°C,-5°C,130°7 Km/h,,69%,-7°C,1030.0mb,,"document.write(Icons.GetShortDescription(1, 'CurrentWeather'));",2017-12-21
22:00,-2°C,-2°C,190°4 Km/h,,69%,-7°C,1030.0mb,,"document.write(Icons.GetShortDescription(1, 'CurrentWeather'));",2017-12-21
23:00,-4°C,-8°C,160°9 Km/h,,69%,-9°C,1029.0mb,,"document.write(Icons.GetShortDescription(1, 'CurrentWeather'));",2017-12-21
