Time,Temperature,Relative Temperature,Wind,Wind Gust,Rel. humidity,Dew Point,Pressure,Icon,DescriptionDetails,date
00:00,-2°C,-4°C,290°6 Km/h,,80%,-5°C,1024.0mb,,"document.write(Icons.GetShortDescription(3, 'CurrentWeather'));  Broken Clouds at 150m Fog",2017-01-03
01:00,-1°C,-5°C,310°13 Km/h,,86%,-3°C,1024.0mb,,"document.write(Icons.GetShortDescription(2, 'CurrentWeather'));  Scattered Clouds at 460m Haze",2017-01-03
02:00,0°C,-5°C,310°17 Km/h,,55%,-8°C,1024.0mb,,"document.write(Icons.GetShortDescription(2, 'CurrentWeather'));  Few Clouds at 910m Haze",2017-01-03
03:00,-1°C,-1°C,290°2 Km/h,,64%,-7°C,1025.0mb,,"document.write(Icons.GetShortDescription(1, 'CurrentWeather'));",2017-01-03
04:00,-3°C,-5°C,30°6 Km/h,,69%,-8°C,1025.0mb,,"document.write(Icons.GetShortDescription(1, 'CurrentWeather'));",2017-01-03
05:00,-3°C,-5°C,20°6 Km/h,,74%,-7°C,1025.0mb,,"document.write(Icons.GetShortDescription(1, 'CurrentWeather'));",2017-01-03
06:00,-5°C,-5°C,40°2 Km/h,,74%,-9°C,1025.0mb,,"document.write(Icons.GetShortDescription(1, 'CurrentWeather'));",2017-01-03
06:21,-4°C,-4°C,10°2 Km/h,,80%,-7°C,1025.0mb,,"document.write(Icons.GetShortDescription(1, 'CurrentWeather'));  Haze",2017-01-03
07:00,-4°C,-4°C,300°2 Km/h,,80%,-7°C,1025.0mb,,"document.write(Icons.GetShortDescription(1, 'CurrentWeather'));  Haze",2017-01-03
07:38,-3°C,-3°C,320°2 Km/h,,80%,-6°C,1025.0mb,,"document.write(Icons.GetShortDescription(2, 'CurrentWeather'));  Scattered Clouds at 460m Haze",2017-01-03
08:00,-4°C,-4°C,330°4 Km/h,,86%,-6°C,1025.0mb,,"document.write(Icons.GetShortDescription(2, 'CurrentWeather'));  Few Clouds at 460m Haze",2017-01-03
09:00,-1°C,-1°C,310°2 Km/h,,80%,-4°C,1026.0mb,,"document.write(Icons.GetShortDescription(1, 'CurrentWeather'));  Haze",2017-01-03
10:00,2°C,2°C,Calm,,70%,-3°C,1026.0mb,,"document.write(Icons.GetShortDescription(1, 'CurrentWeather'));  Haze",2017-01-03
11:00,4°C,3°C,110°6 Km/h,,52%,-5°C,1025.0mb,,"document.write(Icons.GetShortDescription(1, 'CurrentWeather'));  Haze",2017-01-03
12:00,6°C,5°C,180°6 Km/h,,46%,-5°C,1025.0mb,,"document.write(Icons.GetShortDescription(1, 'CurrentWeather'));  Haze",2017-01-03
13:00,7°C,5°C,240°11 Km/h,,42%,-5°C,1024.0mb,,"document.write(Icons.GetShortDescription(1, 'CurrentWeather'));",2017-01-03
14:00,7°C,5°C,240°13 Km/h,,46%,-4°C,1024.0mb,,"document.write(Icons.GetShortDescription(1, 'CurrentWeather'));",2017-01-03
15:00,7°C,5°C,290°13 Km/h,,42%,-5°C,1023.0mb,,"document.write(Icons.GetShortDescription(1, 'CurrentWeather'));",2017-01-03
16:00,6°C,3°C,290°13 Km/h,,49%,-4°C,1023.0mb,,"document.write(Icons.GetShortDescription(1, 'CurrentWeather'));",2017-01-03
17:00,5°C,2°C,290°11 Km/h,,45%,-6°C,1023.0mb,,"document.write(Icons.GetShortDescription(1, 'CurrentWeather'));",2017-01-03
18:00,3°C,3°C,280°2 Km/h,,56%,-5°C,1023.0mb,,"document.write(Icons.GetShortDescription(1, 'CurrentWeather'));",2017-01-03
19:00,2°C,2°C,300°2 Km/h,,52%,-7°C,1023.0mb,,"document.write(Icons.GetShortDescription(1, 'CurrentWeather'));",2017-01-03
20:00,0°C,0°C,340°4 Km/h,,69%,-5°C,1023.0mb,,"document.write(Icons.GetShortDescription(1, 'CurrentWeather'));",2017-01-03
21:00,0°C,0°C,300°2 Km/h,,69%,-5°C,1023.0mb,,"document.write(Icons.GetShortDescription(1, 'CurrentWeather'));",2017-01-03
22:00,-1°C,-1°C,180°2 Km/h,,64%,-7°C,1023.0mb,,"document.write(Icons.GetShortDescription(1, 'CurrentWeather'));",2017-01-03
23:00,-1°C,-3°C,70°6 Km/h,,75%,-5°C,1023.0mb,,"document.write(Icons.GetShortDescription(1, 'CurrentWeather'));",2017-01-03
