Time,Temperature,Relative Temperature,Wind,Wind Gust,Rel. humidity,Dew Point,Pressure,Icon,DescriptionDetails,date
00:00,28°C,32°C,220°22 Km/h,,79%,24°C,1009.0mb,,"document.write(Icons.GetShortDescription(3, 'CurrentWeather'));  Few Clouds at 400m, Broken Clouds at 760m",2017-08-24
01:00,28°C,32°C,220°20 Km/h,,79%,24°C,1009.0mb,,"document.write(Icons.GetShortDescription(3, 'CurrentWeather'));  Few Clouds at 400m, Broken Clouds at 760m",2017-08-24
02:00,28°C,32°C,230°26 Km/h,,79%,24°C,1008.0mb,,"document.write(Icons.GetShortDescription(3, 'CurrentWeather'));  Few Clouds at 400m, Broken Clouds at 760m",2017-08-24
03:00,28°C,32°C,230°24 Km/h,,79%,24°C,1008.0mb,,"document.write(Icons.GetShortDescription(3, 'CurrentWeather'));  Few Clouds at 400m, Broken Clouds at 760m",2017-08-24
04:00,28°C,31°C,220°28 Km/h,,74%,23°C,1007.0mb,,"document.write(Icons.GetShortDescription(7, 'CurrentWeather'));  Few Clouds at 400m, Broken Clouds at 760m, Cloudy at 2400m Light Rain",2017-08-24
05:00,27°C,30°C,230°26 Km/h,,84%,24°C,1007.0mb,,"document.write(Icons.GetShortDescription(7, 'CurrentWeather'));  Few Clouds at 400m, Broken Clouds at 760m, Cloudy at 2400m Light Rain, Haze",2017-08-24
05:08,27°C,30°C,220°28 Km/h,,84%,24°C,1007.0mb,,"document.write(Icons.GetShortDescription(7, 'CurrentWeather'));  Few Clouds at 400m, Broken Clouds at 760m, Cloudy at 2400m Rain, Haze",2017-08-24
06:00,27°C,30°C,240°22 Km/h,,84%,24°C,1007.0mb,,"document.write(Icons.GetShortDescription(7, 'CurrentWeather'));  Few Clouds at 400m, Broken Clouds at 760m, Cloudy at 2400m Light Rain",2017-08-24
06:26,27°C,30°C,240°26 Km/h,,84%,24°C,1007.0mb,,"document.write(Icons.GetShortDescription(7, 'CurrentWeather'));  Few Clouds at 400m, Broken Clouds at 760m, Cloudy at 2400m Light Rain, Haze",2017-08-24
06:42,27°C,30°C,230°22 Km/h,,84%,24°C,1007.0mb,,"document.write(Icons.GetShortDescription(7, 'CurrentWeather'));  Few Clouds at 400m, Broken Clouds at 760m, Cloudy at 2400m Light Rain",2017-08-24
06:56,27°C,30°C,230°26 Km/h,,84%,24°C,1007.0mb,,"document.write(Icons.GetShortDescription(4, 'CurrentWeather'));  Few Clouds at 400m, Broken Clouds at 760m, Cloudy at 3000m",2017-08-24
07:00,27°C,30°C,230°26 Km/h,,84%,24°C,1007.0mb,,"document.write(Icons.GetShortDescription(4, 'CurrentWeather'));  Few Clouds at 400m, Broken Clouds at 760m, Cloudy at 3000m",2017-08-24
08:00,28°C,32°C,230°26 Km/h,,79%,24°C,1006.0mb,,"document.write(Icons.GetShortDescription(4, 'CurrentWeather'));  Few Clouds at 400m, Broken Clouds at 760m, Cloudy at 3000m",2017-08-24
09:00,28°C,33°C,230°30 Km/h,,84%,25°C,1006.0mb,,"document.write(Icons.GetShortDescription(4, 'CurrentWeather'));  Scattered Clouds at 400m, Broken Clouds at 760m, Cloudy at 3000m",2017-08-24
10:00,29°C,35°C,230°28 Km/h,,79%,25°C,1005.0mb,,"document.write(Icons.GetShortDescription(3, 'CurrentWeather'));  Scattered Clouds at 400m, Broken Clouds at 760m",2017-08-24
11:00,28°C,33°C,230°28 Km/h,,84%,25°C,1005.0mb,,"document.write(Icons.GetShortDescription(7, 'CurrentWeather'));  Scattered Clouds at 400m, Broken Clouds at 760m, Cloudy at 2400m Light Rain",2017-08-24
12:00,28°C,32°C,220°35 Km/h,,79%,24°C,1004.0mb,,"document.write(Icons.GetShortDescription(7, 'CurrentWeather'));  Scattered Clouds at 400m, Broken Clouds at 760m, Cloudy at 2400m Light Rain",2017-08-24
12:31,27°C,30°C,230°33 Km/h,,84%,24°C,1003.0mb,,"document.write(Icons.GetShortDescription(7, 'CurrentWeather'));  Scattered Clouds at 400m, Broken Clouds at 760m, Cloudy at 2400m Rain",2017-08-24
13:00,28°C,32°C,230°35 Km/h,,79%,24°C,1003.0mb,,"document.write(Icons.GetShortDescription(7, 'CurrentWeather'));  Scattered Clouds at 370m, Broken Clouds at 760m, Cloudy at 2400m Rain",2017-08-24
13:06,27°C,30°C,230°35 Km/h,,84%,24°C,1003.0mb,,"document.write(Icons.GetShortDescription(7, 'CurrentWeather'));  Scattered Clouds at 370m, Broken Clouds at 760m, Cloudy at 2400m Rain, Haze",2017-08-24
14:00,27°C,30°C,260°26 Km/h,,84%,24°C,1004.0mb,,"document.write(Icons.GetShortDescription(4, 'CurrentWeather'));  Scattered Clouds at 460m, Broken Clouds at 760m, Cloudy at 3000m",2017-08-24
15:00,27°C,30°C,270°20 Km/h,,84%,24°C,1003.0mb,,"document.write(Icons.GetShortDescription(4, 'CurrentWeather'));  Few Clouds at 460m, Broken Clouds at 910m, Cloudy at 3700m",2017-08-24
16:00,27°C,30°C,270°19 Km/h,,79%,23°C,1003.0mb,,"document.write(Icons.GetShortDescription(4, 'CurrentWeather'));  Scattered Clouds at 1400m, Cloudy at 3700m",2017-08-24
17:00,28°C,31°C,250°9 Km/h,,74%,23°C,1004.0mb,,"document.write(Icons.GetShortDescription(3, 'CurrentWeather'));  Few Clouds at 460m, Scattered Clouds at 1400m, Broken Clouds at 4000m",2017-08-24
18:00,27°C,30°C,250°11 Km/h,,79%,23°C,1004.0mb,,"document.write(Icons.GetShortDescription(2, 'CurrentWeather'));  Few Clouds at 1200m, Scattered Clouds at 4000m",2017-08-24
19:00,25°C,26°C,250°7 Km/h,,79%,21°C,1005.0mb,,"document.write(Icons.GetShortDescription(2, 'CurrentWeather'));  Few Clouds at 1200m, Scattered Clouds at 4600m",2017-08-24
20:00,25°C,26°C,260°4 Km/h,,79%,21°C,1006.0mb,,"document.write(Icons.GetShortDescription(1, 'CurrentWeather'));",2017-08-24
21:00,24°C,25°C,180°6 Km/h,,83%,21°C,1007.0mb,,"document.write(Icons.GetShortDescription(1, 'CurrentWeather'));",2017-08-24
22:00,24°C,25°C,230°4 Km/h,,83%,21°C,1007.0mb,,"document.write(Icons.GetShortDescription(1, 'CurrentWeather'));",2017-08-24
23:00,23°C,24°C,170°4 Km/h,,83%,20°C,1007.0mb,,"document.write(Icons.GetShortDescription(1, 'CurrentWeather'));",2017-08-24
