Time,Temperature,Relative Temperature,Wind,Wind Gust,Rel. humidity,Dew Point,Pressure,Icon,DescriptionDetails,date
00:00,21°C,21°C,20°7 Km/h,,88%,19°C,1004.0mb,,"document.write(Icons.GetShortDescription(7, 'CurrentWeather'));  Few Clouds at 370m, Broken Clouds at 760m, Cloudy at 2400m Light Rain",2017-08-16
01:00,22°C,22°C,50°4 Km/h,,83%,19°C,1003.0mb,,"document.write(Icons.GetShortDescription(7, 'CurrentWeather'));  Few Clouds at 370m, Broken Clouds at 760m, Cloudy at 2400m Light Rain",2017-08-16
01:47,22°C,22°C,20°6 Km/h,,83%,19°C,1004.0mb,,"document.write(Icons.GetShortDescription(7, 'CurrentWeather'));  Scattered Clouds at 370m, Broken Clouds at 760m, Cloudy at 2400m Rain, Haze",2017-08-16
02:00,21°C,21°C,350°6 Km/h,,88%,19°C,1004.0mb,,"document.write(Icons.GetShortDescription(7, 'CurrentWeather'));  Scattered Clouds at 370m, Broken Clouds at 760m, Cloudy at 2400m Rain, Haze",2017-08-16
02:13,21°C,21°C,310°7 Km/h,,88%,19°C,1004.0mb,,"document.write(Icons.GetShortDescription(7, 'CurrentWeather'));  Scattered Clouds at 370m, Broken Clouds at 760m, Cloudy at 2400m Light Rain",2017-08-16
03:00,21°C,21°C,30°6 Km/h,,88%,19°C,1004.0mb,,"document.write(Icons.GetShortDescription(7, 'CurrentWeather'));  Scattered Clouds at 370m, Broken Clouds at 760m, Cloudy at 2400m Light Rain",2017-08-16
04:00,21°C,21°C,20°6 Km/h,,88%,19°C,1004.0mb,,"document.write(Icons.GetShortDescription(4, 'CurrentWeather'));  Few Clouds at 460m, Broken Clouds at 760m, Cloudy at 2400m",2017-08-16
05:00,22°C,22°C,90°6 Km/h,,83%,19°C,1004.0mb,,"document.write(Icons.GetShortDescription(4, 'CurrentWeather'));  Few Clouds at 460m, Broken Clouds at 760m, Cloudy at 2400m",2017-08-16
06:00,22°C,22°C,80°7 Km/h,,83%,19°C,1004.0mb,,"document.write(Icons.GetShortDescription(4, 'CurrentWeather'));  Few Clouds at 460m, Broken Clouds at 760m, Cloudy at 2400m",2017-08-16
07:00,22°C,22°C,100°9 Km/h,,83%,19°C,1005.0mb,,"document.write(Icons.GetShortDescription(4, 'CurrentWeather'));  Few Clouds at 460m, Broken Clouds at 760m, Cloudy at 3000m",2017-08-16
08:00,23°C,23°C,100°17 Km/h,,78%,19°C,1005.0mb,,"document.write(Icons.GetShortDescription(3, 'CurrentWeather'));  Few Clouds at 460m, Broken Clouds at 910m, Broken Clouds at 3700m",2017-08-16
09:00,24°C,24°C,100°19 Km/h,,74%,19°C,1005.0mb,,"document.write(Icons.GetShortDescription(3, 'CurrentWeather'));  Broken Clouds at 760m, Broken Clouds at 3700m",2017-08-16
10:00,24°C,24°C,110°20 Km/h,,74%,19°C,1005.0mb,,"document.write(Icons.GetShortDescription(4, 'CurrentWeather'));  Broken Clouds at 760m, Cloudy at 3700m",2017-08-16
11:00,25°C,25°C,110°19 Km/h,,69%,19°C,1005.0mb,,"document.write(Icons.GetShortDescription(4, 'CurrentWeather'));  Broken Clouds at 1400m, Cloudy at 3700m",2017-08-16
12:00,25°C,25°C,120°11 Km/h,,69%,19°C,1006.0mb,,"document.write(Icons.GetShortDescription(4, 'CurrentWeather'));  Broken Clouds at 1100m, Cloudy at 3700m",2017-08-16
13:00,26°C,27°C,90°13 Km/h,,65%,19°C,1006.0mb,,"document.write(Icons.GetShortDescription(4, 'CurrentWeather'));  Broken Clouds at 1100m, Cloudy at 3000m",2017-08-16
14:00,27°C,29°C,90°15 Km/h,,66%,20°C,1005.0mb,,"document.write(Icons.GetShortDescription(4, 'CurrentWeather'));  Broken Clouds at 1200m, Cloudy at 3000m",2017-08-16
15:00,27°C,29°C,80°13 Km/h,,66%,20°C,1005.0mb,,"document.write(Icons.GetShortDescription(4, 'CurrentWeather'));  Broken Clouds at 910m, Cloudy at 3000m",2017-08-16
16:00,26°C,27°C,90°15 Km/h,,70%,20°C,1004.0mb,,"document.write(Icons.GetShortDescription(4, 'CurrentWeather'));  Broken Clouds at 910m, Cloudy at 3000m",2017-08-16
17:00,27°C,29°C,110°17 Km/h,,66%,20°C,1004.0mb,,"document.write(Icons.GetShortDescription(3, 'CurrentWeather'));  Broken Clouds at 910m, Broken Clouds at 3700m",2017-08-16
18:00,26°C,27°C,100°15 Km/h,,65%,19°C,1004.0mb,,"document.write(Icons.GetShortDescription(3, 'CurrentWeather'));  Broken Clouds at 910m, Broken Clouds at 3700m",2017-08-16
19:00,26°C,27°C,100°15 Km/h,,65%,19°C,1005.0mb,,"document.write(Icons.GetShortDescription(3, 'CurrentWeather'));  Broken Clouds at 910m, Broken Clouds at 3000m",2017-08-16
20:00,25°C,25°C,100°17 Km/h,,69%,19°C,1005.0mb,,"document.write(Icons.GetShortDescription(3, 'CurrentWeather'));  Broken Clouds at 910m, Broken Clouds at 3000m",2017-08-16
21:00,25°C,25°C,100°9 Km/h,,69%,19°C,1006.0mb,,"document.write(Icons.GetShortDescription(7, 'CurrentWeather'));  Broken Clouds at 910m, Cloudy at 2700m Light Rain",2017-08-16
22:00,24°C,24°C,140°9 Km/h,,74%,19°C,1006.0mb,,"document.write(Icons.GetShortDescription(4, 'CurrentWeather'));  Broken Clouds at 910m, Cloudy at 3000m",2017-08-16
23:00,23°C,23°C,140°6 Km/h,,78%,19°C,1006.0mb,,"document.write(Icons.GetShortDescription(7, 'CurrentWeather'));  Broken Clouds at 910m, Cloudy at 2700m Light Rain",2017-08-16
