Time,Temperature,Relative Temperature,Wind,Wind Gust,Rel. humidity,Dew Point,Pressure,Icon,DescriptionDetails,date
00:00,25°C,26°C,350°7 Km/h,,89%,23°C,1002.0mb,,"document.write(Icons.GetShortDescription(2, 'CurrentWeather'));  Few Clouds at 460m, Scattered Clouds at 610m Haze",2017-07-25
01:00,25°C,26°C,290°4 Km/h,,83%,22°C,1002.0mb,,"document.write(Icons.GetShortDescription(2, 'CurrentWeather'));  Few Clouds at 460m, Scattered Clouds at 610m Haze",2017-07-25
02:00,25°C,26°C,340°9 Km/h,,83%,22°C,1002.0mb,,"document.write(Icons.GetShortDescription(2, 'CurrentWeather'));  Scattered Clouds at 1100m Haze",2017-07-25
03:00,24°C,25°C,340°9 Km/h,,89%,22°C,1002.0mb,,"document.write(Icons.GetShortDescription(3, 'CurrentWeather'));  Scattered Clouds at 1100m, Broken Clouds at 5500m Haze",2017-07-25
04:00,24°C,25°C,330°7 Km/h,,89%,22°C,1002.0mb,,"document.write(Icons.GetShortDescription(3, 'CurrentWeather'));  Few Clouds at 1100m, Broken Clouds at 5500m Haze",2017-07-25
05:00,24°C,25°C,330°9 Km/h,,89%,22°C,1002.0mb,,"document.write(Icons.GetShortDescription(2, 'CurrentWeather'));  Few Clouds at 1100m, Scattered Clouds at 5500m Haze",2017-07-25
06:00,24°C,25°C,330°9 Km/h,,89%,22°C,1003.0mb,,"document.write(Icons.GetShortDescription(2, 'CurrentWeather'));  Scattered Clouds at 150m Partial Fog",2017-07-25
06:35,24°C,25°C,330°6 Km/h,,89%,22°C,1003.0mb,,"document.write(Icons.GetShortDescription(3, 'CurrentWeather'));  Few Clouds at 150m, Broken Clouds at 4600m Haze",2017-07-25
07:00,24°C,25°C,320°6 Km/h,,94%,23°C,1003.0mb,,"document.write(Icons.GetShortDescription(3, 'CurrentWeather'));  Few Clouds at 150m, Broken Clouds at 4600m Haze",2017-07-25
08:00,26°C,28°C,320°11 Km/h,,84%,23°C,1003.0mb,,"document.write(Icons.GetShortDescription(2, 'CurrentWeather'));  Few Clouds at 910m, Scattered Clouds at 4600m Haze",2017-07-25
09:00,28°C,31°C,20°9 Km/h,,74%,23°C,1003.0mb,,"document.write(Icons.GetShortDescription(2, 'CurrentWeather'));  Few Clouds at 910m, Scattered Clouds at 4600m",2017-07-25
10:00,29°C,33°C,330°11 Km/h,,70%,23°C,1003.0mb,,"document.write(Icons.GetShortDescription(2, 'CurrentWeather'));  Few Clouds at 910m, Scattered Clouds at 4600m",2017-07-25
11:00,30°C,35°C,320°15 Km/h,,70%,24°C,1004.0mb,,"document.write(Icons.GetShortDescription(2, 'CurrentWeather'));  Scattered Clouds at 910m, Scattered Clouds at 4600m",2017-07-25
12:00,31°C,35°C,360°7 Km/h,,59%,22°C,1003.0mb,,"document.write(Icons.GetShortDescription(2, 'CurrentWeather'));  Scattered Clouds at 910m",2017-07-25
13:00,32°C,35°C,70°7 Km/h,,52%,21°C,1003.0mb,,"document.write(Icons.GetShortDescription(2, 'CurrentWeather'));  Scattered Clouds at 910m",2017-07-25
14:00,34°C,38°C,40°7 Km/h,,49%,22°C,1003.0mb,,"document.write(Icons.GetShortDescription(2, 'CurrentWeather'));  Scattered Clouds at 910m",2017-07-25
15:00,34°C,36°C,10°7 Km/h,,44%,20°C,1003.0mb,,"document.write(Icons.GetShortDescription(2, 'CurrentWeather'));  Scattered Clouds at 910m",2017-07-25
16:00,33°C,41°C,340°15 Km/h,,63%,25°C,1002.0mb,,"document.write(Icons.GetShortDescription(2, 'CurrentWeather'));  Few Clouds at 910m",2017-07-25
17:00,33°C,37°C,330°15 Km/h,,52%,22°C,1002.0mb,,"document.write(Icons.GetShortDescription(2, 'CurrentWeather'));  Few Clouds at 910m",2017-07-25
18:00,33°C,38°C,340°15 Km/h,,56%,23°C,1003.0mb,,"document.write(Icons.GetShortDescription(2, 'CurrentWeather'));  Few Clouds at 910m",2017-07-25
19:00,31°C,35°C,10°17 Km/h,,59%,22°C,1003.0mb,,"document.write(Icons.GetShortDescription(2, 'CurrentWeather'));  Few Clouds at 910m",2017-07-25
20:00,30°C,33°C,360°15 Km/h,,59%,21°C,1004.0mb,,"document.write(Icons.GetShortDescription(2, 'CurrentWeather'));  Few Clouds at 1200m",2017-07-25
21:00,28°C,31°C,350°7 Km/h,,70%,22°C,1005.0mb,,"document.write(Icons.GetShortDescription(2, 'CurrentWeather'));  Few Clouds at 1200m",2017-07-25
22:00,28°C,31°C,10°7 Km/h,,70%,22°C,1005.0mb,,"document.write(Icons.GetShortDescription(2, 'CurrentWeather'));  Few Clouds at 1200m",2017-07-25
23:00,28°C,30°C,60°9 Km/h,,62%,20°C,1006.0mb,,"document.write(Icons.GetShortDescription(2, 'CurrentWeather'));  Scattered Clouds at 910m",2017-07-25
