Time,Temperature,Relative Temperature,Wind,Wind Gust,Rel. humidity,Dew Point,Pressure,Icon,DescriptionDetails,date
00:00,19°C,19°C,330°4 Km/h,,73%,14°C,1013.0mb,,"document.write(Icons.GetShortDescription(1, 'CurrentWeather'));",2017-09-02
01:00,19°C,19°C,320°6 Km/h,,73%,14°C,1012.0mb,,"document.write(Icons.GetShortDescription(1, 'CurrentWeather'));",2017-09-02
02:00,18°C,18°C,330°6 Km/h,,78%,14°C,1012.0mb,,"document.write(Icons.GetShortDescription(1, 'CurrentWeather'));",2017-09-02
03:00,17°C,17°C,340°7 Km/h,,77%,13°C,1012.0mb,,"document.write(Icons.GetShortDescription(1, 'CurrentWeather'));",2017-09-02
04:00,17°C,17°C,330°7 Km/h,,83%,14°C,1012.0mb,,"document.write(Icons.GetShortDescription(1, 'CurrentWeather'));",2017-09-02
05:00,17°C,17°C,340°7 Km/h,,83%,14°C,1012.0mb,,"document.write(Icons.GetShortDescription(1, 'CurrentWeather'));",2017-09-02
06:00,17°C,17°C,360°4 Km/h,,83%,14°C,1013.0mb,,"document.write(Icons.GetShortDescription(1, 'CurrentWeather'));",2017-09-02
07:00,18°C,18°C,360°4 Km/h,,88%,16°C,1013.0mb,,"document.write(Icons.GetShortDescription(1, 'CurrentWeather'));",2017-09-02
08:00,20°C,20°C,320°4 Km/h,,83%,17°C,1014.0mb,,"document.write(Icons.GetShortDescription(1, 'CurrentWeather'));",2017-09-02
09:00,23°C,23°C,120°7 Km/h,,74%,18°C,1014.0mb,,"document.write(Icons.GetShortDescription(1, 'CurrentWeather'));",2017-09-02
10:00,25°C,25°C,100°9 Km/h,,57%,16°C,1014.0mb,,"document.write(Icons.GetShortDescription(1, 'CurrentWeather'));",2017-09-02
11:00,26°C,26°C,110°6 Km/h,,51%,15°C,1014.0mb,,"document.write(Icons.GetShortDescription(1, 'CurrentWeather'));",2017-09-02
12:00,27°C,27°C,40°7 Km/h,,45%,14°C,1013.0mb,,"document.write(Icons.GetShortDescription(1, 'CurrentWeather'));",2017-09-02
13:00,28°C,28°C,30°7 Km/h,,40%,13°C,1012.0mb,,"document.write(Icons.GetShortDescription(2, 'CurrentWeather'));  Few Clouds at 910m, Scattered Clouds at 6100m",2017-09-02
14:00,29°C,28°C,210°7 Km/h,,37%,13°C,1012.0mb,,"document.write(Icons.GetShortDescription(2, 'CurrentWeather'));  Few Clouds at 910m, Scattered Clouds at 6100m",2017-09-02
15:00,28°C,27°C,330°7 Km/h,,37%,12°C,1011.0mb,,"document.write(Icons.GetShortDescription(2, 'CurrentWeather'));  Scattered Clouds at 910m",2017-09-02
16:00,28°C,28°C,290°15 Km/h,,48%,16°C,1011.0mb,,"document.write(Icons.GetShortDescription(3, 'CurrentWeather'));  Scattered Clouds at 910m, Broken Clouds at 6100m",2017-09-02
17:00,27°C,27°C,280°13 Km/h,,51%,16°C,1012.0mb,,"document.write(Icons.GetShortDescription(2, 'CurrentWeather'));  Few Clouds at 910m, Scattered Clouds at 6100m",2017-09-02
18:00,25°C,25°C,270°13 Km/h,,54%,15°C,1012.0mb,,"document.write(Icons.GetShortDescription(1, 'CurrentWeather'));",2017-09-02
19:00,24°C,24°C,270°6 Km/h,,54%,14°C,1012.0mb,,"document.write(Icons.GetShortDescription(1, 'CurrentWeather'));",2017-09-02
20:00,23°C,23°C,310°6 Km/h,,57%,14°C,1012.0mb,,"document.write(Icons.GetShortDescription(1, 'CurrentWeather'));",2017-09-02
21:00,22°C,22°C,350°6 Km/h,,65%,15°C,1013.0mb,,"document.write(Icons.GetShortDescription(1, 'CurrentWeather'));",2017-09-02
22:00,21°C,21°C,320°6 Km/h,,69%,15°C,1013.0mb,,"document.write(Icons.GetShortDescription(1, 'CurrentWeather'));",2017-09-02
23:00,20°C,20°C,40°4 Km/h,,69%,14°C,1013.0mb,,"document.write(Icons.GetShortDescription(1, 'CurrentWeather'));",2017-09-02
