Time,Temperature,Relative Temperature,Wind,Wind Gust,Rel. humidity,Dew Point,Pressure,Icon,DescriptionDetails,date
00:00,1°C,1°C,Calm,,70%,-4°C,1028.0mb,,"document.write(Icons.GetShortDescription(2, 'CurrentWeather'));  Few Clouds at 910m",2017-02-03
01:00,0°C,0°C,280°2 Km/h,,69%,-5°C,1028.0mb,,"document.write(Icons.GetShortDescription(2, 'CurrentWeather'));  Few Clouds at 910m",2017-02-03
02:00,0°C,-3°C,40°7 Km/h,,75%,-4°C,1028.0mb,,"document.write(Icons.GetShortDescription(3, 'CurrentWeather'));  Broken Clouds at 910m",2017-02-03
03:00,-1°C,-1°C,10°2 Km/h,,80%,-4°C,1028.0mb,,"document.write(Icons.GetShortDescription(3, 'CurrentWeather'));  Broken Clouds at 910m",2017-02-03
04:00,-1°C,-1°C,300°4 Km/h,,80%,-4°C,1028.0mb,,"document.write(Icons.GetShortDescription(3, 'CurrentWeather'));  Broken Clouds at 910m Haze",2017-02-03
05:00,-3°C,-5°C,10°6 Km/h,,80%,-6°C,1028.0mb,,"document.write(Icons.GetShortDescription(3, 'CurrentWeather'));  Broken Clouds at 910m Haze",2017-02-03
05:33,-3°C,-5°C,340°6 Km/h,,80%,-6°C,1028.0mb,,"document.write(Icons.GetShortDescription(3, 'CurrentWeather'));  Broken Clouds at 910m Haze",2017-02-03
06:00,-3°C,-3°C,60°2 Km/h,,86%,-5°C,1028.0mb,,"document.write(Icons.GetShortDescription(3, 'CurrentWeather'));  Scattered Clouds at 910m, Broken Clouds at 6100m Haze",2017-02-03
06:36,-4°C,-4°C,350°4 Km/h,,86%,-6°C,1028.0mb,,"document.write(Icons.GetShortDescription(3, 'CurrentWeather'));  Scattered Clouds at 910m, Broken Clouds at 6100m Partial Fog",2017-02-03
07:00,-4°C,-4°C,320°4 Km/h,,80%,-7°C,1028.0mb,,"document.write(Icons.GetShortDescription(2, 'CurrentWeather'));  Few Clouds at 910m, Scattered Clouds at 6100m Partial Fog",2017-02-03
08:00,-4°C,-4°C,300°4 Km/h,,80%,-7°C,1029.0mb,,"document.write(Icons.GetShortDescription(2, 'CurrentWeather'));  Few Clouds at 460m Patches of Fog",2017-02-03
09:00,-2°C,-2°C,320°2 Km/h,,86%,-4°C,1029.0mb,,"document.write(Icons.GetShortDescription(2, 'CurrentWeather'));  Few Clouds at 460m Haze",2017-02-03
10:00,2°C,2°C,170°2 Km/h,,70%,-3°C,1028.0mb,,"document.write(Icons.GetShortDescription(1, 'CurrentWeather'));  Haze",2017-02-03
11:00,3°C,3°C,40°4 Km/h,,52%,-6°C,1028.0mb,,"document.write(Icons.GetShortDescription(1, 'CurrentWeather'));",2017-02-03
12:00,4°C,4°C,250°2 Km/h,,48%,-6°C,1028.0mb,,"document.write(Icons.GetShortDescription(1, 'CurrentWeather'));",2017-02-03
13:00,5°C,2°C,300°17 Km/h,,45%,-6°C,1026.0mb,,"document.write(Icons.GetShortDescription(2, 'CurrentWeather'));  Few Clouds at 910m, Scattered Clouds at 6100m",2017-02-03
14:00,6°C,3°C,310°13 Km/h,,42%,-6°C,1026.0mb,,"document.write(Icons.GetShortDescription(1, 'CurrentWeather'));",2017-02-03
15:00,6°C,4°C,280°9 Km/h,,42%,-6°C,1025.0mb,,"document.write(Icons.GetShortDescription(1, 'CurrentWeather'));",2017-02-03
16:00,6°C,3°C,280°13 Km/h,,42%,-6°C,1025.0mb,,"document.write(Icons.GetShortDescription(1, 'CurrentWeather'));",2017-02-03
17:00,5°C,2°C,280°11 Km/h,,49%,-5°C,1025.0mb,,"document.write(Icons.GetShortDescription(1, 'CurrentWeather'));",2017-02-03
18:00,3°C,1°C,280°7 Km/h,,56%,-5°C,1025.0mb,,"document.write(Icons.GetShortDescription(1, 'CurrentWeather'));",2017-02-03
19:00,2°C,0°C,290°7 Km/h,,60%,-5°C,1026.0mb,,"document.write(Icons.GetShortDescription(1, 'CurrentWeather'));",2017-02-03
20:00,0°C,0°C,280°4 Km/h,,69%,-5°C,1026.0mb,,"document.write(Icons.GetShortDescription(1, 'CurrentWeather'));  Haze",2017-02-03
21:00,1°C,-1°C,50°6 Km/h,,70%,-4°C,1026.0mb,,"document.write(Icons.GetShortDescription(1, 'CurrentWeather'));  Haze",2017-02-03
22:00,-1°C,-1°C,50°4 Km/h,,75%,-5°C,1026.0mb,,"document.write(Icons.GetShortDescription(1, 'CurrentWeather'));  Haze",2017-02-03
23:00,-1°C,-1°C,320°2 Km/h,,75%,-5°C,1025.0mb,,"document.write(Icons.GetShortDescription(1, 'CurrentWeather'));  Haze",2017-02-03
