Time,Temperature,Relative Temperature,Wind,Wind Gust,Rel. humidity,Dew Point,Pressure,Icon,DescriptionDetails,date
00:00,14°C,14°C,290°2 Km/h,,63%,7°C,1028.0mb,,"document.write(Icons.GetShortDescription(1, 'CurrentWeather'));",2017-10-16
01:00,13°C,13°C,320°7 Km/h,,67%,7°C,1028.0mb,,"document.write(Icons.GetShortDescription(1, 'CurrentWeather'));",2017-10-16
02:00,13°C,13°C,330°7 Km/h,,72%,8°C,1028.0mb,,"document.write(Icons.GetShortDescription(1, 'CurrentWeather'));",2017-10-16
03:00,13°C,13°C,330°6 Km/h,,72%,8°C,1028.0mb,,"document.write(Icons.GetShortDescription(1, 'CurrentWeather'));",2017-10-16
04:00,13°C,13°C,320°4 Km/h,,72%,8°C,1028.0mb,,"document.write(Icons.GetShortDescription(1, 'CurrentWeather'));",2017-10-16
05:00,12°C,12°C,340°6 Km/h,,77%,8°C,1028.0mb,,"document.write(Icons.GetShortDescription(1, 'CurrentWeather'));",2017-10-16
06:00,12°C,12°C,340°6 Km/h,,77%,8°C,1028.0mb,,"document.write(Icons.GetShortDescription(1, 'CurrentWeather'));",2017-10-16
07:00,13°C,13°C,310°6 Km/h,,72%,8°C,1028.0mb,,"document.write(Icons.GetShortDescription(1, 'CurrentWeather'));",2017-10-16
08:00,13°C,13°C,330°4 Km/h,,72%,8°C,1029.0mb,,"document.write(Icons.GetShortDescription(1, 'CurrentWeather'));",2017-10-16
09:00,14°C,14°C,330°6 Km/h,,72%,9°C,1029.0mb,,"document.write(Icons.GetShortDescription(1, 'CurrentWeather'));",2017-10-16
10:00,15°C,15°C,330°7 Km/h,,68%,9°C,1029.0mb,,"document.write(Icons.GetShortDescription(1, 'CurrentWeather'));",2017-10-16
11:00,17°C,17°C,360°7 Km/h,,59%,9°C,1029.0mb,,"document.write(Icons.GetShortDescription(1, 'CurrentWeather'));",2017-10-16
12:00,18°C,18°C,340°13 Km/h,,52%,8°C,1028.0mb,,"document.write(Icons.GetShortDescription(1, 'CurrentWeather'));",2017-10-16
13:00,19°C,19°C,340°13 Km/h,,46%,7°C,1027.0mb,,"document.write(Icons.GetShortDescription(1, 'CurrentWeather'));",2017-10-16
14:00,20°C,20°C,330°13 Km/h,,43%,7°C,1026.0mb,,"document.write(Icons.GetShortDescription(1, 'CurrentWeather'));",2017-10-16
15:00,20°C,20°C,340°11 Km/h,,40%,6°C,1025.0mb,,"document.write(Icons.GetShortDescription(1, 'CurrentWeather'));",2017-10-16
16:00,20°C,20°C,330°17 Km/h,,38%,5°C,1025.0mb,,"document.write(Icons.GetShortDescription(1, 'CurrentWeather'));",2017-10-16
17:00,19°C,19°C,320°15 Km/h,,35%,3°C,1025.0mb,,"document.write(Icons.GetShortDescription(1, 'CurrentWeather'));",2017-10-16
18:00,17°C,17°C,320°15 Km/h,,32%,0°C,1025.0mb,,"document.write(Icons.GetShortDescription(1, 'CurrentWeather'));",2017-10-16
19:00,15°C,15°C,330°11 Km/h,,36%,0°C,1025.0mb,,"document.write(Icons.GetShortDescription(1, 'CurrentWeather'));",2017-10-16
20:00,15°C,15°C,330°7 Km/h,,39%,1°C,1026.0mb,,"document.write(Icons.GetShortDescription(1, 'CurrentWeather'));",2017-10-16
21:00,13°C,13°C,330°11 Km/h,,41%,0°C,1026.0mb,,"document.write(Icons.GetShortDescription(1, 'CurrentWeather'));",2017-10-16
22:00,12°C,12°C,330°11 Km/h,,47%,1°C,1026.0mb,,"document.write(Icons.GetShortDescription(1, 'CurrentWeather'));",2017-10-16
23:00,12°C,12°C,340°13 Km/h,,47%,1°C,1026.0mb,,"document.write(Icons.GetShortDescription(1, 'CurrentWeather'));",2017-10-16
