Time,Temperature,Relative Temperature,Wind,Wind Gust,Rel. humidity,Dew Point,Pressure,Icon,DescriptionDetails,date
00:00,26°C,28°C,200°17 Km/h,,84%,23°C,1006.0mb,,"document.write(Icons.GetShortDescription(4, 'CurrentWeather'));  Few Clouds at 460m, Broken Clouds at 910m, Cloudy at 3000m",2017-07-08
01:00,26°C,28°C,210°15 Km/h,,84%,23°C,1006.0mb,,"document.write(Icons.GetShortDescription(4, 'CurrentWeather'));  Few Clouds at 460m, Broken Clouds at 910m, Cloudy at 3000m",2017-07-08
02:00,26°C,28°C,200°17 Km/h,,84%,23°C,1006.0mb,,"document.write(Icons.GetShortDescription(4, 'CurrentWeather'));  Scattered Clouds at 300m, Broken Clouds at 910m, Cloudy at 3000m",2017-07-08
03:00,26°C,28°C,200°15 Km/h,,84%,23°C,1006.0mb,,"document.write(Icons.GetShortDescription(4, 'CurrentWeather'));  Scattered Clouds at 300m, Broken Clouds at 910m, Cloudy at 3000m",2017-07-08
04:00,26°C,28°C,200°22 Km/h,,84%,23°C,1005.0mb,,"document.write(Icons.GetShortDescription(4, 'CurrentWeather'));  Scattered Clouds at 300m, Broken Clouds at 760m, Cloudy at 3000m",2017-07-08
05:00,26°C,28°C,210°26 Km/h,,84%,23°C,1005.0mb,,"document.write(Icons.GetShortDescription(7, 'CurrentWeather'));  Scattered Clouds at 300m, Broken Clouds at 760m, Cloudy at 3000m Light Rain",2017-07-08
06:00,26°C,28°C,200°20 Km/h,,84%,23°C,1005.0mb,,"document.write(Icons.GetShortDescription(7, 'CurrentWeather'));  Scattered Clouds at 300m, Broken Clouds at 610m, Cloudy at 2400m Light Rain",2017-07-08
07:00,25°C,26°C,200°24 Km/h,,83%,22°C,1005.0mb,,"document.write(Icons.GetShortDescription(7, 'CurrentWeather'));  Scattered Clouds at 300m, Broken Clouds at 610m, Cloudy at 2400m Light Rain",2017-07-08
08:00,25°C,26°C,200°19 Km/h,,83%,22°C,1006.0mb,,"document.write(Icons.GetShortDescription(7, 'CurrentWeather'));  Few Clouds at 460m, Broken Clouds at 760m, Cloudy at 2400m Light Rain",2017-07-08
09:00,25°C,26°C,200°19 Km/h,,83%,22°C,1006.0mb,,"document.write(Icons.GetShortDescription(7, 'CurrentWeather'));  Few Clouds at 300m, Broken Clouds at 610m, Cloudy at 2400m Light Rain",2017-07-08
10:00,26°C,28°C,200°22 Km/h,,84%,23°C,1006.0mb,,"document.write(Icons.GetShortDescription(4, 'CurrentWeather'));  Few Clouds at 240m, Broken Clouds at 610m, Cloudy at 2400m",2017-07-08
11:00,26°C,28°C,200°20 Km/h,,84%,23°C,1006.0mb,,"document.write(Icons.GetShortDescription(4, 'CurrentWeather'));  Scattered Clouds at 240m, Broken Clouds at 610m, Cloudy at 2400m",2017-07-08
12:00,26°C,28°C,200°17 Km/h,,84%,23°C,1006.0mb,,"document.write(Icons.GetShortDescription(4, 'CurrentWeather'));  Scattered Clouds at 240m, Broken Clouds at 610m, Cloudy at 2400m",2017-07-08
13:00,27°C,30°C,220°15 Km/h,,79%,23°C,1006.0mb,,"document.write(Icons.GetShortDescription(4, 'CurrentWeather'));  Scattered Clouds at 300m, Broken Clouds at 610m, Cloudy at 2400m",2017-07-08
14:00,27°C,30°C,210°20 Km/h,,79%,23°C,1006.0mb,,"document.write(Icons.GetShortDescription(4, 'CurrentWeather'));  Few Clouds at 300m, Broken Clouds at 760m, Cloudy at 2400m",2017-07-08
15:00,28°C,31°C,210°13 Km/h,,74%,23°C,1005.0mb,,"document.write(Icons.GetShortDescription(4, 'CurrentWeather'));  Few Clouds at 460m, Broken Clouds at 760m, Cloudy at 2400m",2017-07-08
16:00,27°C,30°C,230°17 Km/h,,79%,23°C,1005.0mb,,"document.write(Icons.GetShortDescription(4, 'CurrentWeather'));  Few Clouds at 460m, Broken Clouds at 760m, Cloudy at 3000m",2017-07-08
17:00,27°C,29°C,210°17 Km/h,,74%,22°C,1005.0mb,,"document.write(Icons.GetShortDescription(4, 'CurrentWeather'));  Scattered Clouds at 460m, Broken Clouds at 610m, Cloudy at 3000m",2017-07-08
18:00,27°C,30°C,210°11 Km/h,,79%,23°C,1006.0mb,,"document.write(Icons.GetShortDescription(4, 'CurrentWeather'));  Few Clouds at 460m, Broken Clouds at 610m, Cloudy at 3000m",2017-07-08
19:00,27°C,29°C,200°13 Km/h,,74%,22°C,1006.0mb,,"document.write(Icons.GetShortDescription(4, 'CurrentWeather'));  Few Clouds at 460m, Broken Clouds at 610m, Cloudy at 3000m",2017-07-08
20:00,26°C,28°C,240°11 Km/h,,79%,22°C,1007.0mb,,"document.write(Icons.GetShortDescription(4, 'CurrentWeather'));  Few Clouds at 460m, Broken Clouds at 610m, Cloudy at 3000m",2017-07-08
21:00,26°C,28°C,270°6 Km/h,,79%,22°C,1007.0mb,,"document.write(Icons.GetShortDescription(4, 'CurrentWeather'));  Few Clouds at 460m, Broken Clouds at 760m, Cloudy at 3000m",2017-07-08
22:00,26°C,28°C,170°7 Km/h,,79%,22°C,1008.0mb,,"document.write(Icons.GetShortDescription(4, 'CurrentWeather'));  Broken Clouds at 610m, Cloudy at 3000m",2017-07-08
23:00,26°C,28°C,180°7 Km/h,,79%,22°C,1008.0mb,,"document.write(Icons.GetShortDescription(4, 'CurrentWeather'));  Broken Clouds at 910m, Cloudy at 3000m",2017-07-08
