Time,Temperature,Relative Temperature,Wind,Wind Gust,Rel. humidity,Dew Point,Pressure,Icon,DescriptionDetails,date
00:00,0°C,-2°C,320°6 Km/h,,80%,-3°C,1025.0mb,,"document.write(Icons.GetShortDescription(2, 'CurrentWeather'));  Few Clouds at 1200m",2017-01-07
01:00,0°C,0°C,350°4 Km/h,,80%,-3°C,1024.0mb,,"document.write(Icons.GetShortDescription(2, 'CurrentWeather'));  Few Clouds at 1200m",2017-01-07
02:00,-1°C,-1°C,350°4 Km/h,,80%,-4°C,1024.0mb,,"document.write(Icons.GetShortDescription(2, 'CurrentWeather'));  Few Clouds at 1200m Haze",2017-01-07
03:00,-1°C,-1°C,330°4 Km/h,,80%,-4°C,1024.0mb,,"document.write(Icons.GetShortDescription(2, 'CurrentWeather'));  Few Clouds at 1200m Haze",2017-01-07
04:00,-1°C,-3°C,360°6 Km/h,,80%,-4°C,1024.0mb,,"document.write(Icons.GetShortDescription(2, 'CurrentWeather'));  Scattered Clouds at 300m Partial Fog",2017-01-07
05:00,-2°C,-4°C,340°6 Km/h,,86%,-4°C,1024.0mb,,"document.write(Icons.GetShortDescription(2, 'CurrentWeather'));  Scattered Clouds at 300m Partial Fog",2017-01-07
06:00,-3°C,-5°C,330°6 Km/h,,86%,-5°C,1024.0mb,,"document.write(Icons.GetShortDescription(2, 'CurrentWeather'));  Scattered Clouds at 150m Partial Fog",2017-01-07
06:25,-2°C,-5°C,10°7 Km/h,,86%,-4°C,1024.0mb,,"document.write(Icons.GetShortDescription(2, 'CurrentWeather'));  Few Clouds at 300m Haze",2017-01-07
07:00,-2°C,-4°C,350°6 Km/h,,86%,-4°C,1024.0mb,,"document.write(Icons.GetShortDescription(1, 'CurrentWeather'));  Haze",2017-01-07
08:00,-1°C,-1°C,310°4 Km/h,,80%,-4°C,1024.0mb,,"document.write(Icons.GetShortDescription(1, 'CurrentWeather'));  Haze",2017-01-07
09:00,0°C,0°C,270°4 Km/h,,80%,-3°C,1024.0mb,,"document.write(Icons.GetShortDescription(1, 'CurrentWeather'));  Haze",2017-01-07
10:00,2°C,0°C,360°6 Km/h,,87%,0°C,1024.0mb,,"document.write(Icons.GetShortDescription(1, 'CurrentWeather'));  Haze",2017-01-07
11:00,4°C,3°C,300°6 Km/h,,70%,-1°C,1024.0mb,,"document.write(Icons.GetShortDescription(1, 'CurrentWeather'));",2017-01-07
12:00,7°C,7°C,240°2 Km/h,,53%,-2°C,1023.0mb,,"document.write(Icons.GetShortDescription(1, 'CurrentWeather'));",2017-01-07
13:00,8°C,7°C,350°6 Km/h,,53%,-1°C,1021.0mb,,"document.write(Icons.GetShortDescription(1, 'CurrentWeather'));",2017-01-07
14:00,9°C,8°C,330°7 Km/h,,46%,-2°C,1020.0mb,,"document.write(Icons.GetShortDescription(1, 'CurrentWeather'));",2017-01-07
15:00,9°C,8°C,360°7 Km/h,,50%,-1°C,1019.0mb,,"document.write(Icons.GetShortDescription(1, 'CurrentWeather'));",2017-01-07
16:00,8°C,6°C,360°11 Km/h,,50%,-2°C,1019.0mb,,"document.write(Icons.GetShortDescription(1, 'CurrentWeather'));",2017-01-07
17:00,8°C,6°C,340°9 Km/h,,50%,-2°C,1019.0mb,,"document.write(Icons.GetShortDescription(1, 'CurrentWeather'));",2017-01-07
18:00,6°C,4°C,310°7 Km/h,,57%,-2°C,1019.0mb,,"document.write(Icons.GetShortDescription(1, 'CurrentWeather'));",2017-01-07
19:00,3°C,0°C,330°9 Km/h,,65%,-3°C,1019.0mb,,"document.write(Icons.GetShortDescription(1, 'CurrentWeather'));",2017-01-07
20:00,3°C,2°C,310°6 Km/h,,70%,-2°C,1019.0mb,,"document.write(Icons.GetShortDescription(1, 'CurrentWeather'));",2017-01-07
21:00,4°C,2°C,320°7 Km/h,,65%,-2°C,1019.0mb,,"document.write(Icons.GetShortDescription(1, 'CurrentWeather'));",2017-01-07
22:00,2°C,2°C,340°4 Km/h,,70%,-3°C,1019.0mb,,"document.write(Icons.GetShortDescription(1, 'CurrentWeather'));",2017-01-07
23:00,2°C,0°C,350°6 Km/h,,75%,-2°C,1020.0mb,,"document.write(Icons.GetShortDescription(1, 'CurrentWeather'));",2017-01-07
