Time,Temperature,Relative Temperature,Wind,Wind Gust,Rel. humidity,Dew Point,Pressure,Icon,DescriptionDetails,date
00:00,-3°C,-3°C,90°4 Km/h,,74%,-7°C,1024.0mb,,"document.write(Icons.GetShortDescription(1, 'CurrentWeather'));",2017-02-19
01:00,-4°C,-4°C,50°2 Km/h,,74%,-8°C,1024.0mb,,"document.write(Icons.GetShortDescription(1, 'CurrentWeather'));",2017-02-19
02:00,-4°C,-4°C,320°2 Km/h,,80%,-7°C,1024.0mb,,"document.write(Icons.GetShortDescription(1, 'CurrentWeather'));",2017-02-19
03:00,-5°C,-5°C,100°2 Km/h,,74%,-9°C,1024.0mb,,"document.write(Icons.GetShortDescription(1, 'CurrentWeather'));",2017-02-19
04:00,-4°C,-8°C,150°9 Km/h,,74%,-8°C,1023.0mb,,"document.write(Icons.GetShortDescription(1, 'CurrentWeather'));",2017-02-19
05:00,-4°C,-8°C,150°11 Km/h,,74%,-8°C,1022.0mb,,"document.write(Icons.GetShortDescription(1, 'CurrentWeather'));",2017-02-19
06:00,-3°C,-7°C,190°9 Km/h,,74%,-7°C,1021.0mb,,"document.write(Icons.GetShortDescription(1, 'CurrentWeather'));",2017-02-19
07:00,-3°C,-8°C,150°13 Km/h,,69%,-8°C,1021.0mb,,"document.write(Icons.GetShortDescription(1, 'CurrentWeather'));",2017-02-19
08:00,-1°C,-4°C,160°9 Km/h,,64%,-7°C,1022.0mb,,"document.write(Icons.GetShortDescription(1, 'CurrentWeather'));",2017-02-19
09:00,0°C,-4°C,170°13 Km/h,,60%,-7°C,1021.0mb,,"document.write(Icons.GetShortDescription(1, 'CurrentWeather'));",2017-02-19
10:00,1°C,-4°C,170°22 Km/h,,60%,-6°C,1020.0mb,,"document.write(Icons.GetShortDescription(1, 'CurrentWeather'));",2017-02-19
11:00,3°C,-2°C,160°20 Km/h,,48%,-7°C,1019.0mb,,"document.write(Icons.GetShortDescription(1, 'CurrentWeather'));",2017-02-19
12:00,5°C,1°C,180°22 Km/h,,36%,-9°C,1018.0mb,,"document.write(Icons.GetShortDescription(1, 'CurrentWeather'));",2017-02-19
13:00,5°C,1°C,190°22 Km/h,,33%,-10°C,1016.0mb,,"document.write(Icons.GetShortDescription(1, 'CurrentWeather'));",2017-02-19
14:00,5°C,1°C,180°20 Km/h,,33%,-10°C,1014.0mb,,"document.write(Icons.GetShortDescription(4, 'CurrentWeather'));  Few Clouds at 1200m, Cloudy at 2400m",2017-02-19
15:00,5°C,1°C,170°22 Km/h,,42%,-7°C,1013.0mb,,"document.write(Icons.GetShortDescription(4, 'CurrentWeather'));  Scattered Clouds at 910m, Cloudy at 2100m",2017-02-19
16:00,6°C,3°C,170°15 Km/h,,34%,-9°C,1012.0mb,,"document.write(Icons.GetShortDescription(4, 'CurrentWeather'));  Scattered Clouds at 910m, Cloudy at 2100m",2017-02-19
17:00,6°C,2°C,190°20 Km/h,,53%,-3°C,1011.0mb,,"document.write(Icons.GetShortDescription(7, 'CurrentWeather'));  Broken Clouds at 760m, Cloudy at 2100m Light Rain",2017-02-19
18:00,6°C,3°C,170°13 Km/h,,49%,-4°C,1010.0mb,,"document.write(Icons.GetShortDescription(7, 'CurrentWeather'));  Broken Clouds at 910m, Cloudy at 2100m Light Rain",2017-02-19
19:00,6°C,2°C,180°20 Km/h,,53%,-3°C,1009.0mb,,"document.write(Icons.GetShortDescription(7, 'CurrentWeather'));  Broken Clouds at 910m, Cloudy at 2100m Light Rain",2017-02-19
20:00,5°C,2°C,170°15 Km/h,,76%,1°C,1009.0mb,,"document.write(Icons.GetShortDescription(7, 'CurrentWeather'));  Few Clouds at 300m, Broken Clouds at 910m, Cloudy at 2400m Light Rain, Haze",2017-02-19
21:00,5°C,4°C,190°6 Km/h,,76%,1°C,1009.0mb,,"document.write(Icons.GetShortDescription(7, 'CurrentWeather'));  Few Clouds at 300m, Broken Clouds at 760m, Cloudy at 2100m Light Rain, Haze",2017-02-19
22:00,5°C,3°C,170°9 Km/h,,81%,2°C,1008.0mb,,"document.write(Icons.GetShortDescription(7, 'CurrentWeather'));  Few Clouds at 210m, Broken Clouds at 760m, Cloudy at 2100m Light Rain, Haze",2017-02-19
23:00,5°C,2°C,210°11 Km/h,,87%,3°C,1007.0mb,,"document.write(Icons.GetShortDescription(7, 'CurrentWeather'));  Scattered Clouds at 210m, Broken Clouds at 610m, Cloudy at 2100m Light Rain, Haze",2017-02-19
