Time,Temperature,Relative Temperature,Wind,Wind Gust,Rel. humidity,Dew Point,Pressure,Icon,DescriptionDetails,date
00:00,17°C,17°C,290°2 Km/h,,88%,15°C,1010.0mb,,"document.write(Icons.GetShortDescription(7, 'CurrentWeather'));  Few Clouds at 370m, Broken Clouds at 910m, Cloudy at 2400m Light Rain, Haze",2017-05-24
01:00,17°C,17°C,270°2 Km/h,,88%,15°C,1009.0mb,,"document.write(Icons.GetShortDescription(7, 'CurrentWeather'));  Few Clouds at 370m, Broken Clouds at 910m, Cloudy at 2400m Light Rain, Haze",2017-05-24
02:00,17°C,17°C,330°6 Km/h,,88%,15°C,1009.0mb,,"document.write(Icons.GetShortDescription(4, 'CurrentWeather'));  Few Clouds at 370m, Broken Clouds at 910m, Cloudy at 2400m Haze",2017-05-24
03:00,17°C,17°C,320°7 Km/h,,88%,15°C,1009.0mb,,"document.write(Icons.GetShortDescription(4, 'CurrentWeather'));  Few Clouds at 300m, Broken Clouds at 910m, Cloudy at 3000m Haze",2017-05-24
04:00,17°C,17°C,30°9 Km/h,,88%,15°C,1008.0mb,,"document.write(Icons.GetShortDescription(3, 'CurrentWeather'));  Few Clouds at 300m, Scattered Clouds at 910m, Broken Clouds at 3000m Haze",2017-05-24
05:00,17°C,17°C,360°15 Km/h,,83%,14°C,1009.0mb,,"document.write(Icons.GetShortDescription(3, 'CurrentWeather'));  Few Clouds at 460m, Scattered Clouds at 910m, Broken Clouds at 3000m Haze",2017-05-24
06:00,17°C,17°C,340°6 Km/h,,77%,13°C,1009.0mb,,"document.write(Icons.GetShortDescription(3, 'CurrentWeather'));  Few Clouds at 460m, Scattered Clouds at 910m, Broken Clouds at 3400m",2017-05-24
07:00,18°C,18°C,330°9 Km/h,,73%,13°C,1009.0mb,,"document.write(Icons.GetShortDescription(2, 'CurrentWeather'));  Few Clouds at 910m",2017-05-24
08:00,19°C,19°C,340°9 Km/h,,73%,14°C,1009.0mb,,"document.write(Icons.GetShortDescription(2, 'CurrentWeather'));  Scattered Clouds at 910m",2017-05-24
09:00,19°C,19°C,340°9 Km/h,,68%,13°C,1009.0mb,,"document.write(Icons.GetShortDescription(2, 'CurrentWeather'));  Scattered Clouds at 910m",2017-05-24
10:00,21°C,21°C,300°9 Km/h,,60%,13°C,1009.0mb,,"document.write(Icons.GetShortDescription(2, 'CurrentWeather'));  Few Clouds at 910m",2017-05-24
11:00,22°C,22°C,300°11 Km/h,,57%,13°C,1009.0mb,,"document.write(Icons.GetShortDescription(2, 'CurrentWeather'));  Scattered Clouds at 910m",2017-05-24
12:00,24°C,24°C,330°13 Km/h,,47%,12°C,1009.0mb,,"document.write(Icons.GetShortDescription(2, 'CurrentWeather'));  Scattered Clouds at 910m",2017-05-24
13:00,24°C,24°C,320°13 Km/h,,44%,11°C,1008.0mb,,"document.write(Icons.GetShortDescription(2, 'CurrentWeather'));  Scattered Clouds at 910m",2017-05-24
14:00,25°C,25°C,340°15 Km/h,,36%,9°C,1008.0mb,,"document.write(Icons.GetShortDescription(2, 'CurrentWeather'));  Few Clouds at 910m",2017-05-24
15:00,26°C,26°C,350°17 Km/h,,37%,10°C,1007.0mb,,"document.write(Icons.GetShortDescription(2, 'CurrentWeather'));  Few Clouds at 910m",2017-05-24
16:00,26°C,26°C,320°19 Km/h,,37%,10°C,1007.0mb,,"document.write(Icons.GetShortDescription(1, 'CurrentWeather'));",2017-05-24
17:00,25°C,25°C,280°17 Km/h,,44%,12°C,1007.0mb,,"document.write(Icons.GetShortDescription(1, 'CurrentWeather'));",2017-05-24
18:00,24°C,24°C,300°20 Km/h,,47%,12°C,1007.0mb,,"document.write(Icons.GetShortDescription(1, 'CurrentWeather'));",2017-05-24
19:00,22°C,22°C,290°15 Km/h,,50%,11°C,1007.0mb,,"document.write(Icons.GetShortDescription(1, 'CurrentWeather'));",2017-05-24
20:00,21°C,21°C,270°7 Km/h,,46%,9°C,1007.0mb,,"document.write(Icons.GetShortDescription(1, 'CurrentWeather'));",2017-05-24
21:00,19°C,19°C,350°2 Km/h,,52%,9°C,1008.0mb,,"document.write(Icons.GetShortDescription(1, 'CurrentWeather'));",2017-05-24
22:00,17°C,17°C,360°7 Km/h,,64%,10°C,1008.0mb,,"document.write(Icons.GetShortDescription(1, 'CurrentWeather'));",2017-05-24
23:00,17°C,17°C,330°6 Km/h,,64%,10°C,1008.0mb,,"document.write(Icons.GetShortDescription(1, 'CurrentWeather'));",2017-05-24
