Time,Temperature,Relative Temperature,Wind,Wind Gust,Rel. humidity,Dew Point,Pressure,Icon,DescriptionDetails,date
00:00,9°C,8°C,260°9 Km/h,,58%,1°C,1017.0mb,,"document.write(Icons.GetShortDescription(1, 'CurrentWeather'));",2017-04-13
01:00,7°C,7°C,290°4 Km/h,,66%,1°C,1017.0mb,,"document.write(Icons.GetShortDescription(1, 'CurrentWeather'));",2017-04-13
02:00,6°C,5°C,280°6 Km/h,,76%,2°C,1017.0mb,,"document.write(Icons.GetShortDescription(1, 'CurrentWeather'));",2017-04-13
03:00,6°C,6°C,20°2 Km/h,,76%,2°C,1017.0mb,,"document.write(Icons.GetShortDescription(1, 'CurrentWeather'));",2017-04-13
04:00,5°C,5°C,240°2 Km/h,,76%,1°C,1018.0mb,,"document.write(Icons.GetShortDescription(1, 'CurrentWeather'));",2017-04-13
05:00,4°C,4°C,Calm,,87%,2°C,1018.0mb,,"document.write(Icons.GetShortDescription(1, 'CurrentWeather'));  Haze",2017-04-13
06:00,3°C,2°C,150°6 Km/h,,81%,0°C,1018.0mb,,"document.write(Icons.GetShortDescription(1, 'CurrentWeather'));",2017-04-13
07:00,6°C,4°C,150°11 Km/h,,81%,3°C,1018.0mb,,"document.write(Icons.GetShortDescription(1, 'CurrentWeather'));",2017-04-13
08:00,9°C,8°C,170°9 Km/h,,71%,4°C,1018.0mb,,"document.write(Icons.GetShortDescription(1, 'CurrentWeather'));",2017-04-13
09:00,11°C,11°C,230°11 Km/h,,58%,3°C,1018.0mb,,"document.write(Icons.GetShortDescription(1, 'CurrentWeather'));",2017-04-13
10:00,13°C,13°C,140°7 Km/h,,41%,0°C,1018.0mb,,"document.write(Icons.GetShortDescription(1, 'CurrentWeather'));",2017-04-13
11:00,16°C,16°C,210°6 Km/h,,27%,-3°C,1017.0mb,,"document.write(Icons.GetShortDescription(1, 'CurrentWeather'));",2017-04-13
12:00,18°C,18°C,210°11 Km/h,,19%,-6°C,1017.0mb,,"document.write(Icons.GetShortDescription(2, 'CurrentWeather'));  Few Clouds at 1200m, Scattered Clouds at 3700m",2017-04-13
13:00,16°C,16°C,210°15 Km/h,,16%,-10°C,1016.0mb,,"document.write(Icons.GetShortDescription(3, 'CurrentWeather'));  Few Clouds at 1200m, Broken Clouds at 2400m",2017-04-13
14:00,17°C,17°C,230°19 Km/h,,17%,-8°C,1015.0mb,,"document.write(Icons.GetShortDescription(1, 'CurrentWeather'));",2017-04-13
15:00,18°C,18°C,240°15 Km/h,,24%,-3°C,1014.0mb,,"document.write(Icons.GetShortDescription(1, 'CurrentWeather'));",2017-04-13
16:00,17°C,17°C,240°20 Km/h,,37%,2°C,1014.0mb,,"document.write(Icons.GetShortDescription(1, 'CurrentWeather'));",2017-04-13
17:00,16°C,16°C,230°20 Km/h,,45%,4°C,1014.0mb,,"document.write(Icons.GetShortDescription(2, 'CurrentWeather'));  Few Clouds at 1200m",2017-04-13
18:00,14°C,14°C,230°24 Km/h,,55%,5°C,1014.0mb,,"document.write(Icons.GetShortDescription(2, 'CurrentWeather'));  Few Clouds at 1200m",2017-04-13
19:00,13°C,13°C,220°24 Km/h,,59%,5°C,1014.0mb,,"document.write(Icons.GetShortDescription(1, 'CurrentWeather'));",2017-04-13
20:00,13°C,13°C,220°13 Km/h,,63%,6°C,1014.0mb,,"document.write(Icons.GetShortDescription(2, 'CurrentWeather'));  Few Clouds at 1200m",2017-04-13
21:00,12°C,12°C,190°9 Km/h,,63%,5°C,1015.0mb,,"document.write(Icons.GetShortDescription(2, 'CurrentWeather'));  Few Clouds at 1200m",2017-04-13
22:00,12°C,12°C,190°15 Km/h,,54%,3°C,1016.0mb,,"document.write(Icons.GetShortDescription(1, 'CurrentWeather'));",2017-04-13
23:00,11°C,11°C,190°11 Km/h,,58%,3°C,1016.0mb,,"document.write(Icons.GetShortDescription(1, 'CurrentWeather'));",2017-04-13
