Time,Temperature,Relative Temperature,Wind,Wind Gust,Rel. humidity,Dew Point,Pressure,Icon,DescriptionDetails,date
00:00,1°C,1°C,30°2 Km/h,,81%,-2°C,1018.0mb,,"document.write(Icons.GetShortDescription(1, 'CurrentWeather'));  Haze",2017-03-05
01:00,0°C,-2°C,320°6 Km/h,,80%,-3°C,1018.0mb,,"document.write(Icons.GetShortDescription(1, 'CurrentWeather'));  Haze",2017-03-05
02:00,0°C,0°C,320°4 Km/h,,87%,-2°C,1018.0mb,,"document.write(Icons.GetShortDescription(1, 'CurrentWeather'));  Haze",2017-03-05
02:38,0°C,0°C,350°4 Km/h,,87%,-2°C,1018.0mb,,"document.write(Icons.GetShortDescription(1, 'CurrentWeather'));  Haze",2017-03-05
03:00,-1°C,-3°C,310°6 Km/h,,86%,-3°C,1018.0mb,,"document.write(Icons.GetShortDescription(1, 'CurrentWeather'));  Haze",2017-03-05
04:00,-1°C,-1°C,350°4 Km/h,,80%,-4°C,1018.0mb,,"document.write(Icons.GetShortDescription(1, 'CurrentWeather'));  Haze",2017-03-05
05:00,-1°C,-1°C,310°2 Km/h,,86%,-3°C,1019.0mb,,"document.write(Icons.GetShortDescription(2, 'CurrentWeather'));  Scattered Clouds at 150m Fog",2017-03-05
06:00,-1°C,-1°C,20°4 Km/h,,80%,-4°C,1019.0mb,,"document.write(Icons.GetShortDescription(2, 'CurrentWeather'));  Scattered Clouds at 150m Partial Fog",2017-03-05
07:00,-2°C,-2°C,300°2 Km/h,,86%,-4°C,1019.0mb,,"document.write(Icons.GetShortDescription(3, 'CurrentWeather'));  Scattered Clouds at 30m, Broken Clouds at 300m Fog",2017-03-05
07:37,-1°C,-1°C,360°4 Km/h,,80%,-4°C,1019.0mb,,"document.write(Icons.GetShortDescription(4, 'CurrentWeather'));  Limited visibility at 30m Fog",2017-03-05
08:00,-1°C,-1°C,340°4 Km/h,,86%,-3°C,1019.0mb,,"document.write(Icons.GetShortDescription(4, 'CurrentWeather'));  Limited visibility at 30m Fog, Haze",2017-03-05
08:16,-1°C,-1°C,340°4 Km/h,,86%,-3°C,1019.0mb,,"document.write(Icons.GetShortDescription(3, 'CurrentWeather'));  Broken Clouds at 30m Partial Fog",2017-03-05
09:00,1°C,1°C,310°2 Km/h,,87%,-1°C,1019.0mb,,"document.write(Icons.GetShortDescription(3, 'CurrentWeather'));  Scattered Clouds at 760m, Broken Clouds at 4600m Haze",2017-03-05
10:00,5°C,5°C,170°2 Km/h,,81%,2°C,1018.0mb,,"document.write(Icons.GetShortDescription(3, 'CurrentWeather'));  Scattered Clouds at 760m, Broken Clouds at 4600m Haze",2017-03-05
10:21,5°C,5°C,150°2 Km/h,,76%,1°C,1018.0mb,,"document.write(Icons.GetShortDescription(3, 'CurrentWeather'));  Scattered Clouds at 760m, Broken Clouds at 4600m Haze",2017-03-05
11:00,6°C,6°C,220°4 Km/h,,66%,0°C,1017.0mb,,"document.write(Icons.GetShortDescription(3, 'CurrentWeather'));  Scattered Clouds at 760m, Broken Clouds at 4600m Haze",2017-03-05
11:20,6°C,6°C,10°4 Km/h,,61%,-1°C,1017.0mb,,"document.write(Icons.GetShortDescription(3, 'CurrentWeather'));  Scattered Clouds at 760m, Broken Clouds at 4600m",2017-03-05
12:00,7°C,7°C,320°4 Km/h,,57%,-1°C,1017.0mb,,"document.write(Icons.GetShortDescription(2, 'CurrentWeather'));  Few Clouds at 760m, Scattered Clouds at 4600m",2017-03-05
13:00,9°C,9°C,200°4 Km/h,,50%,-1°C,1016.0mb,,"document.write(Icons.GetShortDescription(2, 'CurrentWeather'));  Few Clouds at 760m, Scattered Clouds at 4600m",2017-03-05
14:00,10°C,8°C,290°15 Km/h,,47%,-1°C,1015.0mb,,"document.write(Icons.GetShortDescription(2, 'CurrentWeather'));  Scattered Clouds at 760m",2017-03-05
15:00,9°C,6°C,300°19 Km/h,,50%,-1°C,1014.0mb,,"document.write(Icons.GetShortDescription(2, 'CurrentWeather'));  Scattered Clouds at 760m",2017-03-05
16:00,8°C,6°C,290°13 Km/h,,53%,-1°C,1014.0mb,,"document.write(Icons.GetShortDescription(2, 'CurrentWeather'));  Scattered Clouds at 760m",2017-03-05
17:00,7°C,4°C,300°15 Km/h,,57%,-1°C,1014.0mb,,"document.write(Icons.GetShortDescription(3, 'CurrentWeather'));  Broken Clouds at 1100m",2017-03-05
17:37,7°C,4°C,290°17 Km/h,,61%,0°C,1014.0mb,,"document.write(Icons.GetShortDescription(3, 'CurrentWeather'));  Broken Clouds at 1100m Haze",2017-03-05
18:00,6°C,3°C,290°13 Km/h,,66%,0°C,1014.0mb,,"document.write(Icons.GetShortDescription(3, 'CurrentWeather'));  Broken Clouds at 1100m Haze",2017-03-05
19:00,6°C,4°C,270°9 Km/h,,66%,0°C,1015.0mb,,"document.write(Icons.GetShortDescription(3, 'CurrentWeather'));  Broken Clouds at 760m Haze",2017-03-05
20:00,5°C,5°C,310°4 Km/h,,70%,0°C,1015.0mb,,"document.write(Icons.GetShortDescription(7, 'CurrentWeather'));  Broken Clouds at 760m, Cloudy at 3700m Light Rain, Haze",2017-03-05
21:00,5°C,2°C,300°11 Km/h,,81%,2°C,1015.0mb,,"document.write(Icons.GetShortDescription(4, 'CurrentWeather'));  Scattered Clouds at 300m, Broken Clouds at 910m, Cloudy at 3700m Haze",2017-03-05
22:00,4°C,1°C,300°11 Km/h,,81%,1°C,1015.0mb,,"document.write(Icons.GetShortDescription(4, 'CurrentWeather'));  Few Clouds at 150m, Broken Clouds at 910m, Cloudy at 3700m Haze",2017-03-05
23:00,4°C,2°C,310°9 Km/h,,81%,1°C,1015.0mb,,"document.write(Icons.GetShortDescription(4, 'CurrentWeather'));  Few Clouds at 460m, Scattered Clouds at 910m, Cloudy at 3700m Haze",2017-03-05
