Time,Temperature,Relative Temperature,Wind,Wind Gust,Rel. humidity,Dew Point,Pressure,Icon,DescriptionDetails,date
00:00,11°C,11°C,260°2 Km/h,,47%,0°C,1015.0mb,,"document.write(Icons.GetShortDescription(1, 'CurrentWeather'));",2017-04-20
01:00,10°C,9°C,350°9 Km/h,,58%,2°C,1014.0mb,,"document.write(Icons.GetShortDescription(1, 'CurrentWeather'));",2017-04-20
01:28,10°C,9°C,40°7 Km/h,,62%,3°C,1013.0mb,,"document.write(Icons.GetShortDescription(7, 'CurrentWeather'));  Scattered Clouds at 1200m, Cloudy at 2100m Light Rain",2017-04-20
02:00,10°C,8°C,50°11 Km/h,,62%,3°C,1013.0mb,,"document.write(Icons.GetShortDescription(1, 'CurrentWeather'));",2017-04-20
03:00,10°C,9°C,260°7 Km/h,,62%,3°C,1013.0mb,,"document.write(Icons.GetShortDescription(1, 'CurrentWeather'));",2017-04-20
04:00,10°C,8°C,310°11 Km/h,,62%,3°C,1014.0mb,,"document.write(Icons.GetShortDescription(1, 'CurrentWeather'));",2017-04-20
05:00,9°C,9°C,330°4 Km/h,,66%,3°C,1014.0mb,,"document.write(Icons.GetShortDescription(1, 'CurrentWeather'));",2017-04-20
06:00,9°C,9°C,50°4 Km/h,,66%,3°C,1014.0mb,,"document.write(Icons.GetShortDescription(1, 'CurrentWeather'));",2017-04-20
07:00,9°C,9°C,Calm,,71%,4°C,1014.0mb,,"document.write(Icons.GetShortDescription(4, 'CurrentWeather'));  Few Clouds at 910m, Scattered Clouds at 3700m, Cloudy at 6100m",2017-04-20
08:00,11°C,11°C,90°4 Km/h,,50%,1°C,1014.0mb,,"document.write(Icons.GetShortDescription(4, 'CurrentWeather'));  Few Clouds at 910m, Broken Clouds at 3700m, Cloudy at 6100m",2017-04-20
09:00,12°C,12°C,50°6 Km/h,,41%,-1°C,1013.0mb,,"document.write(Icons.GetShortDescription(4, 'CurrentWeather'));  Few Clouds at 910m, Broken Clouds at 3700m, Cloudy at 5500m",2017-04-20
10:00,13°C,13°C,170°11 Km/h,,41%,0°C,1013.0mb,,"document.write(Icons.GetShortDescription(4, 'CurrentWeather'));  Few Clouds at 910m, Broken Clouds at 3700m, Cloudy at 5500m",2017-04-20
11:00,14°C,14°C,110°6 Km/h,,39%,0°C,1013.0mb,,"document.write(Icons.GetShortDescription(1, 'CurrentWeather'));",2017-04-20
12:00,16°C,16°C,170°11 Km/h,,31%,-1°C,1012.0mb,,"document.write(Icons.GetShortDescription(1, 'CurrentWeather'));",2017-04-20
13:00,18°C,18°C,220°9 Km/h,,26%,-2°C,1012.0mb,,"document.write(Icons.GetShortDescription(1, 'CurrentWeather'));",2017-04-20
14:00,17°C,17°C,200°9 Km/h,,27%,-2°C,1011.0mb,,"document.write(Icons.GetShortDescription(4, 'CurrentWeather'));  Few Clouds at 1400m, Broken Clouds at 3700m, Cloudy at 6100m",2017-04-20
15:00,17°C,17°C,240°15 Km/h,,32%,0°C,1011.0mb,,"document.write(Icons.GetShortDescription(4, 'CurrentWeather'));  Scattered Clouds at 1200m, Broken Clouds at 3400m, Cloudy at 6100m",2017-04-20
16:00,17°C,17°C,240°19 Km/h,,32%,0°C,1010.0mb,,"document.write(Icons.GetShortDescription(1, 'CurrentWeather'));",2017-04-20
17:00,15°C,15°C,300°24 Km/h,,39%,1°C,1011.0mb,,"document.write(Icons.GetShortDescription(1, 'CurrentWeather'));",2017-04-20
17:57,14°C,14°C,300°15 Km/h,,41%,1°C,1011.0mb,,"document.write(Icons.GetShortDescription(1, 'CurrentWeather'));",2017-04-20
18:00,14°C,14°C,290°15 Km/h,,41%,1°C,1011.0mb,,"document.write(Icons.GetShortDescription(1, 'CurrentWeather'));",2017-04-20
19:00,13°C,13°C,300°19 Km/h,,44%,1°C,1011.0mb,,"document.write(Icons.GetShortDescription(1, 'CurrentWeather'));",2017-04-20
20:00,12°C,12°C,290°11 Km/h,,54%,3°C,1011.0mb,,"document.write(Icons.GetShortDescription(1, 'CurrentWeather'));",2017-04-20
21:00,10°C,8°C,300°11 Km/h,,62%,3°C,1012.0mb,,"document.write(Icons.GetShortDescription(1, 'CurrentWeather'));",2017-04-20
22:00,8°C,7°C,330°6 Km/h,,71%,3°C,1013.0mb,,"document.write(Icons.GetShortDescription(1, 'CurrentWeather'));",2017-04-20
23:00,9°C,8°C,330°6 Km/h,,62%,2°C,1013.0mb,,"document.write(Icons.GetShortDescription(1, 'CurrentWeather'));",2017-04-20
