Time,Temperature,Relative Temperature,Wind,Wind Gust,Rel. humidity,Dew Point,Pressure,Icon,DescriptionDetails,date
00:00,-1°C,-4°C,280°9 Km/h,,47%,-11°C,1020.0mb,,"document.write(Icons.GetShortDescription(1, 'CurrentWeather'));",2017-03-03
01:00,-2°C,-2°C,20°2 Km/h,,59%,-9°C,1021.0mb,,"document.write(Icons.GetShortDescription(1, 'CurrentWeather'));",2017-03-03
02:00,-2°C,-2°C,Calm,,55%,-10°C,1021.0mb,,"document.write(Icons.GetShortDescription(1, 'CurrentWeather'));",2017-03-03
03:00,-3°C,-3°C,40°4 Km/h,,59%,-10°C,1021.0mb,,"document.write(Icons.GetShortDescription(1, 'CurrentWeather'));",2017-03-03
04:00,-5°C,-5°C,Calm,,63%,-11°C,1020.0mb,,"document.write(Icons.GetShortDescription(1, 'CurrentWeather'));",2017-03-03
05:00,-4°C,-4°C,240°2 Km/h,,74%,-8°C,1021.0mb,,"document.write(Icons.GetShortDescription(1, 'CurrentWeather'));",2017-03-03
06:00,-3°C,-6°C,150°7 Km/h,,59%,-10°C,1021.0mb,,"document.write(Icons.GetShortDescription(1, 'CurrentWeather'));",2017-03-03
07:00,-3°C,-7°C,170°11 Km/h,,64%,-9°C,1021.0mb,,"document.write(Icons.GetShortDescription(1, 'CurrentWeather'));",2017-03-03
08:00,0°C,-4°C,170°13 Km/h,,60%,-7°C,1021.0mb,,"document.write(Icons.GetShortDescription(1, 'CurrentWeather'));",2017-03-03
09:00,2°C,-2°C,160°17 Km/h,,60%,-5°C,1022.0mb,,"document.write(Icons.GetShortDescription(1, 'CurrentWeather'));",2017-03-03
10:00,4°C,1°C,180°15 Km/h,,52%,-5°C,1021.0mb,,"document.write(Icons.GetShortDescription(1, 'CurrentWeather'));",2017-03-03
11:00,6°C,3°C,190°15 Km/h,,49%,-4°C,1021.0mb,,"document.write(Icons.GetShortDescription(1, 'CurrentWeather'));",2017-03-03
12:00,7°C,4°C,220°19 Km/h,,46%,-4°C,1020.0mb,,"document.write(Icons.GetShortDescription(1, 'CurrentWeather'));",2017-03-03
13:00,8°C,5°C,240°17 Km/h,,40%,-5°C,1020.0mb,,"document.write(Icons.GetShortDescription(2, 'CurrentWeather'));  Few Clouds at 910m, Scattered Clouds at 6100m",2017-03-03
14:00,9°C,6°C,230°19 Km/h,,37%,-5°C,1019.0mb,,"document.write(Icons.GetShortDescription(2, 'CurrentWeather'));  Few Clouds at 910m, Scattered Clouds at 6100m",2017-03-03
15:00,9°C,6°C,240°17 Km/h,,37%,-5°C,1019.0mb,,"document.write(Icons.GetShortDescription(1, 'CurrentWeather'));",2017-03-03
16:00,9°C,6°C,240°20 Km/h,,40%,-4°C,1019.0mb,,"document.write(Icons.GetShortDescription(1, 'CurrentWeather'));",2017-03-03
17:00,8°C,5°C,240°15 Km/h,,43%,-4°C,1019.0mb,,"document.write(Icons.GetShortDescription(1, 'CurrentWeather'));",2017-03-03
18:00,6°C,4°C,240°9 Km/h,,53%,-3°C,1019.0mb,,"document.write(Icons.GetShortDescription(1, 'CurrentWeather'));",2017-03-03
19:00,5°C,5°C,140°4 Km/h,,57%,-3°C,1019.0mb,,"document.write(Icons.GetShortDescription(1, 'CurrentWeather'));",2017-03-03
20:00,4°C,4°C,Calm,,61%,-3°C,1019.0mb,,"document.write(Icons.GetShortDescription(1, 'CurrentWeather'));",2017-03-03
21:00,3°C,3°C,180°4 Km/h,,65%,-3°C,1020.0mb,,"document.write(Icons.GetShortDescription(1, 'CurrentWeather'));",2017-03-03
22:00,4°C,2°C,190°7 Km/h,,65%,-2°C,1020.0mb,,"document.write(Icons.GetShortDescription(1, 'CurrentWeather'));",2017-03-03
23:00,1°C,1°C,220°2 Km/h,,70%,-4°C,1020.0mb,,"document.write(Icons.GetShortDescription(1, 'CurrentWeather'));",2017-03-03
