Time,Temperature,Relative Temperature,Wind,Wind Gust,Rel. humidity,Dew Point,Pressure,Icon,DescriptionDetails,date
00:00,16°C,16°C,20°4 Km/h,,77%,12°C,1010.0mb,,"document.write(Icons.GetShortDescription(1, 'CurrentWeather'));  Haze",2017-05-12
01:00,16°C,16°C,180°4 Km/h,,83%,13°C,1010.0mb,,"document.write(Icons.GetShortDescription(1, 'CurrentWeather'));  Haze",2017-05-12
02:00,15°C,15°C,130°4 Km/h,,82%,12°C,1010.0mb,,"document.write(Icons.GetShortDescription(1, 'CurrentWeather'));  Haze",2017-05-12
03:00,16°C,16°C,160°6 Km/h,,83%,13°C,1009.0mb,,"document.write(Icons.GetShortDescription(1, 'CurrentWeather'));  Haze",2017-05-12
04:00,18°C,18°C,200°7 Km/h,,73%,13°C,1009.0mb,,"document.write(Icons.GetShortDescription(1, 'CurrentWeather'));  Haze",2017-05-12
05:00,18°C,18°C,180°15 Km/h,,73%,13°C,1008.0mb,,"document.write(Icons.GetShortDescription(1, 'CurrentWeather'));  Haze",2017-05-12
06:00,19°C,19°C,200°9 Km/h,,68%,13°C,1009.0mb,,"document.write(Icons.GetShortDescription(1, 'CurrentWeather'));  Haze",2017-05-12
07:00,19°C,19°C,180°7 Km/h,,68%,13°C,1009.0mb,,"document.write(Icons.GetShortDescription(4, 'CurrentWeather'));  Scattered Clouds at 910m, Cloudy at 6100m Haze",2017-05-12
08:00,19°C,19°C,200°13 Km/h,,68%,13°C,1009.0mb,,"document.write(Icons.GetShortDescription(4, 'CurrentWeather'));  Scattered Clouds at 910m, Cloudy at 5500m Haze",2017-05-12
09:00,19°C,19°C,210°13 Km/h,,68%,13°C,1009.0mb,,"document.write(Icons.GetShortDescription(4, 'CurrentWeather'));  Broken Clouds at 610m, Cloudy at 5500m",2017-05-12
10:00,20°C,20°C,200°15 Km/h,,64%,13°C,1009.0mb,,"document.write(Icons.GetShortDescription(4, 'CurrentWeather'));  Scattered Clouds at 610m, Cloudy at 3700m",2017-05-12
11:00,20°C,20°C,200°15 Km/h,,64%,13°C,1009.0mb,,"document.write(Icons.GetShortDescription(4, 'CurrentWeather'));  Scattered Clouds at 610m, Cloudy at 3700m",2017-05-12
12:00,21°C,21°C,230°11 Km/h,,60%,13°C,1009.0mb,,"document.write(Icons.GetShortDescription(4, 'CurrentWeather'));  Scattered Clouds at 610m, Cloudy at 3700m",2017-05-12
13:00,20°C,20°C,240°11 Km/h,,64%,13°C,1009.0mb,,"document.write(Icons.GetShortDescription(4, 'CurrentWeather'));  Scattered Clouds at 610m, Cloudy at 3700m",2017-05-12
14:00,19°C,19°C,230°13 Km/h,,68%,13°C,1009.0mb,,"document.write(Icons.GetShortDescription(4, 'CurrentWeather'));  Broken Clouds at 610m, Cloudy at 3400m Haze",2017-05-12
15:00,19°C,19°C,230°13 Km/h,,64%,12°C,1009.0mb,,"document.write(Icons.GetShortDescription(4, 'CurrentWeather'));  Scattered Clouds at 610m, Cloudy at 3400m Haze",2017-05-12
16:00,19°C,19°C,220°11 Km/h,,64%,12°C,1008.0mb,,"document.write(Icons.GetShortDescription(4, 'CurrentWeather'));  Scattered Clouds at 610m, Cloudy at 3400m Haze",2017-05-12
17:00,19°C,19°C,190°17 Km/h,,64%,12°C,1008.0mb,,"document.write(Icons.GetShortDescription(4, 'CurrentWeather'));  Scattered Clouds at 610m, Cloudy at 3400m Haze",2017-05-12
18:00,19°C,19°C,200°15 Km/h,,64%,12°C,1007.0mb,,"document.write(Icons.GetShortDescription(4, 'CurrentWeather'));  Scattered Clouds at 610m, Cloudy at 3400m Haze",2017-05-12
19:00,19°C,19°C,200°7 Km/h,,64%,12°C,1008.0mb,,"document.write(Icons.GetShortDescription(4, 'CurrentWeather'));  Scattered Clouds at 760m, Cloudy at 3400m Haze",2017-05-12
20:00,18°C,18°C,210°9 Km/h,,68%,12°C,1008.0mb,,"document.write(Icons.GetShortDescription(4, 'CurrentWeather'));  Scattered Clouds at 760m, Cloudy at 3400m Haze",2017-05-12
21:00,17°C,17°C,190°9 Km/h,,73%,12°C,1008.0mb,,"document.write(Icons.GetShortDescription(3, 'CurrentWeather'));  Few Clouds at 760m, Broken Clouds at 4600m Haze",2017-05-12
22:00,17°C,17°C,180°15 Km/h,,68%,11°C,1008.0mb,,"document.write(Icons.GetShortDescription(1, 'CurrentWeather'));  Haze",2017-05-12
23:00,16°C,16°C,190°11 Km/h,,72%,11°C,1008.0mb,,"document.write(Icons.GetShortDescription(1, 'CurrentWeather'));  Haze",2017-05-12
