Time,Temperature,Relative Temperature,Wind,Wind Gust,Rel. humidity,Dew Point,Pressure,Icon,DescriptionDetails,date
00:00,25°C,26°C,260°2 Km/h,,79%,21°C,1009.0mb,,"document.write(Icons.GetShortDescription(2, 'CurrentWeather'));  Few Clouds at 460m, Scattered Clouds at 1100m",2017-08-22
01:00,24°C,25°C,320°9 Km/h,,83%,21°C,1010.0mb,,"document.write(Icons.GetShortDescription(2, 'CurrentWeather'));  Few Clouds at 460m, Scattered Clouds at 910m",2017-08-22
02:00,24°C,25°C,300°2 Km/h,,83%,21°C,1009.0mb,,"document.write(Icons.GetShortDescription(2, 'CurrentWeather'));  Few Clouds at 460m, Scattered Clouds at 910m",2017-08-22
03:00,23°C,24°C,330°4 Km/h,,83%,20°C,1009.0mb,,"document.write(Icons.GetShortDescription(2, 'CurrentWeather'));  Few Clouds at 460m, Scattered Clouds at 910m",2017-08-22
04:00,23°C,24°C,Calm,,83%,20°C,1010.0mb,,"document.write(Icons.GetShortDescription(2, 'CurrentWeather'));  Few Clouds at 460m, Scattered Clouds at 910m",2017-08-22
05:00,22°C,23°C,130°4 Km/h,,88%,20°C,1010.0mb,,"document.write(Icons.GetShortDescription(2, 'CurrentWeather'));  Few Clouds at 460m, Scattered Clouds at 910m",2017-08-22
06:00,22°C,23°C,350°4 Km/h,,88%,20°C,1011.0mb,,"document.write(Icons.GetShortDescription(2, 'CurrentWeather'));  Few Clouds at 910m",2017-08-22
07:00,24°C,25°C,250°4 Km/h,,83%,21°C,1011.0mb,,"document.write(Icons.GetShortDescription(2, 'CurrentWeather'));  Few Clouds at 910m",2017-08-22
08:00,27°C,30°C,190°6 Km/h,,79%,23°C,1012.0mb,,"document.write(Icons.GetShortDescription(2, 'CurrentWeather'));  Few Clouds at 910m",2017-08-22
09:00,28°C,31°C,230°6 Km/h,,74%,23°C,1012.0mb,,"document.write(Icons.GetShortDescription(2, 'CurrentWeather'));  Few Clouds at 910m",2017-08-22
10:00,28°C,31°C,300°7 Km/h,,70%,22°C,1013.0mb,,"document.write(Icons.GetShortDescription(2, 'CurrentWeather'));  Scattered Clouds at 910m",2017-08-22
11:00,29°C,32°C,300°9 Km/h,,66%,22°C,1012.0mb,,"document.write(Icons.GetShortDescription(2, 'CurrentWeather'));  Scattered Clouds at 910m",2017-08-22
12:00,30°C,33°C,270°9 Km/h,,62%,22°C,1012.0mb,,"document.write(Icons.GetShortDescription(2, 'CurrentWeather'));  Scattered Clouds at 910m",2017-08-22
13:00,29°C,31°C,290°9 Km/h,,62%,21°C,1012.0mb,,"document.write(Icons.GetShortDescription(2, 'CurrentWeather'));  Scattered Clouds at 910m",2017-08-22
