Time,Temperature,Relative Temperature,Wind,Wind Gust,Rel. humidity,Dew Point,Pressure,Icon,DescriptionDetails,date
00:00,14°C,14°C,280°9 Km/h,,55%,5°C,1011.0mb,,"document.write(Icons.GetShortDescription(1, 'CurrentWeather'));",2017-05-15
01:00,13°C,13°C,270°17 Km/h,,59%,5°C,1011.0mb,,"document.write(Icons.GetShortDescription(1, 'CurrentWeather'));",2017-05-15
02:00,14°C,14°C,290°11 Km/h,,51%,4°C,1011.0mb,,"document.write(Icons.GetShortDescription(1, 'CurrentWeather'));",2017-05-15
03:00,13°C,13°C,270°6 Km/h,,55%,4°C,1011.0mb,,"document.write(Icons.GetShortDescription(1, 'CurrentWeather'));",2017-05-15
04:00,12°C,12°C,240°6 Km/h,,63%,5°C,1011.0mb,,"document.write(Icons.GetShortDescription(1, 'CurrentWeather'));",2017-05-15
05:00,13°C,13°C,250°6 Km/h,,59%,5°C,1011.0mb,,"document.write(Icons.GetShortDescription(1, 'CurrentWeather'));",2017-05-15
06:00,13°C,13°C,260°9 Km/h,,63%,6°C,1011.0mb,,"document.write(Icons.GetShortDescription(2, 'CurrentWeather'));  Few Clouds at 910m",2017-05-15
07:00,15°C,15°C,250°9 Km/h,,59%,7°C,1012.0mb,,"document.write(Icons.GetShortDescription(2, 'CurrentWeather'));  Few Clouds at 910m",2017-05-15
08:00,16°C,16°C,270°13 Km/h,,55%,7°C,1012.0mb,,"document.write(Icons.GetShortDescription(2, 'CurrentWeather'));  Few Clouds at 910m",2017-05-15
09:00,17°C,17°C,260°11 Km/h,,49%,6°C,1012.0mb,,"document.write(Icons.GetShortDescription(2, 'CurrentWeather'));  Few Clouds at 910m",2017-05-15
10:00,18°C,18°C,270°9 Km/h,,49%,7°C,1012.0mb,,"document.write(Icons.GetShortDescription(2, 'CurrentWeather'));  Scattered Clouds at 910m",2017-05-15
11:00,18°C,18°C,250°7 Km/h,,46%,6°C,1012.0mb,,"document.write(Icons.GetShortDescription(2, 'CurrentWeather'));  Scattered Clouds at 910m",2017-05-15
12:00,18°C,18°C,250°13 Km/h,,49%,7°C,1012.0mb,,"document.write(Icons.GetShortDescription(2, 'CurrentWeather'));  Scattered Clouds at 910m",2017-05-15
13:00,20°C,20°C,290°13 Km/h,,43%,7°C,1012.0mb,,"document.write(Icons.GetShortDescription(2, 'CurrentWeather'));  Scattered Clouds at 910m",2017-05-15
14:00,20°C,20°C,280°17 Km/h,,46%,8°C,1011.0mb,,"document.write(Icons.GetShortDescription(2, 'CurrentWeather'));  Scattered Clouds at 910m",2017-05-15
15:00,19°C,19°C,290°15 Km/h,,49%,8°C,1011.0mb,,"document.write(Icons.GetShortDescription(2, 'CurrentWeather'));  Scattered Clouds at 910m",2017-05-15
16:00,19°C,19°C,260°17 Km/h,,52%,9°C,1011.0mb,,"document.write(Icons.GetShortDescription(2, 'CurrentWeather'));  Scattered Clouds at 1100m",2017-05-15
17:00,19°C,19°C,280°17 Km/h,,52%,9°C,1011.0mb,,"document.write(Icons.GetShortDescription(2, 'CurrentWeather'));  Scattered Clouds at 1100m",2017-05-15
18:00,18°C,18°C,280°19 Km/h,,52%,8°C,1011.0mb,,"document.write(Icons.GetShortDescription(2, 'CurrentWeather'));  Scattered Clouds at 1200m",2017-05-15
19:00,17°C,17°C,260°15 Km/h,,52%,7°C,1011.0mb,,"document.write(Icons.GetShortDescription(2, 'CurrentWeather'));  Few Clouds at 910m, Scattered Clouds at 2400m",2017-05-15
20:00,16°C,16°C,250°13 Km/h,,55%,7°C,1012.0mb,,"document.write(Icons.GetShortDescription(2, 'CurrentWeather'));  Few Clouds at 910m, Scattered Clouds at 2400m",2017-05-15
21:00,15°C,15°C,240°6 Km/h,,63%,8°C,1012.0mb,,"document.write(Icons.GetShortDescription(2, 'CurrentWeather'));  Few Clouds at 910m, Scattered Clouds at 2400m",2017-05-15
22:00,14°C,14°C,170°6 Km/h,,67%,8°C,1012.0mb,,"document.write(Icons.GetShortDescription(2, 'CurrentWeather'));  Few Clouds at 910m, Scattered Clouds at 2400m",2017-05-15
23:00,14°C,14°C,200°11 Km/h,,72%,9°C,1013.0mb,,"document.write(Icons.GetShortDescription(2, 'CurrentWeather'));  Few Clouds at 910m, Scattered Clouds at 2400m",2017-05-15
