Time,Temperature,Relative Temperature,Wind,Wind Gust,Rel. humidity,Dew Point,Pressure,Icon,DescriptionDetails,date
00:00,14°C,14°C,190°11 Km/h,,77%,10°C,1020.0mb,,"document.write(Icons.GetShortDescription(3, 'CurrentWeather'));  Few Clouds at 460m, Scattered Clouds at 760m, Broken Clouds at 5500m",2017-11-02
01:00,13°C,13°C,180°9 Km/h,,82%,10°C,1020.0mb,,"document.write(Icons.GetShortDescription(3, 'CurrentWeather'));  Scattered Clouds at 760m, Broken Clouds at 5500m",2017-11-02
02:00,13°C,13°C,140°9 Km/h,,77%,9°C,1020.0mb,,"document.write(Icons.GetShortDescription(3, 'CurrentWeather'));  Scattered Clouds at 760m, Broken Clouds at 5500m",2017-11-02
03:00,13°C,13°C,140°9 Km/h,,82%,10°C,1019.0mb,,"document.write(Icons.GetShortDescription(3, 'CurrentWeather'));  Scattered Clouds at 760m, Broken Clouds at 5500m Haze",2017-11-02
04:00,12°C,12°C,150°9 Km/h,,88%,10°C,1019.0mb,,"document.write(Icons.GetShortDescription(3, 'CurrentWeather'));  Scattered Clouds at 760m, Broken Clouds at 3700m Haze",2017-11-02
05:00,13°C,13°C,140°11 Km/h,,82%,10°C,1019.0mb,,"document.write(Icons.GetShortDescription(3, 'CurrentWeather'));  Scattered Clouds at 760m, Broken Clouds at 3700m Haze",2017-11-02
06:00,13°C,13°C,150°9 Km/h,,88%,11°C,1019.0mb,,"document.write(Icons.GetShortDescription(3, 'CurrentWeather'));  Few Clouds at 460m, Broken Clouds at 760m, Broken Clouds at 3700m Haze",2017-11-02
07:00,14°C,14°C,160°9 Km/h,,82%,11°C,1018.0mb,,"document.write(Icons.GetShortDescription(3, 'CurrentWeather'));  Few Clouds at 460m, Scattered Clouds at 760m, Broken Clouds at 3400m",2017-11-02
07:25,14°C,14°C,160°7 Km/h,,77%,10°C,1018.0mb,,"document.write(Icons.GetShortDescription(4, 'CurrentWeather'));  Few Clouds at 400m, Scattered Clouds at 760m, Cloudy at 3400m Haze",2017-11-02
07:56,14°C,14°C,170°7 Km/h,,82%,11°C,1018.0mb,,"document.write(Icons.GetShortDescription(4, 'CurrentWeather'));  Few Clouds at 370m, Scattered Clouds at 760m, Cloudy at 3400m Haze",2017-11-02
08:00,14°C,14°C,180°7 Km/h,,82%,11°C,1019.0mb,,"document.write(Icons.GetShortDescription(4, 'CurrentWeather'));  Few Clouds at 370m, Scattered Clouds at 760m, Cloudy at 3400m Haze",2017-11-02
09:00,15°C,15°C,170°11 Km/h,,77%,11°C,1019.0mb,,"document.write(Icons.GetShortDescription(4, 'CurrentWeather'));  Few Clouds at 370m, Scattered Clouds at 760m, Cloudy at 3400m Haze",2017-11-02
10:00,16°C,16°C,170°11 Km/h,,72%,11°C,1019.0mb,,"document.write(Icons.GetShortDescription(4, 'CurrentWeather'));  Few Clouds at 460m, Broken Clouds at 760m, Cloudy at 3400m Haze",2017-11-02
11:00,17°C,17°C,180°13 Km/h,,68%,11°C,1018.0mb,,"document.write(Icons.GetShortDescription(4, 'CurrentWeather'));  Few Clouds at 460m, Broken Clouds at 910m, Cloudy at 3400m",2017-11-02
12:00,18°C,18°C,210°17 Km/h,,64%,11°C,1018.0mb,,"document.write(Icons.GetShortDescription(4, 'CurrentWeather'));  Broken Clouds at 910m, Cloudy at 3400m",2017-11-02
13:00,17°C,17°C,210°13 Km/h,,68%,11°C,1017.0mb,,"document.write(Icons.GetShortDescription(4, 'CurrentWeather'));  Broken Clouds at 760m, Cloudy at 3400m",2017-11-02
14:00,17°C,17°C,230°15 Km/h,,68%,11°C,1017.0mb,,"document.write(Icons.GetShortDescription(7, 'CurrentWeather'));  Broken Clouds at 760m, Cloudy at 3000m Light Rain, Haze",2017-11-02
15:00,16°C,16°C,220°15 Km/h,,77%,12°C,1017.0mb,,"document.write(Icons.GetShortDescription(4, 'CurrentWeather'));  Broken Clouds at 760m, Cloudy at 3000m",2017-11-02
16:00,17°C,17°C,270°7 Km/h,,73%,12°C,1017.0mb,,"document.write(Icons.GetShortDescription(4, 'CurrentWeather'));  Broken Clouds at 760m, Cloudy at 3000m",2017-11-02
17:00,16°C,16°C,270°9 Km/h,,72%,11°C,1017.0mb,,"document.write(Icons.GetShortDescription(4, 'CurrentWeather'));  Broken Clouds at 760m, Cloudy at 3000m",2017-11-02
18:00,16°C,16°C,280°7 Km/h,,72%,11°C,1017.0mb,,"document.write(Icons.GetShortDescription(4, 'CurrentWeather'));  Broken Clouds at 760m, Cloudy at 3000m",2017-11-02
19:00,16°C,16°C,270°6 Km/h,,72%,11°C,1018.0mb,,"document.write(Icons.GetShortDescription(3, 'CurrentWeather'));  Broken Clouds at 760m",2017-11-02
20:00,16°C,16°C,260°6 Km/h,,72%,11°C,1018.0mb,,"document.write(Icons.GetShortDescription(3, 'CurrentWeather'));  Broken Clouds at 910m",2017-11-02
21:00,15°C,15°C,230°4 Km/h,,77%,11°C,1018.0mb,,"document.write(Icons.GetShortDescription(3, 'CurrentWeather'));  Broken Clouds at 910m",2017-11-02
22:00,15°C,15°C,220°4 Km/h,,77%,11°C,1018.0mb,,"document.write(Icons.GetShortDescription(3, 'CurrentWeather'));  Broken Clouds at 910m",2017-11-02
23:00,13°C,13°C,180°7 Km/h,,82%,10°C,1018.0mb,,"document.write(Icons.GetShortDescription(2, 'CurrentWeather'));  Scattered Clouds at 910m",2017-11-02
