Time,Temperature,Relative Temperature,Wind,Wind Gust,Rel. humidity,Dew Point,Pressure,Icon,DescriptionDetails,date
00:00,8°C,8°C,Calm,,76%,4°C,1012.0mb,,"document.write(Icons.GetShortDescription(1, 'CurrentWeather'));",2017-04-22
01:00,7°C,7°C,350°2 Km/h,,81%,4°C,1012.0mb,,"document.write(Icons.GetShortDescription(1, 'CurrentWeather'));  Haze",2017-04-22
02:00,7°C,7°C,300°4 Km/h,,81%,4°C,1012.0mb,,"document.write(Icons.GetShortDescription(1, 'CurrentWeather'));  Haze",2017-04-22
02:42,5°C,5°C,290°4 Km/h,,81%,2°C,1012.0mb,,"document.write(Icons.GetShortDescription(1, 'CurrentWeather'));  Haze",2017-04-22
02:57,6°C,6°C,330°4 Km/h,,87%,4°C,1012.0mb,,"document.write(Icons.GetShortDescription(1, 'CurrentWeather'));  Haze",2017-04-22
03:00,7°C,7°C,10°4 Km/h,,87%,5°C,1012.0mb,,"document.write(Icons.GetShortDescription(1, 'CurrentWeather'));  Haze",2017-04-22
04:00,7°C,6°C,310°6 Km/h,,81%,4°C,1012.0mb,,"document.write(Icons.GetShortDescription(1, 'CurrentWeather'));  Haze",2017-04-22
05:00,6°C,6°C,320°4 Km/h,,81%,3°C,1012.0mb,,"document.write(Icons.GetShortDescription(1, 'CurrentWeather'));  Partial Fog",2017-04-22
05:39,6°C,5°C,330°6 Km/h,,87%,4°C,1012.0mb,,"document.write(Icons.GetShortDescription(2, 'CurrentWeather'));  Few Clouds at 60m Partial Fog",2017-04-22
06:00,6°C,4°C,340°7 Km/h,,81%,3°C,1012.0mb,,"document.write(Icons.GetShortDescription(2, 'CurrentWeather'));  Few Clouds at 60m Partial Fog",2017-04-22
07:00,7°C,7°C,310°4 Km/h,,87%,5°C,1013.0mb,,"document.write(Icons.GetShortDescription(2, 'CurrentWeather'));  Few Clouds at 60m Partial Fog, Haze",2017-04-22
08:00,10°C,9°C,340°9 Km/h,,82%,7°C,1013.0mb,,"document.write(Icons.GetShortDescription(1, 'CurrentWeather'));  Haze",2017-04-22
09:00,13°C,13°C,320°7 Km/h,,63%,6°C,1014.0mb,,"document.write(Icons.GetShortDescription(1, 'CurrentWeather'));  Haze",2017-04-22
10:00,15°C,15°C,310°9 Km/h,,48%,4°C,1014.0mb,,"document.write(Icons.GetShortDescription(1, 'CurrentWeather'));",2017-04-22
11:00,17°C,17°C,330°7 Km/h,,42%,4°C,1014.0mb,,"document.write(Icons.GetShortDescription(1, 'CurrentWeather'));",2017-04-22
12:00,20°C,20°C,10°13 Km/h,,26%,0°C,1013.0mb,,"document.write(Icons.GetShortDescription(1, 'CurrentWeather'));",2017-04-22
13:00,20°C,20°C,300°17 Km/h,,23%,-2°C,1013.0mb,,"document.write(Icons.GetShortDescription(1, 'CurrentWeather'));",2017-04-22
14:00,20°C,20°C,340°19 Km/h,,23%,-2°C,1012.0mb,,"document.write(Icons.GetShortDescription(2, 'CurrentWeather'));  Few Clouds at 760m",2017-04-22
15:00,21°C,21°C,300°20 Km/h,,25%,0°C,1012.0mb,,"document.write(Icons.GetShortDescription(2, 'CurrentWeather'));  Few Clouds at 760m",2017-04-22
16:00,21°C,21°C,290°24 Km/h,,23%,-1°C,1012.0mb,,"document.write(Icons.GetShortDescription(2, 'CurrentWeather'));  Few Clouds at 760m",2017-04-22
17:00,19°C,19°C,290°26 Km/h,,24%,-2°C,1012.0mb,,"document.write(Icons.GetShortDescription(2, 'CurrentWeather'));  Few Clouds at 760m",2017-04-22
18:00,17°C,17°C,280°24 Km/h,,32%,0°C,1012.0mb,,"document.write(Icons.GetShortDescription(1, 'CurrentWeather'));",2017-04-22
19:00,15°C,15°C,240°7 Km/h,,31%,-2°C,1013.0mb,,"document.write(Icons.GetShortDescription(1, 'CurrentWeather'));",2017-04-22
20:00,14°C,14°C,240°6 Km/h,,33%,-2°C,1013.0mb,,"document.write(Icons.GetShortDescription(1, 'CurrentWeather'));",2017-04-22
21:00,11°C,11°C,320°7 Km/h,,47%,0°C,1014.0mb,,"document.write(Icons.GetShortDescription(1, 'CurrentWeather'));",2017-04-22
22:00,11°C,11°C,330°4 Km/h,,47%,0°C,1015.0mb,,"document.write(Icons.GetShortDescription(1, 'CurrentWeather'));",2017-04-22
23:00,11°C,11°C,350°2 Km/h,,54%,2°C,1015.0mb,,"document.write(Icons.GetShortDescription(1, 'CurrentWeather'));",2017-04-22
