Time,Temperature,Relative Temperature,Wind,Wind Gust,Rel. humidity,Dew Point,Pressure,Icon,DescriptionDetails,date
00:00,18°C,18°C,10°7 Km/h,,56%,9°C,1014.0mb,,"document.write(Icons.GetShortDescription(1, 'CurrentWeather'));",2017-06-05
01:00,18°C,18°C,120°2 Km/h,,52%,8°C,1014.0mb,,"document.write(Icons.GetShortDescription(1, 'CurrentWeather'));",2017-06-05
02:00,18°C,18°C,250°7 Km/h,,52%,8°C,1013.0mb,,"document.write(Icons.GetShortDescription(1, 'CurrentWeather'));",2017-06-05
03:00,16°C,16°C,310°6 Km/h,,59%,8°C,1013.0mb,,"document.write(Icons.GetShortDescription(1, 'CurrentWeather'));",2017-06-05
04:00,15°C,15°C,320°6 Km/h,,63%,8°C,1014.0mb,,"document.write(Icons.GetShortDescription(1, 'CurrentWeather'));",2017-06-05
05:00,14°C,14°C,360°2 Km/h,,67%,8°C,1014.0mb,,"document.write(Icons.GetShortDescription(1, 'CurrentWeather'));",2017-06-05
06:00,16°C,16°C,340°4 Km/h,,63%,9°C,1015.0mb,,"document.write(Icons.GetShortDescription(1, 'CurrentWeather'));",2017-06-05
07:00,19°C,19°C,350°4 Km/h,,49%,8°C,1015.0mb,,"document.write(Icons.GetShortDescription(1, 'CurrentWeather'));",2017-06-05
08:00,22°C,21°C,360°4 Km/h,,38%,7°C,1015.0mb,,"document.write(Icons.GetShortDescription(1, 'CurrentWeather'));",2017-06-05
09:00,23°C,22°C,40°9 Km/h,,33%,6°C,1016.0mb,,"document.write(Icons.GetShortDescription(1, 'CurrentWeather'));",2017-06-05
10:00,24°C,23°C,350°9 Km/h,,29%,5°C,1016.0mb,,"document.write(Icons.GetShortDescription(1, 'CurrentWeather'));",2017-06-05
11:00,26°C,25°C,20°11 Km/h,,26%,5°C,1015.0mb,,"document.write(Icons.GetShortDescription(1, 'CurrentWeather'));",2017-06-05
12:00,26°C,25°C,340°9 Km/h,,24%,4°C,1015.0mb,,"document.write(Icons.GetShortDescription(1, 'CurrentWeather'));",2017-06-05
13:00,27°C,26°C,60°9 Km/h,,23%,4°C,1014.0mb,,"document.write(Icons.GetShortDescription(1, 'CurrentWeather'));",2017-06-05
14:00,28°C,27°C,330°7 Km/h,,21%,4°C,1014.0mb,,"document.write(Icons.GetShortDescription(1, 'CurrentWeather'));",2017-06-05
15:00,28°C,27°C,300°7 Km/h,,19%,2°C,1013.0mb,,"document.write(Icons.GetShortDescription(1, 'CurrentWeather'));",2017-06-05
16:00,29°C,27°C,320°11 Km/h,,19%,3°C,1013.0mb,,"document.write(Icons.GetShortDescription(1, 'CurrentWeather'));",2017-06-05
17:00,29°C,27°C,320°9 Km/h,,19%,3°C,1013.0mb,,"document.write(Icons.GetShortDescription(1, 'CurrentWeather'));",2017-06-05
18:00,27°C,26°C,290°17 Km/h,,28%,7°C,1013.0mb,,"document.write(Icons.GetShortDescription(1, 'CurrentWeather'));",2017-06-05
19:00,26°C,25°C,230°9 Km/h,,32%,8°C,1014.0mb,,"document.write(Icons.GetShortDescription(1, 'CurrentWeather'));",2017-06-05
20:00,23°C,22°C,320°7 Km/h,,38%,8°C,1014.0mb,,"document.write(Icons.GetShortDescription(1, 'CurrentWeather'));",2017-06-05
21:00,22°C,21°C,280°6 Km/h,,44%,9°C,1015.0mb,,"document.write(Icons.GetShortDescription(1, 'CurrentWeather'));",2017-06-05
22:00,21°C,21°C,320°9 Km/h,,40%,7°C,1016.0mb,,"document.write(Icons.GetShortDescription(1, 'CurrentWeather'));",2017-06-05
23:00,20°C,20°C,360°4 Km/h,,49%,9°C,1015.0mb,,"document.write(Icons.GetShortDescription(1, 'CurrentWeather'));",2017-06-05
