Time,Temperature,Relative Temperature,Wind,Wind Gust,Rel. humidity,Dew Point,Pressure,Icon,DescriptionDetails,date
00:00,20°C,20°C,10°2 Km/h,,69%,14°C,1015.0mb,,"document.write(Icons.GetShortDescription(1, 'CurrentWeather'));",2017-08-27
01:00,19°C,19°C,350°6 Km/h,,73%,14°C,1016.0mb,,"document.write(Icons.GetShortDescription(1, 'CurrentWeather'));",2017-08-27
02:00,18°C,18°C,330°4 Km/h,,78%,14°C,1015.0mb,,"document.write(Icons.GetShortDescription(1, 'CurrentWeather'));",2017-08-27
03:00,18°C,18°C,360°2 Km/h,,78%,14°C,1015.0mb,,"document.write(Icons.GetShortDescription(1, 'CurrentWeather'));",2017-08-27
04:00,18°C,18°C,320°4 Km/h,,78%,14°C,1015.0mb,,"document.write(Icons.GetShortDescription(1, 'CurrentWeather'));",2017-08-27
05:00,18°C,18°C,320°2 Km/h,,78%,14°C,1015.0mb,,"document.write(Icons.GetShortDescription(1, 'CurrentWeather'));",2017-08-27
06:00,17°C,17°C,340°6 Km/h,,83%,14°C,1016.0mb,,"document.write(Icons.GetShortDescription(1, 'CurrentWeather'));",2017-08-27
07:00,19°C,19°C,330°7 Km/h,,78%,15°C,1016.0mb,,"document.write(Icons.GetShortDescription(1, 'CurrentWeather'));",2017-08-27
08:00,20°C,20°C,10°6 Km/h,,78%,16°C,1016.0mb,,"document.write(Icons.GetShortDescription(1, 'CurrentWeather'));",2017-08-27
09:00,20°C,20°C,320°11 Km/h,,78%,16°C,1017.0mb,,"document.write(Icons.GetShortDescription(1, 'CurrentWeather'));",2017-08-27
10:00,22°C,22°C,30°7 Km/h,,73%,17°C,1017.0mb,,"document.write(Icons.GetShortDescription(1, 'CurrentWeather'));",2017-08-27
11:00,24°C,24°C,60°7 Km/h,,65%,17°C,1016.0mb,,"document.write(Icons.GetShortDescription(1, 'CurrentWeather'));",2017-08-27
12:00,25°C,25°C,70°4 Km/h,,57%,16°C,1016.0mb,,"document.write(Icons.GetShortDescription(1, 'CurrentWeather'));",2017-08-27
13:00,25°C,25°C,60°6 Km/h,,54%,15°C,1015.0mb,,"document.write(Icons.GetShortDescription(1, 'CurrentWeather'));",2017-08-27
14:00,26°C,27°C,310°2 Km/h,,58%,17°C,1015.0mb,,"document.write(Icons.GetShortDescription(1, 'CurrentWeather'));",2017-08-27
15:00,27°C,27°C,210°6 Km/h,,51%,16°C,1014.0mb,,"document.write(Icons.GetShortDescription(1, 'CurrentWeather'));",2017-08-27
16:00,25°C,25°C,30°6 Km/h,,54%,15°C,1014.0mb,,"document.write(Icons.GetShortDescription(1, 'CurrentWeather'));",2017-08-27
17:00,24°C,24°C,330°9 Km/h,,65%,17°C,1014.0mb,,"document.write(Icons.GetShortDescription(1, 'CurrentWeather'));",2017-08-27
18:00,23°C,23°C,300°7 Km/h,,69%,17°C,1014.0mb,,"document.write(Icons.GetShortDescription(1, 'CurrentWeather'));",2017-08-27
19:00,22°C,22°C,330°9 Km/h,,73%,17°C,1014.0mb,,"document.write(Icons.GetShortDescription(1, 'CurrentWeather'));",2017-08-27
20:00,22°C,22°C,330°6 Km/h,,73%,17°C,1014.0mb,,"document.write(Icons.GetShortDescription(1, 'CurrentWeather'));",2017-08-27
21:00,22°C,22°C,330°6 Km/h,,73%,17°C,1014.0mb,,"document.write(Icons.GetShortDescription(1, 'CurrentWeather'));",2017-08-27
22:00,21°C,21°C,330°9 Km/h,,78%,17°C,1014.0mb,,"document.write(Icons.GetShortDescription(1, 'CurrentWeather'));",2017-08-27
23:00,20°C,20°C,330°7 Km/h,,83%,17°C,1014.0mb,,"document.write(Icons.GetShortDescription(1, 'CurrentWeather'));",2017-08-27
