Time,Temperature,Relative Temperature,Wind,Wind Gust,Rel. humidity,Dew Point,Pressure,Icon,DescriptionDetails,date
00:00,22°C,23°C,230°6 Km/h,,94%,21°C,1002.0mb,,"document.write(Icons.GetShortDescription(7, 'CurrentWeather'));  Few Clouds at 300m, Broken Clouds at 610m, Cloudy at 3000m Light Rain, Haze",2017-07-11
01:00,23°C,24°C,30°6 Km/h,,89%,21°C,1002.0mb,,"document.write(Icons.GetShortDescription(7, 'CurrentWeather'));  Few Clouds at 300m, Broken Clouds at 610m, Cloudy at 3000m Light Rain, Haze",2017-07-11
01:49,23°C,24°C,300°9 Km/h,,89%,21°C,1002.0mb,,"document.write(Icons.GetShortDescription(7, 'CurrentWeather'));  Few Clouds at 300m, Broken Clouds at 610m, Cloudy at 2400m Light Rain, Haze",2017-07-11
02:00,23°C,24°C,320°7 Km/h,,89%,21°C,1002.0mb,,"document.write(Icons.GetShortDescription(7, 'CurrentWeather'));  Few Clouds at 180m, Broken Clouds at 610m, Cloudy at 2400m Rain, Haze",2017-07-11
03:00,22°C,23°C,320°11 Km/h,,94%,21°C,1003.0mb,,"document.write(Icons.GetShortDescription(4, 'CurrentWeather'));  Few Clouds at 300m, Broken Clouds at 910m, Cloudy at 3000m Haze",2017-07-11
04:00,22°C,23°C,300°9 Km/h,,94%,21°C,1003.0mb,,"document.write(Icons.GetShortDescription(4, 'CurrentWeather'));  Few Clouds at 300m, Broken Clouds at 760m, Cloudy at 3000m Haze",2017-07-11
05:00,22°C,23°C,270°6 Km/h,,88%,20°C,1004.0mb,,"document.write(Icons.GetShortDescription(4, 'CurrentWeather'));  Few Clouds at 300m, Broken Clouds at 760m, Cloudy at 3000m",2017-07-11
06:00,23°C,24°C,10°2 Km/h,,89%,21°C,1005.0mb,,"document.write(Icons.GetShortDescription(4, 'CurrentWeather'));  Scattered Clouds at 300m, Broken Clouds at 760m, Cloudy at 3000m",2017-07-11
07:00,23°C,24°C,200°2 Km/h,,89%,21°C,1006.0mb,,"document.write(Icons.GetShortDescription(4, 'CurrentWeather'));  Scattered Clouds at 240m, Broken Clouds at 610m, Cloudy at 3000m",2017-07-11
08:00,24°C,25°C,290°4 Km/h,,83%,21°C,1007.0mb,,"document.write(Icons.GetShortDescription(4, 'CurrentWeather'));  Scattered Clouds at 300m, Broken Clouds at 610m, Cloudy at 3000m",2017-07-11
09:00,25°C,26°C,220°6 Km/h,,79%,21°C,1007.0mb,,"document.write(Icons.GetShortDescription(4, 'CurrentWeather'));  Few Clouds at 300m, Broken Clouds at 910m, Cloudy at 3000m",2017-07-11
10:00,28°C,30°C,220°11 Km/h,,66%,21°C,1007.0mb,,"document.write(Icons.GetShortDescription(3, 'CurrentWeather'));  Scattered Clouds at 910m, Broken Clouds at 3700m",2017-07-11
11:00,27°C,29°C,240°7 Km/h,,74%,22°C,1007.0mb,,"document.write(Icons.GetShortDescription(3, 'CurrentWeather'));  Broken Clouds at 910m, Broken Clouds at 3700m",2017-07-11
12:00,29°C,32°C,250°4 Km/h,,66%,22°C,1007.0mb,,"document.write(Icons.GetShortDescription(3, 'CurrentWeather'));  Broken Clouds at 910m, Broken Clouds at 3700m",2017-07-11
13:00,30°C,33°C,210°6 Km/h,,62%,22°C,1007.0mb,,"document.write(Icons.GetShortDescription(3, 'CurrentWeather'));  Broken Clouds at 910m, Broken Clouds at 3700m",2017-07-11
14:00,31°C,35°C,270°4 Km/h,,59%,22°C,1007.0mb,,"document.write(Icons.GetShortDescription(3, 'CurrentWeather'));  Broken Clouds at 910m",2017-07-11
15:00,31°C,34°C,250°9 Km/h,,55%,21°C,1007.0mb,,"document.write(Icons.GetShortDescription(3, 'CurrentWeather'));  Few Clouds at 610m, Broken Clouds at 910m",2017-07-11
16:00,30°C,33°C,250°17 Km/h,,62%,22°C,1007.0mb,,"document.write(Icons.GetShortDescription(3, 'CurrentWeather'));  Broken Clouds at 910m",2017-07-11
17:00,29°C,33°C,230°15 Km/h,,70%,23°C,1007.0mb,,"document.write(Icons.GetShortDescription(3, 'CurrentWeather'));  Broken Clouds at 910m Haze",2017-07-11
18:00,29°C,33°C,250°11 Km/h,,70%,23°C,1007.0mb,,"document.write(Icons.GetShortDescription(3, 'CurrentWeather'));  Broken Clouds at 910m Haze",2017-07-11
19:00,27°C,30°C,240°11 Km/h,,79%,23°C,1008.0mb,,"document.write(Icons.GetShortDescription(3, 'CurrentWeather'));  Broken Clouds at 910m Haze",2017-07-11
20:00,27°C,30°C,240°9 Km/h,,79%,23°C,1008.0mb,,"document.write(Icons.GetShortDescription(3, 'CurrentWeather'));  Few Clouds at 300m, Broken Clouds at 610m Haze",2017-07-11
21:00,26°C,28°C,230°9 Km/h,,84%,23°C,1009.0mb,,"document.write(Icons.GetShortDescription(3, 'CurrentWeather'));  Scattered Clouds at 300m, Broken Clouds at 610m Haze",2017-07-11
22:00,26°C,28°C,240°13 Km/h,,84%,23°C,1009.0mb,,"document.write(Icons.GetShortDescription(3, 'CurrentWeather'));  Scattered Clouds at 270m, Broken Clouds at 610m Haze",2017-07-11
23:00,26°C,28°C,230°11 Km/h,,84%,23°C,1010.0mb,,"document.write(Icons.GetShortDescription(3, 'CurrentWeather'));  Scattered Clouds at 270m, Broken Clouds at 610m Haze",2017-07-11
