Time,Temperature,Relative Temperature,Wind,Wind Gust,Rel. humidity,Dew Point,Pressure,Icon,DescriptionDetails,date
00:00,11°C,11°C,310°4 Km/h,,67%,5°C,1024.0mb,,"document.write(Icons.GetShortDescription(1, 'CurrentWeather'));",2017-10-18
01:00,12°C,12°C,300°4 Km/h,,72%,7°C,1024.0mb,,"document.write(Icons.GetShortDescription(1, 'CurrentWeather'));",2017-10-18
02:00,12°C,12°C,330°6 Km/h,,72%,7°C,1024.0mb,,"document.write(Icons.GetShortDescription(1, 'CurrentWeather'));",2017-10-18
03:00,12°C,12°C,300°4 Km/h,,72%,7°C,1024.0mb,,"document.write(Icons.GetShortDescription(1, 'CurrentWeather'));",2017-10-18
04:00,12°C,12°C,350°7 Km/h,,77%,8°C,1024.0mb,,"document.write(Icons.GetShortDescription(1, 'CurrentWeather'));",2017-10-18
05:00,13°C,13°C,30°2 Km/h,,72%,8°C,1024.0mb,,"document.write(Icons.GetShortDescription(1, 'CurrentWeather'));",2017-10-18
06:00,15°C,15°C,130°15 Km/h,,68%,9°C,1024.0mb,,"document.write(Icons.GetShortDescription(1, 'CurrentWeather'));",2017-10-18
07:00,16°C,16°C,120°11 Km/h,,59%,8°C,1024.0mb,,"document.write(Icons.GetShortDescription(1, 'CurrentWeather'));",2017-10-18
08:00,16°C,16°C,140°11 Km/h,,59%,8°C,1024.0mb,,"document.write(Icons.GetShortDescription(1, 'CurrentWeather'));",2017-10-18
09:00,17°C,17°C,80°9 Km/h,,52%,7°C,1025.0mb,,"document.write(Icons.GetShortDescription(1, 'CurrentWeather'));",2017-10-18
10:00,17°C,17°C,110°13 Km/h,,52%,7°C,1025.0mb,,"document.write(Icons.GetShortDescription(1, 'CurrentWeather'));",2017-10-18
11:00,18°C,18°C,110°19 Km/h,,46%,6°C,1024.0mb,,"document.write(Icons.GetShortDescription(1, 'CurrentWeather'));",2017-10-18
12:00,18°C,18°C,120°15 Km/h,,46%,6°C,1024.0mb,,"document.write(Icons.GetShortDescription(1, 'CurrentWeather'));",2017-10-18
13:00,18°C,18°C,110°13 Km/h,,46%,6°C,1023.0mb,,"document.write(Icons.GetShortDescription(1, 'CurrentWeather'));",2017-10-18
14:00,18°C,18°C,110°17 Km/h,,46%,6°C,1022.0mb,,"document.write(Icons.GetShortDescription(1, 'CurrentWeather'));",2017-10-18
15:00,18°C,18°C,130°13 Km/h,,49%,7°C,1022.0mb,,"document.write(Icons.GetShortDescription(4, 'CurrentWeather'));  Scattered Clouds at 1400m, Cloudy at 3400m",2017-10-18
16:00,18°C,18°C,120°9 Km/h,,49%,7°C,1022.0mb,,"document.write(Icons.GetShortDescription(4, 'CurrentWeather'));  Scattered Clouds at 1400m, Cloudy at 3400m",2017-10-18
17:00,17°C,17°C,100°7 Km/h,,52%,7°C,1022.0mb,,"document.write(Icons.GetShortDescription(7, 'CurrentWeather'));  Broken Clouds at 1400m, Cloudy at 2400m Light Rain",2017-10-18
18:00,17°C,17°C,160°15 Km/h,,52%,7°C,1022.0mb,,"document.write(Icons.GetShortDescription(4, 'CurrentWeather'));  Scattered Clouds at 1400m, Cloudy at 3400m",2017-10-18
19:00,17°C,17°C,150°17 Km/h,,56%,8°C,1022.0mb,,"document.write(Icons.GetShortDescription(4, 'CurrentWeather'));  Scattered Clouds at 1400m, Cloudy at 3400m",2017-10-18
20:00,17°C,17°C,110°11 Km/h,,56%,8°C,1022.0mb,,"document.write(Icons.GetShortDescription(4, 'CurrentWeather'));  Scattered Clouds at 1400m, Cloudy at 3400m",2017-10-18
21:00,16°C,16°C,120°9 Km/h,,59%,8°C,1022.0mb,,"document.write(Icons.GetShortDescription(4, 'CurrentWeather'));  Scattered Clouds at 1400m, Cloudy at 3400m",2017-10-18
22:00,16°C,16°C,120°15 Km/h,,59%,8°C,1022.0mb,,"document.write(Icons.GetShortDescription(7, 'CurrentWeather'));  Scattered Clouds at 1400m, Cloudy at 3400m Light Rain",2017-10-18
23:00,16°C,16°C,120°13 Km/h,,59%,8°C,1022.0mb,,"document.write(Icons.GetShortDescription(4, 'CurrentWeather'));  Scattered Clouds at 1400m, Cloudy at 3400m",2017-10-18
