Time,Temperature,Relative Temperature,Wind,Wind Gust,Rel. humidity,Dew Point,Pressure,Icon,DescriptionDetails,date
00:00,17°C,17°C,360°4 Km/h,,52%,7°C,1017.0mb,,"document.write(Icons.GetShortDescription(1, 'CurrentWeather'));",2017-09-13
01:00,17°C,17°C,Calm,,56%,8°C,1017.0mb,,"document.write(Icons.GetShortDescription(1, 'CurrentWeather'));",2017-09-13
02:00,16°C,16°C,290°2 Km/h,,63%,9°C,1017.0mb,,"document.write(Icons.GetShortDescription(1, 'CurrentWeather'));",2017-09-13
03:00,15°C,15°C,60°2 Km/h,,68%,9°C,1017.0mb,,"document.write(Icons.GetShortDescription(1, 'CurrentWeather'));",2017-09-13
04:00,15°C,15°C,330°2 Km/h,,72%,10°C,1017.0mb,,"document.write(Icons.GetShortDescription(1, 'CurrentWeather'));",2017-09-13
05:00,15°C,15°C,350°4 Km/h,,72%,10°C,1018.0mb,,"document.write(Icons.GetShortDescription(1, 'CurrentWeather'));",2017-09-13
06:00,15°C,15°C,360°4 Km/h,,72%,10°C,1018.0mb,,"document.write(Icons.GetShortDescription(1, 'CurrentWeather'));",2017-09-13
07:00,16°C,16°C,330°4 Km/h,,72%,11°C,1019.0mb,,"document.write(Icons.GetShortDescription(1, 'CurrentWeather'));",2017-09-13
08:00,19°C,19°C,40°7 Km/h,,68%,13°C,1019.0mb,,"document.write(Icons.GetShortDescription(1, 'CurrentWeather'));",2017-09-13
09:00,20°C,20°C,330°9 Km/h,,64%,13°C,1020.0mb,,"document.write(Icons.GetShortDescription(1, 'CurrentWeather'));",2017-09-13
10:00,22°C,22°C,310°7 Km/h,,57%,13°C,1020.0mb,,"document.write(Icons.GetShortDescription(1, 'CurrentWeather'));",2017-09-13
11:00,23°C,23°C,320°9 Km/h,,50%,12°C,1019.0mb,,"document.write(Icons.GetShortDescription(1, 'CurrentWeather'));",2017-09-13
12:00,25°C,25°C,330°9 Km/h,,39%,10°C,1019.0mb,,"document.write(Icons.GetShortDescription(1, 'CurrentWeather'));",2017-09-13
13:00,25°C,25°C,320°13 Km/h,,36%,9°C,1019.0mb,,"document.write(Icons.GetShortDescription(1, 'CurrentWeather'));",2017-09-13
14:00,26°C,25°C,340°15 Km/h,,30%,7°C,1018.0mb,,"document.write(Icons.GetShortDescription(1, 'CurrentWeather'));",2017-09-13
15:00,26°C,25°C,330°15 Km/h,,32%,8°C,1018.0mb,,"document.write(Icons.GetShortDescription(1, 'CurrentWeather'));",2017-09-13
16:00,26°C,25°C,340°17 Km/h,,30%,7°C,1017.0mb,,"document.write(Icons.GetShortDescription(1, 'CurrentWeather'));",2017-09-13
17:00,25°C,25°C,270°15 Km/h,,39%,10°C,1018.0mb,,"document.write(Icons.GetShortDescription(1, 'CurrentWeather'));",2017-09-13
18:00,23°C,23°C,290°15 Km/h,,47%,11°C,1018.0mb,,"document.write(Icons.GetShortDescription(1, 'CurrentWeather'));",2017-09-13
19:00,22°C,22°C,270°7 Km/h,,53%,12°C,1018.0mb,,"document.write(Icons.GetShortDescription(1, 'CurrentWeather'));",2017-09-13
20:00,21°C,21°C,260°2 Km/h,,57%,12°C,1019.0mb,,"document.write(Icons.GetShortDescription(1, 'CurrentWeather'));",2017-09-13
21:00,19°C,19°C,340°6 Km/h,,64%,12°C,1019.0mb,,"document.write(Icons.GetShortDescription(1, 'CurrentWeather'));",2017-09-13
22:00,19°C,19°C,330°7 Km/h,,68%,13°C,1019.0mb,,"document.write(Icons.GetShortDescription(1, 'CurrentWeather'));",2017-09-13
23:00,17°C,17°C,330°9 Km/h,,68%,11°C,1019.0mb,,"document.write(Icons.GetShortDescription(1, 'CurrentWeather'));",2017-09-13
