Time,Temperature,Relative Temperature,Wind,Wind Gust,Rel. humidity,Dew Point,Pressure,Icon,DescriptionDetails,date
00:00,-3°C,-6°C,290°7 Km/h,,46%,-13°C,1017.0mb,,"document.write(Icons.GetShortDescription(1, 'CurrentWeather'));",2017-02-09
01:00,-4°C,-9°C,310°13 Km/h,,50%,-13°C,1017.0mb,,"document.write(Icons.GetShortDescription(1, 'CurrentWeather'));",2017-02-09
02:00,-4°C,-9°C,300°15 Km/h,,50%,-13°C,1017.0mb,,"document.write(Icons.GetShortDescription(1, 'CurrentWeather'));",2017-02-09
03:00,-5°C,-10°C,300°13 Km/h,,54%,-13°C,1016.0mb,,"document.write(Icons.GetShortDescription(1, 'CurrentWeather'));",2017-02-09
04:00,-5°C,-11°C,290°15 Km/h,,54%,-13°C,1016.0mb,,"document.write(Icons.GetShortDescription(1, 'CurrentWeather'));",2017-02-09
05:00,-5°C,-11°C,310°15 Km/h,,50%,-14°C,1016.0mb,,"document.write(Icons.GetShortDescription(1, 'CurrentWeather'));",2017-02-09
06:00,-6°C,-11°C,310°11 Km/h,,54%,-14°C,1016.0mb,,"document.write(Icons.GetShortDescription(1, 'CurrentWeather'));",2017-02-09
07:00,-6°C,-11°C,310°13 Km/h,,45%,-16°C,1017.0mb,,"document.write(Icons.GetShortDescription(1, 'CurrentWeather'));",2017-02-09
08:00,-6°C,-12°C,320°17 Km/h,,45%,-16°C,1017.0mb,,"document.write(Icons.GetShortDescription(1, 'CurrentWeather'));",2017-02-09
09:00,-5°C,-11°C,320°17 Km/h,,42%,-16°C,1017.0mb,,"document.write(Icons.GetShortDescription(1, 'CurrentWeather'));",2017-02-09
10:00,-4°C,-10°C,320°20 Km/h,,39%,-16°C,1017.0mb,,"document.write(Icons.GetShortDescription(1, 'CurrentWeather'));",2017-02-09
11:00,-3°C,-10°C,310°30 Km/h,,31%,-18°C,1017.0mb,,"document.write(Icons.GetShortDescription(1, 'CurrentWeather'));",2017-02-09
12:00,-1°C,-6°C,290°17 Km/h,,29%,-17°C,1016.0mb,,"document.write(Icons.GetShortDescription(1, 'CurrentWeather'));",2017-02-09
13:00,-2°C,-8°C,290°20 Km/h,,29%,-18°C,1015.0mb,,"document.write(Icons.GetShortDescription(1, 'CurrentWeather'));",2017-02-09
14:00,-2°C,-9°C,290°26 Km/h,,37%,-15°C,1015.0mb,,"document.write(Icons.GetShortDescription(2, 'CurrentWeather'));  Scattered Clouds at 910m",2017-02-09
15:00,-3°C,-10°C,280°24 Km/h,,43%,-14°C,1015.0mb,,"document.write(Icons.GetShortDescription(3, 'CurrentWeather'));  Broken Clouds at 910m",2017-02-09
16:00,-2°C,-8°C,290°24 Km/h,,34%,-16°C,1015.0mb,,"document.write(Icons.GetShortDescription(2, 'CurrentWeather'));  Scattered Clouds at 910m",2017-02-09
17:00,-3°C,-9°C,300°22 Km/h,,33%,-17°C,1015.0mb,,"document.write(Icons.GetShortDescription(2, 'CurrentWeather'));  Scattered Clouds at 910m",2017-02-09
18:00,-5°C,-12°C,310°20 Km/h,,36%,-18°C,1015.0mb,,"document.write(Icons.GetShortDescription(2, 'CurrentWeather'));  Few Clouds at 910m",2017-02-09
19:00,-5°C,-11°C,310°19 Km/h,,36%,-18°C,1016.0mb,,"document.write(Icons.GetShortDescription(2, 'CurrentWeather'));  Few Clouds at 910m",2017-02-09
20:00,-5°C,-12°C,310°24 Km/h,,39%,-17°C,1017.0mb,,"document.write(Icons.GetShortDescription(2, 'CurrentWeather'));  Few Clouds at 910m",2017-02-09
21:00,-6°C,-13°C,300°24 Km/h,,42%,-17°C,1017.0mb,,"document.write(Icons.GetShortDescription(1, 'CurrentWeather'));",2017-02-09
22:00,-6°C,-9°C,260°6 Km/h,,42%,-17°C,1017.0mb,,"document.write(Icons.GetShortDescription(1, 'CurrentWeather'));",2017-02-09
23:00,-6°C,-11°C,280°11 Km/h,,45%,-16°C,1017.0mb,,"document.write(Icons.GetShortDescription(1, 'CurrentWeather'));",2017-02-09
