Time,Temperature,Relative Temperature,Wind,Wind Gust,Rel. humidity,Dew Point,Pressure,Icon,DescriptionDetails,date
00:00,6°C,6°C,320°4 Km/h,,71%,1°C,1021.0mb,,"document.write(Icons.GetShortDescription(1, 'CurrentWeather'));",2017-10-13
01:00,7°C,6°C,320°6 Km/h,,71%,2°C,1021.0mb,,"document.write(Icons.GetShortDescription(1, 'CurrentWeather'));",2017-10-13
02:00,6°C,5°C,340°6 Km/h,,71%,1°C,1022.0mb,,"document.write(Icons.GetShortDescription(1, 'CurrentWeather'));",2017-10-13
03:00,6°C,6°C,340°4 Km/h,,76%,2°C,1022.0mb,,"document.write(Icons.GetShortDescription(1, 'CurrentWeather'));",2017-10-13
04:00,5°C,5°C,340°4 Km/h,,76%,1°C,1022.0mb,,"document.write(Icons.GetShortDescription(1, 'CurrentWeather'));",2017-10-13
05:00,5°C,5°C,350°4 Km/h,,76%,1°C,1022.0mb,,"document.write(Icons.GetShortDescription(1, 'CurrentWeather'));",2017-10-13
06:00,5°C,4°C,330°6 Km/h,,81%,2°C,1022.0mb,,"document.write(Icons.GetShortDescription(1, 'CurrentWeather'));",2017-10-13
07:00,4°C,4°C,300°2 Km/h,,81%,1°C,1023.0mb,,"document.write(Icons.GetShortDescription(1, 'CurrentWeather'));",2017-10-13
08:00,8°C,6°C,330°9 Km/h,,76%,4°C,1023.0mb,,"document.write(Icons.GetShortDescription(1, 'CurrentWeather'));",2017-10-13
09:00,10°C,9°C,20°7 Km/h,,71%,5°C,1024.0mb,,"document.write(Icons.GetShortDescription(1, 'CurrentWeather'));",2017-10-13
10:00,12°C,12°C,30°7 Km/h,,63%,5°C,1023.0mb,,"document.write(Icons.GetShortDescription(1, 'CurrentWeather'));",2017-10-13
11:00,15°C,15°C,350°9 Km/h,,51%,5°C,1023.0mb,,"document.write(Icons.GetShortDescription(1, 'CurrentWeather'));",2017-10-13
12:00,16°C,16°C,330°13 Km/h,,42%,3°C,1023.0mb,,"document.write(Icons.GetShortDescription(1, 'CurrentWeather'));",2017-10-13
13:00,16°C,16°C,310°11 Km/h,,39%,2°C,1022.0mb,,"document.write(Icons.GetShortDescription(1, 'CurrentWeather'));",2017-10-13
14:00,17°C,17°C,330°13 Km/h,,39%,3°C,1022.0mb,,"document.write(Icons.GetShortDescription(1, 'CurrentWeather'));",2017-10-13
15:00,18°C,18°C,300°9 Km/h,,37%,3°C,1021.0mb,,"document.write(Icons.GetShortDescription(1, 'CurrentWeather'));",2017-10-13
16:00,18°C,18°C,260°11 Km/h,,37%,3°C,1021.0mb,,"document.write(Icons.GetShortDescription(1, 'CurrentWeather'));",2017-10-13
17:00,16°C,16°C,270°13 Km/h,,42%,3°C,1022.0mb,,"document.write(Icons.GetShortDescription(1, 'CurrentWeather'));",2017-10-13
18:00,15°C,15°C,290°9 Km/h,,48%,4°C,1022.0mb,,"document.write(Icons.GetShortDescription(1, 'CurrentWeather'));",2017-10-13
19:00,14°C,14°C,300°7 Km/h,,55%,5°C,1022.0mb,,"document.write(Icons.GetShortDescription(1, 'CurrentWeather'));",2017-10-13
20:00,13°C,13°C,310°4 Km/h,,59%,5°C,1023.0mb,,"document.write(Icons.GetShortDescription(1, 'CurrentWeather'));",2017-10-13
21:00,12°C,12°C,340°11 Km/h,,63%,5°C,1023.0mb,,"document.write(Icons.GetShortDescription(1, 'CurrentWeather'));",2017-10-13
22:00,12°C,12°C,320°7 Km/h,,67%,6°C,1024.0mb,,"document.write(Icons.GetShortDescription(1, 'CurrentWeather'));",2017-10-13
23:00,11°C,11°C,350°2 Km/h,,67%,5°C,1024.0mb,,"document.write(Icons.GetShortDescription(1, 'CurrentWeather'));",2017-10-13
