Time,Temperature,Relative Temperature,Wind,Wind Gust,Rel. humidity,Dew Point,Pressure,Icon,DescriptionDetails,date
00:00,5°C,5°C,320°2 Km/h,,66%,-1°C,1021.0mb,,"document.write(Icons.GetShortDescription(1, 'CurrentWeather'));",2017-11-10
01:00,5°C,4°C,320°6 Km/h,,70%,0°C,1021.0mb,,"document.write(Icons.GetShortDescription(1, 'CurrentWeather'));",2017-11-10
02:00,4°C,4°C,350°2 Km/h,,75%,0°C,1020.0mb,,"document.write(Icons.GetShortDescription(1, 'CurrentWeather'));",2017-11-10
03:00,4°C,4°C,260°2 Km/h,,75%,0°C,1020.0mb,,"document.write(Icons.GetShortDescription(1, 'CurrentWeather'));",2017-11-10
04:00,5°C,5°C,20°2 Km/h,,76%,1°C,1019.0mb,,"document.write(Icons.GetShortDescription(1, 'CurrentWeather'));",2017-11-10
05:00,6°C,6°C,10°2 Km/h,,76%,2°C,1018.0mb,,"document.write(Icons.GetShortDescription(1, 'CurrentWeather'));",2017-11-10
06:00,5°C,5°C,70°2 Km/h,,70%,0°C,1018.0mb,,"document.write(Icons.GetShortDescription(1, 'CurrentWeather'));",2017-11-10
07:00,4°C,2°C,210°7 Km/h,,81%,1°C,1017.0mb,,"document.write(Icons.GetShortDescription(2, 'CurrentWeather'));  Few Clouds at 910m, Scattered Clouds at 3700m",2017-11-10
08:00,9°C,8°C,160°6 Km/h,,66%,3°C,1017.0mb,,"document.write(Icons.GetShortDescription(2, 'CurrentWeather'));  Few Clouds at 910m, Scattered Clouds at 5500m",2017-11-10
09:00,11°C,11°C,200°4 Km/h,,58%,3°C,1017.0mb,,"document.write(Icons.GetShortDescription(3, 'CurrentWeather'));  Scattered Clouds at 910m, Broken Clouds at 5500m",2017-11-10
10:00,14°C,14°C,180°17 Km/h,,51%,4°C,1015.0mb,,"document.write(Icons.GetShortDescription(3, 'CurrentWeather'));  Scattered Clouds at 910m, Broken Clouds at 5500m",2017-11-10
11:00,15°C,15°C,210°19 Km/h,,59%,7°C,1015.0mb,,"document.write(Icons.GetShortDescription(3, 'CurrentWeather'));  Scattered Clouds at 910m, Broken Clouds at 4000m",2017-11-10
12:00,16°C,16°C,220°20 Km/h,,59%,8°C,1013.0mb,,"document.write(Icons.GetShortDescription(4, 'CurrentWeather'));  Broken Clouds at 910m, Cloudy at 3700m",2017-11-10
13:00,16°C,16°C,240°30 Km/h,,63%,9°C,1011.0mb,,"document.write(Icons.GetShortDescription(4, 'CurrentWeather'));  Broken Clouds at 910m, Cloudy at 3700m",2017-11-10
14:00,16°C,16°C,240°28 Km/h,,63%,9°C,1011.0mb,,"document.write(Icons.GetShortDescription(4, 'CurrentWeather'));  Broken Clouds at 760m, Cloudy at 3700m",2017-11-10
14:28,15°C,15°C,240°28 Km/h,,63%,8°C,1010.0mb,,"document.write(Icons.GetShortDescription(7, 'CurrentWeather'));  Few Clouds at 300m, Broken Clouds at 760m, Cloudy at 2400m Light Rain",2017-11-10
15:00,12°C,12°C,280°31 Km/h,,77%,8°C,1011.0mb,,"document.write(Icons.GetShortDescription(7, 'CurrentWeather'));  Scattered Clouds at 300m, Broken Clouds at 760m, Cloudy at 2400m Rain",2017-11-10
16:00,13°C,13°C,280°30 Km/h,,77%,9°C,1011.0mb,,"document.write(Icons.GetShortDescription(7, 'CurrentWeather'));  Scattered Clouds at 300m, Broken Clouds at 760m, Cloudy at 2400m Light Rain",2017-11-10
16:37,12°C,12°C,310°30 Km/h,,72%,7°C,1012.0mb,,"document.write(Icons.GetShortDescription(4, 'CurrentWeather'));  Few Clouds at 300m, Scattered Clouds at 760m, Cloudy at 3000m",2017-11-10
17:00,11°C,11°C,330°20 Km/h,,72%,6°C,1013.0mb,,"document.write(Icons.GetShortDescription(3, 'CurrentWeather'));  Scattered Clouds at 910m, Broken Clouds at 3400m",2017-11-10
18:00,10°C,7°C,320°20 Km/h,,71%,5°C,1014.0mb,,"document.write(Icons.GetShortDescription(2, 'CurrentWeather'));  Scattered Clouds at 1100m",2017-11-10
19:00,9°C,7°C,300°15 Km/h,,66%,3°C,1015.0mb,,"document.write(Icons.GetShortDescription(2, 'CurrentWeather'));  Few Clouds at 1100m",2017-11-10
20:00,8°C,5°C,300°22 Km/h,,66%,2°C,1016.0mb,,"document.write(Icons.GetShortDescription(2, 'CurrentWeather'));  Few Clouds at 1100m",2017-11-10
21:00,7°C,3°C,310°22 Km/h,,61%,0°C,1018.0mb,,"document.write(Icons.GetShortDescription(2, 'CurrentWeather'));  Few Clouds at 1100m",2017-11-10
22:00,6°C,2°C,310°24 Km/h,,53%,-3°C,1019.0mb,,"document.write(Icons.GetShortDescription(2, 'CurrentWeather'));  Few Clouds at 1100m",2017-11-10
23:00,6°C,2°C,330°20 Km/h,,46%,-5°C,1020.0mb,,"document.write(Icons.GetShortDescription(2, 'CurrentWeather'));  Few Clouds at 1100m",2017-11-10
