Time,Temperature,Relative Temperature,Wind,Wind Gust,Rel. humidity,Dew Point,Pressure,Icon,DescriptionDetails,date
00:00,3°C,3°C,90°2 Km/h,,48%,-7°C,1026.0mb,,"document.write(Icons.GetShortDescription(1, 'CurrentWeather'));",2017-10-31
01:00,3°C,3°C,20°4 Km/h,,52%,-6°C,1027.0mb,,"document.write(Icons.GetShortDescription(1, 'CurrentWeather'));",2017-10-31
02:00,1°C,-1°C,320°6 Km/h,,56%,-7°C,1027.0mb,,"document.write(Icons.GetShortDescription(1, 'CurrentWeather'));",2017-10-31
03:00,1°C,-1°C,30°6 Km/h,,60%,-6°C,1027.0mb,,"document.write(Icons.GetShortDescription(1, 'CurrentWeather'));",2017-10-31
04:00,0°C,0°C,140°2 Km/h,,64%,-6°C,1026.0mb,,"document.write(Icons.GetShortDescription(1, 'CurrentWeather'));",2017-10-31
05:00,0°C,0°C,10°2 Km/h,,69%,-5°C,1026.0mb,,"document.write(Icons.GetShortDescription(1, 'CurrentWeather'));",2017-10-31
06:00,0°C,0°C,220°2 Km/h,,69%,-5°C,1027.0mb,,"document.write(Icons.GetShortDescription(1, 'CurrentWeather'));",2017-10-31
07:00,0°C,0°C,Calm,,69%,-5°C,1027.0mb,,"document.write(Icons.GetShortDescription(1, 'CurrentWeather'));",2017-10-31
08:00,4°C,4°C,130°2 Km/h,,70%,-1°C,1027.0mb,,"document.write(Icons.GetShortDescription(1, 'CurrentWeather'));",2017-10-31
09:00,8°C,6°C,160°9 Km/h,,62%,1°C,1028.0mb,,"document.write(Icons.GetShortDescription(1, 'CurrentWeather'));",2017-10-31
10:00,11°C,11°C,180°9 Km/h,,50%,1°C,1027.0mb,,"document.write(Icons.GetShortDescription(1, 'CurrentWeather'));",2017-10-31
11:00,13°C,13°C,180°6 Km/h,,33%,-3°C,1027.0mb,,"document.write(Icons.GetShortDescription(1, 'CurrentWeather'));",2017-10-31
12:00,15°C,15°C,200°7 Km/h,,34%,-1°C,1026.0mb,,"document.write(Icons.GetShortDescription(1, 'CurrentWeather'));",2017-10-31
13:00,14°C,14°C,270°13 Km/h,,48%,3°C,1025.0mb,,"document.write(Icons.GetShortDescription(2, 'CurrentWeather'));  Scattered Clouds at 1100m",2017-10-31
14:00,15°C,15°C,280°15 Km/h,,45%,3°C,1024.0mb,,"document.write(Icons.GetShortDescription(2, 'CurrentWeather'));  Scattered Clouds at 1100m",2017-10-31
15:00,15°C,15°C,290°11 Km/h,,48%,4°C,1024.0mb,,"document.write(Icons.GetShortDescription(2, 'CurrentWeather'));  Scattered Clouds at 1100m",2017-10-31
16:00,15°C,15°C,250°7 Km/h,,51%,5°C,1024.0mb,,"document.write(Icons.GetShortDescription(2, 'CurrentWeather'));  Scattered Clouds at 1100m",2017-10-31
17:00,14°C,14°C,280°11 Km/h,,51%,4°C,1023.0mb,,"document.write(Icons.GetShortDescription(3, 'CurrentWeather'));  Scattered Clouds at 1100m, Broken Clouds at 5500m",2017-10-31
18:00,13°C,13°C,290°7 Km/h,,55%,4°C,1023.0mb,,"document.write(Icons.GetShortDescription(3, 'CurrentWeather'));  Scattered Clouds at 1100m, Broken Clouds at 5500m",2017-10-31
19:00,11°C,11°C,220°6 Km/h,,62%,4°C,1023.0mb,,"document.write(Icons.GetShortDescription(3, 'CurrentWeather'));  Scattered Clouds at 1100m, Broken Clouds at 5500m",2017-10-31
20:00,12°C,12°C,190°6 Km/h,,63%,5°C,1023.0mb,,"document.write(Icons.GetShortDescription(3, 'CurrentWeather'));  Scattered Clouds at 1100m, Broken Clouds at 5500m",2017-10-31
21:00,11°C,11°C,160°7 Km/h,,67%,5°C,1023.0mb,,"document.write(Icons.GetShortDescription(2, 'CurrentWeather'));  Few Clouds at 910m, Scattered Clouds at 5500m",2017-10-31
22:00,11°C,11°C,170°13 Km/h,,72%,6°C,1023.0mb,,"document.write(Icons.GetShortDescription(2, 'CurrentWeather'));  Scattered Clouds at 760m, Scattered Clouds at 5500m",2017-10-31
23:00,12°C,12°C,220°13 Km/h,,72%,7°C,1023.0mb,,"document.write(Icons.GetShortDescription(2, 'CurrentWeather'));  Scattered Clouds at 910m, Scattered Clouds at 5500m",2017-10-31
