Time,Temperature,Relative Temperature,Wind,Wind Gust,Rel. humidity,Dew Point,Pressure,Icon,DescriptionDetails,date
00:00,5°C,3°C,320°7 Km/h,,66%,-1°C,1024.0mb,,"document.write(Icons.GetShortDescription(1, 'CurrentWeather'));",2017-03-20
01:00,4°C,3°C,310°6 Km/h,,65%,-2°C,1024.0mb,,"document.write(Icons.GetShortDescription(1, 'CurrentWeather'));",2017-03-20
02:00,4°C,4°C,50°4 Km/h,,65%,-2°C,1024.0mb,,"document.write(Icons.GetShortDescription(1, 'CurrentWeather'));",2017-03-20
03:00,3°C,3°C,340°4 Km/h,,75%,-1°C,1023.0mb,,"document.write(Icons.GetShortDescription(1, 'CurrentWeather'));  Haze",2017-03-20
04:00,3°C,2°C,320°6 Km/h,,75%,-1°C,1022.0mb,,"document.write(Icons.GetShortDescription(1, 'CurrentWeather'));  Haze",2017-03-20
05:00,2°C,2°C,330°4 Km/h,,81%,-1°C,1023.0mb,,"document.write(Icons.GetShortDescription(1, 'CurrentWeather'));  Haze",2017-03-20
06:00,3°C,3°C,340°4 Km/h,,81%,0°C,1022.0mb,,"document.write(Icons.GetShortDescription(1, 'CurrentWeather'));  Haze",2017-03-20
07:00,2°C,2°C,350°4 Km/h,,81%,-1°C,1022.0mb,,"document.write(Icons.GetShortDescription(1, 'CurrentWeather'));  Haze",2017-03-20
08:00,6°C,6°C,320°2 Km/h,,71%,1°C,1022.0mb,,"document.write(Icons.GetShortDescription(1, 'CurrentWeather'));  Haze",2017-03-20
09:00,8°C,7°C,320°6 Km/h,,62%,1°C,1022.0mb,,"document.write(Icons.GetShortDescription(1, 'CurrentWeather'));  Haze",2017-03-20
10:00,10°C,10°C,310°6 Km/h,,54%,1°C,1022.0mb,,"document.write(Icons.GetShortDescription(1, 'CurrentWeather'));  Haze",2017-03-20
11:00,12°C,12°C,350°6 Km/h,,41%,-1°C,1020.0mb,,"document.write(Icons.GetShortDescription(1, 'CurrentWeather'));",2017-03-20
12:00,13°C,13°C,20°4 Km/h,,33%,-3°C,1020.0mb,,"document.write(Icons.GetShortDescription(1, 'CurrentWeather'));",2017-03-20
13:00,13°C,13°C,300°7 Km/h,,36%,-2°C,1019.0mb,,"document.write(Icons.GetShortDescription(1, 'CurrentWeather'));",2017-03-20
14:00,14°C,14°C,20°4 Km/h,,31%,-3°C,1018.0mb,,"document.write(Icons.GetShortDescription(1, 'CurrentWeather'));",2017-03-20
15:00,15°C,15°C,350°4 Km/h,,29%,-3°C,1017.0mb,,"document.write(Icons.GetShortDescription(1, 'CurrentWeather'));",2017-03-20
16:00,14°C,14°C,330°9 Km/h,,31%,-3°C,1016.0mb,,"document.write(Icons.GetShortDescription(1, 'CurrentWeather'));",2017-03-20
17:00,13°C,13°C,300°11 Km/h,,36%,-2°C,1016.0mb,,"document.write(Icons.GetShortDescription(1, 'CurrentWeather'));",2017-03-20
18:00,12°C,12°C,240°6 Km/h,,41%,-1°C,1016.0mb,,"document.write(Icons.GetShortDescription(1, 'CurrentWeather'));  Haze",2017-03-20
19:00,11°C,11°C,240°11 Km/h,,41%,-2°C,1016.0mb,,"document.write(Icons.GetShortDescription(1, 'CurrentWeather'));  Haze",2017-03-20
19:27,8°C,5°C,300°19 Km/h,,53%,-1°C,1017.0mb,,"document.write(Icons.GetShortDescription(1, 'CurrentWeather'));  Haze",2017-03-20
20:00,8°C,7°C,300°7 Km/h,,53%,-1°C,1017.0mb,,"document.write(Icons.GetShortDescription(1, 'CurrentWeather'));  Haze",2017-03-20
21:00,7°C,7°C,180°2 Km/h,,57%,-1°C,1016.0mb,,"document.write(Icons.GetShortDescription(1, 'CurrentWeather'));  Haze",2017-03-20
22:00,6°C,6°C,30°4 Km/h,,61%,-1°C,1016.0mb,,"document.write(Icons.GetShortDescription(1, 'CurrentWeather'));  Haze",2017-03-20
23:00,5°C,5°C,300°4 Km/h,,61%,-2°C,1015.0mb,,"document.write(Icons.GetShortDescription(1, 'CurrentWeather'));  Haze",2017-03-20
