Time,Temperature,Relative Temperature,Wind,Wind Gust,Rel. humidity,Dew Point,Pressure,Icon,DescriptionDetails,date
00:00,10°C,10°C,350°2 Km/h,,82%,7°C,1013.0mb,,"document.write(Icons.GetShortDescription(7, 'CurrentWeather'));  Scattered Clouds at 760m, Cloudy at 2400m Light Rain, Haze",2017-04-09
01:00,10°C,10°C,250°2 Km/h,,82%,7°C,1013.0mb,,"document.write(Icons.GetShortDescription(7, 'CurrentWeather'));  Scattered Clouds at 760m, Cloudy at 2400m Light Rain, Haze",2017-04-09
02:00,10°C,10°C,280°4 Km/h,,88%,8°C,1012.0mb,,"document.write(Icons.GetShortDescription(7, 'CurrentWeather'));  Scattered Clouds at 760m, Cloudy at 2100m Light Rain, Haze",2017-04-09
03:00,10°C,10°C,260°2 Km/h,,88%,8°C,1012.0mb,,"document.write(Icons.GetShortDescription(4, 'CurrentWeather'));  Scattered Clouds at 1200m, Cloudy at 3400m Haze",2017-04-09
04:00,10°C,10°C,290°2 Km/h,,88%,8°C,1012.0mb,,"document.write(Icons.GetShortDescription(4, 'CurrentWeather'));  Scattered Clouds at 1200m, Cloudy at 3000m Haze",2017-04-09
05:00,8°C,8°C,310°4 Km/h,,87%,6°C,1012.0mb,,"document.write(Icons.GetShortDescription(4, 'CurrentWeather'));  Scattered Clouds at 1200m, Cloudy at 3000m Partial Fog",2017-04-09
06:00,9°C,9°C,320°4 Km/h,,87%,7°C,1013.0mb,,"document.write(Icons.GetShortDescription(4, 'CurrentWeather'));  Scattered Clouds at 1200m, Cloudy at 3000m Partial Fog",2017-04-09
06:34,8°C,8°C,360°4 Km/h,,87%,6°C,1013.0mb,,"document.write(Icons.GetShortDescription(2, 'CurrentWeather'));  Scattered Clouds at 1100m Haze",2017-04-09
07:00,9°C,9°C,40°2 Km/h,,87%,7°C,1013.0mb,,"document.write(Icons.GetShortDescription(2, 'CurrentWeather'));  Scattered Clouds at 1100m Haze",2017-04-09
07:18,10°C,10°C,350°2 Km/h,,82%,7°C,1014.0mb,,"document.write(Icons.GetShortDescription(2, 'CurrentWeather'));  Scattered Clouds at 1100m Haze",2017-04-09
08:00,11°C,11°C,330°7 Km/h,,82%,8°C,1014.0mb,,"document.write(Icons.GetShortDescription(2, 'CurrentWeather'));  Scattered Clouds at 1100m Haze",2017-04-09
08:45,11°C,11°C,20°7 Km/h,,82%,8°C,1014.0mb,,"document.write(Icons.GetShortDescription(2, 'CurrentWeather'));  Few Clouds at 300m Haze",2017-04-09
09:00,12°C,12°C,30°7 Km/h,,82%,9°C,1014.0mb,,"document.write(Icons.GetShortDescription(2, 'CurrentWeather'));  Few Clouds at 300m Haze",2017-04-09
09:11,12°C,12°C,40°7 Km/h,,77%,8°C,1014.0mb,,"document.write(Icons.GetShortDescription(1, 'CurrentWeather'));  Haze",2017-04-09
10:00,15°C,15°C,40°9 Km/h,,72%,10°C,1014.0mb,,"document.write(Icons.GetShortDescription(1, 'CurrentWeather'));  Haze",2017-04-09
11:00,17°C,17°C,100°17 Km/h,,56%,8°C,1014.0mb,,"document.write(Icons.GetShortDescription(2, 'CurrentWeather'));  Scattered Clouds at 910m",2017-04-09
12:00,18°C,18°C,80°20 Km/h,,46%,6°C,1014.0mb,,"document.write(Icons.GetShortDescription(2, 'CurrentWeather'));  Scattered Clouds at 1200m",2017-04-09
13:00,19°C,19°C,120°22 Km/h,,40%,5°C,1014.0mb,,"document.write(Icons.GetShortDescription(2, 'CurrentWeather'));  Scattered Clouds at 1200m",2017-04-09
14:00,19°C,19°C,100°19 Km/h,,40%,5°C,1013.0mb,,"document.write(Icons.GetShortDescription(2, 'CurrentWeather'));  Few Clouds at 1200m, Scattered Clouds at 5500m",2017-04-09
15:00,18°C,18°C,110°19 Km/h,,37%,3°C,1014.0mb,,"document.write(Icons.GetShortDescription(2, 'CurrentWeather'));  Few Clouds at 1200m, Scattered Clouds at 5500m",2017-04-09
16:00,19°C,19°C,110°17 Km/h,,35%,3°C,1014.0mb,,"document.write(Icons.GetShortDescription(4, 'CurrentWeather'));  Few Clouds at 1200m, Cloudy at 5500m",2017-04-09
17:00,18°C,18°C,120°24 Km/h,,37%,3°C,1013.0mb,,"document.write(Icons.GetShortDescription(4, 'CurrentWeather'));  Few Clouds at 1200m, Cloudy at 5500m",2017-04-09
18:00,18°C,18°C,110°19 Km/h,,37%,3°C,1013.0mb,,"document.write(Icons.GetShortDescription(4, 'CurrentWeather'));  Few Clouds at 1200m, Cloudy at 5500m",2017-04-09
19:00,15°C,15°C,150°19 Km/h,,45%,3°C,1014.0mb,,"document.write(Icons.GetShortDescription(4, 'CurrentWeather'));  Few Clouds at 1200m, Cloudy at 5500m",2017-04-09
20:00,15°C,15°C,130°20 Km/h,,42%,2°C,1014.0mb,,"document.write(Icons.GetShortDescription(4, 'CurrentWeather'));  Few Clouds at 1200m, Cloudy at 5500m",2017-04-09
21:00,15°C,15°C,120°15 Km/h,,42%,2°C,1015.0mb,,"document.write(Icons.GetShortDescription(1, 'CurrentWeather'));",2017-04-09
22:00,14°C,14°C,120°15 Km/h,,44%,2°C,1015.0mb,,"document.write(Icons.GetShortDescription(1, 'CurrentWeather'));",2017-04-09
23:00,13°C,13°C,130°9 Km/h,,44%,1°C,1016.0mb,,"document.write(Icons.GetShortDescription(1, 'CurrentWeather'));",2017-04-09
