Time,Temperature,Relative Temperature,Wind,Wind Gust,Rel. humidity,Dew Point,Pressure,Icon,DescriptionDetails,date
00:00,13°C,13°C,150°6 Km/h,,88%,11°C,1018.0mb,,"document.write(Icons.GetShortDescription(2, 'CurrentWeather'));  Few Clouds at 300m, Scattered Clouds at 910m Haze",2017-11-03
01:00,13°C,13°C,140°11 Km/h,,82%,10°C,1018.0mb,,"document.write(Icons.GetShortDescription(2, 'CurrentWeather'));  Few Clouds at 300m, Scattered Clouds at 910m Haze",2017-11-03
02:00,13°C,13°C,160°9 Km/h,,88%,11°C,1018.0mb,,"document.write(Icons.GetShortDescription(2, 'CurrentWeather'));  Few Clouds at 300m, Scattered Clouds at 910m Haze",2017-11-03
03:00,14°C,14°C,170°9 Km/h,,82%,11°C,1017.0mb,,"document.write(Icons.GetShortDescription(3, 'CurrentWeather'));  Few Clouds at 300m, Broken Clouds at 910m Haze",2017-11-03
04:00,14°C,14°C,200°7 Km/h,,88%,12°C,1017.0mb,,"document.write(Icons.GetShortDescription(3, 'CurrentWeather'));  Few Clouds at 300m, Broken Clouds at 910m Haze",2017-11-03
05:00,14°C,14°C,170°9 Km/h,,82%,11°C,1017.0mb,,"document.write(Icons.GetShortDescription(3, 'CurrentWeather'));  Scattered Clouds at 300m, Broken Clouds at 910m Haze",2017-11-03
06:00,14°C,14°C,180°9 Km/h,,82%,11°C,1017.0mb,,"document.write(Icons.GetShortDescription(7, 'CurrentWeather'));  Few Clouds at 300m, Broken Clouds at 910m, Cloudy at 3000m Light Rain, Haze",2017-11-03
07:00,14°C,14°C,200°9 Km/h,,82%,11°C,1017.0mb,,"document.write(Icons.GetShortDescription(4, 'CurrentWeather'));  Few Clouds at 300m, Broken Clouds at 910m, Cloudy at 3000m Haze",2017-11-03
08:00,15°C,15°C,250°15 Km/h,,82%,12°C,1018.0mb,,"document.write(Icons.GetShortDescription(4, 'CurrentWeather'));  Few Clouds at 300m, Broken Clouds at 910m, Cloudy at 3000m Haze",2017-11-03
09:00,14°C,14°C,320°11 Km/h,,82%,11°C,1019.0mb,,"document.write(Icons.GetShortDescription(7, 'CurrentWeather'));  Scattered Clouds at 240m, Broken Clouds at 610m, Cloudy at 2700m Light Rain, Haze",2017-11-03
10:00,14°C,14°C,290°13 Km/h,,77%,10°C,1019.0mb,,"document.write(Icons.GetShortDescription(3, 'CurrentWeather'));  Few Clouds at 300m, Broken Clouds at 1100m, Broken Clouds at 3400m Haze",2017-11-03
11:00,14°C,14°C,310°17 Km/h,,72%,9°C,1019.0mb,,"document.write(Icons.GetShortDescription(2, 'CurrentWeather'));  Few Clouds at 460m, Scattered Clouds at 1200m Haze",2017-11-03
12:00,15°C,15°C,340°19 Km/h,,63%,8°C,1019.0mb,,"document.write(Icons.GetShortDescription(2, 'CurrentWeather'));  Scattered Clouds at 1200m",2017-11-03
13:00,16°C,16°C,330°15 Km/h,,52%,6°C,1019.0mb,,"document.write(Icons.GetShortDescription(2, 'CurrentWeather'));  Few Clouds at 1200m",2017-11-03
14:00,16°C,16°C,270°20 Km/h,,48%,5°C,1019.0mb,,"document.write(Icons.GetShortDescription(1, 'CurrentWeather'));",2017-11-03
15:00,14°C,14°C,270°24 Km/h,,51%,4°C,1019.0mb,,"document.write(Icons.GetShortDescription(1, 'CurrentWeather'));",2017-11-03
16:00,13°C,13°C,280°24 Km/h,,38%,-1°C,1019.0mb,,"document.write(Icons.GetShortDescription(1, 'CurrentWeather'));",2017-11-03
17:00,11°C,11°C,290°28 Km/h,,44%,-1°C,1020.0mb,,"document.write(Icons.GetShortDescription(1, 'CurrentWeather'));",2017-11-03
18:00,10°C,7°C,290°24 Km/h,,47%,-1°C,1020.0mb,,"document.write(Icons.GetShortDescription(1, 'CurrentWeather'));",2017-11-03
19:00,8°C,4°C,310°24 Km/h,,50%,-2°C,1022.0mb,,"document.write(Icons.GetShortDescription(1, 'CurrentWeather'));",2017-11-03
20:00,7°C,4°C,310°17 Km/h,,49%,-3°C,1022.0mb,,"document.write(Icons.GetShortDescription(1, 'CurrentWeather'));",2017-11-03
21:00,7°C,5°C,290°11 Km/h,,49%,-3°C,1023.0mb,,"document.write(Icons.GetShortDescription(2, 'CurrentWeather'));  Few Clouds at 1200m",2017-11-03
22:00,6°C,4°C,290°11 Km/h,,57%,-2°C,1024.0mb,,"document.write(Icons.GetShortDescription(2, 'CurrentWeather'));  Few Clouds at 1200m",2017-11-03
23:00,6°C,3°C,300°13 Km/h,,57%,-2°C,1024.0mb,,"document.write(Icons.GetShortDescription(2, 'CurrentWeather'));  Few Clouds at 1200m",2017-11-03
