Time,Temperature,Relative Temperature,Wind,Wind Gust,Rel. humidity,Dew Point,Pressure,Icon,DescriptionDetails,date
00:00,21°C,21°C,290°6 Km/h,,73%,16°C,1001.0mb,,"document.write(Icons.GetShortDescription(3, 'CurrentWeather'));  Few Clouds at 300m, Broken Clouds at 3700m",2017-06-01
01:00,21°C,21°C,320°4 Km/h,,73%,16°C,1001.0mb,,"document.write(Icons.GetShortDescription(3, 'CurrentWeather'));  Few Clouds at 300m, Broken Clouds at 3700m",2017-06-01
01:25,20°C,20°C,330°7 Km/h,,78%,16°C,1001.0mb,,"document.write(Icons.GetShortDescription(7, 'CurrentWeather'));  Scattered Clouds at 300m, Broken Clouds at 760m, Cloudy at 2400m Light Rain",2017-06-01
01:38,20°C,20°C,340°9 Km/h,,78%,16°C,1001.0mb,,"document.write(Icons.GetShortDescription(3, 'CurrentWeather'));  Few Clouds at 300m, Broken Clouds at 760m, Broken Clouds at 3700m",2017-06-01
02:00,20°C,20°C,330°9 Km/h,,78%,16°C,1001.0mb,,"document.write(Icons.GetShortDescription(7, 'CurrentWeather'));  Few Clouds at 300m, Broken Clouds at 760m, Cloudy at 2400m Light Rain",2017-06-01
03:00,20°C,20°C,320°7 Km/h,,83%,17°C,1000.0mb,,"document.write(Icons.GetShortDescription(4, 'CurrentWeather'));  Few Clouds at 300m, Broken Clouds at 760m, Cloudy at 2400m",2017-06-01
04:00,20°C,20°C,300°4 Km/h,,83%,17°C,1000.0mb,,"document.write(Icons.GetShortDescription(4, 'CurrentWeather'));  Few Clouds at 300m, Broken Clouds at 760m, Cloudy at 3000m",2017-06-01
05:00,20°C,20°C,290°2 Km/h,,83%,17°C,1000.0mb,,"document.write(Icons.GetShortDescription(4, 'CurrentWeather'));  Few Clouds at 300m, Broken Clouds at 760m, Cloudy at 3000m",2017-06-01
06:00,20°C,20°C,320°7 Km/h,,83%,17°C,1000.0mb,,"document.write(Icons.GetShortDescription(4, 'CurrentWeather'));  Few Clouds at 460m, Broken Clouds at 760m, Cloudy at 3000m",2017-06-01
07:00,21°C,21°C,320°6 Km/h,,78%,17°C,1000.0mb,,"document.write(Icons.GetShortDescription(3, 'CurrentWeather'));  Broken Clouds at 760m, Broken Clouds at 3700m",2017-06-01
08:00,22°C,22°C,320°6 Km/h,,69%,16°C,1000.0mb,,"document.write(Icons.GetShortDescription(3, 'CurrentWeather'));  Scattered Clouds at 910m, Broken Clouds at 5500m",2017-06-01
09:00,23°C,23°C,320°6 Km/h,,65%,16°C,1000.0mb,,"document.write(Icons.GetShortDescription(2, 'CurrentWeather'));  Scattered Clouds at 910m",2017-06-01
10:00,23°C,23°C,310°13 Km/h,,65%,16°C,1000.0mb,,"document.write(Icons.GetShortDescription(3, 'CurrentWeather'));  Broken Clouds at 910m",2017-06-01
11:00,25°C,25°C,290°17 Km/h,,57%,16°C,999.0mb,,"document.write(Icons.GetShortDescription(2, 'CurrentWeather'));  Scattered Clouds at 910m",2017-06-01
12:00,26°C,26°C,270°17 Km/h,,51%,15°C,999.0mb,,"document.write(Icons.GetShortDescription(2, 'CurrentWeather'));  Few Clouds at 610m, Scattered Clouds at 910m",2017-06-01
13:00,26°C,26°C,280°22 Km/h,,48%,14°C,999.0mb,,"document.write(Icons.GetShortDescription(2, 'CurrentWeather'));  Scattered Clouds at 910m",2017-06-01
14:00,25°C,25°C,270°20 Km/h,,54%,15°C,998.0mb,,"document.write(Icons.GetShortDescription(2, 'CurrentWeather'));  Few Clouds at 910m",2017-06-01
15:00,25°C,25°C,270°22 Km/h,,51%,14°C,998.0mb,,"document.write(Icons.GetShortDescription(2, 'CurrentWeather'));  Few Clouds at 910m",2017-06-01
16:00,25°C,25°C,270°26 Km/h,,47%,13°C,998.0mb,,"document.write(Icons.GetShortDescription(2, 'CurrentWeather'));  Few Clouds at 910m",2017-06-01
17:00,26°C,26°C,270°20 Km/h,,42%,12°C,997.0mb,,"document.write(Icons.GetShortDescription(1, 'CurrentWeather'));",2017-06-01
18:00,26°C,26°C,290°20 Km/h,,34%,9°C,997.0mb,,"document.write(Icons.GetShortDescription(1, 'CurrentWeather'));",2017-06-01
19:00,25°C,24°C,310°22 Km/h,,24%,3°C,997.0mb,,"document.write(Icons.GetShortDescription(1, 'CurrentWeather'));",2017-06-01
20:00,23°C,22°C,300°19 Km/h,,23%,1°C,998.0mb,,"document.write(Icons.GetShortDescription(1, 'CurrentWeather'));",2017-06-01
21:00,22°C,21°C,310°19 Km/h,,25%,1°C,999.0mb,,"document.write(Icons.GetShortDescription(1, 'CurrentWeather'));",2017-06-01
22:00,22°C,21°C,300°17 Km/h,,25%,1°C,1000.0mb,,"document.write(Icons.GetShortDescription(1, 'CurrentWeather'));",2017-06-01
23:00,20°C,20°C,280°15 Km/h,,40%,6°C,1001.0mb,,"document.write(Icons.GetShortDescription(1, 'CurrentWeather'));",2017-06-01
