Time,Temperature,Relative Temperature,Wind,Wind Gust,Rel. humidity,Dew Point,Pressure,Icon,DescriptionDetails,date
00:00,1°C,-3°C,150°13 Km/h,,87%,-1°C,1021.0mb,,"document.write(Icons.GetShortDescription(4, 'CurrentWeather'));  Few Clouds at 300m, Broken Clouds at 760m, Cloudy at 3400m Haze",2017-12-07
01:00,1°C,-3°C,140°13 Km/h,,81%,-2°C,1021.0mb,,"document.write(Icons.GetShortDescription(4, 'CurrentWeather'));  Few Clouds at 300m, Broken Clouds at 760m, Cloudy at 3400m Haze",2017-12-07
02:00,1°C,-3°C,340°17 Km/h,,87%,-1°C,1021.0mb,,"document.write(Icons.GetShortDescription(3, 'CurrentWeather'));  Scattered Clouds at 300m, Broken Clouds at 610m Haze",2017-12-07
03:00,1°C,1°C,300°4 Km/h,,81%,-2°C,1022.0mb,,"document.write(Icons.GetShortDescription(3, 'CurrentWeather'));  Scattered Clouds at 210m, Broken Clouds at 610m Haze",2017-12-07
04:00,1°C,-1°C,320°7 Km/h,,81%,-2°C,1021.0mb,,"document.write(Icons.GetShortDescription(3, 'CurrentWeather'));  Scattered Clouds at 150m, Broken Clouds at 610m Haze, Fog",2017-12-07
05:00,0°C,-3°C,340°9 Km/h,,87%,-2°C,1021.0mb,,"document.write(Icons.GetShortDescription(3, 'CurrentWeather'));  Broken Clouds at 150m Fog",2017-12-07
06:00,-1°C,-4°C,320°9 Km/h,,86%,-3°C,1021.0mb,,"document.write(Icons.GetShortDescription(3, 'CurrentWeather'));  Broken Clouds at 150m Fog",2017-12-07
06:14,-1°C,-5°C,330°11 Km/h,,86%,-3°C,1021.0mb,,"document.write(Icons.GetShortDescription(3, 'CurrentWeather'));  Broken Clouds at 90m Fog",2017-12-07
06:36,0°C,-3°C,340°9 Km/h,,87%,-2°C,1022.0mb,,"document.write(Icons.GetShortDescription(4, 'CurrentWeather'));  Limited visibility at 60m Fog",2017-12-07
07:00,-1°C,-5°C,340°11 Km/h,,86%,-3°C,1022.0mb,,"document.write(Icons.GetShortDescription(4, 'CurrentWeather'));  Limited visibility at 60m Fog",2017-12-07
08:00,-1°C,-5°C,340°13 Km/h,,86%,-3°C,1022.0mb,,"document.write(Icons.GetShortDescription(4, 'CurrentWeather'));  Limited visibility at 30m Fog",2017-12-07
09:00,-1°C,-4°C,320°7 Km/h,,86%,-3°C,1023.0mb,,"document.write(Icons.GetShortDescription(4, 'CurrentWeather'));  Limited visibility at 60m Fog",2017-12-07
10:00,-1°C,-4°C,330°7 Km/h,,86%,-3°C,1023.0mb,,"document.write(Icons.GetShortDescription(4, 'CurrentWeather'));  Limited visibility at 60m Fog",2017-12-07
11:00,0°C,-3°C,330°7 Km/h,,87%,-2°C,1023.0mb,,"document.write(Icons.GetShortDescription(3, 'CurrentWeather'));  Scattered Clouds at 90m, Broken Clouds at 5500m Fog",2017-12-07
11:24,0°C,-3°C,330°9 Km/h,,87%,-2°C,1023.0mb,,"document.write(Icons.GetShortDescription(3, 'CurrentWeather'));  Scattered Clouds at 610m, Broken Clouds at 5500m Haze",2017-12-07
11:33,1°C,-2°C,330°11 Km/h,,87%,-1°C,1023.0mb,,"document.write(Icons.GetShortDescription(3, 'CurrentWeather'));  Scattered Clouds at 610m, Broken Clouds at 5500m Haze",2017-12-07
12:00,2°C,-2°C,330°15 Km/h,,87%,0°C,1023.0mb,,"document.write(Icons.GetShortDescription(3, 'CurrentWeather'));  Scattered Clouds at 610m, Broken Clouds at 5500m Haze",2017-12-07
13:00,3°C,-1°C,340°17 Km/h,,60%,-4°C,1022.0mb,,"document.write(Icons.GetShortDescription(2, 'CurrentWeather'));  Few Clouds at 610m, Scattered Clouds at 5500m",2017-12-07
14:00,3°C,-1°C,350°17 Km/h,,52%,-6°C,1022.0mb,,"document.write(Icons.GetShortDescription(2, 'CurrentWeather'));  Few Clouds at 910m, Scattered Clouds at 5500m",2017-12-07
15:00,4°C,0°C,330°19 Km/h,,45%,-7°C,1022.0mb,,"document.write(Icons.GetShortDescription(1, 'CurrentWeather'));",2017-12-07
16:00,3°C,-1°C,340°15 Km/h,,45%,-8°C,1022.0mb,,"document.write(Icons.GetShortDescription(1, 'CurrentWeather'));",2017-12-07
17:00,1°C,-3°C,330°15 Km/h,,48%,-9°C,1023.0mb,,"document.write(Icons.GetShortDescription(1, 'CurrentWeather'));",2017-12-07
18:00,0°C,-5°C,340°20 Km/h,,44%,-11°C,1023.0mb,,"document.write(Icons.GetShortDescription(1, 'CurrentWeather'));",2017-12-07
19:00,-1°C,-7°C,320°20 Km/h,,43%,-12°C,1024.0mb,,"document.write(Icons.GetShortDescription(1, 'CurrentWeather'));",2017-12-07
20:00,-2°C,-8°C,330°20 Km/h,,47%,-12°C,1024.0mb,,"document.write(Icons.GetShortDescription(1, 'CurrentWeather'));",2017-12-07
21:00,-4°C,-8°C,340°9 Km/h,,54%,-12°C,1025.0mb,,"document.write(Icons.GetShortDescription(1, 'CurrentWeather'));",2017-12-07
22:00,-4°C,-8°C,320°11 Km/h,,54%,-12°C,1025.0mb,,"document.write(Icons.GetShortDescription(1, 'CurrentWeather'));",2017-12-07
23:00,-4°C,-8°C,310°11 Km/h,,54%,-12°C,1025.0mb,,"document.write(Icons.GetShortDescription(1, 'CurrentWeather'));",2017-12-07
