Time,Temperature,Relative Temperature,Wind,Wind Gust,Rel. humidity,Dew Point,Pressure,Icon,DescriptionDetails,date
00:00,18°C,18°C,120°6 Km/h,,73%,13°C,1014.0mb,,"document.write(Icons.GetShortDescription(1, 'CurrentWeather'));",2017-09-25
01:00,18°C,18°C,310°7 Km/h,,73%,13°C,1015.0mb,,"document.write(Icons.GetShortDescription(1, 'CurrentWeather'));",2017-09-25
02:00,17°C,17°C,350°7 Km/h,,77%,13°C,1016.0mb,,"document.write(Icons.GetShortDescription(1, 'CurrentWeather'));",2017-09-25
03:00,17°C,17°C,360°4 Km/h,,77%,13°C,1016.0mb,,"document.write(Icons.GetShortDescription(1, 'CurrentWeather'));",2017-09-25
04:00,17°C,17°C,320°6 Km/h,,77%,13°C,1016.0mb,,"document.write(Icons.GetShortDescription(1, 'CurrentWeather'));",2017-09-25
05:00,16°C,16°C,310°2 Km/h,,83%,13°C,1016.0mb,,"document.write(Icons.GetShortDescription(1, 'CurrentWeather'));",2017-09-25
06:00,16°C,16°C,300°2 Km/h,,83%,13°C,1016.0mb,,"document.write(Icons.GetShortDescription(1, 'CurrentWeather'));",2017-09-25
07:00,16°C,16°C,340°7 Km/h,,83%,13°C,1016.0mb,,"document.write(Icons.GetShortDescription(1, 'CurrentWeather'));",2017-09-25
08:00,19°C,19°C,360°6 Km/h,,78%,15°C,1016.0mb,,"document.write(Icons.GetShortDescription(1, 'CurrentWeather'));",2017-09-25
09:00,21°C,21°C,350°6 Km/h,,78%,17°C,1016.0mb,,"document.write(Icons.GetShortDescription(1, 'CurrentWeather'));",2017-09-25
10:00,23°C,23°C,360°6 Km/h,,65%,16°C,1016.0mb,,"document.write(Icons.GetShortDescription(1, 'CurrentWeather'));",2017-09-25
11:00,26°C,26°C,320°4 Km/h,,54%,16°C,1016.0mb,,"document.write(Icons.GetShortDescription(1, 'CurrentWeather'));",2017-09-25
12:00,27°C,27°C,100°4 Km/h,,48%,15°C,1015.0mb,,"document.write(Icons.GetShortDescription(1, 'CurrentWeather'));",2017-09-25
13:00,28°C,28°C,350°7 Km/h,,42%,14°C,1014.0mb,,"document.write(Icons.GetShortDescription(1, 'CurrentWeather'));",2017-09-25
14:00,28°C,28°C,120°6 Km/h,,42%,14°C,1014.0mb,,"document.write(Icons.GetShortDescription(1, 'CurrentWeather'));",2017-09-25
15:00,29°C,29°C,220°6 Km/h,,40%,14°C,1013.0mb,,"document.write(Icons.GetShortDescription(1, 'CurrentWeather'));",2017-09-25
16:00,28°C,28°C,320°7 Km/h,,42%,14°C,1013.0mb,,"document.write(Icons.GetShortDescription(1, 'CurrentWeather'));",2017-09-25
17:00,28°C,28°C,320°7 Km/h,,42%,14°C,1013.0mb,,"document.write(Icons.GetShortDescription(1, 'CurrentWeather'));",2017-09-25
18:00,25°C,25°C,310°11 Km/h,,54%,15°C,1013.0mb,,"document.write(Icons.GetShortDescription(1, 'CurrentWeather'));",2017-09-25
19:00,23°C,23°C,310°6 Km/h,,65%,16°C,1013.0mb,,"document.write(Icons.GetShortDescription(1, 'CurrentWeather'));",2017-09-25
20:00,22°C,22°C,310°9 Km/h,,69%,16°C,1014.0mb,,"document.write(Icons.GetShortDescription(1, 'CurrentWeather'));",2017-09-25
21:00,21°C,21°C,310°6 Km/h,,73%,16°C,1014.0mb,,"document.write(Icons.GetShortDescription(1, 'CurrentWeather'));",2017-09-25
22:00,21°C,21°C,330°7 Km/h,,69%,15°C,1014.0mb,,"document.write(Icons.GetShortDescription(1, 'CurrentWeather'));",2017-09-25
23:00,20°C,20°C,330°7 Km/h,,73%,15°C,1014.0mb,,"document.write(Icons.GetShortDescription(1, 'CurrentWeather'));",2017-09-25
