Time,Temperature,Relative Temperature,Wind,Wind Gust,Rel. humidity,Dew Point,Pressure,Icon,DescriptionDetails,date
00:00,13°C,13°C,20°4 Km/h,,63%,6°C,1022.0mb,,"document.write(Icons.GetShortDescription(1, 'CurrentWeather'));",2017-05-03
01:00,13°C,13°C,230°4 Km/h,,63%,6°C,1022.0mb,,"document.write(Icons.GetShortDescription(1, 'CurrentWeather'));",2017-05-03
02:00,13°C,13°C,340°6 Km/h,,63%,6°C,1022.0mb,,"document.write(Icons.GetShortDescription(1, 'CurrentWeather'));",2017-05-03
03:00,12°C,12°C,330°7 Km/h,,67%,6°C,1022.0mb,,"document.write(Icons.GetShortDescription(1, 'CurrentWeather'));",2017-05-03
04:00,12°C,12°C,360°4 Km/h,,67%,6°C,1022.0mb,,"document.write(Icons.GetShortDescription(1, 'CurrentWeather'));",2017-05-03
05:00,11°C,11°C,320°4 Km/h,,67%,5°C,1022.0mb,,"document.write(Icons.GetShortDescription(1, 'CurrentWeather'));",2017-05-03
06:00,11°C,11°C,320°7 Km/h,,67%,5°C,1022.0mb,,"document.write(Icons.GetShortDescription(1, 'CurrentWeather'));",2017-05-03
07:00,14°C,14°C,40°6 Km/h,,67%,8°C,1023.0mb,,"document.write(Icons.GetShortDescription(1, 'CurrentWeather'));",2017-05-03
08:00,17°C,17°C,360°4 Km/h,,56%,8°C,1023.0mb,,"document.write(Icons.GetShortDescription(1, 'CurrentWeather'));",2017-05-03
09:00,20°C,20°C,50°4 Km/h,,40%,6°C,1023.0mb,,"document.write(Icons.GetShortDescription(1, 'CurrentWeather'));",2017-05-03
10:00,22°C,21°C,70°4 Km/h,,33%,5°C,1022.0mb,,"document.write(Icons.GetShortDescription(1, 'CurrentWeather'));",2017-05-03
11:00,25°C,24°C,120°9 Km/h,,28%,5°C,1022.0mb,,"document.write(Icons.GetShortDescription(1, 'CurrentWeather'));",2017-05-03
12:00,27°C,26°C,110°9 Km/h,,24%,5°C,1021.0mb,,"document.write(Icons.GetShortDescription(1, 'CurrentWeather'));",2017-05-03
13:00,29°C,27°C,230°4 Km/h,,20%,4°C,1020.0mb,,"document.write(Icons.GetShortDescription(1, 'CurrentWeather'));",2017-05-03
14:00,29°C,28°C,290°11 Km/h,,22%,5°C,1019.0mb,,"document.write(Icons.GetShortDescription(1, 'CurrentWeather'));",2017-05-03
15:00,28°C,27°C,260°15 Km/h,,26%,7°C,1019.0mb,,"document.write(Icons.GetShortDescription(1, 'CurrentWeather'));",2017-05-03
16:00,27°C,26°C,280°13 Km/h,,28%,7°C,1019.0mb,,"document.write(Icons.GetShortDescription(1, 'CurrentWeather'));",2017-05-03
17:00,27°C,26°C,300°19 Km/h,,23%,4°C,1018.0mb,,"document.write(Icons.GetShortDescription(1, 'CurrentWeather'));",2017-05-03
18:00,23°C,22°C,270°15 Km/h,,33%,6°C,1019.0mb,,"document.write(Icons.GetShortDescription(1, 'CurrentWeather'));",2017-05-03
19:00,21°C,21°C,300°11 Km/h,,35%,5°C,1019.0mb,,"document.write(Icons.GetShortDescription(1, 'CurrentWeather'));",2017-05-03
20:00,20°C,20°C,250°7 Km/h,,35%,4°C,1020.0mb,,"document.write(Icons.GetShortDescription(1, 'CurrentWeather'));",2017-05-03
21:00,18°C,18°C,310°4 Km/h,,43%,5°C,1020.0mb,,"document.write(Icons.GetShortDescription(1, 'CurrentWeather'));",2017-05-03
22:00,16°C,16°C,340°4 Km/h,,52%,6°C,1020.0mb,,"document.write(Icons.GetShortDescription(1, 'CurrentWeather'));",2017-05-03
23:00,16°C,16°C,350°2 Km/h,,52%,6°C,1020.0mb,,"document.write(Icons.GetShortDescription(1, 'CurrentWeather'));",2017-05-03
