Time,Temperature,Relative Temperature,Wind,Wind Gust,Rel. humidity,Dew Point,Pressure,Icon,DescriptionDetails,date
00:00,2°C,0°C,320°7 Km/h,,75%,-2°C,1019.0mb,,"document.write(Icons.GetShortDescription(1, 'CurrentWeather'));",2017-01-08
01:00,2°C,0°C,350°7 Km/h,,75%,-2°C,1019.0mb,,"document.write(Icons.GetShortDescription(1, 'CurrentWeather'));",2017-01-08
02:00,2°C,0°C,340°6 Km/h,,75%,-2°C,1019.0mb,,"document.write(Icons.GetShortDescription(1, 'CurrentWeather'));  Haze",2017-01-08
03:00,2°C,0°C,330°7 Km/h,,75%,-2°C,1018.0mb,,"document.write(Icons.GetShortDescription(1, 'CurrentWeather'));  Haze",2017-01-08
04:00,1°C,-1°C,350°7 Km/h,,75%,-3°C,1018.0mb,,"document.write(Icons.GetShortDescription(1, 'CurrentWeather'));  Haze",2017-01-08
05:00,0°C,-3°C,360°7 Km/h,,75%,-4°C,1017.0mb,,"document.write(Icons.GetShortDescription(1, 'CurrentWeather'));  Haze",2017-01-08
06:00,1°C,-1°C,300°6 Km/h,,75%,-3°C,1016.0mb,,"document.write(Icons.GetShortDescription(1, 'CurrentWeather'));  Haze",2017-01-08
07:00,1°C,-1°C,310°7 Km/h,,75%,-3°C,1016.0mb,,"document.write(Icons.GetShortDescription(1, 'CurrentWeather'));  Haze",2017-01-08
08:00,1°C,1°C,330°4 Km/h,,75%,-3°C,1016.0mb,,"document.write(Icons.GetShortDescription(1, 'CurrentWeather'));",2017-01-08
09:00,3°C,2°C,340°6 Km/h,,75%,-1°C,1016.0mb,,"document.write(Icons.GetShortDescription(1, 'CurrentWeather'));",2017-01-08
10:00,6°C,5°C,350°6 Km/h,,66%,0°C,1016.0mb,,"document.write(Icons.GetShortDescription(1, 'CurrentWeather'));",2017-01-08
11:00,9°C,8°C,320°7 Km/h,,54%,0°C,1016.0mb,,"document.write(Icons.GetShortDescription(1, 'CurrentWeather'));",2017-01-08
12:00,9°C,7°C,320°11 Km/h,,50%,-1°C,1015.0mb,,"document.write(Icons.GetShortDescription(1, 'CurrentWeather'));",2017-01-08
13:00,10°C,8°C,320°11 Km/h,,50%,0°C,1014.0mb,,"document.write(Icons.GetShortDescription(1, 'CurrentWeather'));",2017-01-08
14:00,10°C,10°C,340°4 Km/h,,47%,-1°C,1013.0mb,,"document.write(Icons.GetShortDescription(3, 'CurrentWeather'));  Scattered Clouds at 910m, Broken Clouds at 3000m",2017-01-08
15:00,10°C,8°C,330°11 Km/h,,50%,0°C,1012.0mb,,"document.write(Icons.GetShortDescription(3, 'CurrentWeather'));  Scattered Clouds at 910m, Broken Clouds at 3000m",2017-01-08
16:00,10°C,9°C,340°9 Km/h,,50%,0°C,1012.0mb,,"document.write(Icons.GetShortDescription(3, 'CurrentWeather'));  Scattered Clouds at 910m, Broken Clouds at 3000m",2017-01-08
17:00,9°C,8°C,340°9 Km/h,,50%,-1°C,1012.0mb,,"document.write(Icons.GetShortDescription(4, 'CurrentWeather'));  Broken Clouds at 910m, Cloudy at 3000m",2017-01-08
18:00,7°C,5°C,340°9 Km/h,,61%,0°C,1012.0mb,,"document.write(Icons.GetShortDescription(4, 'CurrentWeather'));  Broken Clouds at 910m, Cloudy at 3000m",2017-01-08
19:00,7°C,5°C,310°11 Km/h,,61%,0°C,1012.0mb,,"document.write(Icons.GetShortDescription(4, 'CurrentWeather'));  Broken Clouds at 910m, Cloudy at 3000m",2017-01-08
20:00,6°C,4°C,290°9 Km/h,,66%,0°C,1013.0mb,,"document.write(Icons.GetShortDescription(4, 'CurrentWeather'));  Broken Clouds at 910m, Cloudy at 3000m",2017-01-08
21:00,6°C,3°C,330°13 Km/h,,66%,0°C,1013.0mb,,"document.write(Icons.GetShortDescription(4, 'CurrentWeather'));  Broken Clouds at 910m, Cloudy at 2400m",2017-01-08
22:00,6°C,4°C,310°11 Km/h,,66%,0°C,1013.0mb,,"document.write(Icons.GetShortDescription(4, 'CurrentWeather'));  Few Clouds at 460m, Broken Clouds at 910m, Cloudy at 2400m",2017-01-08
23:00,5°C,3°C,320°7 Km/h,,66%,-1°C,1013.0mb,,"document.write(Icons.GetShortDescription(3, 'CurrentWeather'));  Few Clouds at 460m, Broken Clouds at 1100m",2017-01-08
