Time,Temperature,Relative Temperature,Wind,Wind Gust,Rel. humidity,Dew Point,Pressure,Icon,DescriptionDetails,date
00:00,-1°C,-6°C,300°17 Km/h,,59%,-8°C,1018.0mb,,"document.write(Icons.GetShortDescription(1, 'CurrentWeather'));",2017-12-25
01:00,-2°C,-8°C,310°22 Km/h,,59%,-9°C,1018.0mb,,"document.write(Icons.GetShortDescription(1, 'CurrentWeather'));",2017-12-25
02:00,-2°C,-8°C,310°20 Km/h,,55%,-10°C,1019.0mb,,"document.write(Icons.GetShortDescription(1, 'CurrentWeather'));",2017-12-25
03:00,-3°C,-8°C,310°17 Km/h,,54%,-11°C,1020.0mb,,"document.write(Icons.GetShortDescription(1, 'CurrentWeather'));",2017-12-25
04:00,-3°C,-9°C,310°20 Km/h,,50%,-12°C,1021.0mb,,"document.write(Icons.GetShortDescription(1, 'CurrentWeather'));",2017-12-25
05:00,-4°C,-10°C,300°17 Km/h,,50%,-13°C,1022.0mb,,"document.write(Icons.GetShortDescription(1, 'CurrentWeather'));",2017-12-25
06:00,-4°C,-10°C,290°17 Km/h,,46%,-14°C,1023.0mb,,"document.write(Icons.GetShortDescription(1, 'CurrentWeather'));",2017-12-25
07:00,-5°C,-9°C,320°9 Km/h,,46%,-15°C,1023.0mb,,"document.write(Icons.GetShortDescription(1, 'CurrentWeather'));",2017-12-25
08:00,-5°C,-11°C,300°15 Km/h,,46%,-15°C,1024.0mb,,"document.write(Icons.GetShortDescription(1, 'CurrentWeather'));",2017-12-25
09:00,-4°C,-8°C,310°11 Km/h,,46%,-14°C,1025.0mb,,"document.write(Icons.GetShortDescription(1, 'CurrentWeather'));",2017-12-25
10:00,-3°C,-9°C,310°20 Km/h,,43%,-14°C,1025.0mb,,"document.write(Icons.GetShortDescription(1, 'CurrentWeather'));",2017-12-25
11:00,-2°C,-8°C,320°19 Km/h,,37%,-15°C,1025.0mb,,"document.write(Icons.GetShortDescription(1, 'CurrentWeather'));",2017-12-25
12:00,-2°C,-6°C,340°11 Km/h,,40%,-14°C,1024.0mb,,"document.write(Icons.GetShortDescription(1, 'CurrentWeather'));",2017-12-25
13:00,-1°C,-5°C,320°11 Km/h,,37%,-14°C,1024.0mb,,"document.write(Icons.GetShortDescription(1, 'CurrentWeather'));",2017-12-25
14:00,0°C,-3°C,300°9 Km/h,,37%,-13°C,1024.0mb,,"document.write(Icons.GetShortDescription(1, 'CurrentWeather'));",2017-12-25
15:00,0°C,-5°C,290°17 Km/h,,32%,-15°C,1024.0mb,,"document.write(Icons.GetShortDescription(1, 'CurrentWeather'));",2017-12-25
16:00,0°C,-5°C,300°17 Km/h,,32%,-15°C,1024.0mb,,"document.write(Icons.GetShortDescription(1, 'CurrentWeather'));",2017-12-25
17:00,-1°C,-3°C,270°6 Km/h,,34%,-15°C,1024.0mb,,"document.write(Icons.GetShortDescription(1, 'CurrentWeather'));",2017-12-25
18:00,-2°C,-4°C,240°6 Km/h,,40%,-14°C,1024.0mb,,"document.write(Icons.GetShortDescription(2, 'CurrentWeather'));  Few Clouds at 910m",2017-12-25
19:00,-2°C,-4°C,250°6 Km/h,,47%,-12°C,1024.0mb,,"document.write(Icons.GetShortDescription(2, 'CurrentWeather'));  Few Clouds at 910m",2017-12-25
20:00,-3°C,-3°C,250°2 Km/h,,50%,-12°C,1023.0mb,,"document.write(Icons.GetShortDescription(2, 'CurrentWeather'));  Scattered Clouds at 910m",2017-12-25
21:00,-1°C,-1°C,Calm,,51%,-10°C,1023.0mb,,"document.write(Icons.GetShortDescription(3, 'CurrentWeather'));  Broken Clouds at 910m",2017-12-25
22:00,-1°C,-1°C,330°2 Km/h,,55%,-9°C,1023.0mb,,"document.write(Icons.GetShortDescription(3, 'CurrentWeather'));  Broken Clouds at 910m",2017-12-25
23:00,-2°C,-2°C,330°2 Km/h,,59%,-9°C,1023.0mb,,"document.write(Icons.GetShortDescription(3, 'CurrentWeather'));  Broken Clouds at 910m",2017-12-25
