Time,Temperature,Relative Temperature,Wind,Wind Gust,Rel. humidity,Dew Point,Pressure,Icon,DescriptionDetails,date
00:00,13°C,13°C,70°2 Km/h,,82%,10°C,1010.0mb,,"document.write(Icons.GetShortDescription(1, 'CurrentWeather'));",2017-05-17
01:00,12°C,12°C,320°4 Km/h,,82%,9°C,1010.0mb,,"document.write(Icons.GetShortDescription(1, 'CurrentWeather'));",2017-05-17
02:00,12°C,12°C,10°2 Km/h,,77%,8°C,1010.0mb,,"document.write(Icons.GetShortDescription(1, 'CurrentWeather'));",2017-05-17
03:00,11°C,11°C,320°6 Km/h,,77%,7°C,1010.0mb,,"document.write(Icons.GetShortDescription(1, 'CurrentWeather'));",2017-05-17
04:00,11°C,11°C,310°6 Km/h,,77%,7°C,1010.0mb,,"document.write(Icons.GetShortDescription(1, 'CurrentWeather'));",2017-05-17
05:00,11°C,11°C,330°6 Km/h,,77%,7°C,1011.0mb,,"document.write(Icons.GetShortDescription(1, 'CurrentWeather'));",2017-05-17
06:00,11°C,11°C,330°4 Km/h,,82%,8°C,1011.0mb,,"document.write(Icons.GetShortDescription(1, 'CurrentWeather'));",2017-05-17
07:00,13°C,13°C,320°4 Km/h,,77%,9°C,1012.0mb,,"document.write(Icons.GetShortDescription(1, 'CurrentWeather'));",2017-05-17
08:00,16°C,16°C,20°4 Km/h,,68%,10°C,1012.0mb,,"document.write(Icons.GetShortDescription(1, 'CurrentWeather'));",2017-05-17
09:00,19°C,19°C,130°4 Km/h,,52%,9°C,1012.0mb,,"document.write(Icons.GetShortDescription(1, 'CurrentWeather'));",2017-05-17
10:00,19°C,19°C,270°6 Km/h,,49%,8°C,1012.0mb,,"document.write(Icons.GetShortDescription(1, 'CurrentWeather'));",2017-05-17
11:00,21°C,21°C,320°9 Km/h,,46%,9°C,1012.0mb,,"document.write(Icons.GetShortDescription(1, 'CurrentWeather'));",2017-05-17
12:00,23°C,22°C,310°7 Km/h,,41%,9°C,1011.0mb,,"document.write(Icons.GetShortDescription(2, 'CurrentWeather'));  Few Clouds at 910m",2017-05-17
13:00,24°C,23°C,330°7 Km/h,,34%,7°C,1011.0mb,,"document.write(Icons.GetShortDescription(2, 'CurrentWeather'));  Few Clouds at 910m",2017-05-17
14:00,25°C,25°C,310°11 Km/h,,39%,10°C,1011.0mb,,"document.write(Icons.GetShortDescription(2, 'CurrentWeather'));  Few Clouds at 910m",2017-05-17
15:00,25°C,25°C,280°15 Km/h,,36%,9°C,1010.0mb,,"document.write(Icons.GetShortDescription(2, 'CurrentWeather'));  Few Clouds at 910m",2017-05-17
16:00,24°C,23°C,290°20 Km/h,,29%,5°C,1010.0mb,,"document.write(Icons.GetShortDescription(1, 'CurrentWeather'));",2017-05-17
17:00,24°C,23°C,290°17 Km/h,,34%,7°C,1010.0mb,,"document.write(Icons.GetShortDescription(1, 'CurrentWeather'));",2017-05-17
18:00,22°C,21°C,300°17 Km/h,,36%,6°C,1010.0mb,,"document.write(Icons.GetShortDescription(1, 'CurrentWeather'));",2017-05-17
19:00,18°C,18°C,300°15 Km/h,,49%,7°C,1011.0mb,,"document.write(Icons.GetShortDescription(1, 'CurrentWeather'));",2017-05-17
20:00,16°C,16°C,310°9 Km/h,,52%,6°C,1012.0mb,,"document.write(Icons.GetShortDescription(1, 'CurrentWeather'));",2017-05-17
21:00,16°C,16°C,290°6 Km/h,,45%,4°C,1013.0mb,,"document.write(Icons.GetShortDescription(1, 'CurrentWeather'));",2017-05-17
22:00,15°C,15°C,Calm,,55%,6°C,1013.0mb,,"document.write(Icons.GetShortDescription(1, 'CurrentWeather'));",2017-05-17
23:00,15°C,15°C,240°2 Km/h,,42%,2°C,1014.0mb,,"document.write(Icons.GetShortDescription(1, 'CurrentWeather'));",2017-05-17
