Time,Temperature,Relative Temperature,Wind,Wind Gust,Rel. humidity,Dew Point,Pressure,Icon,DescriptionDetails,date
00:00,-8°C,-14°C,310°13 Km/h,,45%,-18°C,1032.0mb,,"document.write(Icons.GetShortDescription(1, 'CurrentWeather'));",2017-02-02
01:00,-9°C,-14°C,320°9 Km/h,,48%,-18°C,1032.0mb,,"document.write(Icons.GetShortDescription(1, 'CurrentWeather'));",2017-02-02
02:00,-9°C,-14°C,320°9 Km/h,,48%,-18°C,1032.0mb,,"document.write(Icons.GetShortDescription(1, 'CurrentWeather'));",2017-02-02
03:00,-8°C,-12°C,330°7 Km/h,,45%,-18°C,1032.0mb,,"document.write(Icons.GetShortDescription(1, 'CurrentWeather'));",2017-02-02
04:00,-9°C,-9°C,340°2 Km/h,,48%,-18°C,1032.0mb,,"document.write(Icons.GetShortDescription(1, 'CurrentWeather'));",2017-02-02
05:00,-9°C,-9°C,100°2 Km/h,,45%,-19°C,1032.0mb,,"document.write(Icons.GetShortDescription(1, 'CurrentWeather'));",2017-02-02
06:00,-10°C,-10°C,Calm,,52%,-18°C,1032.0mb,,"document.write(Icons.GetShortDescription(1, 'CurrentWeather'));",2017-02-02
07:00,-10°C,-10°C,60°2 Km/h,,57%,-17°C,1033.0mb,,"document.write(Icons.GetShortDescription(1, 'CurrentWeather'));",2017-02-02
08:00,-9°C,-9°C,Calm,,57%,-16°C,1033.0mb,,"document.write(Icons.GetShortDescription(1, 'CurrentWeather'));",2017-02-02
09:00,-6°C,-6°C,140°4 Km/h,,45%,-16°C,1033.0mb,,"document.write(Icons.GetShortDescription(1, 'CurrentWeather'));",2017-02-02
10:00,-4°C,-4°C,230°4 Km/h,,30%,-19°C,1033.0mb,,"document.write(Icons.GetShortDescription(1, 'CurrentWeather'));",2017-02-02
11:00,-2°C,-2°C,340°4 Km/h,,29%,-18°C,1033.0mb,,"document.write(Icons.GetShortDescription(1, 'CurrentWeather'));",2017-02-02
12:00,0°C,-3°C,310°7 Km/h,,27%,-17°C,1032.0mb,,"document.write(Icons.GetShortDescription(1, 'CurrentWeather'));",2017-02-02
13:00,1°C,-3°C,290°13 Km/h,,35%,-13°C,1031.0mb,,"document.write(Icons.GetShortDescription(1, 'CurrentWeather'));",2017-02-02
14:00,2°C,-2°C,290°15 Km/h,,38%,-11°C,1030.0mb,,"document.write(Icons.GetShortDescription(1, 'CurrentWeather'));",2017-02-02
15:00,2°C,-2°C,280°17 Km/h,,44%,-9°C,1029.0mb,,"document.write(Icons.GetShortDescription(1, 'CurrentWeather'));",2017-02-02
16:00,3°C,0°C,270°13 Km/h,,48%,-7°C,1029.0mb,,"document.write(Icons.GetShortDescription(2, 'CurrentWeather'));  Scattered Clouds at 760m",2017-02-02
17:00,3°C,0°C,260°11 Km/h,,48%,-7°C,1028.0mb,,"document.write(Icons.GetShortDescription(2, 'CurrentWeather'));  Scattered Clouds at 760m",2017-02-02
18:00,2°C,0°C,250°7 Km/h,,56%,-6°C,1028.0mb,,"document.write(Icons.GetShortDescription(2, 'CurrentWeather'));  Scattered Clouds at 760m",2017-02-02
19:00,1°C,-2°C,250°9 Km/h,,65%,-5°C,1028.0mb,,"document.write(Icons.GetShortDescription(2, 'CurrentWeather'));  Few Clouds at 760m",2017-02-02
20:00,1°C,-2°C,250°9 Km/h,,65%,-5°C,1028.0mb,,"document.write(Icons.GetShortDescription(1, 'CurrentWeather'));",2017-02-02
21:00,1°C,-2°C,260°9 Km/h,,65%,-5°C,1028.0mb,,"document.write(Icons.GetShortDescription(1, 'CurrentWeather'));",2017-02-02
22:00,1°C,-2°C,270°11 Km/h,,70%,-4°C,1028.0mb,,"document.write(Icons.GetShortDescription(1, 'CurrentWeather'));",2017-02-02
23:00,0°C,-2°C,280°6 Km/h,,75%,-4°C,1028.0mb,,"document.write(Icons.GetShortDescription(1, 'CurrentWeather'));",2017-02-02
