Time,Temperature,Relative Temperature,Wind,Wind Gust,Rel. humidity,Dew Point,Pressure,Icon,DescriptionDetails,date
00:00,-10°C,-15°C,340°9 Km/h,,34%,-23°C,1029.0mb,,"document.write(Icons.GetShortDescription(1, 'CurrentWeather'));",2017-01-15
01:00,-10°C,-16°C,330°11 Km/h,,41%,-21°C,1029.0mb,,"document.write(Icons.GetShortDescription(1, 'CurrentWeather'));",2017-01-15
02:00,-10°C,-13°C,300°6 Km/h,,34%,-23°C,1030.0mb,,"document.write(Icons.GetShortDescription(1, 'CurrentWeather'));",2017-01-15
03:00,-11°C,-17°C,310°13 Km/h,,44%,-21°C,1030.0mb,,"document.write(Icons.GetShortDescription(1, 'CurrentWeather'));",2017-01-15
04:00,-10°C,-16°C,360°13 Km/h,,41%,-21°C,1030.0mb,,"document.write(Icons.GetShortDescription(1, 'CurrentWeather'));",2017-01-15
05:00,-11°C,-17°C,340°11 Km/h,,44%,-21°C,1030.0mb,,"document.write(Icons.GetShortDescription(1, 'CurrentWeather'));",2017-01-15
06:00,-10°C,-15°C,350°9 Km/h,,44%,-20°C,1030.0mb,,"document.write(Icons.GetShortDescription(1, 'CurrentWeather'));",2017-01-15
07:00,-11°C,-16°C,350°9 Km/h,,44%,-21°C,1030.0mb,,"document.write(Icons.GetShortDescription(1, 'CurrentWeather'));",2017-01-15
08:00,-11°C,-11°C,310°4 Km/h,,48%,-20°C,1031.0mb,,"document.write(Icons.GetShortDescription(1, 'CurrentWeather'));",2017-01-15
09:00,-9°C,-12°C,320°6 Km/h,,41%,-20°C,1030.0mb,,"document.write(Icons.GetShortDescription(1, 'CurrentWeather'));",2017-01-15
10:00,-7°C,-13°C,350°15 Km/h,,35%,-20°C,1031.0mb,,"document.write(Icons.GetShortDescription(1, 'CurrentWeather'));",2017-01-15
11:00,-6°C,-11°C,350°13 Km/h,,32%,-20°C,1030.0mb,,"document.write(Icons.GetShortDescription(1, 'CurrentWeather'));",2017-01-15
12:00,-4°C,-9°C,330°13 Km/h,,28%,-20°C,1029.0mb,,"document.write(Icons.GetShortDescription(1, 'CurrentWeather'));",2017-01-15
13:00,-3°C,-7°C,350°9 Km/h,,28%,-19°C,1028.0mb,,"document.write(Icons.GetShortDescription(1, 'CurrentWeather'));",2017-01-15
14:00,-2°C,-7°C,340°15 Km/h,,24%,-20°C,1027.0mb,,"document.write(Icons.GetShortDescription(1, 'CurrentWeather'));",2017-01-15
15:00,-1°C,-5°C,320°13 Km/h,,22%,-20°C,1027.0mb,,"document.write(Icons.GetShortDescription(1, 'CurrentWeather'));",2017-01-15
16:00,-1°C,-6°C,340°15 Km/h,,22%,-20°C,1027.0mb,,"document.write(Icons.GetShortDescription(1, 'CurrentWeather'));",2017-01-15
17:00,-2°C,-6°C,320°11 Km/h,,24%,-20°C,1027.0mb,,"document.write(Icons.GetShortDescription(1, 'CurrentWeather'));",2017-01-15
18:00,-3°C,-6°C,230°7 Km/h,,36%,-16°C,1027.0mb,,"document.write(Icons.GetShortDescription(1, 'CurrentWeather'));",2017-01-15
19:00,-4°C,-6°C,230°6 Km/h,,42%,-15°C,1027.0mb,,"document.write(Icons.GetShortDescription(1, 'CurrentWeather'));",2017-01-15
20:00,-6°C,-9°C,350°6 Km/h,,49%,-15°C,1027.0mb,,"document.write(Icons.GetShortDescription(1, 'CurrentWeather'));",2017-01-15
21:00,-5°C,-9°C,330°9 Km/h,,42%,-16°C,1027.0mb,,"document.write(Icons.GetShortDescription(1, 'CurrentWeather'));",2017-01-15
22:00,-6°C,-11°C,340°11 Km/h,,38%,-18°C,1027.0mb,,"document.write(Icons.GetShortDescription(1, 'CurrentWeather'));",2017-01-15
23:00,-6°C,-12°C,350°15 Km/h,,45%,-16°C,1027.0mb,,"document.write(Icons.GetShortDescription(1, 'CurrentWeather'));",2017-01-15
