Time,Temperature,Relative Temperature,Wind,Wind Gust,Rel. humidity,Dew Point,Pressure,Icon,DescriptionDetails,date
00:00,19°C,19°C,60°9 Km/h,,56%,10°C,1012.0mb,,"document.write(Icons.GetShortDescription(2, 'CurrentWeather'));  Few Clouds at 1200m, Scattered Clouds at 6100m",2017-09-17
01:00,19°C,19°C,30°9 Km/h,,60%,11°C,1012.0mb,,"document.write(Icons.GetShortDescription(2, 'CurrentWeather'));  Few Clouds at 1200m, Scattered Clouds at 6100m",2017-09-17
02:00,18°C,18°C,10°13 Km/h,,64%,11°C,1011.0mb,,"document.write(Icons.GetShortDescription(1, 'CurrentWeather'));",2017-09-17
03:00,18°C,18°C,20°13 Km/h,,64%,11°C,1011.0mb,,"document.write(Icons.GetShortDescription(1, 'CurrentWeather'));",2017-09-17
04:00,18°C,18°C,10°15 Km/h,,64%,11°C,1010.0mb,,"document.write(Icons.GetShortDescription(3, 'CurrentWeather'));  Few Clouds at 1200m, Broken Clouds at 6100m",2017-09-17
05:00,18°C,18°C,10°15 Km/h,,64%,11°C,1010.0mb,,"document.write(Icons.GetShortDescription(3, 'CurrentWeather'));  Scattered Clouds at 1200m, Broken Clouds at 6100m",2017-09-17
06:00,18°C,18°C,20°11 Km/h,,64%,11°C,1010.0mb,,"document.write(Icons.GetShortDescription(3, 'CurrentWeather'));  Scattered Clouds at 1200m, Broken Clouds at 6100m",2017-09-17
07:00,18°C,18°C,10°9 Km/h,,64%,11°C,1010.0mb,,"document.write(Icons.GetShortDescription(3, 'CurrentWeather'));  Scattered Clouds at 1200m, Broken Clouds at 6100m",2017-09-17
08:00,19°C,19°C,340°17 Km/h,,64%,12°C,1010.0mb,,"document.write(Icons.GetShortDescription(3, 'CurrentWeather'));  Few Clouds at 1200m, Broken Clouds at 6100m",2017-09-17
09:00,21°C,21°C,350°11 Km/h,,64%,14°C,1010.0mb,,"document.write(Icons.GetShortDescription(3, 'CurrentWeather'));  Few Clouds at 1200m, Broken Clouds at 6100m",2017-09-17
10:00,22°C,22°C,10°13 Km/h,,57%,13°C,1009.0mb,,"document.write(Icons.GetShortDescription(3, 'CurrentWeather'));  Few Clouds at 1200m, Broken Clouds at 6100m",2017-09-17
11:00,25°C,25°C,10°6 Km/h,,51%,14°C,1008.0mb,,"document.write(Icons.GetShortDescription(1, 'CurrentWeather'));",2017-09-17
12:00,26°C,26°C,20°7 Km/h,,48%,14°C,1007.0mb,,"document.write(Icons.GetShortDescription(1, 'CurrentWeather'));",2017-09-17
13:00,27°C,27°C,10°17 Km/h,,42%,13°C,1007.0mb,,"document.write(Icons.GetShortDescription(1, 'CurrentWeather'));",2017-09-17
14:00,28°C,28°C,20°13 Km/h,,40%,13°C,1006.0mb,,"document.write(Icons.GetShortDescription(2, 'CurrentWeather'));  Few Clouds at 1200m",2017-09-17
15:00,28°C,28°C,10°17 Km/h,,40%,13°C,1005.0mb,,"document.write(Icons.GetShortDescription(2, 'CurrentWeather'));  Few Clouds at 1200m",2017-09-17
16:00,28°C,28°C,360°20 Km/h,,40%,13°C,1005.0mb,,"document.write(Icons.GetShortDescription(2, 'CurrentWeather'));  Few Clouds at 1200m",2017-09-17
17:00,27°C,27°C,360°22 Km/h,,39%,12°C,1004.0mb,,"document.write(Icons.GetShortDescription(2, 'CurrentWeather'));  Few Clouds at 1200m",2017-09-17
18:00,25°C,25°C,10°22 Km/h,,42%,11°C,1005.0mb,,"document.write(Icons.GetShortDescription(2, 'CurrentWeather'));  Few Clouds at 1200m",2017-09-17
19:00,23°C,23°C,20°13 Km/h,,47%,11°C,1005.0mb,,"document.write(Icons.GetShortDescription(2, 'CurrentWeather'));  Few Clouds at 1200m",2017-09-17
20:00,22°C,22°C,20°13 Km/h,,50%,11°C,1006.0mb,,"document.write(Icons.GetShortDescription(2, 'CurrentWeather'));  Few Clouds at 1200m",2017-09-17
21:00,21°C,21°C,360°7 Km/h,,53%,11°C,1006.0mb,,"document.write(Icons.GetShortDescription(2, 'CurrentWeather'));  Few Clouds at 1200m",2017-09-17
22:00,19°C,19°C,360°7 Km/h,,60%,11°C,1006.0mb,,"document.write(Icons.GetShortDescription(1, 'CurrentWeather'));",2017-09-17
23:00,18°C,18°C,330°9 Km/h,,64%,11°C,1007.0mb,,"document.write(Icons.GetShortDescription(1, 'CurrentWeather'));",2017-09-17
