Time,Temperature,Relative Temperature,Wind,Wind Gust,Rel. humidity,Dew Point,Pressure,Icon,DescriptionDetails,date
00:00,5°C,2°C,190°13 Km/h,,70%,0°C,1024.0mb,,"document.write(Icons.GetShortDescription(2, 'CurrentWeather'));  Scattered Clouds at 910m Haze",2017-12-23
01:00,4°C,1°C,190°11 Km/h,,75%,0°C,1024.0mb,,"document.write(Icons.GetShortDescription(2, 'CurrentWeather'));  Scattered Clouds at 910m Haze",2017-12-23
02:00,4°C,1°C,190°13 Km/h,,75%,0°C,1024.0mb,,"document.write(Icons.GetShortDescription(2, 'CurrentWeather'));  Scattered Clouds at 910m Haze",2017-12-23
03:00,4°C,1°C,200°11 Km/h,,75%,0°C,1024.0mb,,"document.write(Icons.GetShortDescription(2, 'CurrentWeather'));  Scattered Clouds at 910m Haze",2017-12-23
04:00,3°C,0°C,210°11 Km/h,,81%,0°C,1024.0mb,,"document.write(Icons.GetShortDescription(2, 'CurrentWeather'));  Scattered Clouds at 910m Haze",2017-12-23
05:00,3°C,0°C,210°9 Km/h,,81%,0°C,1024.0mb,,"document.write(Icons.GetShortDescription(2, 'CurrentWeather'));  Scattered Clouds at 760m Haze",2017-12-23
06:00,1°C,-1°C,200°7 Km/h,,81%,-2°C,1024.0mb,,"document.write(Icons.GetShortDescription(2, 'CurrentWeather'));  Scattered Clouds at 760m Haze",2017-12-23
07:00,3°C,3°C,260°4 Km/h,,81%,0°C,1024.0mb,,"document.write(Icons.GetShortDescription(3, 'CurrentWeather'));  Scattered Clouds at 300m, Broken Clouds at 610m Haze",2017-12-23
08:00,3°C,0°C,170°9 Km/h,,81%,0°C,1024.0mb,,"document.write(Icons.GetShortDescription(3, 'CurrentWeather'));  Scattered Clouds at 300m, Broken Clouds at 610m Haze",2017-12-23
09:00,4°C,2°C,190°9 Km/h,,81%,1°C,1024.0mb,,"document.write(Icons.GetShortDescription(3, 'CurrentWeather'));  Scattered Clouds at 300m, Broken Clouds at 610m Haze",2017-12-23
10:00,5°C,3°C,180°7 Km/h,,81%,2°C,1025.0mb,,"document.write(Icons.GetShortDescription(3, 'CurrentWeather'));  Scattered Clouds at 300m, Broken Clouds at 610m Haze",2017-12-23
11:00,6°C,4°C,150°7 Km/h,,76%,2°C,1025.0mb,,"document.write(Icons.GetShortDescription(3, 'CurrentWeather'));  Scattered Clouds at 300m, Broken Clouds at 610m Haze",2017-12-23
12:00,8°C,7°C,180°6 Km/h,,66%,2°C,1023.0mb,,"document.write(Icons.GetShortDescription(3, 'CurrentWeather'));  Broken Clouds at 910m Haze",2017-12-23
13:00,9°C,7°C,200°11 Km/h,,58%,1°C,1023.0mb,,"document.write(Icons.GetShortDescription(2, 'CurrentWeather'));  Scattered Clouds at 910m Haze",2017-12-23
14:00,9°C,8°C,190°9 Km/h,,58%,1°C,1022.0mb,,"document.write(Icons.GetShortDescription(2, 'CurrentWeather'));  Scattered Clouds at 910m Haze",2017-12-23
15:00,9°C,8°C,180°9 Km/h,,54%,0°C,1021.0mb,,"document.write(Icons.GetShortDescription(2, 'CurrentWeather'));  Few Clouds at 910m Haze",2017-12-23
16:00,9°C,8°C,200°6 Km/h,,58%,1°C,1021.0mb,,"document.write(Icons.GetShortDescription(2, 'CurrentWeather'));  Scattered Clouds at 910m Haze",2017-12-23
17:00,8°C,8°C,240°2 Km/h,,62%,1°C,1022.0mb,,"document.write(Icons.GetShortDescription(3, 'CurrentWeather'));  Broken Clouds at 910m Haze",2017-12-23
18:00,7°C,7°C,320°2 Km/h,,61%,0°C,1022.0mb,,"document.write(Icons.GetShortDescription(3, 'CurrentWeather'));  Broken Clouds at 610m Haze",2017-12-23
19:00,5°C,4°C,290°6 Km/h,,70%,0°C,1022.0mb,,"document.write(Icons.GetShortDescription(3, 'CurrentWeather'));  Broken Clouds at 610m Haze",2017-12-23
20:00,5°C,5°C,60°2 Km/h,,70%,0°C,1022.0mb,,"document.write(Icons.GetShortDescription(3, 'CurrentWeather'));  Broken Clouds at 610m Haze",2017-12-23
21:00,5°C,5°C,220°4 Km/h,,70%,0°C,1021.0mb,,"document.write(Icons.GetShortDescription(4, 'CurrentWeather'));  Broken Clouds at 610m, Cloudy at 3700m Haze",2017-12-23
22:00,4°C,4°C,Calm,,75%,0°C,1021.0mb,,"document.write(Icons.GetShortDescription(4, 'CurrentWeather'));  Few Clouds at 300m, Broken Clouds at 610m, Cloudy at 3700m Haze",2017-12-23
23:00,4°C,4°C,40°4 Km/h,,75%,0°C,1021.0mb,,"document.write(Icons.GetShortDescription(4, 'CurrentWeather'));  Few Clouds at 300m, Broken Clouds at 610m, Cloudy at 3000m Haze",2017-12-23
