Time,Temperature,Relative Temperature,Wind,Wind Gust,Rel. humidity,Dew Point,Pressure,Icon,DescriptionDetails,date
00:00,10°C,10°C,310°4 Km/h,,76%,6°C,1025.0mb,,"document.write(Icons.GetShortDescription(1, 'CurrentWeather'));",2017-10-25
01:00,9°C,9°C,360°2 Km/h,,76%,5°C,1025.0mb,,"document.write(Icons.GetShortDescription(1, 'CurrentWeather'));",2017-10-25
02:00,8°C,8°C,340°4 Km/h,,82%,5°C,1025.0mb,,"document.write(Icons.GetShortDescription(1, 'CurrentWeather'));  Haze",2017-10-25
03:00,7°C,7°C,320°4 Km/h,,81%,4°C,1025.0mb,,"document.write(Icons.GetShortDescription(2, 'CurrentWeather'));  Few Clouds at 60m Partial Fog",2017-10-25
04:00,7°C,7°C,360°4 Km/h,,81%,4°C,1025.0mb,,"document.write(Icons.GetShortDescription(2, 'CurrentWeather'));  Few Clouds at 60m Partial Fog",2017-10-25
05:00,7°C,7°C,330°4 Km/h,,81%,4°C,1025.0mb,,"document.write(Icons.GetShortDescription(2, 'CurrentWeather'));  Few Clouds at 150m Partial Fog",2017-10-25
06:00,6°C,6°C,320°4 Km/h,,81%,3°C,1026.0mb,,"document.write(Icons.GetShortDescription(2, 'CurrentWeather'));  Few Clouds at 150m Partial Fog",2017-10-25
07:00,7°C,7°C,330°4 Km/h,,81%,4°C,1026.0mb,,"document.write(Icons.GetShortDescription(2, 'CurrentWeather'));  Few Clouds at 150m Partial Fog",2017-10-25
08:00,9°C,8°C,300°7 Km/h,,87%,7°C,1027.0mb,,"document.write(Icons.GetShortDescription(1, 'CurrentWeather'));  Haze",2017-10-25
09:00,12°C,12°C,340°6 Km/h,,82%,9°C,1027.0mb,,"document.write(Icons.GetShortDescription(1, 'CurrentWeather'));  Haze",2017-10-25
10:00,15°C,15°C,10°2 Km/h,,77%,11°C,1027.0mb,,"document.write(Icons.GetShortDescription(1, 'CurrentWeather'));",2017-10-25
11:00,16°C,16°C,340°6 Km/h,,72%,11°C,1026.0mb,,"document.write(Icons.GetShortDescription(2, 'CurrentWeather'));  Few Clouds at 910m",2017-10-25
12:00,17°C,17°C,320°7 Km/h,,64%,10°C,1026.0mb,,"document.write(Icons.GetShortDescription(2, 'CurrentWeather'));  Few Clouds at 910m",2017-10-25
13:00,18°C,18°C,340°13 Km/h,,49%,7°C,1025.0mb,,"document.write(Icons.GetShortDescription(1, 'CurrentWeather'));",2017-10-25
14:00,19°C,19°C,330°15 Km/h,,43%,6°C,1024.0mb,,"document.write(Icons.GetShortDescription(1, 'CurrentWeather'));",2017-10-25
15:00,19°C,19°C,290°13 Km/h,,37%,4°C,1024.0mb,,"document.write(Icons.GetShortDescription(1, 'CurrentWeather'));",2017-10-25
16:00,18°C,18°C,270°11 Km/h,,43%,5°C,1024.0mb,,"document.write(Icons.GetShortDescription(1, 'CurrentWeather'));",2017-10-25
17:00,16°C,16°C,280°11 Km/h,,48%,5°C,1024.0mb,,"document.write(Icons.GetShortDescription(1, 'CurrentWeather'));",2017-10-25
18:00,15°C,15°C,260°6 Km/h,,51%,5°C,1024.0mb,,"document.write(Icons.GetShortDescription(1, 'CurrentWeather'));",2017-10-25
19:00,14°C,14°C,260°6 Km/h,,55%,5°C,1024.0mb,,"document.write(Icons.GetShortDescription(1, 'CurrentWeather'));",2017-10-25
20:00,13°C,13°C,260°2 Km/h,,63%,6°C,1024.0mb,,"document.write(Icons.GetShortDescription(1, 'CurrentWeather'));",2017-10-25
21:00,11°C,11°C,70°6 Km/h,,67%,5°C,1024.0mb,,"document.write(Icons.GetShortDescription(1, 'CurrentWeather'));",2017-10-25
22:00,12°C,12°C,310°6 Km/h,,67%,6°C,1024.0mb,,"document.write(Icons.GetShortDescription(1, 'CurrentWeather'));",2017-10-25
23:00,11°C,11°C,50°4 Km/h,,72%,6°C,1024.0mb,,"document.write(Icons.GetShortDescription(1, 'CurrentWeather'));",2017-10-25
