Time,Temperature,Relative Temperature,Wind,Wind Gust,Rel. humidity,Dew Point,Pressure,Icon,DescriptionDetails,date
00:00,28°C,31°C,200°7 Km/h,,70%,22°C,1007.0mb,,"document.write(Icons.GetShortDescription(1, 'CurrentWeather'));",2017-07-21
01:00,28°C,31°C,200°4 Km/h,,70%,22°C,1007.0mb,,"document.write(Icons.GetShortDescription(1, 'CurrentWeather'));",2017-07-21
02:00,28°C,31°C,190°9 Km/h,,70%,22°C,1006.0mb,,"document.write(Icons.GetShortDescription(2, 'CurrentWeather'));  Few Clouds at 1100m",2017-07-21
03:00,27°C,30°C,190°11 Km/h,,79%,23°C,1006.0mb,,"document.write(Icons.GetShortDescription(2, 'CurrentWeather'));  Few Clouds at 1100m",2017-07-21
04:00,27°C,30°C,200°11 Km/h,,79%,23°C,1006.0mb,,"document.write(Icons.GetShortDescription(2, 'CurrentWeather'));  Few Clouds at 1100m",2017-07-21
05:00,27°C,30°C,200°11 Km/h,,79%,23°C,1007.0mb,,"document.write(Icons.GetShortDescription(2, 'CurrentWeather'));  Few Clouds at 460m, Scattered Clouds at 1100m Haze",2017-07-21
06:00,27°C,30°C,200°4 Km/h,,79%,23°C,1007.0mb,,"document.write(Icons.GetShortDescription(3, 'CurrentWeather'));  Few Clouds at 460m, Broken Clouds at 910m Haze",2017-07-21
07:00,27°C,30°C,190°9 Km/h,,79%,23°C,1007.0mb,,"document.write(Icons.GetShortDescription(3, 'CurrentWeather'));  Scattered Clouds at 300m, Broken Clouds at 910m Haze",2017-07-21
08:00,28°C,32°C,200°7 Km/h,,79%,24°C,1008.0mb,,"document.write(Icons.GetShortDescription(3, 'CurrentWeather'));  Few Clouds at 300m, Broken Clouds at 910m Haze",2017-07-21
09:00,29°C,34°C,210°13 Km/h,,74%,24°C,1008.0mb,,"document.write(Icons.GetShortDescription(3, 'CurrentWeather'));  Few Clouds at 300m, Broken Clouds at 760m, Broken Clouds at 4600m Haze",2017-07-21
10:00,30°C,36°C,210°15 Km/h,,75%,25°C,1008.0mb,,"document.write(Icons.GetShortDescription(3, 'CurrentWeather'));  Few Clouds at 460m, Broken Clouds at 1100m, Broken Clouds at 4600m",2017-07-21
11:00,32°C,39°C,200°15 Km/h,,67%,25°C,1007.0mb,,"document.write(Icons.GetShortDescription(3, 'CurrentWeather'));  Broken Clouds at 760m",2017-07-21
12:00,32°C,38°C,240°13 Km/h,,63%,24°C,1008.0mb,,"document.write(Icons.GetShortDescription(3, 'CurrentWeather'));  Broken Clouds at 1100m",2017-07-21
13:00,31°C,35°C,250°11 Km/h,,62%,23°C,1008.0mb,,"document.write(Icons.GetShortDescription(4, 'CurrentWeather'));  Broken Clouds at 910m, Cloudy at 3700m",2017-07-21
14:00,31°C,37°C,260°11 Km/h,,66%,24°C,1008.0mb,,"document.write(Icons.GetShortDescription(4, 'CurrentWeather'));  Broken Clouds at 760m, Cloudy at 3700m",2017-07-21
15:00,32°C,38°C,230°13 Km/h,,63%,24°C,1008.0mb,,"document.write(Icons.GetShortDescription(4, 'CurrentWeather'));  Broken Clouds at 760m, Cloudy at 3700m",2017-07-21
16:00,32°C,39°C,220°15 Km/h,,67%,25°C,1007.0mb,,"document.write(Icons.GetShortDescription(4, 'CurrentWeather'));  Scattered Clouds at 760m, Broken Clouds at 3000m, Cloudy at 6100m",2017-07-21
17:00,32°C,38°C,240°11 Km/h,,63%,24°C,1007.0mb,,"document.write(Icons.GetShortDescription(3, 'CurrentWeather'));  Few Clouds at 1100m, Broken Clouds at 5500m",2017-07-21
18:00,30°C,35°C,250°9 Km/h,,70%,24°C,1008.0mb,,"document.write(Icons.GetShortDescription(3, 'CurrentWeather'));  Few Clouds at 1100m, Broken Clouds at 5500m",2017-07-21
19:00,30°C,35°C,230°11 Km/h,,70%,24°C,1008.0mb,,"document.write(Icons.GetShortDescription(3, 'CurrentWeather'));  Scattered Clouds at 1100m, Broken Clouds at 5500m",2017-07-21
20:00,29°C,34°C,230°7 Km/h,,74%,24°C,1008.0mb,,"document.write(Icons.GetShortDescription(3, 'CurrentWeather'));  Scattered Clouds at 1100m, Broken Clouds at 5500m",2017-07-21
21:00,29°C,34°C,250°6 Km/h,,74%,24°C,1009.0mb,,"document.write(Icons.GetShortDescription(3, 'CurrentWeather'));  Scattered Clouds at 1100m, Broken Clouds at 5500m",2017-07-21
22:00,29°C,34°C,260°2 Km/h,,74%,24°C,1009.0mb,,"document.write(Icons.GetShortDescription(3, 'CurrentWeather'));  Scattered Clouds at 1100m, Broken Clouds at 5500m",2017-07-21
23:00,29°C,34°C,270°4 Km/h,,74%,24°C,1010.0mb,,"document.write(Icons.GetShortDescription(3, 'CurrentWeather'));  Few Clouds at 1100m, Broken Clouds at 5500m",2017-07-21
