Time,Temperature,Relative Temperature,Wind,Wind Gust,Rel. humidity,Dew Point,Pressure,Icon,DescriptionDetails,date
00:00,-5°C,-8°C,350°7 Km/h,,63%,-11°C,1027.0mb,,"document.write(Icons.GetShortDescription(2, 'CurrentWeather'));  Few Clouds at 760m",2017-12-16
01:00,-5°C,-8°C,340°7 Km/h,,68%,-10°C,1027.0mb,,"document.write(Icons.GetShortDescription(2, 'CurrentWeather'));  Few Clouds at 760m",2017-12-16
02:00,-6°C,-11°C,330°11 Km/h,,68%,-11°C,1027.0mb,,"document.write(Icons.GetShortDescription(2, 'CurrentWeather'));  Few Clouds at 760m Haze",2017-12-16
03:00,-5°C,-5°C,320°4 Km/h,,68%,-10°C,1027.0mb,,"document.write(Icons.GetShortDescription(2, 'CurrentWeather'));  Few Clouds at 760m Haze",2017-12-16
04:00,-7°C,-13°C,320°13 Km/h,,73%,-11°C,1027.0mb,,"document.write(Icons.GetShortDescription(1, 'CurrentWeather'));  Haze",2017-12-16
05:00,-6°C,-11°C,330°13 Km/h,,63%,-12°C,1026.0mb,,"document.write(Icons.GetShortDescription(1, 'CurrentWeather'));",2017-12-16
06:00,-7°C,-13°C,310°13 Km/h,,63%,-13°C,1027.0mb,,"document.write(Icons.GetShortDescription(1, 'CurrentWeather'));",2017-12-16
07:00,-8°C,-14°C,330°13 Km/h,,62%,-14°C,1027.0mb,,"document.write(Icons.GetShortDescription(1, 'CurrentWeather'));",2017-12-16
08:00,-8°C,-14°C,300°13 Km/h,,58%,-15°C,1028.0mb,,"document.write(Icons.GetShortDescription(1, 'CurrentWeather'));",2017-12-16
09:00,-6°C,-12°C,310°17 Km/h,,49%,-15°C,1028.0mb,,"document.write(Icons.GetShortDescription(1, 'CurrentWeather'));",2017-12-16
10:00,-5°C,-11°C,320°15 Km/h,,42%,-16°C,1029.0mb,,"document.write(Icons.GetShortDescription(1, 'CurrentWeather'));",2017-12-16
11:00,-4°C,-8°C,330°11 Km/h,,36%,-17°C,1029.0mb,,"document.write(Icons.GetShortDescription(1, 'CurrentWeather'));",2017-12-16
12:00,-4°C,-11°C,350°24 Km/h,,28%,-20°C,1028.0mb,,"document.write(Icons.GetShortDescription(1, 'CurrentWeather'));",2017-12-16
13:00,-4°C,-10°C,340°19 Km/h,,28%,-20°C,1027.0mb,,"document.write(Icons.GetShortDescription(1, 'CurrentWeather'));",2017-12-16
14:00,-2°C,-9°C,340°26 Km/h,,24%,-20°C,1026.0mb,,"document.write(Icons.GetShortDescription(1, 'CurrentWeather'));",2017-12-16
15:00,-3°C,-10°C,340°30 Km/h,,24%,-21°C,1026.0mb,,"document.write(Icons.GetShortDescription(1, 'CurrentWeather'));",2017-12-16
16:00,-3°C,-9°C,330°20 Km/h,,24%,-21°C,1026.0mb,,"document.write(Icons.GetShortDescription(1, 'CurrentWeather'));",2017-12-16
17:00,-5°C,-12°C,330°22 Km/h,,28%,-21°C,1027.0mb,,"document.write(Icons.GetShortDescription(2, 'CurrentWeather'));  Few Clouds at 910m",2017-12-16
18:00,-6°C,-12°C,320°15 Km/h,,30%,-21°C,1028.0mb,,"document.write(Icons.GetShortDescription(2, 'CurrentWeather'));  Few Clouds at 910m",2017-12-16
19:00,-6°C,-12°C,340°17 Km/h,,32%,-20°C,1029.0mb,,"document.write(Icons.GetShortDescription(2, 'CurrentWeather'));  Few Clouds at 910m",2017-12-16
20:00,-8°C,-14°C,340°15 Km/h,,41%,-19°C,1030.0mb,,"document.write(Icons.GetShortDescription(2, 'CurrentWeather'));  Few Clouds at 910m",2017-12-16
21:00,-8°C,-13°C,330°11 Km/h,,41%,-19°C,1030.0mb,,"document.write(Icons.GetShortDescription(1, 'CurrentWeather'));",2017-12-16
22:00,-8°C,-14°C,330°13 Km/h,,41%,-19°C,1030.0mb,,"document.write(Icons.GetShortDescription(1, 'CurrentWeather'));",2017-12-16
23:00,-8°C,-14°C,340°13 Km/h,,38%,-20°C,1031.0mb,,"document.write(Icons.GetShortDescription(1, 'CurrentWeather'));",2017-12-16
