Time,Temperature,Relative Temperature,Wind,Wind Gust,Rel. humidity,Dew Point,Pressure,Icon,DescriptionDetails,date
00:00,16°C,16°C,290°6 Km/h,,52%,6°C,1010.0mb,,"document.write(Icons.GetShortDescription(1, 'CurrentWeather'));",2017-06-04
01:00,16°C,16°C,Calm,,52%,6°C,1010.0mb,,"document.write(Icons.GetShortDescription(1, 'CurrentWeather'));",2017-06-04
02:00,15°C,15°C,300°6 Km/h,,59%,7°C,1010.0mb,,"document.write(Icons.GetShortDescription(1, 'CurrentWeather'));",2017-06-04
03:00,15°C,15°C,320°4 Km/h,,59%,7°C,1010.0mb,,"document.write(Icons.GetShortDescription(1, 'CurrentWeather'));",2017-06-04
04:00,15°C,15°C,310°6 Km/h,,59%,7°C,1010.0mb,,"document.write(Icons.GetShortDescription(1, 'CurrentWeather'));",2017-06-04
05:00,12°C,12°C,270°2 Km/h,,67%,6°C,1011.0mb,,"document.write(Icons.GetShortDescription(1, 'CurrentWeather'));",2017-06-04
06:00,14°C,14°C,310°4 Km/h,,67%,8°C,1011.0mb,,"document.write(Icons.GetShortDescription(1, 'CurrentWeather'));",2017-06-04
07:00,17°C,17°C,330°4 Km/h,,56%,8°C,1011.0mb,,"document.write(Icons.GetShortDescription(1, 'CurrentWeather'));",2017-06-04
08:00,20°C,20°C,30°7 Km/h,,40%,6°C,1012.0mb,,"document.write(Icons.GetShortDescription(1, 'CurrentWeather'));",2017-06-04
09:00,22°C,21°C,10°6 Km/h,,36%,6°C,1012.0mb,,"document.write(Icons.GetShortDescription(1, 'CurrentWeather'));",2017-06-04
10:00,23°C,22°C,310°7 Km/h,,31%,5°C,1012.0mb,,"document.write(Icons.GetShortDescription(1, 'CurrentWeather'));",2017-06-04
11:00,25°C,24°C,350°11 Km/h,,26%,4°C,1011.0mb,,"document.write(Icons.GetShortDescription(1, 'CurrentWeather'));",2017-06-04
12:00,27°C,26°C,310°17 Km/h,,24%,5°C,1011.0mb,,"document.write(Icons.GetShortDescription(2, 'CurrentWeather'));  Few Clouds at 910m",2017-06-04
13:00,26°C,25°C,290°19 Km/h,,26%,5°C,1011.0mb,,"document.write(Icons.GetShortDescription(2, 'CurrentWeather'));  Few Clouds at 910m",2017-06-04
14:00,27°C,26°C,270°19 Km/h,,23%,4°C,1011.0mb,,"document.write(Icons.GetShortDescription(2, 'CurrentWeather'));  Few Clouds at 760m",2017-06-04
15:00,26°C,25°C,280°22 Km/h,,23%,3°C,1011.0mb,,"document.write(Icons.GetShortDescription(2, 'CurrentWeather'));  Few Clouds at 760m",2017-06-04
16:00,26°C,25°C,270°20 Km/h,,23%,3°C,1010.0mb,,"document.write(Icons.GetShortDescription(1, 'CurrentWeather'));",2017-06-04
17:00,25°C,24°C,280°24 Km/h,,24%,3°C,1010.0mb,,"document.write(Icons.GetShortDescription(1, 'CurrentWeather'));",2017-06-04
18:00,24°C,23°C,290°24 Km/h,,24%,2°C,1010.0mb,,"document.write(Icons.GetShortDescription(1, 'CurrentWeather'));",2017-06-04
19:00,23°C,22°C,270°17 Km/h,,29%,4°C,1011.0mb,,"document.write(Icons.GetShortDescription(1, 'CurrentWeather'));",2017-06-04
20:00,21°C,21°C,280°13 Km/h,,38%,6°C,1012.0mb,,"document.write(Icons.GetShortDescription(1, 'CurrentWeather'));",2017-06-04
21:00,20°C,20°C,300°11 Km/h,,43%,7°C,1013.0mb,,"document.write(Icons.GetShortDescription(1, 'CurrentWeather'));",2017-06-04
22:00,19°C,19°C,240°6 Km/h,,49%,8°C,1013.0mb,,"document.write(Icons.GetShortDescription(1, 'CurrentWeather'));",2017-06-04
23:00,18°C,18°C,360°7 Km/h,,56%,9°C,1014.0mb,,"document.write(Icons.GetShortDescription(1, 'CurrentWeather'));",2017-06-04
