Time,Temperature,Relative Temperature,Wind,Wind Gust,Rel. humidity,Dew Point,Pressure,Icon,DescriptionDetails,date
00:00,-1°C,-1°C,210°4 Km/h,,55%,-9°C,1018.0mb,,"document.write(Icons.GetShortDescription(3, 'CurrentWeather'));  Scattered Clouds at 910m, Broken Clouds at 5500m",2017-12-10
01:00,-1°C,-1°C,180°2 Km/h,,59%,-8°C,1018.0mb,,"document.write(Icons.GetShortDescription(3, 'CurrentWeather'));  Scattered Clouds at 910m, Broken Clouds at 5500m",2017-12-10
02:00,-2°C,-2°C,160°4 Km/h,,64%,-8°C,1017.0mb,,"document.write(Icons.GetShortDescription(3, 'CurrentWeather'));  Broken Clouds at 910m, Broken Clouds at 5500m",2017-12-10
03:00,-1°C,-1°C,170°4 Km/h,,64%,-7°C,1017.0mb,,"document.write(Icons.GetShortDescription(3, 'CurrentWeather'));  Scattered Clouds at 910m, Broken Clouds at 5500m",2017-12-10
04:00,1°C,-1°C,130°7 Km/h,,60%,-6°C,1015.0mb,,"document.write(Icons.GetShortDescription(4, 'CurrentWeather'));  Scattered Clouds at 910m, Cloudy at 3000m",2017-12-10
05:00,1°C,-3°C,140°13 Km/h,,65%,-5°C,1015.0mb,,"document.write(Icons.GetShortDescription(26, 'CurrentWeather'));  Broken Clouds at 760m, Cloudy at 3000m Light Rain and Snowfall",2017-12-10
05:38,0°C,-4°C,130°15 Km/h,,75%,-4°C,1014.0mb,,"document.write(Icons.GetShortDescription(26, 'CurrentWeather'));  Few Clouds at 300m, Broken Clouds at 760m, Cloudy at 2400m Light Rain and Snowfall, Haze",2017-12-10
06:00,0°C,-4°C,110°13 Km/h,,80%,-3°C,1014.0mb,,"document.write(Icons.GetShortDescription(26, 'CurrentWeather'));  Few Clouds at 300m, Broken Clouds at 760m, Cloudy at 2400m Light Snowfall, Haze",2017-12-10
07:00,0°C,-3°C,130°9 Km/h,,87%,-2°C,1013.0mb,,"document.write(Icons.GetShortDescription(26, 'CurrentWeather'));  Few Clouds at 300m, Broken Clouds at 760m, Cloudy at 2400m Light Snowfall, Haze",2017-12-10
08:00,0°C,-4°C,150°15 Km/h,,80%,-3°C,1013.0mb,,"document.write(Icons.GetShortDescription(7, 'CurrentWeather'));  Few Clouds at 300m, Broken Clouds at 760m, Cloudy at 2400m Light Rain, Haze",2017-12-10
09:00,1°C,1°C,190°4 Km/h,,81%,-2°C,1013.0mb,,"document.write(Icons.GetShortDescription(7, 'CurrentWeather'));  Few Clouds at 300m, Broken Clouds at 760m, Cloudy at 2400m Light Rain, Haze",2017-12-10
10:00,1°C,-2°C,150°9 Km/h,,87%,-1°C,1013.0mb,,"document.write(Icons.GetShortDescription(7, 'CurrentWeather'));  Few Clouds at 300m, Broken Clouds at 760m, Cloudy at 2400m Light Rain, Haze",2017-12-10
11:00,3°C,3°C,230°2 Km/h,,87%,1°C,1012.0mb,,"document.write(Icons.GetShortDescription(4, 'CurrentWeather'));  Few Clouds at 300m, Broken Clouds at 910m, Cloudy at 2400m Haze",2017-12-10
11:21,4°C,3°C,160°6 Km/h,,81%,1°C,1012.0mb,,"document.write(Icons.GetShortDescription(4, 'CurrentWeather'));  Scattered Clouds at 910m, Cloudy at 3000m Haze",2017-12-10
12:00,6°C,5°C,160°6 Km/h,,81%,3°C,1011.0mb,,"document.write(Icons.GetShortDescription(3, 'CurrentWeather'));  Scattered Clouds at 910m, Broken Clouds at 3000m Haze",2017-12-10
13:00,8°C,8°C,230°4 Km/h,,76%,4°C,1010.0mb,,"document.write(Icons.GetShortDescription(2, 'CurrentWeather'));  Scattered Clouds at 910m",2017-12-10
13:27,8°C,5°C,270°22 Km/h,,66%,2°C,1010.0mb,,"document.write(Icons.GetShortDescription(2, 'CurrentWeather'));  Few Clouds at 910m",2017-12-10
14:00,8°C,4°C,270°24 Km/h,,57%,0°C,1010.0mb,,"document.write(Icons.GetShortDescription(3, 'CurrentWeather'));  Few Clouds at 910m, Broken Clouds at 910m",2017-12-10
15:00,7°C,4°C,300°17 Km/h,,61%,0°C,1010.0mb,,"document.write(Icons.GetShortDescription(2, 'CurrentWeather'));  Scattered Clouds at 910m",2017-12-10
16:00,6°C,2°C,290°28 Km/h,,61%,-1°C,1011.0mb,,"document.write(Icons.GetShortDescription(2, 'CurrentWeather'));  Scattered Clouds at 910m",2017-12-10
17:00,3°C,-3°C,330°30 Km/h,,60%,-4°C,1013.0mb,,"document.write(Icons.GetShortDescription(2, 'CurrentWeather'));  Scattered Clouds at 910m",2017-12-10
18:00,2°C,-3°C,320°26 Km/h,,52%,-7°C,1014.0mb,,"document.write(Icons.GetShortDescription(2, 'CurrentWeather'));  Scattered Clouds at 910m",2017-12-10
19:00,1°C,-5°C,330°26 Km/h,,56%,-7°C,1016.0mb,,"document.write(Icons.GetShortDescription(2, 'CurrentWeather'));  Scattered Clouds at 910m",2017-12-10
20:00,0°C,-4°C,300°15 Km/h,,60%,-7°C,1017.0mb,,"document.write(Icons.GetShortDescription(2, 'CurrentWeather'));  Few Clouds at 910m",2017-12-10
21:00,0°C,-3°C,280°9 Km/h,,60%,-7°C,1018.0mb,,"document.write(Icons.GetShortDescription(2, 'CurrentWeather'));  Few Clouds at 910m",2017-12-10
22:00,-1°C,-7°C,320°20 Km/h,,55%,-9°C,1019.0mb,,"document.write(Icons.GetShortDescription(2, 'CurrentWeather'));  Scattered Clouds at 910m",2017-12-10
23:00,-2°C,-8°C,320°24 Km/h,,43%,-13°C,1020.0mb,,"document.write(Icons.GetShortDescription(2, 'CurrentWeather'));  Few Clouds at 910m",2017-12-10
