Time,Temperature,Relative Temperature,Wind,Wind Gust,Rel. humidity,Dew Point,Pressure,Icon,DescriptionDetails,date
00:00,9°C,9°C,350°2 Km/h,,82%,6°C,1014.0mb,,"document.write(Icons.GetShortDescription(1, 'CurrentWeather'));  Haze",2017-04-08
01:00,9°C,9°C,270°2 Km/h,,76%,5°C,1013.0mb,,"document.write(Icons.GetShortDescription(1, 'CurrentWeather'));  Haze",2017-04-08
02:00,9°C,8°C,310°6 Km/h,,82%,6°C,1014.0mb,,"document.write(Icons.GetShortDescription(1, 'CurrentWeather'));  Haze",2017-04-08
03:00,9°C,8°C,190°7 Km/h,,82%,6°C,1014.0mb,,"document.write(Icons.GetShortDescription(1, 'CurrentWeather'));  Haze",2017-04-08
04:00,9°C,8°C,200°6 Km/h,,76%,5°C,1014.0mb,,"document.write(Icons.GetShortDescription(1, 'CurrentWeather'));  Haze",2017-04-08
05:00,7°C,5°C,320°13 Km/h,,87%,5°C,1014.0mb,,"document.write(Icons.GetShortDescription(3, 'CurrentWeather'));  Few Clouds at 90m, Broken Clouds at 5500m Partial Fog",2017-04-08
05:20,7°C,5°C,320°13 Km/h,,87%,5°C,1014.0mb,,"document.write(Icons.GetShortDescription(3, 'CurrentWeather'));  Scattered Clouds at 30m, Broken Clouds at 300m Fog",2017-04-08
05:38,7°C,5°C,310°13 Km/h,,87%,5°C,1014.0mb,,"document.write(Icons.GetShortDescription(4, 'CurrentWeather'));  Limited visibility at 30m Fog",2017-04-08
06:00,7°C,6°C,280°6 Km/h,,87%,5°C,1014.0mb,,"document.write(Icons.GetShortDescription(4, 'CurrentWeather'));  Limited visibility at 30m Fog",2017-04-08
06:26,7°C,6°C,290°6 Km/h,,87%,5°C,1014.0mb,,"document.write(Icons.GetShortDescription(4, 'CurrentWeather'));  Limited visibility at 60m Fog",2017-04-08
07:00,8°C,8°C,260°2 Km/h,,87%,6°C,1014.0mb,,"document.write(Icons.GetShortDescription(3, 'CurrentWeather'));  Broken Clouds at 60m, Broken Clouds at 300m Haze",2017-04-08
08:00,8°C,8°C,340°4 Km/h,,87%,6°C,1014.0mb,,"document.write(Icons.GetShortDescription(3, 'CurrentWeather'));  Broken Clouds at 150m Haze",2017-04-08
09:00,9°C,9°C,150°2 Km/h,,82%,6°C,1015.0mb,,"document.write(Icons.GetShortDescription(3, 'CurrentWeather'));  Broken Clouds at 150m Haze",2017-04-08
10:00,10°C,10°C,320°6 Km/h,,76%,6°C,1014.0mb,,"document.write(Icons.GetShortDescription(3, 'CurrentWeather'));  Broken Clouds at 300m Haze",2017-04-08
11:00,12°C,12°C,270°6 Km/h,,72%,7°C,1014.0mb,,"document.write(Icons.GetShortDescription(2, 'CurrentWeather'));  Few Clouds at 300m, Scattered Clouds at 610m Haze",2017-04-08
12:00,13°C,13°C,320°7 Km/h,,67%,7°C,1013.0mb,,"document.write(Icons.GetShortDescription(1, 'CurrentWeather'));  Haze",2017-04-08
13:00,16°C,16°C,330°11 Km/h,,59%,8°C,1013.0mb,,"document.write(Icons.GetShortDescription(1, 'CurrentWeather'));  Haze",2017-04-08
14:00,17°C,17°C,310°13 Km/h,,56%,8°C,1012.0mb,,"document.write(Icons.GetShortDescription(1, 'CurrentWeather'));",2017-04-08
15:00,17°C,17°C,300°17 Km/h,,59%,9°C,1011.0mb,,"document.write(Icons.GetShortDescription(1, 'CurrentWeather'));",2017-04-08
16:00,15°C,15°C,300°19 Km/h,,63%,8°C,1011.0mb,,"document.write(Icons.GetShortDescription(1, 'CurrentWeather'));",2017-04-08
17:00,12°C,12°C,300°15 Km/h,,72%,7°C,1011.0mb,,"document.write(Icons.GetShortDescription(1, 'CurrentWeather'));",2017-04-08
18:00,12°C,12°C,310°15 Km/h,,72%,7°C,1011.0mb,,"document.write(Icons.GetShortDescription(1, 'CurrentWeather'));",2017-04-08
19:00,11°C,11°C,330°7 Km/h,,72%,6°C,1011.0mb,,"document.write(Icons.GetShortDescription(1, 'CurrentWeather'));",2017-04-08
20:00,10°C,10°C,330°4 Km/h,,76%,6°C,1011.0mb,,"document.write(Icons.GetShortDescription(1, 'CurrentWeather'));  Haze",2017-04-08
21:00,9°C,8°C,320°9 Km/h,,82%,6°C,1012.0mb,,"document.write(Icons.GetShortDescription(1, 'CurrentWeather'));  Haze",2017-04-08
22:00,10°C,9°C,320°7 Km/h,,76%,6°C,1012.0mb,,"document.write(Icons.GetShortDescription(1, 'CurrentWeather'));  Haze",2017-04-08
23:00,10°C,9°C,350°7 Km/h,,76%,6°C,1013.0mb,,"document.write(Icons.GetShortDescription(7, 'CurrentWeather'));  Scattered Clouds at 760m, Cloudy at 2400m Light Rain, Haze",2017-04-08
