Time,Temperature,Relative Temperature,Wind,Wind Gust,Rel. humidity,Dew Point,Pressure,Icon,DescriptionDetails,date
00:00,15°C,15°C,330°31 Km/h,,39%,1°C,1015.0mb,,"document.write(Icons.GetShortDescription(3, 'CurrentWeather'));  Broken Clouds at 910m",2017-05-06
01:00,14°C,14°C,330°30 Km/h,,31%,-3°C,1016.0mb,,"document.write(Icons.GetShortDescription(2, 'CurrentWeather'));  Scattered Clouds at 910m",2017-05-06
02:00,13°C,13°C,330°22 Km/h,,28%,-5°C,1016.0mb,,"document.write(Icons.GetShortDescription(2, 'CurrentWeather'));  Few Clouds at 910m",2017-05-06
03:00,12°C,12°C,320°7 Km/h,,28%,-6°C,1015.0mb,,"document.write(Icons.GetShortDescription(2, 'CurrentWeather'));  Few Clouds at 910m",2017-05-06
04:00,11°C,11°C,120°2 Km/h,,32%,-5°C,1015.0mb,,"document.write(Icons.GetShortDescription(1, 'CurrentWeather'));",2017-05-06
05:00,9°C,8°C,220°6 Km/h,,54%,0°C,1015.0mb,,"document.write(Icons.GetShortDescription(1, 'CurrentWeather'));",2017-05-06
06:00,8°C,8°C,320°2 Km/h,,53%,-1°C,1016.0mb,,"document.write(Icons.GetShortDescription(1, 'CurrentWeather'));",2017-05-06
07:00,12°C,12°C,130°2 Km/h,,38%,-2°C,1016.0mb,,"document.write(Icons.GetShortDescription(1, 'CurrentWeather'));",2017-05-06
08:00,15°C,15°C,200°13 Km/h,,23%,-6°C,1016.0mb,,"document.write(Icons.GetShortDescription(1, 'CurrentWeather'));",2017-05-06
09:00,16°C,16°C,220°19 Km/h,,20%,-7°C,1016.0mb,,"document.write(Icons.GetShortDescription(1, 'CurrentWeather'));",2017-05-06
10:00,17°C,17°C,230°20 Km/h,,17%,-8°C,1016.0mb,,"document.write(Icons.GetShortDescription(1, 'CurrentWeather'));",2017-05-06
11:00,18°C,18°C,210°28 Km/h,,21%,-5°C,1016.0mb,,"document.write(Icons.GetShortDescription(1, 'CurrentWeather'));",2017-05-06
12:00,18°C,18°C,250°30 Km/h,,21%,-5°C,1016.0mb,,"document.write(Icons.GetShortDescription(1, 'CurrentWeather'));",2017-05-06
13:00,17°C,17°C,250°31 Km/h,,24%,-4°C,1016.0mb,,"document.write(Icons.GetShortDescription(1, 'CurrentWeather'));",2017-05-06
14:00,18°C,18°C,240°30 Km/h,,34%,2°C,1015.0mb,,"document.write(Icons.GetShortDescription(1, 'CurrentWeather'));",2017-05-06
15:00,18°C,18°C,240°31 Km/h,,37%,3°C,1015.0mb,,"document.write(Icons.GetShortDescription(1, 'CurrentWeather'));",2017-05-06
16:00,18°C,18°C,260°26 Km/h,,32%,1°C,1014.0mb,,"document.write(Icons.GetShortDescription(1, 'CurrentWeather'));",2017-05-06
17:00,18°C,18°C,240°28 Km/h,,37%,3°C,1013.0mb,,"document.write(Icons.GetShortDescription(1, 'CurrentWeather'));",2017-05-06
18:00,16°C,16°C,240°28 Km/h,,42%,3°C,1014.0mb,,"document.write(Icons.GetShortDescription(1, 'CurrentWeather'));",2017-05-06
19:00,15°C,15°C,240°20 Km/h,,48%,4°C,1014.0mb,,"document.write(Icons.GetShortDescription(1, 'CurrentWeather'));",2017-05-06
20:00,15°C,15°C,260°15 Km/h,,39%,1°C,1015.0mb,,"document.write(Icons.GetShortDescription(1, 'CurrentWeather'));",2017-05-06
21:00,14°C,14°C,270°13 Km/h,,39%,0°C,1016.0mb,,"document.write(Icons.GetShortDescription(1, 'CurrentWeather'));",2017-05-06
22:00,13°C,13°C,230°7 Km/h,,44%,1°C,1016.0mb,,"document.write(Icons.GetShortDescription(1, 'CurrentWeather'));",2017-05-06
23:00,13°C,13°C,220°6 Km/h,,41%,0°C,1016.0mb,,"document.write(Icons.GetShortDescription(1, 'CurrentWeather'));",2017-05-06
