Time,Temperature,Relative Temperature,Wind,Wind Gust,Rel. humidity,Dew Point,Pressure,Icon,DescriptionDetails,date
00:00,-3°C,-3°C,180°2 Km/h,,64%,-9°C,1023.0mb,,"document.write(Icons.GetShortDescription(3, 'CurrentWeather'));  Broken Clouds at 910m",2017-12-26
01:00,-2°C,-2°C,220°4 Km/h,,59%,-9°C,1023.0mb,,"document.write(Icons.GetShortDescription(3, 'CurrentWeather'));  Broken Clouds at 910m",2017-12-26
02:00,-4°C,-4°C,20°4 Km/h,,69%,-9°C,1023.0mb,,"document.write(Icons.GetShortDescription(2, 'CurrentWeather'));  Few Clouds at 910m",2017-12-26
03:00,-4°C,-4°C,350°4 Km/h,,69%,-9°C,1023.0mb,,"document.write(Icons.GetShortDescription(2, 'CurrentWeather'));  Scattered Clouds at 910m",2017-12-26
04:00,-5°C,-5°C,Calm,,74%,-9°C,1023.0mb,,"document.write(Icons.GetShortDescription(2, 'CurrentWeather'));  Few Clouds at 910m",2017-12-26
05:00,-4°C,-4°C,330°4 Km/h,,74%,-8°C,1023.0mb,,"document.write(Icons.GetShortDescription(1, 'CurrentWeather'));",2017-12-26
06:00,-5°C,-8°C,350°6 Km/h,,80%,-8°C,1023.0mb,,"document.write(Icons.GetShortDescription(1, 'CurrentWeather'));",2017-12-26
07:00,-4°C,-8°C,330°11 Km/h,,74%,-8°C,1024.0mb,,"document.write(Icons.GetShortDescription(1, 'CurrentWeather'));",2017-12-26
08:00,-4°C,-8°C,330°11 Km/h,,69%,-9°C,1024.0mb,,"document.write(Icons.GetShortDescription(1, 'CurrentWeather'));",2017-12-26
09:00,-2°C,-5°C,290°9 Km/h,,64%,-8°C,1025.0mb,,"document.write(Icons.GetShortDescription(1, 'CurrentWeather'));",2017-12-26
10:00,-2°C,-8°C,340°22 Km/h,,43%,-13°C,1025.0mb,,"document.write(Icons.GetShortDescription(1, 'CurrentWeather'));",2017-12-26
11:00,-2°C,-8°C,320°24 Km/h,,29%,-18°C,1026.0mb,,"document.write(Icons.GetShortDescription(1, 'CurrentWeather'));",2017-12-26
12:00,-2°C,-8°C,320°22 Km/h,,29%,-18°C,1025.0mb,,"document.write(Icons.GetShortDescription(1, 'CurrentWeather'));",2017-12-26
13:00,-2°C,-8°C,330°20 Km/h,,29%,-18°C,1025.0mb,,"document.write(Icons.GetShortDescription(1, 'CurrentWeather'));",2017-12-26
14:00,-2°C,-9°C,320°28 Km/h,,22%,-21°C,1025.0mb,,"document.write(Icons.GetShortDescription(1, 'CurrentWeather'));",2017-12-26
15:00,-2°C,-8°C,290°20 Km/h,,24%,-20°C,1025.0mb,,"document.write(Icons.GetShortDescription(1, 'CurrentWeather'));",2017-12-26
16:00,-2°C,-8°C,310°24 Km/h,,22%,-21°C,1026.0mb,,"document.write(Icons.GetShortDescription(1, 'CurrentWeather'));",2017-12-26
17:00,-4°C,-11°C,320°22 Km/h,,21%,-23°C,1026.0mb,,"document.write(Icons.GetShortDescription(1, 'CurrentWeather'));",2017-12-26
18:00,-5°C,-11°C,310°15 Km/h,,23%,-23°C,1027.0mb,,"document.write(Icons.GetShortDescription(1, 'CurrentWeather'));",2017-12-26
19:00,-6°C,-11°C,320°13 Km/h,,32%,-20°C,1028.0mb,,"document.write(Icons.GetShortDescription(1, 'CurrentWeather'));",2017-12-26
20:00,-6°C,-13°C,320°24 Km/h,,32%,-20°C,1028.0mb,,"document.write(Icons.GetShortDescription(1, 'CurrentWeather'));",2017-12-26
21:00,-7°C,-14°C,320°19 Km/h,,35%,-20°C,1029.0mb,,"document.write(Icons.GetShortDescription(1, 'CurrentWeather'));",2017-12-26
22:00,-8°C,-14°C,320°15 Km/h,,38%,-20°C,1029.0mb,,"document.write(Icons.GetShortDescription(1, 'CurrentWeather'));",2017-12-26
23:00,-8°C,-14°C,310°13 Km/h,,38%,-20°C,1030.0mb,,"document.write(Icons.GetShortDescription(1, 'CurrentWeather'));",2017-12-26
