Time,Temperature,Relative Temperature,Wind,Wind Gust,Rel. humidity,Dew Point,Pressure,Icon,DescriptionDetails,date
00:00,21°C,21°C,350°4 Km/h,,73%,16°C,1011.0mb,,"document.write(Icons.GetShortDescription(1, 'CurrentWeather'));",2017-08-26
01:00,21°C,21°C,360°6 Km/h,,73%,16°C,1010.0mb,,"document.write(Icons.GetShortDescription(1, 'CurrentWeather'));",2017-08-26
02:00,21°C,21°C,320°6 Km/h,,78%,17°C,1011.0mb,,"document.write(Icons.GetShortDescription(1, 'CurrentWeather'));",2017-08-26
03:00,19°C,19°C,310°7 Km/h,,83%,16°C,1011.0mb,,"document.write(Icons.GetShortDescription(1, 'CurrentWeather'));",2017-08-26
04:00,18°C,18°C,360°9 Km/h,,83%,15°C,1012.0mb,,"document.write(Icons.GetShortDescription(1, 'CurrentWeather'));",2017-08-26
05:00,18°C,18°C,330°7 Km/h,,83%,15°C,1012.0mb,,"document.write(Icons.GetShortDescription(1, 'CurrentWeather'));",2017-08-26
06:00,17°C,17°C,10°2 Km/h,,83%,14°C,1012.0mb,,"document.write(Icons.GetShortDescription(1, 'CurrentWeather'));",2017-08-26
07:00,20°C,20°C,310°4 Km/h,,83%,17°C,1013.0mb,,"document.write(Icons.GetShortDescription(1, 'CurrentWeather'));",2017-08-26
08:00,22°C,22°C,360°4 Km/h,,78%,18°C,1013.0mb,,"document.write(Icons.GetShortDescription(1, 'CurrentWeather'));",2017-08-26
09:00,25°C,25°C,10°2 Km/h,,61%,17°C,1014.0mb,,"document.write(Icons.GetShortDescription(1, 'CurrentWeather'));",2017-08-26
10:00,26°C,26°C,310°2 Km/h,,45%,13°C,1014.0mb,,"document.write(Icons.GetShortDescription(1, 'CurrentWeather'));",2017-08-26
11:00,27°C,27°C,20°6 Km/h,,37%,11°C,1015.0mb,,"document.write(Icons.GetShortDescription(1, 'CurrentWeather'));",2017-08-26
12:00,27°C,27°C,290°11 Km/h,,37%,11°C,1014.0mb,,"document.write(Icons.GetShortDescription(1, 'CurrentWeather'));",2017-08-26
13:00,28°C,27°C,270°11 Km/h,,35%,11°C,1014.0mb,,"document.write(Icons.GetShortDescription(1, 'CurrentWeather'));",2017-08-26
14:00,28°C,27°C,250°13 Km/h,,37%,12°C,1014.0mb,,"document.write(Icons.GetShortDescription(1, 'CurrentWeather'));",2017-08-26
15:00,28°C,27°C,290°13 Km/h,,37%,12°C,1014.0mb,,"document.write(Icons.GetShortDescription(1, 'CurrentWeather'));",2017-08-26
16:00,28°C,27°C,270°17 Km/h,,35%,11°C,1014.0mb,,"document.write(Icons.GetShortDescription(1, 'CurrentWeather'));",2017-08-26
17:00,27°C,27°C,290°11 Km/h,,39%,12°C,1014.0mb,,"document.write(Icons.GetShortDescription(1, 'CurrentWeather'));",2017-08-26
18:00,26°C,26°C,280°15 Km/h,,42%,12°C,1014.0mb,,"document.write(Icons.GetShortDescription(1, 'CurrentWeather'));",2017-08-26
19:00,25°C,25°C,280°11 Km/h,,47%,13°C,1014.0mb,,"document.write(Icons.GetShortDescription(1, 'CurrentWeather'));",2017-08-26
20:00,24°C,24°C,260°9 Km/h,,57%,15°C,1015.0mb,,"document.write(Icons.GetShortDescription(1, 'CurrentWeather'));",2017-08-26
21:00,24°C,24°C,280°6 Km/h,,61%,16°C,1015.0mb,,"document.write(Icons.GetShortDescription(1, 'CurrentWeather'));",2017-08-26
22:00,22°C,22°C,330°2 Km/h,,65%,15°C,1015.0mb,,"document.write(Icons.GetShortDescription(1, 'CurrentWeather'));",2017-08-26
23:00,21°C,21°C,330°6 Km/h,,73%,16°C,1015.0mb,,"document.write(Icons.GetShortDescription(1, 'CurrentWeather'));",2017-08-26
