Time,Temperature,Relative Temperature,Wind,Wind Gust,Rel. humidity,Dew Point,Pressure,Icon,DescriptionDetails,date
00:00,26°C,28°C,110°7 Km/h,,84%,23°C,1008.0mb,,"document.write(Icons.GetShortDescription(3, 'CurrentWeather'));  Broken Clouds at 910m",2017-07-29
01:00,25°C,26°C,80°6 Km/h,,89%,23°C,1008.0mb,,"document.write(Icons.GetShortDescription(3, 'CurrentWeather'));  Broken Clouds at 910m, Broken Clouds at 3700m",2017-07-29
02:00,26°C,28°C,40°4 Km/h,,84%,23°C,1008.0mb,,"document.write(Icons.GetShortDescription(3, 'CurrentWeather'));  Broken Clouds at 910m, Broken Clouds at 3700m",2017-07-29
03:00,25°C,26°C,20°7 Km/h,,89%,23°C,1007.0mb,,"document.write(Icons.GetShortDescription(3, 'CurrentWeather'));  Few Clouds at 460m, Broken Clouds at 910m, Broken Clouds at 3700m",2017-07-29
04:00,25°C,26°C,60°4 Km/h,,89%,23°C,1007.0mb,,"document.write(Icons.GetShortDescription(3, 'CurrentWeather'));  Few Clouds at 460m, Broken Clouds at 910m, Broken Clouds at 3700m",2017-07-29
05:00,25°C,26°C,20°6 Km/h,,89%,23°C,1007.0mb,,"document.write(Icons.GetShortDescription(3, 'CurrentWeather'));  Few Clouds at 460m, Broken Clouds at 760m, Broken Clouds at 3700m",2017-07-29
06:00,25°C,26°C,50°4 Km/h,,89%,23°C,1008.0mb,,"document.write(Icons.GetShortDescription(3, 'CurrentWeather'));  Broken Clouds at 760m, Broken Clouds at 3700m",2017-07-29
07:00,26°C,28°C,90°11 Km/h,,79%,22°C,1008.0mb,,"document.write(Icons.GetShortDescription(4, 'CurrentWeather'));  Broken Clouds at 760m, Cloudy at 3700m",2017-07-29
08:00,26°C,28°C,80°9 Km/h,,79%,22°C,1008.0mb,,"document.write(Icons.GetShortDescription(4, 'CurrentWeather'));  Broken Clouds at 910m, Cloudy at 3700m",2017-07-29
09:00,27°C,29°C,70°9 Km/h,,74%,22°C,1008.0mb,,"document.write(Icons.GetShortDescription(4, 'CurrentWeather'));  Broken Clouds at 910m, Cloudy at 3700m",2017-07-29
10:00,27°C,29°C,70°9 Km/h,,74%,22°C,1008.0mb,,"document.write(Icons.GetShortDescription(4, 'CurrentWeather'));  Broken Clouds at 910m, Cloudy at 3700m",2017-07-29
11:00,28°C,31°C,80°13 Km/h,,70%,22°C,1008.0mb,,"document.write(Icons.GetShortDescription(4, 'CurrentWeather'));  Scattered Clouds at 910m, Cloudy at 3000m",2017-07-29
12:00,28°C,31°C,110°17 Km/h,,70%,22°C,1008.0mb,,"document.write(Icons.GetShortDescription(4, 'CurrentWeather'));  Few Clouds at 910m, Cloudy at 3000m",2017-07-29
13:00,29°C,33°C,110°13 Km/h,,70%,23°C,1007.0mb,,"document.write(Icons.GetShortDescription(4, 'CurrentWeather'));  Broken Clouds at 910m, Cloudy at 3000m",2017-07-29
14:00,29°C,32°C,110°13 Km/h,,66%,22°C,1007.0mb,,"document.write(Icons.GetShortDescription(4, 'CurrentWeather'));  Broken Clouds at 910m, Cloudy at 3700m",2017-07-29
15:00,30°C,33°C,120°13 Km/h,,62%,22°C,1007.0mb,,"document.write(Icons.GetShortDescription(4, 'CurrentWeather'));  Broken Clouds at 1100m, Cloudy at 3700m",2017-07-29
16:00,30°C,33°C,110°13 Km/h,,62%,22°C,1006.0mb,,"document.write(Icons.GetShortDescription(3, 'CurrentWeather'));  Broken Clouds at 1100m, Broken Clouds at 3700m",2017-07-29
17:00,30°C,36°C,110°15 Km/h,,75%,25°C,1006.0mb,,"document.write(Icons.GetShortDescription(3, 'CurrentWeather'));  Scattered Clouds at 1100m, Broken Clouds at 3400m",2017-07-29
18:00,30°C,35°C,120°19 Km/h,,70%,24°C,1006.0mb,,"document.write(Icons.GetShortDescription(3, 'CurrentWeather'));  Few Clouds at 1100m, Broken Clouds at 3000m",2017-07-29
19:00,29°C,32°C,140°19 Km/h,,66%,22°C,1006.0mb,,"document.write(Icons.GetShortDescription(3, 'CurrentWeather'));  Broken Clouds at 1400m",2017-07-29
20:00,28°C,30°C,130°19 Km/h,,62%,20°C,1006.0mb,,"document.write(Icons.GetShortDescription(2, 'CurrentWeather'));  Few Clouds at 1400m",2017-07-29
21:00,28°C,30°C,120°17 Km/h,,62%,20°C,1007.0mb,,"document.write(Icons.GetShortDescription(1, 'CurrentWeather'));",2017-07-29
22:00,27°C,29°C,130°13 Km/h,,70%,21°C,1007.0mb,,"document.write(Icons.GetShortDescription(1, 'CurrentWeather'));",2017-07-29
23:00,27°C,29°C,120°13 Km/h,,70%,21°C,1007.0mb,,"document.write(Icons.GetShortDescription(1, 'CurrentWeather'));",2017-07-29
