Time,Temperature,Relative Temperature,Wind,Wind Gust,Rel. humidity,Dew Point,Pressure,Icon,DescriptionDetails,date
00:00,6°C,6°C,60°2 Km/h,,71%,1°C,1018.0mb,,"document.write(Icons.GetShortDescription(3, 'CurrentWeather'));  Scattered Clouds at 760m, Broken Clouds at 3700m",2017-04-01
01:00,4°C,2°C,340°7 Km/h,,75%,0°C,1018.0mb,,"document.write(Icons.GetShortDescription(3, 'CurrentWeather'));  Scattered Clouds at 760m, Broken Clouds at 3700m",2017-04-01
02:00,4°C,4°C,350°4 Km/h,,81%,1°C,1018.0mb,,"document.write(Icons.GetShortDescription(3, 'CurrentWeather'));  Scattered Clouds at 760m, Broken Clouds at 3700m",2017-04-01
03:00,4°C,2°C,320°7 Km/h,,81%,1°C,1017.0mb,,"document.write(Icons.GetShortDescription(2, 'CurrentWeather'));  Scattered Clouds at 760m",2017-04-01
04:00,3°C,1°C,340°7 Km/h,,81%,0°C,1017.0mb,,"document.write(Icons.GetShortDescription(2, 'CurrentWeather'));  Scattered Clouds at 760m",2017-04-01
05:00,2°C,0°C,320°7 Km/h,,87%,0°C,1017.0mb,,"document.write(Icons.GetShortDescription(2, 'CurrentWeather'));  Scattered Clouds at 760m",2017-04-01
05:20,2°C,0°C,330°6 Km/h,,81%,-1°C,1017.0mb,,"document.write(Icons.GetShortDescription(2, 'CurrentWeather'));  Scattered Clouds at 760m Haze",2017-04-01
06:00,2°C,0°C,320°6 Km/h,,81%,-1°C,1017.0mb,,"document.write(Icons.GetShortDescription(2, 'CurrentWeather'));  Scattered Clouds at 760m Haze",2017-04-01
07:00,3°C,3°C,320°4 Km/h,,81%,0°C,1017.0mb,,"document.write(Icons.GetShortDescription(2, 'CurrentWeather'));  Scattered Clouds at 760m Haze",2017-04-01
08:00,5°C,3°C,340°7 Km/h,,87%,3°C,1017.0mb,,"document.write(Icons.GetShortDescription(2, 'CurrentWeather'));  Scattered Clouds at 760m",2017-04-01
09:00,8°C,8°C,350°4 Km/h,,62%,1°C,1017.0mb,,"document.write(Icons.GetShortDescription(2, 'CurrentWeather'));  Few Clouds at 760m",2017-04-01
10:00,10°C,8°C,310°11 Km/h,,50%,0°C,1017.0mb,,"document.write(Icons.GetShortDescription(2, 'CurrentWeather'));  Few Clouds at 760m",2017-04-01
11:00,11°C,11°C,330°15 Km/h,,44%,-1°C,1017.0mb,,"document.write(Icons.GetShortDescription(2, 'CurrentWeather'));  Few Clouds at 760m",2017-04-01
12:00,12°C,12°C,330°17 Km/h,,41%,-1°C,1016.0mb,,"document.write(Icons.GetShortDescription(2, 'CurrentWeather'));  Scattered Clouds at 760m",2017-04-01
13:00,14°C,14°C,310°15 Km/h,,31%,-3°C,1015.0mb,,"document.write(Icons.GetShortDescription(2, 'CurrentWeather'));  Scattered Clouds at 760m",2017-04-01
14:00,13°C,13°C,300°15 Km/h,,36%,-2°C,1014.0mb,,"document.write(Icons.GetShortDescription(2, 'CurrentWeather'));  Scattered Clouds at 910m",2017-04-01
15:00,15°C,15°C,290°22 Km/h,,36%,0°C,1013.0mb,,"document.write(Icons.GetShortDescription(2, 'CurrentWeather'));  Few Clouds at 1100m",2017-04-01
16:00,11°C,11°C,210°6 Km/h,,38%,-3°C,1014.0mb,,"document.write(Icons.GetShortDescription(3, 'CurrentWeather'));  Broken Clouds at 610m",2017-04-01
17:00,11°C,11°C,290°26 Km/h,,47%,0°C,1014.0mb,,"document.write(Icons.GetShortDescription(2, 'CurrentWeather'));  Scattered Clouds at 910m",2017-04-01
18:00,11°C,11°C,260°13 Km/h,,41%,-2°C,1014.0mb,,"document.write(Icons.GetShortDescription(2, 'CurrentWeather'));  Few Clouds at 910m",2017-04-01
19:00,9°C,8°C,270°7 Km/h,,43%,-3°C,1014.0mb,,"document.write(Icons.GetShortDescription(1, 'CurrentWeather'));",2017-04-01
20:00,6°C,6°C,300°4 Km/h,,61%,-1°C,1015.0mb,,"document.write(Icons.GetShortDescription(1, 'CurrentWeather'));",2017-04-01
21:00,7°C,5°C,120°13 Km/h,,61%,0°C,1016.0mb,,"document.write(Icons.GetShortDescription(2, 'CurrentWeather'));  Few Clouds at 910m",2017-04-01
22:00,6°C,6°C,150°4 Km/h,,57%,-2°C,1017.0mb,,"document.write(Icons.GetShortDescription(2, 'CurrentWeather'));  Few Clouds at 910m",2017-04-01
23:00,7°C,4°C,110°15 Km/h,,57%,-1°C,1017.0mb,,"document.write(Icons.GetShortDescription(1, 'CurrentWeather'));",2017-04-01
