Time,Temperature,Relative Temperature,Wind,Wind Gust,Rel. humidity,Dew Point,Pressure,Icon,DescriptionDetails,date
00:00,5°C,2°C,210°15 Km/h,,87%,3°C,1006.0mb,,"document.write(Icons.GetShortDescription(7, 'CurrentWeather'));  Few Clouds at 180m, Broken Clouds at 610m, Cloudy at 2100m Light Rain, Haze",2017-02-20
01:00,6°C,6°C,220°4 Km/h,,87%,4°C,1006.0mb,,"document.write(Icons.GetShortDescription(7, 'CurrentWeather'));  Few Clouds at 90m, Broken Clouds at 610m, Cloudy at 2100m Light Rain, Haze",2017-02-20
02:00,5°C,2°C,290°13 Km/h,,87%,3°C,1007.0mb,,"document.write(Icons.GetShortDescription(4, 'CurrentWeather'));  Few Clouds at 90m, Broken Clouds at 610m, Cloudy at 2100m Partial Fog",2017-02-20
02:30,5°C,1°C,350°19 Km/h,,87%,3°C,1007.0mb,,"document.write(Icons.GetShortDescription(4, 'CurrentWeather'));  Few Clouds at 90m, Broken Clouds at 610m, Cloudy at 2100m Haze",2017-02-20
03:00,5°C,1°C,330°24 Km/h,,87%,3°C,1007.0mb,,"document.write(Icons.GetShortDescription(4, 'CurrentWeather'));  Few Clouds at 300m, Broken Clouds at 610m, Cloudy at 2100m",2017-02-20
04:00,3°C,-2°C,310°22 Km/h,,70%,-2°C,1008.0mb,,"document.write(Icons.GetShortDescription(4, 'CurrentWeather'));  Scattered Clouds at 300m, Broken Clouds at 760m, Cloudy at 2100m",2017-02-20
05:00,1°C,-5°C,320°24 Km/h,,75%,-3°C,1009.0mb,,"document.write(Icons.GetShortDescription(3, 'CurrentWeather'));  Scattered Clouds at 910m, Broken Clouds at 3700m",2017-02-20
06:00,0°C,-6°C,320°22 Km/h,,64%,-6°C,1010.0mb,,"document.write(Icons.GetShortDescription(3, 'CurrentWeather'));  Scattered Clouds at 910m, Broken Clouds at 3700m",2017-02-20
07:00,-1°C,-7°C,310°22 Km/h,,55%,-9°C,1011.0mb,,"document.write(Icons.GetShortDescription(2, 'CurrentWeather'));  Few Clouds at 910m, Scattered Clouds at 4900m",2017-02-20
08:00,-3°C,-9°C,310°20 Km/h,,54%,-11°C,1013.0mb,,"document.write(Icons.GetShortDescription(2, 'CurrentWeather'));  Few Clouds at 910m, Scattered Clouds at 4600m",2017-02-20
09:00,-3°C,-11°C,320°35 Km/h,,46%,-13°C,1014.0mb,,"document.write(Icons.GetShortDescription(2, 'CurrentWeather'));  Few Clouds at 910m",2017-02-20
10:00,-3°C,-10°C,330°28 Km/h,,43%,-14°C,1016.0mb,,"document.write(Icons.GetShortDescription(1, 'CurrentWeather'));",2017-02-20
11:00,-2°C,-9°C,320°31 Km/h,,43%,-13°C,1017.0mb,,"document.write(Icons.GetShortDescription(1, 'CurrentWeather'));",2017-02-20
12:00,-2°C,-10°C,320°35 Km/h,,40%,-14°C,1017.0mb,,"document.write(Icons.GetShortDescription(1, 'CurrentWeather'));",2017-02-20
13:00,-1°C,-8°C,330°31 Km/h,,40%,-13°C,1017.0mb,,"document.write(Icons.GetShortDescription(1, 'CurrentWeather'));",2017-02-20
14:00,0°C,-7°C,320°33 Km/h,,40%,-12°C,1018.0mb,,"document.write(Icons.GetShortDescription(1, 'CurrentWeather'));",2017-02-20
15:00,-1°C,-8°C,320°31 Km/h,,37%,-14°C,1019.0mb,,"document.write(Icons.GetShortDescription(1, 'CurrentWeather'));",2017-02-20
16:00,-1°C,-7°C,320°24 Km/h,,37%,-14°C,1020.0mb,,"document.write(Icons.GetShortDescription(1, 'CurrentWeather'));",2017-02-20
17:00,-2°C,-9°C,330°31 Km/h,,34%,-16°C,1021.0mb,,"document.write(Icons.GetShortDescription(1, 'CurrentWeather'));",2017-02-20
18:00,-3°C,-10°C,330°26 Km/h,,39%,-15°C,1022.0mb,,"document.write(Icons.GetShortDescription(1, 'CurrentWeather'));",2017-02-20
19:00,-3°C,-10°C,330°24 Km/h,,39%,-15°C,1024.0mb,,"document.write(Icons.GetShortDescription(1, 'CurrentWeather'));",2017-02-20
20:00,-4°C,-12°C,340°30 Km/h,,39%,-16°C,1025.0mb,,"document.write(Icons.GetShortDescription(1, 'CurrentWeather'));",2017-02-20
21:00,-4°C,-11°C,340°22 Km/h,,39%,-16°C,1026.0mb,,"document.write(Icons.GetShortDescription(1, 'CurrentWeather'));",2017-02-20
22:00,-5°C,-12°C,340°20 Km/h,,42%,-16°C,1027.0mb,,"document.write(Icons.GetShortDescription(1, 'CurrentWeather'));",2017-02-20
23:00,-5°C,-10°C,340°13 Km/h,,42%,-16°C,1029.0mb,,"document.write(Icons.GetShortDescription(1, 'CurrentWeather'));",2017-02-20
