Time,Temperature,Relative Temperature,Wind,Wind Gust,Rel. humidity,Dew Point,Pressure,Icon,DescriptionDetails,date
00:00,0°C,-3°C,320°9 Km/h,,75%,-4°C,1018.0mb,,"document.write(Icons.GetShortDescription(4, 'CurrentWeather'));  Few Clouds at 300m, Broken Clouds at 1200m, Cloudy at 2700m",2017-01-30
01:00,0°C,-4°C,290°15 Km/h,,75%,-4°C,1018.0mb,,"document.write(Icons.GetShortDescription(4, 'CurrentWeather'));  Broken Clouds at 1200m, Cloudy at 2700m",2017-01-30
01:04,0°C,-5°C,290°17 Km/h,,75%,-4°C,1018.0mb,,"document.write(Icons.GetShortDescription(26, 'CurrentWeather'));  Broken Clouds at 1200m, Cloudy at 2400m Light Snowfall",2017-01-30
01:13,0°C,-4°C,290°15 Km/h,,75%,-4°C,1018.0mb,,"document.write(Icons.GetShortDescription(3, 'CurrentWeather'));  Broken Clouds at 1200m",2017-01-30
02:00,-1°C,-5°C,280°11 Km/h,,75%,-5°C,1018.0mb,,"document.write(Icons.GetShortDescription(3, 'CurrentWeather'));  Broken Clouds at 1200m",2017-01-30
03:00,-2°C,-7°C,280°15 Km/h,,69%,-7°C,1019.0mb,,"document.write(Icons.GetShortDescription(2, 'CurrentWeather'));  Scattered Clouds at 1200m",2017-01-30
04:00,-4°C,-9°C,280°13 Km/h,,69%,-9°C,1019.0mb,,"document.write(Icons.GetShortDescription(2, 'CurrentWeather'));  Scattered Clouds at 1200m Haze",2017-01-30
05:00,-4°C,-10°C,300°17 Km/h,,69%,-9°C,1020.0mb,,"document.write(Icons.GetShortDescription(2, 'CurrentWeather'));  Scattered Clouds at 1200m Haze",2017-01-30
06:00,-5°C,-11°C,290°19 Km/h,,68%,-10°C,1021.0mb,,"document.write(Icons.GetShortDescription(2, 'CurrentWeather'));  Few Clouds at 1200m Haze",2017-01-30
07:00,-6°C,-12°C,290°15 Km/h,,68%,-11°C,1022.0mb,,"document.write(Icons.GetShortDescription(2, 'CurrentWeather'));  Few Clouds at 1200m Haze",2017-01-30
08:00,-7°C,-13°C,300°15 Km/h,,68%,-12°C,1023.0mb,,"document.write(Icons.GetShortDescription(2, 'CurrentWeather'));  Few Clouds at 1200m",2017-01-30
09:00,-6°C,-11°C,290°11 Km/h,,58%,-13°C,1024.0mb,,"document.write(Icons.GetShortDescription(2, 'CurrentWeather'));  Few Clouds at 1200m",2017-01-30
10:00,-6°C,-13°C,300°19 Km/h,,58%,-13°C,1025.0mb,,"document.write(Icons.GetShortDescription(2, 'CurrentWeather'));  Few Clouds at 1200m",2017-01-30
11:00,-5°C,-11°C,310°17 Km/h,,54%,-13°C,1025.0mb,,"document.write(Icons.GetShortDescription(2, 'CurrentWeather'));  Few Clouds at 1200m",2017-01-30
12:00,-5°C,-11°C,340°19 Km/h,,54%,-13°C,1026.0mb,,"document.write(Icons.GetShortDescription(2, 'CurrentWeather'));  Few Clouds at 1200m",2017-01-30
13:00,-5°C,-12°C,330°20 Km/h,,50%,-14°C,1026.0mb,,"document.write(Icons.GetShortDescription(2, 'CurrentWeather'));  Few Clouds at 1200m",2017-01-30
14:00,-4°C,-10°C,330°19 Km/h,,46%,-14°C,1026.0mb,,"document.write(Icons.GetShortDescription(1, 'CurrentWeather'));",2017-01-30
15:00,-4°C,-10°C,320°17 Km/h,,42%,-15°C,1027.0mb,,"document.write(Icons.GetShortDescription(1, 'CurrentWeather'));",2017-01-30
16:00,-4°C,-10°C,330°17 Km/h,,46%,-14°C,1027.0mb,,"document.write(Icons.GetShortDescription(1, 'CurrentWeather'));",2017-01-30
17:00,-4°C,-10°C,340°19 Km/h,,42%,-15°C,1028.0mb,,"document.write(Icons.GetShortDescription(1, 'CurrentWeather'));",2017-01-30
18:00,-6°C,-11°C,320°13 Km/h,,45%,-16°C,1028.0mb,,"document.write(Icons.GetShortDescription(1, 'CurrentWeather'));",2017-01-30
19:00,-7°C,-11°C,330°7 Km/h,,49%,-16°C,1029.0mb,,"document.write(Icons.GetShortDescription(1, 'CurrentWeather'));",2017-01-30
20:00,-7°C,-12°C,330°11 Km/h,,49%,-16°C,1030.0mb,,"document.write(Icons.GetShortDescription(1, 'CurrentWeather'));",2017-01-30
21:00,-8°C,-13°C,330°9 Km/h,,53%,-16°C,1030.0mb,,"document.write(Icons.GetShortDescription(1, 'CurrentWeather'));",2017-01-30
22:00,-7°C,-10°C,330°6 Km/h,,45%,-17°C,1031.0mb,,"document.write(Icons.GetShortDescription(1, 'CurrentWeather'));",2017-01-30
23:00,-8°C,-13°C,330°9 Km/h,,45%,-18°C,1031.0mb,,"document.write(Icons.GetShortDescription(1, 'CurrentWeather'));",2017-01-30
