Time,Temperature,Relative Temperature,Wind,Wind Gust,Rel. humidity,Dew Point,Pressure,Icon,DescriptionDetails,date
00:00,14°C,14°C,200°9 Km/h,,72%,9°C,1013.0mb,,"document.write(Icons.GetShortDescription(2, 'CurrentWeather'));  Few Clouds at 910m, Scattered Clouds at 2400m",2017-05-16
01:00,13°C,13°C,150°9 Km/h,,77%,9°C,1013.0mb,,"document.write(Icons.GetShortDescription(2, 'CurrentWeather'));  Few Clouds at 910m, Scattered Clouds at 2400m",2017-05-16
02:00,14°C,14°C,190°11 Km/h,,72%,9°C,1013.0mb,,"document.write(Icons.GetShortDescription(1, 'CurrentWeather'));",2017-05-16
03:00,13°C,13°C,160°7 Km/h,,77%,9°C,1012.0mb,,"document.write(Icons.GetShortDescription(1, 'CurrentWeather'));",2017-05-16
04:00,13°C,13°C,150°11 Km/h,,77%,9°C,1012.0mb,,"document.write(Icons.GetShortDescription(1, 'CurrentWeather'));",2017-05-16
05:00,13°C,13°C,190°7 Km/h,,77%,9°C,1012.0mb,,"document.write(Icons.GetShortDescription(1, 'CurrentWeather'));",2017-05-16
06:00,13°C,13°C,180°11 Km/h,,77%,9°C,1012.0mb,,"document.write(Icons.GetShortDescription(1, 'CurrentWeather'));",2017-05-16
07:00,14°C,14°C,140°11 Km/h,,72%,9°C,1012.0mb,,"document.write(Icons.GetShortDescription(1, 'CurrentWeather'));",2017-05-16
08:00,16°C,16°C,180°9 Km/h,,63%,9°C,1012.0mb,,"document.write(Icons.GetShortDescription(1, 'CurrentWeather'));",2017-05-16
09:00,16°C,16°C,220°7 Km/h,,63%,9°C,1012.0mb,,"document.write(Icons.GetShortDescription(1, 'CurrentWeather'));",2017-05-16
10:00,18°C,18°C,200°9 Km/h,,56%,9°C,1012.0mb,,"document.write(Icons.GetShortDescription(3, 'CurrentWeather'));  Few Clouds at 910m, Broken Clouds at 5500m",2017-05-16
11:00,20°C,20°C,200°6 Km/h,,49%,9°C,1012.0mb,,"document.write(Icons.GetShortDescription(3, 'CurrentWeather'));  Few Clouds at 760m, Broken Clouds at 5500m",2017-05-16
12:00,21°C,21°C,200°7 Km/h,,50%,10°C,1011.0mb,,"document.write(Icons.GetShortDescription(3, 'CurrentWeather'));  Few Clouds at 760m, Broken Clouds at 5500m",2017-05-16
13:00,21°C,21°C,230°13 Km/h,,43%,8°C,1011.0mb,,"document.write(Icons.GetShortDescription(2, 'CurrentWeather'));  Few Clouds at 910m, Scattered Clouds at 5500m",2017-05-16
14:00,21°C,21°C,280°9 Km/h,,43%,8°C,1010.0mb,,"document.write(Icons.GetShortDescription(2, 'CurrentWeather'));  Scattered Clouds at 910m",2017-05-16
15:00,22°C,21°C,280°13 Km/h,,44%,9°C,1009.0mb,,"document.write(Icons.GetShortDescription(3, 'CurrentWeather'));  Scattered Clouds at 910m, Broken Clouds at 6100m",2017-05-16
16:00,21°C,21°C,280°15 Km/h,,46%,9°C,1009.0mb,,"document.write(Icons.GetShortDescription(3, 'CurrentWeather'));  Scattered Clouds at 910m, Broken Clouds at 6100m",2017-05-16
17:00,20°C,20°C,240°15 Km/h,,46%,8°C,1009.0mb,,"document.write(Icons.GetShortDescription(3, 'CurrentWeather'));  Few Clouds at 910m, Broken Clouds at 6100m",2017-05-16
18:00,19°C,19°C,250°11 Km/h,,49%,8°C,1009.0mb,,"document.write(Icons.GetShortDescription(2, 'CurrentWeather'));  Few Clouds at 910m, Scattered Clouds at 6100m",2017-05-16
19:00,17°C,17°C,260°9 Km/h,,56%,8°C,1009.0mb,,"document.write(Icons.GetShortDescription(2, 'CurrentWeather'));  Few Clouds at 910m, Scattered Clouds at 6100m",2017-05-16
20:00,14°C,14°C,300°9 Km/h,,63%,7°C,1010.0mb,,"document.write(Icons.GetShortDescription(1, 'CurrentWeather'));",2017-05-16
21:00,14°C,14°C,330°9 Km/h,,67%,8°C,1010.0mb,,"document.write(Icons.GetShortDescription(1, 'CurrentWeather'));",2017-05-16
22:00,13°C,13°C,310°9 Km/h,,72%,8°C,1011.0mb,,"document.write(Icons.GetShortDescription(1, 'CurrentWeather'));",2017-05-16
23:00,13°C,13°C,220°2 Km/h,,77%,9°C,1010.0mb,,"document.write(Icons.GetShortDescription(1, 'CurrentWeather'));",2017-05-16
