Time,Temperature,Relative Temperature,Wind,Wind Gust,Rel. humidity,Dew Point,Pressure,Icon,DescriptionDetails,date
00:00,17°C,17°C,160°4 Km/h,,77%,13°C,1009.0mb,,"document.write(Icons.GetShortDescription(1, 'CurrentWeather'));  Haze",2017-06-09
01:00,17°C,17°C,170°6 Km/h,,73%,12°C,1009.0mb,,"document.write(Icons.GetShortDescription(1, 'CurrentWeather'));  Haze",2017-06-09
02:00,18°C,18°C,190°13 Km/h,,73%,13°C,1009.0mb,,"document.write(Icons.GetShortDescription(2, 'CurrentWeather'));  Few Clouds at 910m, Scattered Clouds at 5500m Haze",2017-06-09
03:00,17°C,17°C,170°11 Km/h,,77%,13°C,1009.0mb,,"document.write(Icons.GetShortDescription(2, 'CurrentWeather'));  Few Clouds at 300m, Scattered Clouds at 5500m Haze",2017-06-09
04:00,17°C,17°C,180°19 Km/h,,77%,13°C,1008.0mb,,"document.write(Icons.GetShortDescription(3, 'CurrentWeather'));  Few Clouds at 300m, Broken Clouds at 5500m Haze",2017-06-09
05:00,18°C,18°C,190°7 Km/h,,78%,14°C,1009.0mb,,"document.write(Icons.GetShortDescription(3, 'CurrentWeather'));  Scattered Clouds at 300m, Broken Clouds at 5500m Haze",2017-06-09
06:00,18°C,18°C,190°9 Km/h,,78%,14°C,1009.0mb,,"document.write(Icons.GetShortDescription(4, 'CurrentWeather'));  Broken Clouds at 300m, Cloudy at 5500m Haze",2017-06-09
07:00,18°C,18°C,150°13 Km/h,,78%,14°C,1008.0mb,,"document.write(Icons.GetShortDescription(7, 'CurrentWeather'));  Broken Clouds at 300m, Broken Clouds at 910m, Cloudy at 3700m Light Rain, Haze",2017-06-09
08:00,19°C,19°C,180°15 Km/h,,78%,15°C,1008.0mb,,"document.write(Icons.GetShortDescription(4, 'CurrentWeather'));  Scattered Clouds at 300m, Broken Clouds at 760m, Cloudy at 3700m Haze",2017-06-09
09:00,21°C,21°C,210°11 Km/h,,69%,15°C,1008.0mb,,"document.write(Icons.GetShortDescription(4, 'CurrentWeather'));  Few Clouds at 300m, Broken Clouds at 760m, Cloudy at 3700m Haze",2017-06-09
10:00,22°C,22°C,210°19 Km/h,,65%,15°C,1008.0mb,,"document.write(Icons.GetShortDescription(4, 'CurrentWeather'));  Scattered Clouds at 760m, Cloudy at 3700m Haze",2017-06-09
11:00,23°C,23°C,230°13 Km/h,,57%,14°C,1008.0mb,,"document.write(Icons.GetShortDescription(3, 'CurrentWeather'));  Scattered Clouds at 760m, Broken Clouds at 4600m",2017-06-09
12:00,24°C,24°C,230°24 Km/h,,54%,14°C,1007.0mb,,"document.write(Icons.GetShortDescription(3, 'CurrentWeather'));  Scattered Clouds at 760m, Broken Clouds at 4600m",2017-06-09
13:00,24°C,24°C,230°28 Km/h,,54%,14°C,1006.0mb,,"document.write(Icons.GetShortDescription(3, 'CurrentWeather'));  Few Clouds at 760m, Broken Clouds at 4600m",2017-06-09
14:00,24°C,24°C,240°28 Km/h,,54%,14°C,1005.0mb,,"document.write(Icons.GetShortDescription(1, 'CurrentWeather'));",2017-06-09
15:00,22°C,22°C,240°26 Km/h,,61%,14°C,1004.0mb,,"document.write(Icons.GetShortDescription(3, 'CurrentWeather'));  Few Clouds at 910m, Broken Clouds at 5500m",2017-06-09
16:00,22°C,22°C,230°24 Km/h,,65%,15°C,1005.0mb,,"document.write(Icons.GetShortDescription(3, 'CurrentWeather'));  Scattered Clouds at 910m, Broken Clouds at 3700m",2017-06-09
17:00,23°C,23°C,230°22 Km/h,,57%,14°C,1005.0mb,,"document.write(Icons.GetShortDescription(3, 'CurrentWeather'));  Few Clouds at 910m, Broken Clouds at 3000m",2017-06-09
18:00,22°C,22°C,230°22 Km/h,,65%,15°C,1005.0mb,,"document.write(Icons.GetShortDescription(1, 'CurrentWeather'));",2017-06-09
19:00,21°C,21°C,230°20 Km/h,,69%,15°C,1005.0mb,,"document.write(Icons.GetShortDescription(1, 'CurrentWeather'));",2017-06-09
20:00,20°C,20°C,230°15 Km/h,,73%,15°C,1005.0mb,,"document.write(Icons.GetShortDescription(1, 'CurrentWeather'));  Haze",2017-06-09
21:00,20°C,20°C,230°13 Km/h,,73%,15°C,1005.0mb,,"document.write(Icons.GetShortDescription(1, 'CurrentWeather'));  Haze",2017-06-09
22:00,20°C,20°C,230°15 Km/h,,78%,16°C,1006.0mb,,"document.write(Icons.GetShortDescription(2, 'CurrentWeather'));  Few Clouds at 460m Haze",2017-06-09
23:00,20°C,20°C,220°15 Km/h,,73%,15°C,1005.0mb,,"document.write(Icons.GetShortDescription(2, 'CurrentWeather'));  Scattered Clouds at 460m Haze",2017-06-09
