Time,Temperature,Relative Temperature,Wind,Wind Gust,Rel. humidity,Dew Point,Pressure,Icon,DescriptionDetails,date
00:00,-4°C,-9°C,300°13 Km/h,,54%,-12°C,1025.0mb,,"document.write(Icons.GetShortDescription(1, 'CurrentWeather'));",2017-12-08
01:00,-4°C,-9°C,320°13 Km/h,,50%,-13°C,1025.0mb,,"document.write(Icons.GetShortDescription(1, 'CurrentWeather'));",2017-12-08
02:00,-5°C,-10°C,330°11 Km/h,,50%,-14°C,1025.0mb,,"document.write(Icons.GetShortDescription(1, 'CurrentWeather'));",2017-12-08
03:00,-6°C,-10°C,340°9 Km/h,,54%,-14°C,1025.0mb,,"document.write(Icons.GetShortDescription(1, 'CurrentWeather'));",2017-12-08
04:00,-5°C,-11°C,310°19 Km/h,,50%,-14°C,1025.0mb,,"document.write(Icons.GetShortDescription(1, 'CurrentWeather'));",2017-12-08
05:00,-6°C,-10°C,290°9 Km/h,,54%,-14°C,1025.0mb,,"document.write(Icons.GetShortDescription(1, 'CurrentWeather'));",2017-12-08
06:00,-7°C,-13°C,310°13 Km/h,,53%,-15°C,1025.0mb,,"document.write(Icons.GetShortDescription(1, 'CurrentWeather'));",2017-12-08
07:00,-7°C,-13°C,310°13 Km/h,,53%,-15°C,1025.0mb,,"document.write(Icons.GetShortDescription(1, 'CurrentWeather'));",2017-12-08
08:00,-7°C,-12°C,310°11 Km/h,,53%,-15°C,1025.0mb,,"document.write(Icons.GetShortDescription(1, 'CurrentWeather'));",2017-12-08
09:00,-5°C,-10°C,300°13 Km/h,,46%,-15°C,1026.0mb,,"document.write(Icons.GetShortDescription(1, 'CurrentWeather'));",2017-12-08
10:00,-4°C,-9°C,330°15 Km/h,,39%,-16°C,1026.0mb,,"document.write(Icons.GetShortDescription(1, 'CurrentWeather'));",2017-12-08
11:00,-3°C,-8°C,330°13 Km/h,,33%,-17°C,1026.0mb,,"document.write(Icons.GetShortDescription(1, 'CurrentWeather'));",2017-12-08
12:00,-3°C,-7°C,330°9 Km/h,,36%,-16°C,1025.0mb,,"document.write(Icons.GetShortDescription(1, 'CurrentWeather'));",2017-12-08
13:00,-2°C,-4°C,350°6 Km/h,,34%,-16°C,1024.0mb,,"document.write(Icons.GetShortDescription(1, 'CurrentWeather'));",2017-12-08
14:00,-1°C,-4°C,270°9 Km/h,,31%,-16°C,1024.0mb,,"document.write(Icons.GetShortDescription(1, 'CurrentWeather'));",2017-12-08
15:00,-1°C,-6°C,290°17 Km/h,,29%,-17°C,1024.0mb,,"document.write(Icons.GetShortDescription(1, 'CurrentWeather'));",2017-12-08
16:00,-1°C,-5°C,350°11 Km/h,,29%,-17°C,1024.0mb,,"document.write(Icons.GetShortDescription(1, 'CurrentWeather'));",2017-12-08
17:00,-3°C,-5°C,10°6 Km/h,,31%,-18°C,1024.0mb,,"document.write(Icons.GetShortDescription(1, 'CurrentWeather'));",2017-12-08
18:00,-3°C,-3°C,170°2 Km/h,,33%,-17°C,1024.0mb,,"document.write(Icons.GetShortDescription(1, 'CurrentWeather'));",2017-12-08
19:00,-3°C,-3°C,220°4 Km/h,,36%,-16°C,1024.0mb,,"document.write(Icons.GetShortDescription(3, 'CurrentWeather'));  Scattered Clouds at 1200m, Broken Clouds at 3700m",2017-12-08
20:00,-2°C,-2°C,230°2 Km/h,,31%,-17°C,1024.0mb,,"document.write(Icons.GetShortDescription(3, 'CurrentWeather'));  Few Clouds at 1200m, Broken Clouds at 4300m",2017-12-08
21:00,-2°C,-2°C,170°2 Km/h,,34%,-16°C,1024.0mb,,"document.write(Icons.GetShortDescription(2, 'CurrentWeather'));  Few Clouds at 910m, Scattered Clouds at 4300m",2017-12-08
22:00,-2°C,-2°C,200°4 Km/h,,40%,-14°C,1023.0mb,,"document.write(Icons.GetShortDescription(3, 'CurrentWeather'));  Broken Clouds at 910m, Broken Clouds at 4300m",2017-12-08
23:00,-3°C,-3°C,110°4 Km/h,,43%,-14°C,1023.0mb,,"document.write(Icons.GetShortDescription(3, 'CurrentWeather'));  Broken Clouds at 910m, Broken Clouds at 4300m",2017-12-08
