Time,Temperature,Relative Temperature,Wind,Wind Gust,Rel. humidity,Dew Point,Pressure,Icon,DescriptionDetails,date
00:00,18°C,18°C,330°2 Km/h,,73%,13°C,1012.0mb,,"document.write(Icons.GetShortDescription(1, 'CurrentWeather'));",2017-09-01
01:00,18°C,18°C,350°6 Km/h,,73%,13°C,1012.0mb,,"document.write(Icons.GetShortDescription(1, 'CurrentWeather'));",2017-09-01
02:00,18°C,18°C,340°4 Km/h,,73%,13°C,1013.0mb,,"document.write(Icons.GetShortDescription(1, 'CurrentWeather'));",2017-09-01
03:00,16°C,16°C,350°7 Km/h,,77%,12°C,1012.0mb,,"document.write(Icons.GetShortDescription(1, 'CurrentWeather'));",2017-09-01
04:00,16°C,16°C,340°7 Km/h,,83%,13°C,1013.0mb,,"document.write(Icons.GetShortDescription(1, 'CurrentWeather'));",2017-09-01
05:00,15°C,15°C,340°9 Km/h,,82%,12°C,1013.0mb,,"document.write(Icons.GetShortDescription(1, 'CurrentWeather'));",2017-09-01
06:00,16°C,16°C,340°6 Km/h,,77%,12°C,1013.0mb,,"document.write(Icons.GetShortDescription(1, 'CurrentWeather'));",2017-09-01
07:00,17°C,17°C,340°2 Km/h,,83%,14°C,1014.0mb,,"document.write(Icons.GetShortDescription(1, 'CurrentWeather'));",2017-09-01
08:00,20°C,20°C,350°6 Km/h,,78%,16°C,1014.0mb,,"document.write(Icons.GetShortDescription(1, 'CurrentWeather'));",2017-09-01
09:00,23°C,23°C,110°11 Km/h,,65%,16°C,1014.0mb,,"document.write(Icons.GetShortDescription(1, 'CurrentWeather'));",2017-09-01
10:00,24°C,24°C,90°11 Km/h,,50%,13°C,1014.0mb,,"document.write(Icons.GetShortDescription(1, 'CurrentWeather'));",2017-09-01
11:00,26°C,26°C,90°7 Km/h,,42%,12°C,1014.0mb,,"document.write(Icons.GetShortDescription(1, 'CurrentWeather'));",2017-09-01
12:00,27°C,27°C,70°9 Km/h,,37%,11°C,1013.0mb,,"document.write(Icons.GetShortDescription(1, 'CurrentWeather'));",2017-09-01
13:00,27°C,27°C,350°6 Km/h,,37%,11°C,1013.0mb,,"document.write(Icons.GetShortDescription(1, 'CurrentWeather'));",2017-09-01
14:00,28°C,27°C,270°9 Km/h,,37%,12°C,1012.0mb,,"document.write(Icons.GetShortDescription(1, 'CurrentWeather'));",2017-09-01
15:00,28°C,27°C,310°9 Km/h,,37%,12°C,1011.0mb,,"document.write(Icons.GetShortDescription(1, 'CurrentWeather'));",2017-09-01
16:00,28°C,27°C,330°11 Km/h,,37%,12°C,1011.0mb,,"document.write(Icons.GetShortDescription(1, 'CurrentWeather'));",2017-09-01
17:00,27°C,27°C,350°15 Km/h,,39%,12°C,1011.0mb,,"document.write(Icons.GetShortDescription(1, 'CurrentWeather'));",2017-09-01
18:00,26°C,26°C,330°15 Km/h,,42%,12°C,1011.0mb,,"document.write(Icons.GetShortDescription(1, 'CurrentWeather'));",2017-09-01
19:00,23°C,23°C,320°11 Km/h,,53%,13°C,1012.0mb,,"document.write(Icons.GetShortDescription(1, 'CurrentWeather'));",2017-09-01
20:00,22°C,22°C,330°9 Km/h,,61%,14°C,1013.0mb,,"document.write(Icons.GetShortDescription(1, 'CurrentWeather'));",2017-09-01
21:00,21°C,21°C,350°6 Km/h,,64%,14°C,1013.0mb,,"document.write(Icons.GetShortDescription(1, 'CurrentWeather'));",2017-09-01
22:00,20°C,20°C,280°4 Km/h,,69%,14°C,1013.0mb,,"document.write(Icons.GetShortDescription(1, 'CurrentWeather'));",2017-09-01
23:00,20°C,20°C,320°4 Km/h,,69%,14°C,1013.0mb,,"document.write(Icons.GetShortDescription(1, 'CurrentWeather'));",2017-09-01
