Time,Temperature,Relative Temperature,Wind,Wind Gust,Rel. humidity,Dew Point,Pressure,Icon,DescriptionDetails,date
00:00,27°C,30°C,290°9 Km/h,,79%,23°C,1000.0mb,,"document.write(Icons.GetShortDescription(1, 'CurrentWeather'));",2017-08-07
01:00,26°C,28°C,320°4 Km/h,,84%,23°C,1000.0mb,,"document.write(Icons.GetShortDescription(1, 'CurrentWeather'));",2017-08-07
02:00,25°C,26°C,310°6 Km/h,,83%,22°C,999.0mb,,"document.write(Icons.GetShortDescription(1, 'CurrentWeather'));",2017-08-07
03:00,26°C,28°C,330°4 Km/h,,84%,23°C,999.0mb,,"document.write(Icons.GetShortDescription(1, 'CurrentWeather'));  Haze",2017-08-07
04:00,25°C,26°C,330°9 Km/h,,83%,22°C,999.0mb,,"document.write(Icons.GetShortDescription(2, 'CurrentWeather'));  Few Clouds at 460m Haze",2017-08-07
05:00,25°C,26°C,340°6 Km/h,,89%,23°C,999.0mb,,"document.write(Icons.GetShortDescription(2, 'CurrentWeather'));  Few Clouds at 460m Haze",2017-08-07
06:00,25°C,26°C,310°6 Km/h,,83%,22°C,999.0mb,,"document.write(Icons.GetShortDescription(2, 'CurrentWeather'));  Few Clouds at 460m Haze",2017-08-07
07:00,26°C,28°C,330°6 Km/h,,89%,24°C,999.0mb,,"document.write(Icons.GetShortDescription(3, 'CurrentWeather'));  Scattered Clouds at 610m, Broken Clouds at 6100m Haze",2017-08-07
08:00,27°C,30°C,330°9 Km/h,,84%,24°C,1000.0mb,,"document.write(Icons.GetShortDescription(2, 'CurrentWeather'));  Scattered Clouds at 610m Haze",2017-08-07
09:00,28°C,32°C,340°7 Km/h,,79%,24°C,1000.0mb,,"document.write(Icons.GetShortDescription(2, 'CurrentWeather'));  Few Clouds at 760m, Scattered Clouds at 4600m",2017-08-07
10:00,30°C,35°C,320°9 Km/h,,70%,24°C,1000.0mb,,"document.write(Icons.GetShortDescription(2, 'CurrentWeather'));  Few Clouds at 760m, Scattered Clouds at 4600m",2017-08-07
11:00,31°C,37°C,330°4 Km/h,,66%,24°C,1000.0mb,,"document.write(Icons.GetShortDescription(2, 'CurrentWeather'));  Few Clouds at 760m, Scattered Clouds at 4600m",2017-08-07
12:00,31°C,35°C,340°7 Km/h,,62%,23°C,1000.0mb,,"document.write(Icons.GetShortDescription(2, 'CurrentWeather'));  Few Clouds at 760m",2017-08-07
13:00,32°C,37°C,330°9 Km/h,,59%,23°C,999.0mb,,"document.write(Icons.GetShortDescription(2, 'CurrentWeather'));  Few Clouds at 760m",2017-08-07
14:00,33°C,38°C,290°17 Km/h,,56%,23°C,998.0mb,,"document.write(Icons.GetShortDescription(2, 'CurrentWeather'));  Scattered Clouds at 760m",2017-08-07
15:00,33°C,37°C,280°15 Km/h,,52%,22°C,998.0mb,,"document.write(Icons.GetShortDescription(2, 'CurrentWeather'));  Few Clouds at 760m",2017-08-07
16:00,31°C,35°C,290°20 Km/h,,62%,23°C,998.0mb,,"document.write(Icons.GetShortDescription(2, 'CurrentWeather'));  Few Clouds at 760m, Scattered Clouds at 3700m",2017-08-07
17:00,30°C,33°C,290°17 Km/h,,62%,22°C,998.0mb,,"document.write(Icons.GetShortDescription(2, 'CurrentWeather'));  Few Clouds at 910m",2017-08-07
18:00,29°C,31°C,290°19 Km/h,,62%,21°C,999.0mb,,"document.write(Icons.GetShortDescription(1, 'CurrentWeather'));",2017-08-07
19:00,28°C,30°C,270°11 Km/h,,66%,21°C,999.0mb,,"document.write(Icons.GetShortDescription(1, 'CurrentWeather'));",2017-08-07
20:00,27°C,29°C,310°9 Km/h,,70%,21°C,999.0mb,,"document.write(Icons.GetShortDescription(2, 'CurrentWeather'));  Few Clouds at 910m, Scattered Clouds at 3700m",2017-08-07
21:00,27°C,29°C,250°4 Km/h,,70%,21°C,1000.0mb,,"document.write(Icons.GetShortDescription(1, 'CurrentWeather'));",2017-08-07
22:00,26°C,27°C,210°2 Km/h,,74%,21°C,1000.0mb,,"document.write(Icons.GetShortDescription(1, 'CurrentWeather'));",2017-08-07
23:00,26°C,27°C,30°2 Km/h,,74%,21°C,1000.0mb,,"document.write(Icons.GetShortDescription(1, 'CurrentWeather'));",2017-08-07
