Time,Temperature,Relative Temperature,Wind,Wind Gust,Rel. humidity,Dew Point,Pressure,Icon,DescriptionDetails,date
00:00,25°C,25°C,70°13 Km/h,,61%,17°C,1009.0mb,,"document.write(Icons.GetShortDescription(4, 'CurrentWeather'));  Scattered Clouds at 1100m, Cloudy at 3700m",2017-08-14
01:00,25°C,25°C,100°17 Km/h,,57%,16°C,1008.0mb,,"document.write(Icons.GetShortDescription(4, 'CurrentWeather'));  Scattered Clouds at 1100m, Cloudy at 3700m",2017-08-14
02:00,24°C,24°C,90°9 Km/h,,61%,16°C,1009.0mb,,"document.write(Icons.GetShortDescription(4, 'CurrentWeather'));  Scattered Clouds at 1100m, Broken Clouds at 3700m, Cloudy at 5500m",2017-08-14
03:00,24°C,24°C,90°13 Km/h,,61%,16°C,1008.0mb,,"document.write(Icons.GetShortDescription(4, 'CurrentWeather'));  Broken Clouds at 1100m, Broken Clouds at 4600m, Cloudy at 5500m",2017-08-14
04:00,24°C,24°C,110°15 Km/h,,61%,16°C,1008.0mb,,"document.write(Icons.GetShortDescription(7, 'CurrentWeather'));  Broken Clouds at 1100m, Cloudy at 3000m Light Rain",2017-08-14
05:00,23°C,23°C,80°11 Km/h,,65%,16°C,1008.0mb,,"document.write(Icons.GetShortDescription(7, 'CurrentWeather'));  Broken Clouds at 1100m, Cloudy at 3000m Light Rain",2017-08-14
06:00,24°C,24°C,100°19 Km/h,,61%,16°C,1007.0mb,,"document.write(Icons.GetShortDescription(4, 'CurrentWeather'));  Broken Clouds at 1100m, Cloudy at 3700m",2017-08-14
07:00,25°C,25°C,110°19 Km/h,,57%,16°C,1007.0mb,,"document.write(Icons.GetShortDescription(4, 'CurrentWeather'));  Broken Clouds at 1400m, Cloudy at 3400m",2017-08-14
08:00,25°C,25°C,90°15 Km/h,,61%,17°C,1006.0mb,,"document.write(Icons.GetShortDescription(4, 'CurrentWeather'));  Scattered Clouds at 1400m, Cloudy at 3000m",2017-08-14
09:00,26°C,27°C,100°17 Km/h,,58%,17°C,1007.0mb,,"document.write(Icons.GetShortDescription(4, 'CurrentWeather'));  Scattered Clouds at 1400m, Cloudy at 3000m",2017-08-14
10:00,26°C,27°C,100°15 Km/h,,58%,17°C,1007.0mb,,"document.write(Icons.GetShortDescription(4, 'CurrentWeather'));  Broken Clouds at 1400m, Cloudy at 3000m",2017-08-14
11:00,27°C,28°C,100°15 Km/h,,58%,18°C,1007.0mb,,"document.write(Icons.GetShortDescription(4, 'CurrentWeather'));  Scattered Clouds at 1400m, Cloudy at 3000m",2017-08-14
12:00,27°C,28°C,90°17 Km/h,,58%,18°C,1006.0mb,,"document.write(Icons.GetShortDescription(4, 'CurrentWeather'));  Few Clouds at 1400m, Cloudy at 2400m",2017-08-14
12:56,26°C,27°C,90°13 Km/h,,61%,18°C,1006.0mb,,"document.write(Icons.GetShortDescription(7, 'CurrentWeather'));  Few Clouds at 1400m, Cloudy at 2400m Light Rain",2017-08-14
13:00,26°C,27°C,80°11 Km/h,,61%,18°C,1005.0mb,,"document.write(Icons.GetShortDescription(7, 'CurrentWeather'));  Few Clouds at 1400m, Cloudy at 2400m Light Rain",2017-08-14
14:00,26°C,27°C,110°20 Km/h,,65%,19°C,1005.0mb,,"document.write(Icons.GetShortDescription(7, 'CurrentWeather'));  Few Clouds at 1400m, Cloudy at 2400m Light Rain",2017-08-14
15:00,26°C,27°C,80°15 Km/h,,70%,20°C,1005.0mb,,"document.write(Icons.GetShortDescription(4, 'CurrentWeather'));  Few Clouds at 1400m, Cloudy at 2400m",2017-08-14
16:00,25°C,25°C,90°15 Km/h,,69%,19°C,1005.0mb,,"document.write(Icons.GetShortDescription(7, 'CurrentWeather'));  Broken Clouds at 1400m, Cloudy at 2400m Light Rain",2017-08-14
17:00,24°C,24°C,70°11 Km/h,,74%,19°C,1005.0mb,,"document.write(Icons.GetShortDescription(7, 'CurrentWeather'));  Broken Clouds at 1400m, Cloudy at 2400m Rain",2017-08-14
18:00,23°C,23°C,20°11 Km/h,,78%,19°C,1005.0mb,,"document.write(Icons.GetShortDescription(7, 'CurrentWeather'));  Broken Clouds at 1400m, Cloudy at 2400m Light Rain",2017-08-14
19:00,23°C,23°C,40°7 Km/h,,78%,19°C,1005.0mb,,"document.write(Icons.GetShortDescription(7, 'CurrentWeather'));  Broken Clouds at 1400m, Cloudy at 2400m Light Rain",2017-08-14
19:57,23°C,23°C,50°9 Km/h,,78%,19°C,1005.0mb,,"document.write(Icons.GetShortDescription(4, 'CurrentWeather'));  Scattered Clouds at 1400m, Cloudy at 2400m",2017-08-14
20:00,23°C,23°C,60°9 Km/h,,78%,19°C,1005.0mb,,"document.write(Icons.GetShortDescription(4, 'CurrentWeather'));  Scattered Clouds at 1400m, Cloudy at 2400m",2017-08-14
21:00,24°C,24°C,70°9 Km/h,,74%,19°C,1005.0mb,,"document.write(Icons.GetShortDescription(4, 'CurrentWeather'));  Scattered Clouds at 1400m, Cloudy at 2400m",2017-08-14
22:00,24°C,24°C,90°9 Km/h,,74%,19°C,1005.0mb,,"document.write(Icons.GetShortDescription(4, 'CurrentWeather'));  Broken Clouds at 1200m, Cloudy at 3000m",2017-08-14
23:00,23°C,23°C,60°7 Km/h,,74%,18°C,1005.0mb,,"document.write(Icons.GetShortDescription(7, 'CurrentWeather'));  Broken Clouds at 1200m, Cloudy at 3000m Light Rain",2017-08-14
