Time,Temperature,Relative Temperature,Wind,Wind Gust,Rel. humidity,Dew Point,Pressure,Icon,DescriptionDetails,date
00:00,19°C,19°C,150°4 Km/h,,73%,14°C,1009.0mb,,"document.write(Icons.GetShortDescription(1, 'CurrentWeather'));",2017-09-19
01:00,19°C,19°C,170°6 Km/h,,73%,14°C,1010.0mb,,"document.write(Icons.GetShortDescription(1, 'CurrentWeather'));",2017-09-19
02:00,17°C,17°C,150°9 Km/h,,83%,14°C,1010.0mb,,"document.write(Icons.GetShortDescription(1, 'CurrentWeather'));",2017-09-19
03:00,18°C,18°C,150°7 Km/h,,78%,14°C,1009.0mb,,"document.write(Icons.GetShortDescription(1, 'CurrentWeather'));",2017-09-19
04:00,18°C,18°C,150°11 Km/h,,83%,15°C,1009.0mb,,"document.write(Icons.GetShortDescription(2, 'CurrentWeather'));  Few Clouds at 300m",2017-09-19
05:00,18°C,18°C,150°11 Km/h,,83%,15°C,1010.0mb,,"document.write(Icons.GetShortDescription(2, 'CurrentWeather'));  Few Clouds at 300m",2017-09-19
06:00,17°C,17°C,150°11 Km/h,,88%,15°C,1010.0mb,,"document.write(Icons.GetShortDescription(2, 'CurrentWeather'));  Few Clouds at 300m Haze",2017-09-19
07:00,19°C,19°C,170°11 Km/h,,83%,16°C,1010.0mb,,"document.write(Icons.GetShortDescription(2, 'CurrentWeather'));  Few Clouds at 300m Haze",2017-09-19
08:00,21°C,21°C,170°11 Km/h,,83%,18°C,1010.0mb,,"document.write(Icons.GetShortDescription(2, 'CurrentWeather'));  Few Clouds at 300m Haze",2017-09-19
09:00,22°C,22°C,170°15 Km/h,,78%,18°C,1010.0mb,,"document.write(Icons.GetShortDescription(2, 'CurrentWeather'));  Few Clouds at 300m, Scattered Clouds at 760m Haze",2017-09-19
10:00,23°C,23°C,200°13 Km/h,,78%,19°C,1010.0mb,,"document.write(Icons.GetShortDescription(3, 'CurrentWeather'));  Few Clouds at 300m, Broken Clouds at 760m Haze",2017-09-19
11:00,24°C,24°C,190°15 Km/h,,74%,19°C,1009.0mb,,"document.write(Icons.GetShortDescription(3, 'CurrentWeather'));  Few Clouds at 300m, Broken Clouds at 760m Haze",2017-09-19
11:37,24°C,24°C,200°13 Km/h,,69%,18°C,1009.0mb,,"document.write(Icons.GetShortDescription(3, 'CurrentWeather'));  Broken Clouds at 610m Haze",2017-09-19
12:00,24°C,24°C,210°11 Km/h,,69%,18°C,1009.0mb,,"document.write(Icons.GetShortDescription(3, 'CurrentWeather'));  Broken Clouds at 610m Haze",2017-09-19
13:00,25°C,25°C,220°19 Km/h,,69%,19°C,1008.0mb,,"document.write(Icons.GetShortDescription(3, 'CurrentWeather'));  Broken Clouds at 610m Haze",2017-09-19
14:00,26°C,27°C,230°24 Km/h,,70%,20°C,1007.0mb,,"document.write(Icons.GetShortDescription(3, 'CurrentWeather'));  Few Clouds at 460m, Broken Clouds at 760m Haze",2017-09-19
15:00,26°C,27°C,230°28 Km/h,,70%,20°C,1006.0mb,,"document.write(Icons.GetShortDescription(3, 'CurrentWeather'));  Scattered Clouds at 460m, Broken Clouds at 760m Haze",2017-09-19
16:00,26°C,27°C,230°20 Km/h,,70%,20°C,1007.0mb,,"document.write(Icons.GetShortDescription(3, 'CurrentWeather'));  Few Clouds at 460m, Broken Clouds at 760m Haze",2017-09-19
17:00,25°C,25°C,230°22 Km/h,,74%,20°C,1007.0mb,,"document.write(Icons.GetShortDescription(3, 'CurrentWeather'));  Few Clouds at 460m, Broken Clouds at 760m Haze",2017-09-19
18:00,25°C,25°C,230°24 Km/h,,74%,20°C,1007.0mb,,"document.write(Icons.GetShortDescription(3, 'CurrentWeather'));  Few Clouds at 460m, Broken Clouds at 760m Haze",2017-09-19
19:00,24°C,25°C,220°26 Km/h,,78%,20°C,1007.0mb,,"document.write(Icons.GetShortDescription(3, 'CurrentWeather'));  Few Clouds at 460m, Broken Clouds at 760m Haze",2017-09-19
20:00,24°C,25°C,230°28 Km/h,,78%,20°C,1007.0mb,,"document.write(Icons.GetShortDescription(3, 'CurrentWeather'));  Scattered Clouds at 370m, Broken Clouds at 760m Haze",2017-09-19
20:50,23°C,24°C,260°20 Km/h,,83%,20°C,1008.0mb,,"document.write(Icons.GetShortDescription(10, 'CurrentWeather'));  Scattered Clouds at 370m, Broken Clouds at 760m, Cloudy at 3000m Rain with Thunderstorm, Haze",2017-09-19
21:00,24°C,25°C,260°22 Km/h,,78%,20°C,1008.0mb,,"document.write(Icons.GetShortDescription(10, 'CurrentWeather'));  Few Cumulonimbus Clouds at 150m, Scattered Clouds at 460m, Broken Clouds at 760m, Cloudy at 2700m Light Rain with Thunderstorm, Haze",2017-09-19
21:34,23°C,23°C,270°20 Km/h,,78%,19°C,1008.0mb,,"document.write(Icons.GetShortDescription(4, 'CurrentWeather'));  Scattered Clouds at 460m, Broken Clouds at 760m, Cloudy at 3000m Haze",2017-09-19
22:00,21°C,21°C,280°20 Km/h,,78%,17°C,1008.0mb,,"document.write(Icons.GetShortDescription(3, 'CurrentWeather'));  Broken Clouds at 760m",2017-09-19
23:00,21°C,21°C,280°17 Km/h,,78%,17°C,1009.0mb,,"document.write(Icons.GetShortDescription(2, 'CurrentWeather'));  Scattered Clouds at 760m",2017-09-19
