Time,Temperature,Relative Temperature,Wind,Wind Gust,Rel. humidity,Dew Point,Pressure,Icon,DescriptionDetails,date
00:00,13°C,13°C,170°4 Km/h,,55%,4°C,1018.0mb,,"document.write(Icons.GetShortDescription(3, 'CurrentWeather'));  Few Clouds at 910m, Scattered Clouds at 2700m, Broken Clouds at 5500m",2017-04-25
01:00,13°C,13°C,190°11 Km/h,,59%,5°C,1018.0mb,,"document.write(Icons.GetShortDescription(3, 'CurrentWeather'));  Few Clouds at 910m, Scattered Clouds at 2700m, Broken Clouds at 5500m",2017-04-25
02:00,14°C,14°C,190°11 Km/h,,51%,4°C,1017.0mb,,"document.write(Icons.GetShortDescription(3, 'CurrentWeather'));  Few Clouds at 910m, Scattered Clouds at 3000m, Broken Clouds at 5500m",2017-04-25
03:00,13°C,13°C,200°9 Km/h,,51%,3°C,1017.0mb,,"document.write(Icons.GetShortDescription(3, 'CurrentWeather'));  Few Clouds at 910m, Scattered Clouds at 3000m, Broken Clouds at 5500m",2017-04-25
04:00,12°C,12°C,160°4 Km/h,,54%,3°C,1017.0mb,,"document.write(Icons.GetShortDescription(3, 'CurrentWeather'));  Few Clouds at 910m, Scattered Clouds at 3000m, Broken Clouds at 5500m",2017-04-25
05:00,12°C,12°C,170°7 Km/h,,54%,3°C,1017.0mb,,"document.write(Icons.GetShortDescription(3, 'CurrentWeather'));  Few Clouds at 910m, Scattered Clouds at 3000m, Broken Clouds at 5500m",2017-04-25
06:00,9°C,8°C,170°7 Km/h,,62%,2°C,1017.0mb,,"document.write(Icons.GetShortDescription(1, 'CurrentWeather'));",2017-04-25
07:00,13°C,13°C,170°6 Km/h,,55%,4°C,1018.0mb,,"document.write(Icons.GetShortDescription(3, 'CurrentWeather'));  Scattered Clouds at 910m, Broken Clouds at 4000m",2017-04-25
08:00,15°C,15°C,230°15 Km/h,,59%,7°C,1018.0mb,,"document.write(Icons.GetShortDescription(3, 'CurrentWeather'));  Broken Clouds at 910m, Broken Clouds at 4000m",2017-04-25
09:00,15°C,15°C,250°13 Km/h,,59%,7°C,1019.0mb,,"document.write(Icons.GetShortDescription(4, 'CurrentWeather'));  Broken Clouds at 610m, Cloudy at 4000m",2017-04-25
10:00,16°C,16°C,240°11 Km/h,,59%,8°C,1019.0mb,,"document.write(Icons.GetShortDescription(3, 'CurrentWeather'));  Scattered Clouds at 610m, Broken Clouds at 4600m",2017-04-25
11:00,18°C,18°C,220°17 Km/h,,52%,8°C,1019.0mb,,"document.write(Icons.GetShortDescription(2, 'CurrentWeather'));  Scattered Clouds at 760m",2017-04-25
12:00,18°C,18°C,250°15 Km/h,,52%,8°C,1019.0mb,,"document.write(Icons.GetShortDescription(2, 'CurrentWeather'));  Few Clouds at 760m",2017-04-25
13:00,19°C,19°C,220°17 Km/h,,49%,8°C,1018.0mb,,"document.write(Icons.GetShortDescription(4, 'CurrentWeather'));  Few Clouds at 760m, Cloudy at 6100m",2017-04-25
14:00,19°C,19°C,250°15 Km/h,,49%,8°C,1018.0mb,,"document.write(Icons.GetShortDescription(4, 'CurrentWeather'));  Few Clouds at 760m, Cloudy at 6100m",2017-04-25
15:00,18°C,18°C,250°15 Km/h,,49%,7°C,1018.0mb,,"document.write(Icons.GetShortDescription(4, 'CurrentWeather'));  Few Clouds at 760m, Cloudy at 6100m",2017-04-25
16:00,17°C,17°C,300°17 Km/h,,59%,9°C,1018.0mb,,"document.write(Icons.GetShortDescription(4, 'CurrentWeather'));  Few Clouds at 760m, Cloudy at 6100m",2017-04-25
17:00,17°C,17°C,300°9 Km/h,,56%,8°C,1018.0mb,,"document.write(Icons.GetShortDescription(3, 'CurrentWeather'));  Scattered Clouds at 910m, Broken Clouds at 6100m",2017-04-25
18:00,16°C,16°C,280°11 Km/h,,55%,7°C,1018.0mb,,"document.write(Icons.GetShortDescription(1, 'CurrentWeather'));",2017-04-25
19:00,15°C,15°C,320°17 Km/h,,59%,7°C,1019.0mb,,"document.write(Icons.GetShortDescription(1, 'CurrentWeather'));",2017-04-25
20:00,13°C,13°C,300°13 Km/h,,72%,8°C,1019.0mb,,"document.write(Icons.GetShortDescription(1, 'CurrentWeather'));",2017-04-25
21:00,13°C,13°C,320°7 Km/h,,72%,8°C,1019.0mb,,"document.write(Icons.GetShortDescription(1, 'CurrentWeather'));",2017-04-25
22:00,13°C,13°C,330°2 Km/h,,67%,7°C,1019.0mb,,"document.write(Icons.GetShortDescription(1, 'CurrentWeather'));  Haze",2017-04-25
23:00,12°C,12°C,350°9 Km/h,,72%,7°C,1019.0mb,,"document.write(Icons.GetShortDescription(4, 'CurrentWeather'));  Few Clouds at 1200m, Broken Clouds at 3400m, Cloudy at 5500m Haze",2017-04-25
