Time,Temperature,Relative Temperature,Wind,Wind Gust,Rel. humidity,Dew Point,Pressure,Icon,DescriptionDetails,date
00:00,24°C,25°C,40°4 Km/h,,83%,21°C,1008.0mb,,"document.write(Icons.GetShortDescription(7, 'CurrentWeather'));  Few Clouds at 300m, Broken Clouds at 760m, Cloudy at 2400m Light Rain, Haze",2017-07-28
01:00,24°C,25°C,10°7 Km/h,,83%,21°C,1008.0mb,,"document.write(Icons.GetShortDescription(4, 'CurrentWeather'));  Few Clouds at 300m, Broken Clouds at 760m, Cloudy at 2400m Haze",2017-07-28
02:00,24°C,25°C,50°4 Km/h,,83%,21°C,1008.0mb,,"document.write(Icons.GetShortDescription(7, 'CurrentWeather'));  Few Clouds at 300m, Broken Clouds at 910m, Cloudy at 2400m Light Rain, Haze",2017-07-28
03:00,24°C,25°C,30°4 Km/h,,89%,22°C,1008.0mb,,"document.write(Icons.GetShortDescription(7, 'CurrentWeather'));  Few Clouds at 300m, Broken Clouds at 910m, Cloudy at 2400m Light Rain, Haze",2017-07-28
04:00,24°C,25°C,110°6 Km/h,,89%,22°C,1007.0mb,,"document.write(Icons.GetShortDescription(7, 'CurrentWeather'));  Few Clouds at 300m, Broken Clouds at 760m, Cloudy at 2100m Light Rain, Haze",2017-07-28
04:24,24°C,25°C,200°4 Km/h,,89%,22°C,1007.0mb,,"document.write(Icons.GetShortDescription(7, 'CurrentWeather'));  Few Clouds at 300m, Broken Clouds at 760m, Cloudy at 2100m Light Rain",2017-07-28
05:00,24°C,25°C,200°7 Km/h,,89%,22°C,1007.0mb,,"document.write(Icons.GetShortDescription(7, 'CurrentWeather'));  Few Clouds at 300m, Broken Clouds at 760m, Cloudy at 2100m Light Rain, Haze",2017-07-28
06:00,25°C,26°C,230°7 Km/h,,89%,23°C,1008.0mb,,"document.write(Icons.GetShortDescription(7, 'CurrentWeather'));  Few Clouds at 300m, Broken Clouds at 760m, Cloudy at 2100m Light Rain, Haze",2017-07-28
07:00,25°C,26°C,170°6 Km/h,,89%,23°C,1008.0mb,,"document.write(Icons.GetShortDescription(7, 'CurrentWeather'));  Scattered Clouds at 300m, Broken Clouds at 760m, Cloudy at 2100m Light Rain, Haze",2017-07-28
08:00,25°C,26°C,150°7 Km/h,,89%,23°C,1008.0mb,,"document.write(Icons.GetShortDescription(4, 'CurrentWeather'));  Scattered Clouds at 240m, Broken Clouds at 760m, Cloudy at 2100m Haze",2017-07-28
09:00,25°C,26°C,160°9 Km/h,,89%,23°C,1008.0mb,,"document.write(Icons.GetShortDescription(7, 'CurrentWeather'));  Scattered Clouds at 240m, Broken Clouds at 760m, Cloudy at 2100m Light Rain, Haze",2017-07-28
10:00,25°C,26°C,150°9 Km/h,,89%,23°C,1008.0mb,,"document.write(Icons.GetShortDescription(7, 'CurrentWeather'));  Scattered Clouds at 240m, Broken Clouds at 760m, Cloudy at 2100m Light Drizzle, Haze",2017-07-28
11:00,26°C,28°C,170°13 Km/h,,89%,24°C,1008.0mb,,"document.write(Icons.GetShortDescription(4, 'CurrentWeather'));  Scattered Clouds at 240m, Broken Clouds at 760m, Cloudy at 2100m",2017-07-28
12:00,26°C,28°C,180°9 Km/h,,84%,23°C,1008.0mb,,"document.write(Icons.GetShortDescription(4, 'CurrentWeather'));  Scattered Clouds at 240m, Broken Clouds at 760m, Cloudy at 2100m",2017-07-28
13:00,26°C,28°C,150°7 Km/h,,84%,23°C,1008.0mb,,"document.write(Icons.GetShortDescription(4, 'CurrentWeather'));  Scattered Clouds at 240m, Broken Clouds at 760m, Cloudy at 2100m",2017-07-28
13:25,26°C,28°C,140°7 Km/h,,84%,23°C,1008.0mb,,"document.write(Icons.GetShortDescription(4, 'CurrentWeather'));  Scattered Clouds at 240m, Broken Clouds at 760m, Cloudy at 2100m Haze",2017-07-28
14:00,26°C,28°C,150°7 Km/h,,89%,24°C,1008.0mb,,"document.write(Icons.GetShortDescription(4, 'CurrentWeather'));  Scattered Clouds at 240m, Broken Clouds at 760m, Cloudy at 2100m Haze",2017-07-28
15:00,26°C,28°C,140°6 Km/h,,89%,24°C,1007.0mb,,"document.write(Icons.GetShortDescription(4, 'CurrentWeather'));  Scattered Clouds at 180m, Broken Clouds at 760m, Cloudy at 2100m Haze",2017-07-28
16:00,26°C,28°C,300°11 Km/h,,89%,24°C,1007.0mb,,"document.write(Icons.GetShortDescription(4, 'CurrentWeather'));  Scattered Clouds at 180m, Broken Clouds at 760m, Cloudy at 2100m Haze",2017-07-28
17:00,26°C,28°C,340°11 Km/h,,89%,24°C,1007.0mb,,"document.write(Icons.GetShortDescription(4, 'CurrentWeather'));  Scattered Clouds at 180m, Broken Clouds at 760m, Cloudy at 2100m Haze",2017-07-28
18:00,26°C,28°C,340°11 Km/h,,89%,24°C,1007.0mb,,"document.write(Icons.GetShortDescription(4, 'CurrentWeather'));  Scattered Clouds at 180m, Broken Clouds at 760m, Cloudy at 2100m Haze",2017-07-28
19:00,26°C,28°C,320°9 Km/h,,89%,24°C,1007.0mb,,"document.write(Icons.GetShortDescription(4, 'CurrentWeather'));  Scattered Clouds at 180m, Broken Clouds at 760m, Cloudy at 2100m Haze",2017-07-28
20:00,26°C,28°C,330°7 Km/h,,89%,24°C,1007.0mb,,"document.write(Icons.GetShortDescription(4, 'CurrentWeather'));  Scattered Clouds at 270m, Broken Clouds at 760m, Cloudy at 2100m Haze",2017-07-28
21:00,25°C,26°C,280°4 Km/h,,89%,23°C,1008.0mb,,"document.write(Icons.GetShortDescription(4, 'CurrentWeather'));  Scattered Clouds at 270m, Broken Clouds at 760m, Cloudy at 2100m Haze",2017-07-28
22:00,25°C,26°C,340°6 Km/h,,89%,23°C,1008.0mb,,"document.write(Icons.GetShortDescription(3, 'CurrentWeather'));  Scattered Clouds at 270m, Broken Clouds at 760m Haze",2017-07-28
23:00,26°C,28°C,110°9 Km/h,,89%,24°C,1008.0mb,,"document.write(Icons.GetShortDescription(3, 'CurrentWeather'));  Few Clouds at 460m, Broken Clouds at 760m",2017-07-28
