Time,Temperature,Relative Temperature,Wind,Wind Gust,Rel. humidity,Dew Point,Pressure,Icon,DescriptionDetails,date
00:00,-7°C,-7°C,Calm,,58%,-14°C,1028.0mb,,"document.write(Icons.GetShortDescription(1, 'CurrentWeather'));",2017-02-01
01:00,-8°C,-8°C,330°2 Km/h,,62%,-14°C,1028.0mb,,"document.write(Icons.GetShortDescription(1, 'CurrentWeather'));",2017-02-01
02:00,-8°C,-8°C,10°2 Km/h,,73%,-12°C,1027.0mb,,"document.write(Icons.GetShortDescription(1, 'CurrentWeather'));",2017-02-01
03:00,-7°C,-7°C,330°4 Km/h,,73%,-11°C,1028.0mb,,"document.write(Icons.GetShortDescription(1, 'CurrentWeather'));",2017-02-01
04:00,-7°C,-7°C,300°4 Km/h,,68%,-12°C,1027.0mb,,"document.write(Icons.GetShortDescription(1, 'CurrentWeather'));",2017-02-01
05:00,-6°C,-6°C,310°2 Km/h,,68%,-11°C,1027.0mb,,"document.write(Icons.GetShortDescription(2, 'CurrentWeather'));  Few Clouds at 1100m, Scattered Clouds at 5500m",2017-02-01
06:00,-6°C,-6°C,280°4 Km/h,,63%,-12°C,1027.0mb,,"document.write(Icons.GetShortDescription(2, 'CurrentWeather'));  Few Clouds at 1100m, Scattered Clouds at 5500m",2017-02-01
07:00,-7°C,-7°C,330°2 Km/h,,68%,-12°C,1027.0mb,,"document.write(Icons.GetShortDescription(1, 'CurrentWeather'));",2017-02-01
08:00,-7°C,-11°C,10°7 Km/h,,68%,-12°C,1028.0mb,,"document.write(Icons.GetShortDescription(1, 'CurrentWeather'));",2017-02-01
09:00,-4°C,-8°C,300°11 Km/h,,63%,-10°C,1029.0mb,,"document.write(Icons.GetShortDescription(1, 'CurrentWeather'));",2017-02-01
10:00,-2°C,-8°C,320°19 Km/h,,55%,-10°C,1029.0mb,,"document.write(Icons.GetShortDescription(1, 'CurrentWeather'));",2017-02-01
11:00,-1°C,-7°C,340°22 Km/h,,37%,-14°C,1029.0mb,,"document.write(Icons.GetShortDescription(1, 'CurrentWeather'));",2017-02-01
12:00,-1°C,-8°C,320°30 Km/h,,37%,-14°C,1029.0mb,,"document.write(Icons.GetShortDescription(1, 'CurrentWeather'));",2017-02-01
13:00,-1°C,-7°C,330°24 Km/h,,31%,-16°C,1028.0mb,,"document.write(Icons.GetShortDescription(1, 'CurrentWeather'));",2017-02-01
14:00,0°C,-5°C,310°19 Km/h,,29%,-16°C,1028.0mb,,"document.write(Icons.GetShortDescription(1, 'CurrentWeather'));",2017-02-01
15:00,0°C,-5°C,320°20 Km/h,,32%,-15°C,1028.0mb,,"document.write(Icons.GetShortDescription(1, 'CurrentWeather'));",2017-02-01
16:00,0°C,-6°C,310°22 Km/h,,25%,-18°C,1029.0mb,,"document.write(Icons.GetShortDescription(1, 'CurrentWeather'));",2017-02-01
17:00,-1°C,-6°C,310°17 Km/h,,24%,-19°C,1030.0mb,,"document.write(Icons.GetShortDescription(1, 'CurrentWeather'));",2017-02-01
18:00,-2°C,-8°C,290°19 Km/h,,34%,-16°C,1030.0mb,,"document.write(Icons.GetShortDescription(1, 'CurrentWeather'));",2017-02-01
19:00,-4°C,-10°C,300°17 Km/h,,39%,-16°C,1031.0mb,,"document.write(Icons.GetShortDescription(1, 'CurrentWeather'));",2017-02-01
20:00,-5°C,-11°C,310°15 Km/h,,42%,-16°C,1031.0mb,,"document.write(Icons.GetShortDescription(1, 'CurrentWeather'));",2017-02-01
21:00,-5°C,-12°C,310°20 Km/h,,39%,-17°C,1032.0mb,,"document.write(Icons.GetShortDescription(1, 'CurrentWeather'));",2017-02-01
22:00,-7°C,-12°C,320°11 Km/h,,42%,-18°C,1032.0mb,,"document.write(Icons.GetShortDescription(1, 'CurrentWeather'));",2017-02-01
23:00,-7°C,-13°C,310°13 Km/h,,42%,-18°C,1032.0mb,,"document.write(Icons.GetShortDescription(1, 'CurrentWeather'));",2017-02-01
