Time,Temperature,Relative Temperature,Wind,Wind Gust,Rel. humidity,Dew Point,Pressure,Icon,DescriptionDetails,date
00:00,1°C,-1°C,280°6 Km/h,,75%,-3°C,1016.0mb,,"document.write(Icons.GetShortDescription(4, 'CurrentWeather'));  Scattered Clouds at 1200m, Cloudy at 2100m Haze",2017-02-05
01:00,1°C,-1°C,350°6 Km/h,,75%,-3°C,1016.0mb,,"document.write(Icons.GetShortDescription(4, 'CurrentWeather'));  Few Clouds at 1200m, Cloudy at 2100m Haze",2017-02-05
02:00,1°C,-2°C,340°11 Km/h,,70%,-4°C,1015.0mb,,"document.write(Icons.GetShortDescription(4, 'CurrentWeather'));  Few Clouds at 1200m, Cloudy at 2100m Haze",2017-02-05
03:00,1°C,-1°C,300°7 Km/h,,70%,-4°C,1014.0mb,,"document.write(Icons.GetShortDescription(4, 'CurrentWeather'));  Scattered Clouds at 1200m, Cloudy at 2100m Haze",2017-02-05
04:00,1°C,-2°C,330°9 Km/h,,70%,-4°C,1014.0mb,,"document.write(Icons.GetShortDescription(3, 'CurrentWeather'));  Scattered Clouds at 910m, Broken Clouds at 2100m Haze",2017-02-05
05:00,1°C,-3°C,330°13 Km/h,,70%,-4°C,1014.0mb,,"document.write(Icons.GetShortDescription(3, 'CurrentWeather'));  Scattered Clouds at 910m, Broken Clouds at 2100m Haze",2017-02-05
06:00,1°C,-1°C,310°7 Km/h,,70%,-4°C,1014.0mb,,"document.write(Icons.GetShortDescription(3, 'CurrentWeather'));  Scattered Clouds at 910m, Broken Clouds at 2100m Haze",2017-02-05
07:00,1°C,-2°C,320°9 Km/h,,70%,-4°C,1014.0mb,,"document.write(Icons.GetShortDescription(4, 'CurrentWeather'));  Scattered Clouds at 300m, Broken Clouds at 910m, Cloudy at 2400m Haze",2017-02-05
08:00,1°C,-2°C,320°9 Km/h,,75%,-3°C,1014.0mb,,"document.write(Icons.GetShortDescription(4, 'CurrentWeather'));  Scattered Clouds at 300m, Broken Clouds at 910m, Cloudy at 2400m Haze",2017-02-05
09:00,1°C,-1°C,330°7 Km/h,,81%,-2°C,1014.0mb,,"document.write(Icons.GetShortDescription(26, 'CurrentWeather'));  Scattered Clouds at 300m, Broken Clouds at 760m, Cloudy at 2100m Light Snowfall, Haze",2017-02-05
10:00,1°C,-1°C,330°6 Km/h,,81%,-2°C,1014.0mb,,"document.write(Icons.GetShortDescription(26, 'CurrentWeather'));  Scattered Clouds at 300m, Broken Clouds at 760m, Cloudy at 2100m Light Rain and Snowfall, Haze",2017-02-05
10:22,2°C,0°C,310°6 Km/h,,75%,-2°C,1014.0mb,,"document.write(Icons.GetShortDescription(26, 'CurrentWeather'));  Scattered Clouds at 300m, Broken Clouds at 760m, Cloudy at 2100m Light Rain and Snowfall, Haze",2017-02-05
11:00,1°C,1°C,300°4 Km/h,,87%,-1°C,1014.0mb,,"document.write(Icons.GetShortDescription(26, 'CurrentWeather'));  Scattered Clouds at 300m, Broken Clouds at 760m, Cloudy at 2100m Light Snowfall, Haze",2017-02-05
12:00,2°C,-1°C,290°9 Km/h,,81%,-1°C,1013.0mb,,"document.write(Icons.GetShortDescription(26, 'CurrentWeather'));  Scattered Clouds at 300m, Broken Clouds at 760m, Cloudy at 2100m Light Rain and Snowfall, Haze",2017-02-05
13:00,2°C,-2°C,300°13 Km/h,,87%,0°C,1012.0mb,,"document.write(Icons.GetShortDescription(7, 'CurrentWeather'));  Few Clouds at 300m, Broken Clouds at 760m, Cloudy at 2100m Light Rain, Haze",2017-02-05
14:00,2°C,-1°C,290°11 Km/h,,81%,-1°C,1012.0mb,,"document.write(Icons.GetShortDescription(4, 'CurrentWeather'));  Scattered Clouds at 760m, Cloudy at 2400m Haze",2017-02-05
15:00,3°C,0°C,280°11 Km/h,,75%,-1°C,1012.0mb,,"document.write(Icons.GetShortDescription(4, 'CurrentWeather'));  Few Clouds at 460m, Scattered Clouds at 910m, Cloudy at 2400m",2017-02-05
16:00,3°C,0°C,280°13 Km/h,,75%,-1°C,1012.0mb,,"document.write(Icons.GetShortDescription(4, 'CurrentWeather'));  Few Clouds at 460m, Cloudy at 760m",2017-02-05
17:00,3°C,-1°C,300°15 Km/h,,70%,-2°C,1013.0mb,,"document.write(Icons.GetShortDescription(4, 'CurrentWeather'));  Few Clouds at 460m, Cloudy at 760m",2017-02-05
18:00,2°C,-1°C,290°11 Km/h,,70%,-3°C,1013.0mb,,"document.write(Icons.GetShortDescription(4, 'CurrentWeather'));  Few Clouds at 460m, Cloudy at 760m Haze",2017-02-05
19:00,1°C,-1°C,280°7 Km/h,,70%,-4°C,1014.0mb,,"document.write(Icons.GetShortDescription(2, 'CurrentWeather'));  Scattered Clouds at 910m Haze",2017-02-05
20:00,1°C,-2°C,290°9 Km/h,,70%,-4°C,1014.0mb,,"document.write(Icons.GetShortDescription(2, 'CurrentWeather'));  Few Clouds at 910m Haze",2017-02-05
21:00,0°C,-3°C,280°9 Km/h,,64%,-6°C,1015.0mb,,"document.write(Icons.GetShortDescription(2, 'CurrentWeather'));  Few Clouds at 910m Haze",2017-02-05
22:00,-1°C,-4°C,280°7 Km/h,,64%,-7°C,1015.0mb,,"document.write(Icons.GetShortDescription(2, 'CurrentWeather'));  Few Clouds at 910m Haze",2017-02-05
23:00,-1°C,-3°C,260°6 Km/h,,59%,-8°C,1016.0mb,,"document.write(Icons.GetShortDescription(2, 'CurrentWeather'));  Few Clouds at 910m",2017-02-05
