Time,Temperature,Relative Temperature,Wind,Wind Gust,Rel. humidity,Dew Point,Pressure,Icon,DescriptionDetails,date
00:00,11°C,11°C,330°7 Km/h,,72%,6°C,1022.0mb,,"document.write(Icons.GetShortDescription(3, 'CurrentWeather'));  Few Clouds at 910m, Broken Clouds at 5500m",2017-10-12
01:00,11°C,11°C,330°13 Km/h,,67%,5°C,1022.0mb,,"document.write(Icons.GetShortDescription(1, 'CurrentWeather'));",2017-10-12
02:00,11°C,11°C,330°7 Km/h,,67%,5°C,1022.0mb,,"document.write(Icons.GetShortDescription(1, 'CurrentWeather'));",2017-10-12
03:00,11°C,11°C,340°13 Km/h,,67%,5°C,1022.0mb,,"document.write(Icons.GetShortDescription(1, 'CurrentWeather'));",2017-10-12
04:00,11°C,11°C,340°13 Km/h,,67%,5°C,1022.0mb,,"document.write(Icons.GetShortDescription(1, 'CurrentWeather'));",2017-10-12
05:00,11°C,11°C,10°15 Km/h,,67%,5°C,1022.0mb,,"document.write(Icons.GetShortDescription(1, 'CurrentWeather'));",2017-10-12
06:00,11°C,11°C,360°15 Km/h,,62%,4°C,1022.0mb,,"document.write(Icons.GetShortDescription(1, 'CurrentWeather'));",2017-10-12
07:00,10°C,8°C,350°13 Km/h,,67%,4°C,1022.0mb,,"document.write(Icons.GetShortDescription(1, 'CurrentWeather'));",2017-10-12
08:00,11°C,11°C,360°13 Km/h,,62%,4°C,1022.0mb,,"document.write(Icons.GetShortDescription(4, 'CurrentWeather'));  Few Clouds at 910m, Cloudy at 3700m",2017-10-12
09:00,11°C,11°C,360°11 Km/h,,62%,4°C,1022.0mb,,"document.write(Icons.GetShortDescription(4, 'CurrentWeather'));  Few Clouds at 910m, Cloudy at 3700m",2017-10-12
10:00,12°C,12°C,350°15 Km/h,,58%,4°C,1022.0mb,,"document.write(Icons.GetShortDescription(4, 'CurrentWeather'));  Few Clouds at 910m, Cloudy at 3700m",2017-10-12
11:00,12°C,12°C,330°13 Km/h,,58%,4°C,1022.0mb,,"document.write(Icons.GetShortDescription(4, 'CurrentWeather'));  Few Clouds at 910m, Cloudy at 3700m",2017-10-12
12:00,12°C,12°C,330°9 Km/h,,58%,4°C,1021.0mb,,"document.write(Icons.GetShortDescription(4, 'CurrentWeather'));  Few Clouds at 910m, Cloudy at 3700m",2017-10-12
13:00,12°C,12°C,330°11 Km/h,,58%,4°C,1020.0mb,,"document.write(Icons.GetShortDescription(4, 'CurrentWeather'));  Few Clouds at 910m, Cloudy at 3700m",2017-10-12
14:00,13°C,13°C,340°11 Km/h,,59%,5°C,1020.0mb,,"document.write(Icons.GetShortDescription(4, 'CurrentWeather'));  Few Clouds at 910m, Cloudy at 3700m",2017-10-12
15:00,13°C,13°C,360°7 Km/h,,55%,4°C,1019.0mb,,"document.write(Icons.GetShortDescription(4, 'CurrentWeather'));  Few Clouds at 910m, Cloudy at 3400m",2017-10-12
16:00,13°C,13°C,340°6 Km/h,,55%,4°C,1019.0mb,,"document.write(Icons.GetShortDescription(4, 'CurrentWeather'));  Few Clouds at 910m, Cloudy at 3400m",2017-10-12
17:00,13°C,13°C,360°7 Km/h,,51%,3°C,1019.0mb,,"document.write(Icons.GetShortDescription(4, 'CurrentWeather'));  Few Clouds at 910m, Cloudy at 3400m",2017-10-12
18:00,11°C,11°C,330°9 Km/h,,58%,3°C,1020.0mb,,"document.write(Icons.GetShortDescription(3, 'CurrentWeather'));  Few Clouds at 910m, Broken Clouds at 4000m",2017-10-12
19:00,10°C,9°C,320°7 Km/h,,58%,2°C,1020.0mb,,"document.write(Icons.GetShortDescription(1, 'CurrentWeather'));",2017-10-12
20:00,9°C,7°C,300°11 Km/h,,66%,3°C,1021.0mb,,"document.write(Icons.GetShortDescription(1, 'CurrentWeather'));",2017-10-12
21:00,8°C,6°C,320°9 Km/h,,66%,2°C,1021.0mb,,"document.write(Icons.GetShortDescription(1, 'CurrentWeather'));",2017-10-12
22:00,8°C,8°C,290°2 Km/h,,66%,2°C,1021.0mb,,"document.write(Icons.GetShortDescription(1, 'CurrentWeather'));",2017-10-12
23:00,8°C,7°C,320°6 Km/h,,71%,3°C,1021.0mb,,"document.write(Icons.GetShortDescription(1, 'CurrentWeather'));",2017-10-12
