Time,Temperature,Relative Temperature,Wind,Wind Gust,Rel. humidity,Dew Point,Pressure,Icon,DescriptionDetails,date
00:00,5°C,1°C,320°19 Km/h,,28%,-12°C,1022.0mb,,"document.write(Icons.GetShortDescription(1, 'CurrentWeather'));",2017-10-30
01:00,5°C,1°C,340°19 Km/h,,28%,-12°C,1023.0mb,,"document.write(Icons.GetShortDescription(1, 'CurrentWeather'));",2017-10-30
02:00,4°C,1°C,340°15 Km/h,,33%,-11°C,1024.0mb,,"document.write(Icons.GetShortDescription(1, 'CurrentWeather'));",2017-10-30
03:00,3°C,0°C,340°13 Km/h,,35%,-11°C,1024.0mb,,"document.write(Icons.GetShortDescription(1, 'CurrentWeather'));",2017-10-30
04:00,2°C,-1°C,340°9 Km/h,,38%,-11°C,1024.0mb,,"document.write(Icons.GetShortDescription(1, 'CurrentWeather'));",2017-10-30
05:00,2°C,0°C,340°7 Km/h,,41%,-10°C,1025.0mb,,"document.write(Icons.GetShortDescription(1, 'CurrentWeather'));",2017-10-30
06:00,1°C,-2°C,340°9 Km/h,,44%,-10°C,1026.0mb,,"document.write(Icons.GetShortDescription(1, 'CurrentWeather'));",2017-10-30
07:00,0°C,-3°C,330°7 Km/h,,44%,-11°C,1026.0mb,,"document.write(Icons.GetShortDescription(1, 'CurrentWeather'));",2017-10-30
08:00,3°C,0°C,330°13 Km/h,,48%,-7°C,1027.0mb,,"document.write(Icons.GetShortDescription(1, 'CurrentWeather'));",2017-10-30
09:00,5°C,2°C,340°11 Km/h,,42%,-7°C,1028.0mb,,"document.write(Icons.GetShortDescription(1, 'CurrentWeather'));",2017-10-30
10:00,7°C,5°C,350°13 Km/h,,31%,-9°C,1028.0mb,,"document.write(Icons.GetShortDescription(1, 'CurrentWeather'));",2017-10-30
11:00,8°C,6°C,310°9 Km/h,,29%,-9°C,1027.0mb,,"document.write(Icons.GetShortDescription(1, 'CurrentWeather'));",2017-10-30
12:00,10°C,8°C,340°13 Km/h,,25%,-9°C,1027.0mb,,"document.write(Icons.GetShortDescription(1, 'CurrentWeather'));",2017-10-30
13:00,11°C,11°C,340°19 Km/h,,22%,-10°C,1026.0mb,,"document.write(Icons.GetShortDescription(1, 'CurrentWeather'));",2017-10-30
14:00,11°C,11°C,300°11 Km/h,,22%,-10°C,1025.0mb,,"document.write(Icons.GetShortDescription(1, 'CurrentWeather'));",2017-10-30
15:00,12°C,12°C,310°13 Km/h,,21%,-10°C,1025.0mb,,"document.write(Icons.GetShortDescription(1, 'CurrentWeather'));",2017-10-30
16:00,12°C,12°C,270°9 Km/h,,22%,-9°C,1025.0mb,,"document.write(Icons.GetShortDescription(1, 'CurrentWeather'));",2017-10-30
17:00,11°C,11°C,310°9 Km/h,,20%,-11°C,1025.0mb,,"document.write(Icons.GetShortDescription(1, 'CurrentWeather'));",2017-10-30
18:00,9°C,8°C,280°7 Km/h,,23%,-11°C,1025.0mb,,"document.write(Icons.GetShortDescription(1, 'CurrentWeather'));",2017-10-30
19:00,9°C,9°C,270°4 Km/h,,25%,-10°C,1025.0mb,,"document.write(Icons.GetShortDescription(1, 'CurrentWeather'));",2017-10-30
20:00,8°C,7°C,250°6 Km/h,,34%,-7°C,1025.0mb,,"document.write(Icons.GetShortDescription(1, 'CurrentWeather'));",2017-10-30
21:00,5°C,5°C,250°4 Km/h,,36%,-9°C,1026.0mb,,"document.write(Icons.GetShortDescription(1, 'CurrentWeather'));",2017-10-30
22:00,4°C,1°C,340°11 Km/h,,42%,-8°C,1026.0mb,,"document.write(Icons.GetShortDescription(1, 'CurrentWeather'));",2017-10-30
23:00,4°C,3°C,340°6 Km/h,,45%,-7°C,1026.0mb,,"document.write(Icons.GetShortDescription(1, 'CurrentWeather'));",2017-10-30
