Time,Temperature,Relative Temperature,Wind,Wind Gust,Rel. humidity,Dew Point,Pressure,Icon,DescriptionDetails,date
00:00,9°C,9°C,360°2 Km/h,,62%,2°C,1015.0mb,,"document.write(Icons.GetShortDescription(1, 'CurrentWeather'));",2017-04-23
01:00,9°C,9°C,20°2 Km/h,,62%,2°C,1015.0mb,,"document.write(Icons.GetShortDescription(1, 'CurrentWeather'));",2017-04-23
02:00,7°C,6°C,160°6 Km/h,,61%,0°C,1015.0mb,,"document.write(Icons.GetShortDescription(1, 'CurrentWeather'));",2017-04-23
03:00,7°C,7°C,320°2 Km/h,,76%,3°C,1015.0mb,,"document.write(Icons.GetShortDescription(1, 'CurrentWeather'));",2017-04-23
04:00,6°C,6°C,130°4 Km/h,,71%,1°C,1016.0mb,,"document.write(Icons.GetShortDescription(1, 'CurrentWeather'));",2017-04-23
05:00,5°C,2°C,140°11 Km/h,,81%,2°C,1016.0mb,,"document.write(Icons.GetShortDescription(1, 'CurrentWeather'));",2017-04-23
06:00,7°C,6°C,170°6 Km/h,,76%,3°C,1016.0mb,,"document.write(Icons.GetShortDescription(1, 'CurrentWeather'));  Haze",2017-04-23
07:00,10°C,9°C,160°9 Km/h,,71%,5°C,1017.0mb,,"document.write(Icons.GetShortDescription(1, 'CurrentWeather'));",2017-04-23
08:00,13°C,13°C,190°11 Km/h,,55%,4°C,1017.0mb,,"document.write(Icons.GetShortDescription(1, 'CurrentWeather'));",2017-04-23
09:00,16°C,16°C,200°9 Km/h,,36%,1°C,1017.0mb,,"document.write(Icons.GetShortDescription(1, 'CurrentWeather'));",2017-04-23
10:00,17°C,17°C,190°11 Km/h,,34%,1°C,1018.0mb,,"document.write(Icons.GetShortDescription(1, 'CurrentWeather'));",2017-04-23
11:00,19°C,19°C,230°13 Km/h,,28%,0°C,1018.0mb,,"document.write(Icons.GetShortDescription(1, 'CurrentWeather'));",2017-04-23
12:00,20°C,20°C,240°17 Km/h,,24%,-1°C,1017.0mb,,"document.write(Icons.GetShortDescription(1, 'CurrentWeather'));",2017-04-23
13:00,19°C,19°C,270°19 Km/h,,22%,-3°C,1017.0mb,,"document.write(Icons.GetShortDescription(1, 'CurrentWeather'));",2017-04-23
14:00,20°C,20°C,230°19 Km/h,,23%,-2°C,1017.0mb,,"document.write(Icons.GetShortDescription(1, 'CurrentWeather'));",2017-04-23
15:00,20°C,20°C,240°22 Km/h,,21%,-3°C,1016.0mb,,"document.write(Icons.GetShortDescription(1, 'CurrentWeather'));",2017-04-23
16:00,19°C,19°C,240°24 Km/h,,21%,-4°C,1016.0mb,,"document.write(Icons.GetShortDescription(1, 'CurrentWeather'));",2017-04-23
17:00,19°C,19°C,250°20 Km/h,,21%,-4°C,1016.0mb,,"document.write(Icons.GetShortDescription(1, 'CurrentWeather'));",2017-04-23
18:00,17°C,17°C,280°13 Km/h,,27%,-2°C,1016.0mb,,"document.write(Icons.GetShortDescription(1, 'CurrentWeather'));",2017-04-23
19:00,15°C,15°C,300°13 Km/h,,34%,-1°C,1017.0mb,,"document.write(Icons.GetShortDescription(1, 'CurrentWeather'));",2017-04-23
20:00,14°C,14°C,230°6 Km/h,,33%,-2°C,1017.0mb,,"document.write(Icons.GetShortDescription(1, 'CurrentWeather'));",2017-04-23
21:00,13°C,13°C,80°2 Km/h,,36%,-2°C,1018.0mb,,"document.write(Icons.GetShortDescription(1, 'CurrentWeather'));",2017-04-23
22:00,12°C,12°C,150°2 Km/h,,35%,-3°C,1018.0mb,,"document.write(Icons.GetShortDescription(1, 'CurrentWeather'));",2017-04-23
23:00,8°C,7°C,310°6 Km/h,,53%,-1°C,1019.0mb,,"document.write(Icons.GetShortDescription(1, 'CurrentWeather'));",2017-04-23
