Time,Temperature,Relative Temperature,Wind,Wind Gust,Rel. humidity,Dew Point,Pressure,Icon,DescriptionDetails,date
00:00,21°C,21°C,310°17 Km/h,,78%,17°C,1009.0mb,,"document.write(Icons.GetShortDescription(2, 'CurrentWeather'));  Scattered Clouds at 760m",2017-09-20
01:00,18°C,18°C,310°17 Km/h,,68%,12°C,1010.0mb,,"document.write(Icons.GetShortDescription(2, 'CurrentWeather'));  Few Clouds at 760m",2017-09-20
02:00,18°C,18°C,310°19 Km/h,,56%,9°C,1011.0mb,,"document.write(Icons.GetShortDescription(2, 'CurrentWeather'));  Few Clouds at 760m",2017-09-20
03:00,16°C,16°C,300°9 Km/h,,52%,6°C,1011.0mb,,"document.write(Icons.GetShortDescription(1, 'CurrentWeather'));",2017-09-20
04:00,14°C,14°C,330°11 Km/h,,59%,6°C,1011.0mb,,"document.write(Icons.GetShortDescription(1, 'CurrentWeather'));",2017-09-20
05:00,15°C,15°C,290°9 Km/h,,55%,6°C,1011.0mb,,"document.write(Icons.GetShortDescription(1, 'CurrentWeather'));",2017-09-20
06:00,12°C,12°C,290°4 Km/h,,67%,6°C,1012.0mb,,"document.write(Icons.GetShortDescription(1, 'CurrentWeather'));",2017-09-20
07:00,14°C,14°C,310°7 Km/h,,63%,7°C,1012.0mb,,"document.write(Icons.GetShortDescription(1, 'CurrentWeather'));",2017-09-20
08:00,17°C,17°C,280°11 Km/h,,59%,9°C,1012.0mb,,"document.write(Icons.GetShortDescription(1, 'CurrentWeather'));",2017-09-20
09:00,18°C,18°C,310°17 Km/h,,52%,8°C,1013.0mb,,"document.write(Icons.GetShortDescription(1, 'CurrentWeather'));",2017-09-20
10:00,20°C,20°C,320°11 Km/h,,43%,7°C,1013.0mb,,"document.write(Icons.GetShortDescription(1, 'CurrentWeather'));",2017-09-20
11:00,21°C,21°C,290°11 Km/h,,40%,7°C,1013.0mb,,"document.write(Icons.GetShortDescription(1, 'CurrentWeather'));",2017-09-20
12:00,22°C,21°C,300°17 Km/h,,36%,6°C,1013.0mb,,"document.write(Icons.GetShortDescription(1, 'CurrentWeather'));",2017-09-20
13:00,22°C,21°C,320°15 Km/h,,38%,7°C,1013.0mb,,"document.write(Icons.GetShortDescription(1, 'CurrentWeather'));",2017-09-20
14:00,23°C,22°C,300°15 Km/h,,38%,8°C,1012.0mb,,"document.write(Icons.GetShortDescription(1, 'CurrentWeather'));",2017-09-20
15:00,23°C,22°C,270°15 Km/h,,36%,7°C,1012.0mb,,"document.write(Icons.GetShortDescription(1, 'CurrentWeather'));",2017-09-20
16:00,24°C,23°C,300°17 Km/h,,34%,7°C,1012.0mb,,"document.write(Icons.GetShortDescription(1, 'CurrentWeather'));",2017-09-20
17:00,23°C,22°C,300°13 Km/h,,36%,7°C,1012.0mb,,"document.write(Icons.GetShortDescription(1, 'CurrentWeather'));",2017-09-20
18:00,21°C,21°C,260°7 Km/h,,46%,9°C,1012.0mb,,"document.write(Icons.GetShortDescription(1, 'CurrentWeather'));",2017-09-20
19:00,20°C,20°C,260°4 Km/h,,53%,10°C,1012.0mb,,"document.write(Icons.GetShortDescription(1, 'CurrentWeather'));",2017-09-20
20:00,19°C,19°C,270°4 Km/h,,56%,10°C,1013.0mb,,"document.write(Icons.GetShortDescription(1, 'CurrentWeather'));",2017-09-20
21:00,18°C,18°C,Calm,,60%,10°C,1014.0mb,,"document.write(Icons.GetShortDescription(1, 'CurrentWeather'));",2017-09-20
22:00,18°C,18°C,60°2 Km/h,,64%,11°C,1014.0mb,,"document.write(Icons.GetShortDescription(1, 'CurrentWeather'));",2017-09-20
23:00,15°C,15°C,350°7 Km/h,,68%,9°C,1014.0mb,,"document.write(Icons.GetShortDescription(1, 'CurrentWeather'));",2017-09-20
