Time,Temperature,Relative Temperature,Wind,Wind Gust,Rel. humidity,Dew Point,Pressure,Icon,DescriptionDetails,date
00:00,3°C,3°C,330°4 Km/h,,56%,-5°C,1031.0mb,,"document.write(Icons.GetShortDescription(1, 'CurrentWeather'));",2017-11-05
01:00,0°C,0°C,260°2 Km/h,,64%,-6°C,1031.0mb,,"document.write(Icons.GetShortDescription(1, 'CurrentWeather'));",2017-11-05
02:00,1°C,1°C,360°4 Km/h,,65%,-5°C,1031.0mb,,"document.write(Icons.GetShortDescription(1, 'CurrentWeather'));",2017-11-05
03:00,0°C,0°C,Calm,,69%,-5°C,1030.0mb,,"document.write(Icons.GetShortDescription(1, 'CurrentWeather'));",2017-11-05
04:00,0°C,0°C,40°2 Km/h,,75%,-4°C,1030.0mb,,"document.write(Icons.GetShortDescription(1, 'CurrentWeather'));",2017-11-05
05:00,0°C,0°C,Calm,,75%,-4°C,1030.0mb,,"document.write(Icons.GetShortDescription(2, 'CurrentWeather'));  Scattered Clouds at 1100m",2017-11-05
06:00,1°C,-1°C,50°6 Km/h,,75%,-3°C,1030.0mb,,"document.write(Icons.GetShortDescription(2, 'CurrentWeather'));  Scattered Clouds at 1100m",2017-11-05
07:00,3°C,2°C,190°6 Km/h,,65%,-3°C,1030.0mb,,"document.write(Icons.GetShortDescription(3, 'CurrentWeather'));  Broken Clouds at 1100m",2017-11-05
08:00,5°C,5°C,140°2 Km/h,,61%,-2°C,1031.0mb,,"document.write(Icons.GetShortDescription(3, 'CurrentWeather'));  Broken Clouds at 1100m",2017-11-05
09:00,6°C,6°C,70°2 Km/h,,61%,-1°C,1031.0mb,,"document.write(Icons.GetShortDescription(3, 'CurrentWeather'));  Broken Clouds at 1200m",2017-11-05
10:00,8°C,7°C,170°6 Km/h,,50%,-2°C,1031.0mb,,"document.write(Icons.GetShortDescription(3, 'CurrentWeather'));  Broken Clouds at 1200m",2017-11-05
11:00,11°C,11°C,160°7 Km/h,,41%,-2°C,1030.0mb,,"document.write(Icons.GetShortDescription(2, 'CurrentWeather'));  Scattered Clouds at 1200m",2017-11-05
12:00,12°C,12°C,190°6 Km/h,,41%,-1°C,1030.0mb,,"document.write(Icons.GetShortDescription(2, 'CurrentWeather'));  Scattered Clouds at 1200m",2017-11-05
13:00,14°C,14°C,350°11 Km/h,,41%,1°C,1029.0mb,,"document.write(Icons.GetShortDescription(2, 'CurrentWeather'));  Few Clouds at 1200m",2017-11-05
14:00,14°C,14°C,290°7 Km/h,,41%,1°C,1028.0mb,,"document.write(Icons.GetShortDescription(2, 'CurrentWeather'));  Few Clouds at 1200m",2017-11-05
15:00,14°C,14°C,290°11 Km/h,,41%,1°C,1027.0mb,,"document.write(Icons.GetShortDescription(2, 'CurrentWeather'));  Few Clouds at 1200m",2017-11-05
16:00,13°C,13°C,290°13 Km/h,,44%,1°C,1027.0mb,,"document.write(Icons.GetShortDescription(2, 'CurrentWeather'));  Few Clouds at 1200m",2017-11-05
17:00,12°C,12°C,280°9 Km/h,,51%,2°C,1027.0mb,,"document.write(Icons.GetShortDescription(2, 'CurrentWeather'));  Few Clouds at 1200m",2017-11-05
18:00,11°C,11°C,280°6 Km/h,,54%,2°C,1027.0mb,,"document.write(Icons.GetShortDescription(1, 'CurrentWeather'));",2017-11-05
19:00,10°C,10°C,270°4 Km/h,,54%,1°C,1027.0mb,,"document.write(Icons.GetShortDescription(1, 'CurrentWeather'));",2017-11-05
20:00,9°C,9°C,240°4 Km/h,,62%,2°C,1027.0mb,,"document.write(Icons.GetShortDescription(1, 'CurrentWeather'));",2017-11-05
21:00,6°C,6°C,150°2 Km/h,,66%,0°C,1027.0mb,,"document.write(Icons.GetShortDescription(1, 'CurrentWeather'));",2017-11-05
22:00,6°C,6°C,340°2 Km/h,,71%,1°C,1027.0mb,,"document.write(Icons.GetShortDescription(1, 'CurrentWeather'));",2017-11-05
23:00,5°C,5°C,330°2 Km/h,,81%,2°C,1027.0mb,,"document.write(Icons.GetShortDescription(2, 'CurrentWeather'));  Few Clouds at 910m",2017-11-05
