Time,Temperature,Relative Temperature,Wind,Wind Gust,Rel. humidity,Dew Point,Pressure,Icon,DescriptionDetails,date
00:00,12°C,12°C,320°7 Km/h,,63%,5°C,1024.0mb,,"document.write(Icons.GetShortDescription(1, 'CurrentWeather'));",2017-10-05
01:00,13°C,13°C,320°7 Km/h,,63%,6°C,1024.0mb,,"document.write(Icons.GetShortDescription(3, 'CurrentWeather'));  Few Clouds at 1400m, Broken Clouds at 6100m",2017-10-05
02:00,12°C,12°C,340°7 Km/h,,63%,5°C,1024.0mb,,"document.write(Icons.GetShortDescription(3, 'CurrentWeather'));  Few Clouds at 1400m, Broken Clouds at 6100m",2017-10-05
03:00,12°C,12°C,320°6 Km/h,,67%,6°C,1024.0mb,,"document.write(Icons.GetShortDescription(3, 'CurrentWeather'));  Few Clouds at 1400m, Broken Clouds at 6100m",2017-10-05
04:00,11°C,11°C,340°7 Km/h,,67%,5°C,1024.0mb,,"document.write(Icons.GetShortDescription(2, 'CurrentWeather'));  Few Clouds at 1400m, Scattered Clouds at 6100m",2017-10-05
05:00,11°C,11°C,330°6 Km/h,,72%,6°C,1024.0mb,,"document.write(Icons.GetShortDescription(1, 'CurrentWeather'));",2017-10-05
06:00,11°C,11°C,30°2 Km/h,,77%,7°C,1024.0mb,,"document.write(Icons.GetShortDescription(1, 'CurrentWeather'));",2017-10-05
07:00,15°C,15°C,120°11 Km/h,,68%,9°C,1024.0mb,,"document.write(Icons.GetShortDescription(2, 'CurrentWeather'));  Few Clouds at 910m, Scattered Clouds at 6100m",2017-10-05
08:00,17°C,17°C,120°13 Km/h,,64%,10°C,1024.0mb,,"document.write(Icons.GetShortDescription(2, 'CurrentWeather'));  Few Clouds at 910m, Scattered Clouds at 6100m",2017-10-05
09:00,18°C,18°C,120°17 Km/h,,56%,9°C,1024.0mb,,"document.write(Icons.GetShortDescription(2, 'CurrentWeather'));  Few Clouds at 1100m, Scattered Clouds at 6100m",2017-10-05
10:00,19°C,19°C,130°19 Km/h,,56%,10°C,1024.0mb,,"document.write(Icons.GetShortDescription(2, 'CurrentWeather'));  Few Clouds at 1100m, Scattered Clouds at 6100m",2017-10-05
11:00,21°C,21°C,120°13 Km/h,,46%,9°C,1024.0mb,,"document.write(Icons.GetShortDescription(3, 'CurrentWeather'));  Few Clouds at 1100m, Broken Clouds at 6100m",2017-10-05
12:00,22°C,21°C,150°15 Km/h,,44%,9°C,1023.0mb,,"document.write(Icons.GetShortDescription(3, 'CurrentWeather'));  Few Clouds at 1100m, Broken Clouds at 6100m",2017-10-05
13:00,22°C,21°C,170°13 Km/h,,44%,9°C,1023.0mb,,"document.write(Icons.GetShortDescription(3, 'CurrentWeather'));  Few Clouds at 1100m, Broken Clouds at 6100m",2017-10-05
14:00,22°C,21°C,170°9 Km/h,,44%,9°C,1022.0mb,,"document.write(Icons.GetShortDescription(4, 'CurrentWeather'));  Few Clouds at 1100m, Cloudy at 6100m",2017-10-05
15:00,22°C,21°C,200°9 Km/h,,44%,9°C,1022.0mb,,"document.write(Icons.GetShortDescription(4, 'CurrentWeather'));  Few Clouds at 1100m, Cloudy at 6100m",2017-10-05
16:00,22°C,21°C,190°9 Km/h,,44%,9°C,1022.0mb,,"document.write(Icons.GetShortDescription(4, 'CurrentWeather'));  Few Clouds at 1100m, Cloudy at 5500m",2017-10-05
17:00,21°C,21°C,180°7 Km/h,,46%,9°C,1022.0mb,,"document.write(Icons.GetShortDescription(4, 'CurrentWeather'));  Few Clouds at 1100m, Broken Clouds at 3700m, Cloudy at 5500m",2017-10-05
18:00,20°C,20°C,160°6 Km/h,,53%,10°C,1022.0mb,,"document.write(Icons.GetShortDescription(4, 'CurrentWeather'));  Few Clouds at 1100m, Broken Clouds at 3700m, Cloudy at 5500m",2017-10-05
19:00,20°C,20°C,170°6 Km/h,,53%,10°C,1022.0mb,,"document.write(Icons.GetShortDescription(4, 'CurrentWeather'));  Few Clouds at 1100m, Broken Clouds at 3700m, Cloudy at 5500m",2017-10-05
20:00,19°C,19°C,310°4 Km/h,,56%,10°C,1023.0mb,,"document.write(Icons.GetShortDescription(4, 'CurrentWeather'));  Scattered Clouds at 1200m, Broken Clouds at 3700m, Cloudy at 5500m",2017-10-05
21:00,19°C,19°C,210°4 Km/h,,56%,10°C,1023.0mb,,"document.write(Icons.GetShortDescription(4, 'CurrentWeather'));  Scattered Clouds at 910m, Broken Clouds at 3700m, Cloudy at 5500m",2017-10-05
22:00,18°C,18°C,200°7 Km/h,,60%,10°C,1023.0mb,,"document.write(Icons.GetShortDescription(4, 'CurrentWeather'));  Scattered Clouds at 910m, Broken Clouds at 3700m, Cloudy at 5500m",2017-10-05
23:00,18°C,18°C,180°9 Km/h,,56%,9°C,1023.0mb,,"document.write(Icons.GetShortDescription(4, 'CurrentWeather'));  Scattered Clouds at 910m, Broken Clouds at 3700m, Cloudy at 5500m",2017-10-05
