Time,Temperature,Relative Temperature,Wind,Wind Gust,Rel. humidity,Dew Point,Pressure,Icon,DescriptionDetails,date
00:00,28°C,29°C,100°15 Km/h,,58%,19°C,1006.0mb,,"document.write(Icons.GetShortDescription(2, 'CurrentWeather'));  Scattered Clouds at 910m",2017-07-26
01:00,27°C,28°C,120°15 Km/h,,62%,19°C,1006.0mb,,"document.write(Icons.GetShortDescription(2, 'CurrentWeather'));  Scattered Clouds at 910m",2017-07-26
02:00,27°C,28°C,110°13 Km/h,,62%,19°C,1006.0mb,,"document.write(Icons.GetShortDescription(2, 'CurrentWeather'));  Scattered Clouds at 910m",2017-07-26
03:00,26°C,27°C,120°15 Km/h,,65%,19°C,1006.0mb,,"document.write(Icons.GetShortDescription(2, 'CurrentWeather'));  Few Clouds at 910m",2017-07-26
04:00,26°C,27°C,110°15 Km/h,,61%,18°C,1007.0mb,,"document.write(Icons.GetShortDescription(2, 'CurrentWeather'));  Few Clouds at 1200m",2017-07-26
05:00,26°C,27°C,110°15 Km/h,,61%,18°C,1007.0mb,,"document.write(Icons.GetShortDescription(2, 'CurrentWeather'));  Few Clouds at 1200m, Scattered Clouds at 2100m",2017-07-26
06:00,26°C,27°C,120°15 Km/h,,61%,18°C,1008.0mb,,"document.write(Icons.GetShortDescription(2, 'CurrentWeather'));  Few Clouds at 1200m, Scattered Clouds at 2400m",2017-07-26
07:00,26°C,27°C,120°17 Km/h,,61%,18°C,1008.0mb,,"document.write(Icons.GetShortDescription(2, 'CurrentWeather'));  Few Clouds at 1200m, Scattered Clouds at 2400m",2017-07-26
08:00,27°C,28°C,110°19 Km/h,,62%,19°C,1009.0mb,,"document.write(Icons.GetShortDescription(2, 'CurrentWeather'));  Few Clouds at 1200m, Scattered Clouds at 2400m",2017-07-26
09:00,28°C,29°C,150°24 Km/h,,55%,18°C,1008.0mb,,"document.write(Icons.GetShortDescription(2, 'CurrentWeather'));  Few Clouds at 1200m",2017-07-26
10:00,29°C,30°C,130°20 Km/h,,55%,19°C,1008.0mb,,"document.write(Icons.GetShortDescription(1, 'CurrentWeather'));",2017-07-26
11:00,30°C,31°C,150°15 Km/h,,52%,19°C,1008.0mb,,"document.write(Icons.GetShortDescription(1, 'CurrentWeather'));",2017-07-26
12:00,31°C,32°C,190°13 Km/h,,46%,18°C,1008.0mb,,"document.write(Icons.GetShortDescription(2, 'CurrentWeather'));  Few Clouds at 1100m",2017-07-26
13:00,31°C,32°C,180°13 Km/h,,49%,19°C,1008.0mb,,"document.write(Icons.GetShortDescription(2, 'CurrentWeather'));  Few Clouds at 1100m",2017-07-26
14:00,32°C,38°C,200°13 Km/h,,63%,24°C,1007.0mb,,"document.write(Icons.GetShortDescription(2, 'CurrentWeather'));  Scattered Clouds at 1200m",2017-07-26
15:00,32°C,36°C,180°11 Km/h,,55%,22°C,1006.0mb,,"document.write(Icons.GetShortDescription(2, 'CurrentWeather'));  Scattered Clouds at 1200m",2017-07-26
16:00,32°C,34°C,200°11 Km/h,,49%,20°C,1006.0mb,,"document.write(Icons.GetShortDescription(2, 'CurrentWeather'));  Scattered Clouds at 1200m",2017-07-26
17:00,31°C,32°C,190°11 Km/h,,49%,19°C,1006.0mb,,"document.write(Icons.GetShortDescription(2, 'CurrentWeather'));  Scattered Clouds at 1200m",2017-07-26
18:00,31°C,32°C,170°9 Km/h,,49%,19°C,1006.0mb,,"document.write(Icons.GetShortDescription(2, 'CurrentWeather'));  Scattered Clouds at 1200m",2017-07-26
19:00,30°C,33°C,290°9 Km/h,,59%,21°C,1006.0mb,,"document.write(Icons.GetShortDescription(2, 'CurrentWeather'));  Few Clouds at 1200m, Scattered Clouds at 6100m",2017-07-26
20:00,28°C,30°C,320°9 Km/h,,66%,21°C,1006.0mb,,"document.write(Icons.GetShortDescription(2, 'CurrentWeather'));  Scattered Clouds at 1200m, Scattered Clouds at 6100m",2017-07-26
21:00,27°C,29°C,320°11 Km/h,,70%,21°C,1007.0mb,,"document.write(Icons.GetShortDescription(2, 'CurrentWeather'));  Few Clouds at 1200m, Scattered Clouds at 6100m",2017-07-26
22:00,26°C,27°C,320°9 Km/h,,74%,21°C,1008.0mb,,"document.write(Icons.GetShortDescription(2, 'CurrentWeather'));  Few Clouds at 1200m, Scattered Clouds at 6100m",2017-07-26
23:00,26°C,28°C,330°6 Km/h,,79%,22°C,1007.0mb,,"document.write(Icons.GetShortDescription(1, 'CurrentWeather'));",2017-07-26
