Time,Temperature,Relative Temperature,Wind,Wind Gust,Rel. humidity,Dew Point,Pressure,Icon,DescriptionDetails,date
00:00,-3°C,-8°C,340°13 Km/h,,43%,-14°C,1028.0mb,,"document.write(Icons.GetShortDescription(1, 'CurrentWeather'));",2017-11-30
01:00,-3°C,-8°C,330°17 Km/h,,43%,-14°C,1028.0mb,,"document.write(Icons.GetShortDescription(1, 'CurrentWeather'));",2017-11-30
02:00,-3°C,-9°C,340°19 Km/h,,36%,-16°C,1028.0mb,,"document.write(Icons.GetShortDescription(1, 'CurrentWeather'));",2017-11-30
03:00,-3°C,-9°C,340°20 Km/h,,33%,-17°C,1028.0mb,,"document.write(Icons.GetShortDescription(1, 'CurrentWeather'));",2017-11-30
04:00,-4°C,-10°C,350°20 Km/h,,39%,-16°C,1028.0mb,,"document.write(Icons.GetShortDescription(1, 'CurrentWeather'));",2017-11-30
05:00,-5°C,-12°C,340°20 Km/h,,42%,-16°C,1028.0mb,,"document.write(Icons.GetShortDescription(1, 'CurrentWeather'));",2017-11-30
06:00,-5°C,-11°C,340°17 Km/h,,36%,-18°C,1028.0mb,,"document.write(Icons.GetShortDescription(1, 'CurrentWeather'));",2017-11-30
07:00,-6°C,-11°C,330°13 Km/h,,42%,-17°C,1029.0mb,,"document.write(Icons.GetShortDescription(1, 'CurrentWeather'));",2017-11-30
08:00,-5°C,-11°C,330°15 Km/h,,36%,-18°C,1030.0mb,,"document.write(Icons.GetShortDescription(1, 'CurrentWeather'));",2017-11-30
09:00,-4°C,-9°C,340°13 Km/h,,30%,-19°C,1030.0mb,,"document.write(Icons.GetShortDescription(1, 'CurrentWeather'));",2017-11-30
10:00,-3°C,-8°C,360°15 Km/h,,28%,-19°C,1030.0mb,,"document.write(Icons.GetShortDescription(1, 'CurrentWeather'));",2017-11-30
11:00,-1°C,-5°C,330°13 Km/h,,26%,-18°C,1030.0mb,,"document.write(Icons.GetShortDescription(1, 'CurrentWeather'));",2017-11-30
12:00,0°C,-5°C,330°19 Km/h,,23%,-19°C,1029.0mb,,"document.write(Icons.GetShortDescription(1, 'CurrentWeather'));",2017-11-30
13:00,1°C,-3°C,330°17 Km/h,,19%,-20°C,1027.0mb,,"document.write(Icons.GetShortDescription(1, 'CurrentWeather'));",2017-11-30
14:00,1°C,-4°C,320°19 Km/h,,18%,-21°C,1027.0mb,,"document.write(Icons.GetShortDescription(1, 'CurrentWeather'));",2017-11-30
15:00,1°C,-5°C,330°24 Km/h,,18%,-21°C,1027.0mb,,"document.write(Icons.GetShortDescription(1, 'CurrentWeather'));",2017-11-30
16:00,0°C,-6°C,310°24 Km/h,,16%,-23°C,1028.0mb,,"document.write(Icons.GetShortDescription(1, 'CurrentWeather'));",2017-11-30
17:00,-1°C,-7°C,300°20 Km/h,,20%,-21°C,1028.0mb,,"document.write(Icons.GetShortDescription(1, 'CurrentWeather'));",2017-11-30
18:00,-2°C,-8°C,310°19 Km/h,,18%,-23°C,1029.0mb,,"document.write(Icons.GetShortDescription(1, 'CurrentWeather'));",2017-11-30
19:00,-4°C,-8°C,310°9 Km/h,,26%,-21°C,1029.0mb,,"document.write(Icons.GetShortDescription(1, 'CurrentWeather'));",2017-11-30
20:00,-4°C,-8°C,310°9 Km/h,,28%,-20°C,1030.0mb,,"document.write(Icons.GetShortDescription(1, 'CurrentWeather'));",2017-11-30
21:00,-5°C,-10°C,310°13 Km/h,,28%,-21°C,1030.0mb,,"document.write(Icons.GetShortDescription(1, 'CurrentWeather'));",2017-11-30
22:00,-6°C,-10°C,330°9 Km/h,,32%,-20°C,1031.0mb,,"document.write(Icons.GetShortDescription(1, 'CurrentWeather'));",2017-11-30
23:00,-5°C,-8°C,360°7 Km/h,,39%,-17°C,1031.0mb,,"document.write(Icons.GetShortDescription(1, 'CurrentWeather'));",2017-11-30
