Time,Temperature,Relative Temperature,Wind,Wind Gust,Rel. humidity,Dew Point,Pressure,Icon,DescriptionDetails,date
00:00,16°C,16°C,330°2 Km/h,,55%,7°C,1016.0mb,,"document.write(Icons.GetShortDescription(1, 'CurrentWeather'));",2017-05-21
01:00,16°C,16°C,290°2 Km/h,,55%,7°C,1015.0mb,,"document.write(Icons.GetShortDescription(1, 'CurrentWeather'));",2017-05-21
02:00,15°C,15°C,30°6 Km/h,,68%,9°C,1015.0mb,,"document.write(Icons.GetShortDescription(1, 'CurrentWeather'));",2017-05-21
03:00,14°C,14°C,340°6 Km/h,,67%,8°C,1015.0mb,,"document.write(Icons.GetShortDescription(1, 'CurrentWeather'));",2017-05-21
04:00,14°C,14°C,20°4 Km/h,,67%,8°C,1016.0mb,,"document.write(Icons.GetShortDescription(1, 'CurrentWeather'));",2017-05-21
05:00,14°C,14°C,350°4 Km/h,,72%,9°C,1016.0mb,,"document.write(Icons.GetShortDescription(1, 'CurrentWeather'));",2017-05-21
06:00,14°C,14°C,50°2 Km/h,,72%,9°C,1016.0mb,,"document.write(Icons.GetShortDescription(1, 'CurrentWeather'));",2017-05-21
07:00,16°C,16°C,330°2 Km/h,,68%,10°C,1016.0mb,,"document.write(Icons.GetShortDescription(1, 'CurrentWeather'));",2017-05-21
08:00,19°C,19°C,220°2 Km/h,,56%,10°C,1016.0mb,,"document.write(Icons.GetShortDescription(1, 'CurrentWeather'));",2017-05-21
09:00,21°C,21°C,300°4 Km/h,,46%,9°C,1016.0mb,,"document.write(Icons.GetShortDescription(1, 'CurrentWeather'));",2017-05-21
10:00,23°C,22°C,340°9 Km/h,,41%,9°C,1016.0mb,,"document.write(Icons.GetShortDescription(1, 'CurrentWeather'));",2017-05-21
11:00,24°C,23°C,290°11 Km/h,,34%,7°C,1016.0mb,,"document.write(Icons.GetShortDescription(1, 'CurrentWeather'));",2017-05-21
12:00,25°C,25°C,280°15 Km/h,,36%,9°C,1016.0mb,,"document.write(Icons.GetShortDescription(1, 'CurrentWeather'));",2017-05-21
13:00,25°C,25°C,280°17 Km/h,,36%,9°C,1015.0mb,,"document.write(Icons.GetShortDescription(1, 'CurrentWeather'));",2017-05-21
14:00,25°C,24°C,280°19 Km/h,,34%,8°C,1015.0mb,,"document.write(Icons.GetShortDescription(1, 'CurrentWeather'));",2017-05-21
15:00,25°C,25°C,290°17 Km/h,,36%,9°C,1014.0mb,,"document.write(Icons.GetShortDescription(1, 'CurrentWeather'));",2017-05-21
16:00,25°C,25°C,270°15 Km/h,,39%,10°C,1014.0mb,,"document.write(Icons.GetShortDescription(1, 'CurrentWeather'));",2017-05-21
17:00,25°C,25°C,290°17 Km/h,,39%,10°C,1013.0mb,,"document.write(Icons.GetShortDescription(1, 'CurrentWeather'));",2017-05-21
18:00,23°C,23°C,290°17 Km/h,,44%,10°C,1013.0mb,,"document.write(Icons.GetShortDescription(1, 'CurrentWeather'));",2017-05-21
19:00,21°C,21°C,260°9 Km/h,,50%,10°C,1014.0mb,,"document.write(Icons.GetShortDescription(1, 'CurrentWeather'));",2017-05-21
20:00,19°C,19°C,320°9 Km/h,,56%,10°C,1014.0mb,,"document.write(Icons.GetShortDescription(1, 'CurrentWeather'));",2017-05-21
21:00,19°C,19°C,290°6 Km/h,,56%,10°C,1014.0mb,,"document.write(Icons.GetShortDescription(1, 'CurrentWeather'));",2017-05-21
22:00,18°C,18°C,320°4 Km/h,,60%,10°C,1015.0mb,,"document.write(Icons.GetShortDescription(1, 'CurrentWeather'));",2017-05-21
23:00,18°C,18°C,250°4 Km/h,,64%,11°C,1016.0mb,,"document.write(Icons.GetShortDescription(1, 'CurrentWeather'));",2017-05-21
