Time,Temperature,Relative Temperature,Wind,Wind Gust,Rel. humidity,Dew Point,Pressure,Icon,DescriptionDetails,date
00:00,5°C,4°C,310°6 Km/h,,53%,-4°C,1024.0mb,,"document.write(Icons.GetShortDescription(1, 'CurrentWeather'));",2017-11-09
01:00,5°C,4°C,300°6 Km/h,,57%,-3°C,1024.0mb,,"document.write(Icons.GetShortDescription(1, 'CurrentWeather'));",2017-11-09
02:00,4°C,4°C,340°4 Km/h,,61%,-3°C,1024.0mb,,"document.write(Icons.GetShortDescription(1, 'CurrentWeather'));",2017-11-09
03:00,2°C,0°C,310°7 Km/h,,65%,-4°C,1024.0mb,,"document.write(Icons.GetShortDescription(1, 'CurrentWeather'));",2017-11-09
04:00,1°C,-1°C,320°6 Km/h,,65%,-5°C,1025.0mb,,"document.write(Icons.GetShortDescription(1, 'CurrentWeather'));",2017-11-09
05:00,3°C,3°C,340°4 Km/h,,65%,-3°C,1025.0mb,,"document.write(Icons.GetShortDescription(1, 'CurrentWeather'));",2017-11-09
06:00,2°C,2°C,320°4 Km/h,,70%,-3°C,1025.0mb,,"document.write(Icons.GetShortDescription(1, 'CurrentWeather'));",2017-11-09
07:00,2°C,2°C,360°4 Km/h,,75%,-2°C,1026.0mb,,"document.write(Icons.GetShortDescription(1, 'CurrentWeather'));",2017-11-09
08:00,3°C,3°C,330°2 Km/h,,70%,-2°C,1026.0mb,,"document.write(Icons.GetShortDescription(1, 'CurrentWeather'));",2017-11-09
09:00,7°C,7°C,310°4 Km/h,,66%,1°C,1026.0mb,,"document.write(Icons.GetShortDescription(1, 'CurrentWeather'));",2017-11-09
10:00,9°C,9°C,350°4 Km/h,,54%,0°C,1026.0mb,,"document.write(Icons.GetShortDescription(1, 'CurrentWeather'));",2017-11-09
11:00,12°C,12°C,40°4 Km/h,,38%,-2°C,1026.0mb,,"document.write(Icons.GetShortDescription(1, 'CurrentWeather'));",2017-11-09
12:00,12°C,12°C,260°4 Km/h,,33%,-4°C,1026.0mb,,"document.write(Icons.GetShortDescription(1, 'CurrentWeather'));",2017-11-09
13:00,14°C,14°C,360°6 Km/h,,27%,-5°C,1025.0mb,,"document.write(Icons.GetShortDescription(1, 'CurrentWeather'));",2017-11-09
14:00,15°C,15°C,330°4 Km/h,,25%,-5°C,1024.0mb,,"document.write(Icons.GetShortDescription(1, 'CurrentWeather'));",2017-11-09
15:00,16°C,16°C,220°6 Km/h,,20%,-7°C,1024.0mb,,"document.write(Icons.GetShortDescription(1, 'CurrentWeather'));",2017-11-09
16:00,15°C,15°C,Calm,,21%,-7°C,1023.0mb,,"document.write(Icons.GetShortDescription(1, 'CurrentWeather'));",2017-11-09
17:00,13°C,13°C,330°9 Km/h,,26%,-6°C,1023.0mb,,"document.write(Icons.GetShortDescription(1, 'CurrentWeather'));",2017-11-09
18:00,12°C,12°C,330°6 Km/h,,28%,-6°C,1023.0mb,,"document.write(Icons.GetShortDescription(1, 'CurrentWeather'));",2017-11-09
19:00,10°C,10°C,320°6 Km/h,,40%,-3°C,1023.0mb,,"document.write(Icons.GetShortDescription(1, 'CurrentWeather'));",2017-11-09
20:00,8°C,8°C,320°2 Km/h,,46%,-3°C,1023.0mb,,"document.write(Icons.GetShortDescription(1, 'CurrentWeather'));",2017-11-09
21:00,6°C,6°C,50°4 Km/h,,57%,-2°C,1023.0mb,,"document.write(Icons.GetShortDescription(1, 'CurrentWeather'));",2017-11-09
22:00,7°C,6°C,310°6 Km/h,,61%,0°C,1023.0mb,,"document.write(Icons.GetShortDescription(1, 'CurrentWeather'));",2017-11-09
23:00,6°C,6°C,330°4 Km/h,,66%,0°C,1022.0mb,,"document.write(Icons.GetShortDescription(1, 'CurrentWeather'));",2017-11-09
