Time,Temperature,Relative Temperature,Wind,Wind Gust,Rel. humidity,Dew Point,Pressure,Icon,DescriptionDetails,date
00:00,-5°C,-5°C,330°4 Km/h,,42%,-16°C,1031.0mb,,"document.write(Icons.GetShortDescription(1, 'CurrentWeather'));",2017-12-01
01:00,-6°C,-9°C,320°6 Km/h,,45%,-16°C,1031.0mb,,"document.write(Icons.GetShortDescription(1, 'CurrentWeather'));",2017-12-01
02:00,-6°C,-10°C,320°7 Km/h,,45%,-16°C,1031.0mb,,"document.write(Icons.GetShortDescription(1, 'CurrentWeather'));",2017-12-01
03:00,-7°C,-11°C,330°9 Km/h,,45%,-17°C,1031.0mb,,"document.write(Icons.GetShortDescription(1, 'CurrentWeather'));",2017-12-01
04:00,-7°C,-11°C,320°7 Km/h,,45%,-17°C,1031.0mb,,"document.write(Icons.GetShortDescription(1, 'CurrentWeather'));",2017-12-01
05:00,-8°C,-13°C,340°11 Km/h,,45%,-18°C,1031.0mb,,"document.write(Icons.GetShortDescription(1, 'CurrentWeather'));",2017-12-01
06:00,-8°C,-11°C,340°6 Km/h,,45%,-18°C,1031.0mb,,"document.write(Icons.GetShortDescription(1, 'CurrentWeather'));",2017-12-01
07:00,-7°C,-7°C,300°4 Km/h,,38%,-19°C,1032.0mb,,"document.write(Icons.GetShortDescription(1, 'CurrentWeather'));",2017-12-01
08:00,-7°C,-7°C,Calm,,42%,-18°C,1032.0mb,,"document.write(Icons.GetShortDescription(1, 'CurrentWeather'));",2017-12-01
09:00,-3°C,-3°C,Calm,,43%,-14°C,1032.0mb,,"document.write(Icons.GetShortDescription(1, 'CurrentWeather'));",2017-12-01
10:00,-3°C,-3°C,100°2 Km/h,,31%,-18°C,1032.0mb,,"document.write(Icons.GetShortDescription(1, 'CurrentWeather'));",2017-12-01
11:00,0°C,0°C,200°2 Km/h,,21%,-20°C,1032.0mb,,"document.write(Icons.GetShortDescription(1, 'CurrentWeather'));",2017-12-01
12:00,0°C,0°C,130°4 Km/h,,21%,-20°C,1031.0mb,,"document.write(Icons.GetShortDescription(1, 'CurrentWeather'));",2017-12-01
13:00,3°C,0°C,230°9 Km/h,,23%,-16°C,1030.0mb,,"document.write(Icons.GetShortDescription(1, 'CurrentWeather'));",2017-12-01
14:00,2°C,-1°C,280°11 Km/h,,32%,-13°C,1029.0mb,,"document.write(Icons.GetShortDescription(2, 'CurrentWeather'));  Few Clouds at 910m",2017-12-01
15:00,2°C,-2°C,250°15 Km/h,,35%,-12°C,1029.0mb,,"document.write(Icons.GetShortDescription(2, 'CurrentWeather'));  Scattered Clouds at 1200m",2017-12-01
16:00,2°C,-2°C,310°13 Km/h,,41%,-10°C,1030.0mb,,"document.write(Icons.GetShortDescription(26, 'CurrentWeather'));  Broken Clouds at 910m Light Snowfall",2017-12-01
17:00,1°C,-2°C,300°9 Km/h,,56%,-7°C,1030.0mb,,"document.write(Icons.GetShortDescription(26, 'CurrentWeather'));  Broken Clouds at 910m Light Snowfall",2017-12-01
18:00,0°C,0°C,180°4 Km/h,,69%,-5°C,1030.0mb,,"document.write(Icons.GetShortDescription(3, 'CurrentWeather'));  Few Clouds at 300m, Broken Clouds at 910m",2017-12-01
19:00,-2°C,-6°C,160°11 Km/h,,69%,-7°C,1030.0mb,,"document.write(Icons.GetShortDescription(2, 'CurrentWeather'));  Scattered Clouds at 910m",2017-12-01
20:00,0°C,-3°C,170°9 Km/h,,75%,-4°C,1030.0mb,,"document.write(Icons.GetShortDescription(2, 'CurrentWeather'));  Few Clouds at 910m",2017-12-01
21:00,-3°C,-3°C,310°4 Km/h,,80%,-6°C,1031.0mb,,"document.write(Icons.GetShortDescription(1, 'CurrentWeather'));",2017-12-01
22:00,-3°C,-3°C,310°4 Km/h,,80%,-6°C,1031.0mb,,"document.write(Icons.GetShortDescription(1, 'CurrentWeather'));",2017-12-01
23:00,-5°C,-8°C,340°6 Km/h,,80%,-8°C,1031.0mb,,"document.write(Icons.GetShortDescription(1, 'CurrentWeather'));  Haze",2017-12-01
