Time,Temperature,Relative Temperature,Wind,Wind Gust,Rel. humidity,Dew Point,Pressure,Icon,DescriptionDetails,date
00:00,19°C,19°C,260°2 Km/h,,64%,12°C,1010.0mb,,"document.write(Icons.GetShortDescription(1, 'CurrentWeather'));",2017-06-15
01:00,19°C,19°C,220°6 Km/h,,68%,13°C,1009.0mb,,"document.write(Icons.GetShortDescription(2, 'CurrentWeather'));  Few Clouds at 910m",2017-06-15
02:00,18°C,18°C,190°6 Km/h,,73%,13°C,1009.0mb,,"document.write(Icons.GetShortDescription(2, 'CurrentWeather'));  Few Clouds at 610m",2017-06-15
03:00,18°C,18°C,240°4 Km/h,,73%,13°C,1009.0mb,,"document.write(Icons.GetShortDescription(1, 'CurrentWeather'));",2017-06-15
04:00,17°C,17°C,180°9 Km/h,,83%,14°C,1008.0mb,,"document.write(Icons.GetShortDescription(1, 'CurrentWeather'));",2017-06-15
05:00,18°C,18°C,200°7 Km/h,,83%,15°C,1009.0mb,,"document.write(Icons.GetShortDescription(2, 'CurrentWeather'));  Few Clouds at 300m",2017-06-15
06:00,18°C,18°C,210°7 Km/h,,83%,15°C,1009.0mb,,"document.write(Icons.GetShortDescription(2, 'CurrentWeather'));  Scattered Clouds at 300m",2017-06-15
07:00,19°C,19°C,220°6 Km/h,,78%,15°C,1009.0mb,,"document.write(Icons.GetShortDescription(2, 'CurrentWeather'));  Few Clouds at 300m, Scattered Clouds at 610m",2017-06-15
08:00,19°C,19°C,190°9 Km/h,,73%,14°C,1009.0mb,,"document.write(Icons.GetShortDescription(2, 'CurrentWeather'));  Few Clouds at 300m, Scattered Clouds at 610m",2017-06-15
09:00,21°C,21°C,180°7 Km/h,,64%,14°C,1009.0mb,,"document.write(Icons.GetShortDescription(2, 'CurrentWeather'));  Scattered Clouds at 760m",2017-06-15
10:00,23°C,23°C,180°15 Km/h,,57%,14°C,1008.0mb,,"document.write(Icons.GetShortDescription(2, 'CurrentWeather'));  Few Clouds at 760m",2017-06-15
11:00,25°C,25°C,220°11 Km/h,,54%,15°C,1008.0mb,,"document.write(Icons.GetShortDescription(1, 'CurrentWeather'));",2017-06-15
12:00,27°C,27°C,220°13 Km/h,,48%,15°C,1007.0mb,,"document.write(Icons.GetShortDescription(1, 'CurrentWeather'));",2017-06-15
13:00,27°C,27°C,230°15 Km/h,,48%,15°C,1007.0mb,,"document.write(Icons.GetShortDescription(1, 'CurrentWeather'));",2017-06-15
14:00,27°C,27°C,230°19 Km/h,,48%,15°C,1007.0mb,,"document.write(Icons.GetShortDescription(1, 'CurrentWeather'));",2017-06-15
15:00,26°C,26°C,220°20 Km/h,,48%,14°C,1007.0mb,,"document.write(Icons.GetShortDescription(1, 'CurrentWeather'));",2017-06-15
16:00,26°C,26°C,220°19 Km/h,,48%,14°C,1006.0mb,,"document.write(Icons.GetShortDescription(2, 'CurrentWeather'));  Few Clouds at 1200m",2017-06-15
17:00,26°C,26°C,240°15 Km/h,,48%,14°C,1006.0mb,,"document.write(Icons.GetShortDescription(1, 'CurrentWeather'));",2017-06-15
18:00,25°C,25°C,220°13 Km/h,,51%,14°C,1006.0mb,,"document.write(Icons.GetShortDescription(1, 'CurrentWeather'));",2017-06-15
19:00,23°C,23°C,230°13 Km/h,,57%,14°C,1007.0mb,,"document.write(Icons.GetShortDescription(1, 'CurrentWeather'));",2017-06-15
20:00,22°C,22°C,220°11 Km/h,,65%,15°C,1007.0mb,,"document.write(Icons.GetShortDescription(1, 'CurrentWeather'));",2017-06-15
21:00,22°C,22°C,210°11 Km/h,,65%,15°C,1008.0mb,,"document.write(Icons.GetShortDescription(1, 'CurrentWeather'));",2017-06-15
22:00,21°C,21°C,180°7 Km/h,,69%,15°C,1008.0mb,,"document.write(Icons.GetShortDescription(1, 'CurrentWeather'));",2017-06-15
23:00,21°C,21°C,200°9 Km/h,,69%,15°C,1009.0mb,,"document.write(Icons.GetShortDescription(1, 'CurrentWeather'));",2017-06-15
