Time,Temperature,Relative Temperature,Wind,Wind Gust,Rel. humidity,Dew Point,Pressure,Icon,DescriptionDetails,date
00:00,11°C,11°C,340°9 Km/h,,50%,1°C,1027.0mb,,"document.write(Icons.GetShortDescription(1, 'CurrentWeather'));",2017-10-15
01:00,11°C,11°C,200°2 Km/h,,50%,1°C,1027.0mb,,"document.write(Icons.GetShortDescription(1, 'CurrentWeather'));",2017-10-15
02:00,10°C,9°C,340°7 Km/h,,50%,0°C,1027.0mb,,"document.write(Icons.GetShortDescription(1, 'CurrentWeather'));",2017-10-15
03:00,8°C,7°C,330°7 Km/h,,53%,-1°C,1027.0mb,,"document.write(Icons.GetShortDescription(1, 'CurrentWeather'));",2017-10-15
04:00,9°C,8°C,310°9 Km/h,,54%,0°C,1027.0mb,,"document.write(Icons.GetShortDescription(1, 'CurrentWeather'));",2017-10-15
05:00,8°C,7°C,340°7 Km/h,,53%,-1°C,1027.0mb,,"document.write(Icons.GetShortDescription(1, 'CurrentWeather'));",2017-10-15
06:00,8°C,7°C,340°6 Km/h,,57%,0°C,1028.0mb,,"document.write(Icons.GetShortDescription(1, 'CurrentWeather'));",2017-10-15
07:00,7°C,7°C,330°4 Km/h,,61%,0°C,1028.0mb,,"document.write(Icons.GetShortDescription(1, 'CurrentWeather'));",2017-10-15
08:00,9°C,8°C,340°7 Km/h,,66%,3°C,1028.0mb,,"document.write(Icons.GetShortDescription(1, 'CurrentWeather'));",2017-10-15
09:00,11°C,11°C,350°7 Km/h,,58%,3°C,1029.0mb,,"document.write(Icons.GetShortDescription(1, 'CurrentWeather'));",2017-10-15
10:00,14°C,14°C,20°6 Km/h,,51%,4°C,1029.0mb,,"document.write(Icons.GetShortDescription(1, 'CurrentWeather'));",2017-10-15
11:00,17°C,17°C,70°9 Km/h,,42%,4°C,1028.0mb,,"document.write(Icons.GetShortDescription(1, 'CurrentWeather'));",2017-10-15
12:00,19°C,19°C,100°13 Km/h,,37%,4°C,1028.0mb,,"document.write(Icons.GetShortDescription(1, 'CurrentWeather'));",2017-10-15
13:00,20°C,20°C,90°13 Km/h,,35%,4°C,1027.0mb,,"document.write(Icons.GetShortDescription(1, 'CurrentWeather'));",2017-10-15
14:00,21°C,21°C,110°11 Km/h,,33%,4°C,1026.0mb,,"document.write(Icons.GetShortDescription(1, 'CurrentWeather'));",2017-10-15
15:00,21°C,21°C,350°7 Km/h,,31%,3°C,1026.0mb,,"document.write(Icons.GetShortDescription(1, 'CurrentWeather'));",2017-10-15
16:00,21°C,21°C,60°6 Km/h,,31%,3°C,1026.0mb,,"document.write(Icons.GetShortDescription(1, 'CurrentWeather'));",2017-10-15
17:00,19°C,19°C,80°7 Km/h,,32%,2°C,1026.0mb,,"document.write(Icons.GetShortDescription(1, 'CurrentWeather'));",2017-10-15
18:00,18°C,18°C,70°7 Km/h,,37%,3°C,1026.0mb,,"document.write(Icons.GetShortDescription(1, 'CurrentWeather'));",2017-10-15
19:00,16°C,16°C,310°7 Km/h,,45%,4°C,1027.0mb,,"document.write(Icons.GetShortDescription(1, 'CurrentWeather'));",2017-10-15
20:00,14°C,14°C,320°7 Km/h,,55%,5°C,1028.0mb,,"document.write(Icons.GetShortDescription(1, 'CurrentWeather'));",2017-10-15
21:00,15°C,15°C,360°2 Km/h,,55%,6°C,1028.0mb,,"document.write(Icons.GetShortDescription(1, 'CurrentWeather'));",2017-10-15
22:00,14°C,14°C,310°6 Km/h,,63%,7°C,1028.0mb,,"document.write(Icons.GetShortDescription(1, 'CurrentWeather'));",2017-10-15
23:00,14°C,14°C,350°6 Km/h,,63%,7°C,1028.0mb,,"document.write(Icons.GetShortDescription(1, 'CurrentWeather'));",2017-10-15
