Time,Temperature,Relative Temperature,Wind,Wind Gust,Rel. humidity,Dew Point,Pressure,Icon,DescriptionDetails,date
00:00,5°C,5°C,50°4 Km/h,,57%,-3°C,1020.0mb,,"document.write(Icons.GetShortDescription(1, 'CurrentWeather'));",2017-04-03
01:00,3°C,3°C,120°4 Km/h,,56%,-5°C,1020.0mb,,"document.write(Icons.GetShortDescription(1, 'CurrentWeather'));",2017-04-03
02:00,3°C,3°C,120°4 Km/h,,56%,-5°C,1020.0mb,,"document.write(Icons.GetShortDescription(1, 'CurrentWeather'));",2017-04-03
03:00,2°C,-1°C,150°9 Km/h,,60%,-5°C,1020.0mb,,"document.write(Icons.GetShortDescription(1, 'CurrentWeather'));",2017-04-03
04:00,2°C,-2°C,150°13 Km/h,,65%,-4°C,1021.0mb,,"document.write(Icons.GetShortDescription(1, 'CurrentWeather'));",2017-04-03
05:00,2°C,-1°C,160°9 Km/h,,70%,-3°C,1021.0mb,,"document.write(Icons.GetShortDescription(1, 'CurrentWeather'));  Haze",2017-04-03
06:00,2°C,-2°C,140°13 Km/h,,75%,-2°C,1022.0mb,,"document.write(Icons.GetShortDescription(1, 'CurrentWeather'));  Haze",2017-04-03
06:21,1°C,-3°C,140°15 Km/h,,81%,-2°C,1022.0mb,,"document.write(Icons.GetShortDescription(1, 'CurrentWeather'));  Haze",2017-04-03
07:00,3°C,0°C,150°13 Km/h,,75%,-1°C,1023.0mb,,"document.write(Icons.GetShortDescription(1, 'CurrentWeather'));  Haze",2017-04-03
08:00,7°C,5°C,150°11 Km/h,,71%,2°C,1023.0mb,,"document.write(Icons.GetShortDescription(1, 'CurrentWeather'));  Haze",2017-04-03
09:00,10°C,9°C,200°9 Km/h,,54%,1°C,1024.0mb,,"document.write(Icons.GetShortDescription(1, 'CurrentWeather'));  Haze",2017-04-03
10:00,12°C,12°C,210°13 Km/h,,47%,1°C,1024.0mb,,"document.write(Icons.GetShortDescription(1, 'CurrentWeather'));  Haze",2017-04-03
11:00,14°C,14°C,230°9 Km/h,,39%,0°C,1024.0mb,,"document.write(Icons.GetShortDescription(1, 'CurrentWeather'));  Haze",2017-04-03
12:00,15°C,15°C,220°13 Km/h,,34%,-1°C,1023.0mb,,"document.write(Icons.GetShortDescription(1, 'CurrentWeather'));",2017-04-03
13:00,17°C,17°C,240°13 Km/h,,30%,-1°C,1023.0mb,,"document.write(Icons.GetShortDescription(1, 'CurrentWeather'));",2017-04-03
14:00,17°C,17°C,210°17 Km/h,,32%,0°C,1023.0mb,,"document.write(Icons.GetShortDescription(1, 'CurrentWeather'));",2017-04-03
15:00,18°C,18°C,240°17 Km/h,,30%,0°C,1022.0mb,,"document.write(Icons.GetShortDescription(1, 'CurrentWeather'));",2017-04-03
16:00,17°C,17°C,240°13 Km/h,,32%,0°C,1022.0mb,,"document.write(Icons.GetShortDescription(1, 'CurrentWeather'));",2017-04-03
17:00,16°C,16°C,250°15 Km/h,,34%,0°C,1022.0mb,,"document.write(Icons.GetShortDescription(1, 'CurrentWeather'));",2017-04-03
18:00,14°C,14°C,250°11 Km/h,,36%,-1°C,1022.0mb,,"document.write(Icons.GetShortDescription(1, 'CurrentWeather'));",2017-04-03
19:00,13°C,13°C,210°11 Km/h,,38%,-1°C,1022.0mb,,"document.write(Icons.GetShortDescription(1, 'CurrentWeather'));",2017-04-03
20:00,11°C,11°C,240°2 Km/h,,44%,-1°C,1023.0mb,,"document.write(Icons.GetShortDescription(1, 'CurrentWeather'));",2017-04-03
21:00,10°C,10°C,240°6 Km/h,,47%,-1°C,1023.0mb,,"document.write(Icons.GetShortDescription(1, 'CurrentWeather'));",2017-04-03
22:00,9°C,8°C,10°6 Km/h,,54%,0°C,1024.0mb,,"document.write(Icons.GetShortDescription(1, 'CurrentWeather'));",2017-04-03
23:00,6°C,5°C,300°6 Km/h,,61%,-1°C,1024.0mb,,"document.write(Icons.GetShortDescription(1, 'CurrentWeather'));  Haze",2017-04-03
