Time,Temperature,Relative Temperature,Wind,Wind Gust,Rel. humidity,Dew Point,Pressure,Icon,DescriptionDetails,date
00:00,-8°C,-12°C,310°7 Km/h,,53%,-16°C,1031.0mb,,"document.write(Icons.GetShortDescription(1, 'CurrentWeather'));",2017-12-28
01:00,-8°C,-12°C,320°7 Km/h,,53%,-16°C,1031.0mb,,"document.write(Icons.GetShortDescription(2, 'CurrentWeather'));  Few Clouds at 910m",2017-12-28
02:00,-6°C,-9°C,330°6 Km/h,,49%,-15°C,1031.0mb,,"document.write(Icons.GetShortDescription(2, 'CurrentWeather'));  Scattered Clouds at 910m",2017-12-28
03:00,-6°C,-9°C,330°6 Km/h,,45%,-16°C,1032.0mb,,"document.write(Icons.GetShortDescription(3, 'CurrentWeather'));  Broken Clouds at 1200m",2017-12-28
04:00,-6°C,-10°C,20°9 Km/h,,38%,-18°C,1031.0mb,,"document.write(Icons.GetShortDescription(3, 'CurrentWeather'));  Broken Clouds at 1200m",2017-12-28
05:00,-5°C,-5°C,80°4 Km/h,,42%,-16°C,1031.0mb,,"document.write(Icons.GetShortDescription(3, 'CurrentWeather'));  Broken Clouds at 1200m",2017-12-28
06:00,-5°C,-5°C,50°4 Km/h,,36%,-18°C,1031.0mb,,"document.write(Icons.GetShortDescription(3, 'CurrentWeather'));  Broken Clouds at 1200m",2017-12-28
07:00,-5°C,-5°C,20°2 Km/h,,33%,-19°C,1031.0mb,,"document.write(Icons.GetShortDescription(3, 'CurrentWeather'));  Broken Clouds at 1200m",2017-12-28
08:00,-5°C,-5°C,10°2 Km/h,,30%,-20°C,1032.0mb,,"document.write(Icons.GetShortDescription(3, 'CurrentWeather'));  Broken Clouds at 1200m",2017-12-28
09:00,-4°C,-7°C,30°7 Km/h,,28%,-20°C,1032.0mb,,"document.write(Icons.GetShortDescription(3, 'CurrentWeather'));  Broken Clouds at 1200m",2017-12-28
10:00,-3°C,-6°C,80°7 Km/h,,24%,-21°C,1032.0mb,,"document.write(Icons.GetShortDescription(3, 'CurrentWeather'));  Broken Clouds at 910m",2017-12-28
11:00,-1°C,-3°C,340°6 Km/h,,24%,-19°C,1032.0mb,,"document.write(Icons.GetShortDescription(2, 'CurrentWeather'));  Few Clouds at 910m, Scattered Clouds at 2700m",2017-12-28
12:00,0°C,-2°C,360°6 Km/h,,29%,-16°C,1031.0mb,,"document.write(Icons.GetShortDescription(1, 'CurrentWeather'));",2017-12-28
13:00,0°C,-3°C,340°7 Km/h,,37%,-13°C,1030.0mb,,"document.write(Icons.GetShortDescription(3, 'CurrentWeather'));  Broken Clouds at 760m",2017-12-28
14:00,0°C,-3°C,340°7 Km/h,,40%,-12°C,1030.0mb,,"document.write(Icons.GetShortDescription(3, 'CurrentWeather'));  Broken Clouds at 760m",2017-12-28
15:00,0°C,-3°C,340°9 Km/h,,44%,-11°C,1029.0mb,,"document.write(Icons.GetShortDescription(3, 'CurrentWeather'));  Broken Clouds at 610m",2017-12-28
16:00,0°C,-2°C,360°6 Km/h,,47%,-10°C,1029.0mb,,"document.write(Icons.GetShortDescription(3, 'CurrentWeather'));  Broken Clouds at 610m",2017-12-28
17:00,0°C,0°C,340°4 Km/h,,47%,-10°C,1028.0mb,,"document.write(Icons.GetShortDescription(3, 'CurrentWeather'));  Broken Clouds at 610m",2017-12-28
18:00,-1°C,-1°C,300°4 Km/h,,51%,-10°C,1028.0mb,,"document.write(Icons.GetShortDescription(3, 'CurrentWeather'));  Broken Clouds at 760m",2017-12-28
19:00,-1°C,-3°C,340°6 Km/h,,55%,-9°C,1028.0mb,,"document.write(Icons.GetShortDescription(3, 'CurrentWeather'));  Broken Clouds at 760m",2017-12-28
20:00,-1°C,-1°C,320°2 Km/h,,55%,-9°C,1028.0mb,,"document.write(Icons.GetShortDescription(3, 'CurrentWeather'));  Broken Clouds at 910m",2017-12-28
21:00,0°C,0°C,10°4 Km/h,,51%,-9°C,1028.0mb,,"document.write(Icons.GetShortDescription(3, 'CurrentWeather'));  Broken Clouds at 910m",2017-12-28
21:19,0°C,0°C,260°2 Km/h,,51%,-9°C,1028.0mb,,"document.write(Icons.GetShortDescription(26, 'CurrentWeather'));  Broken Clouds at 910m Light Snowfall",2017-12-28
21:40,0°C,0°C,310°2 Km/h,,51%,-9°C,1028.0mb,,"document.write(Icons.GetShortDescription(3, 'CurrentWeather'));  Broken Clouds at 910m",2017-12-28
22:00,0°C,0°C,350°4 Km/h,,51%,-9°C,1028.0mb,,"document.write(Icons.GetShortDescription(3, 'CurrentWeather'));  Broken Clouds at 910m",2017-12-28
22:47,0°C,-2°C,330°6 Km/h,,55%,-8°C,1028.0mb,,"document.write(Icons.GetShortDescription(26, 'CurrentWeather'));  Broken Clouds at 610m Light Snowfall",2017-12-28
23:00,-1°C,-3°C,340°6 Km/h,,59%,-8°C,1028.0mb,,"document.write(Icons.GetShortDescription(26, 'CurrentWeather'));  Broken Clouds at 610m Light Snowfall",2017-12-28
23:13,0°C,0°C,350°4 Km/h,,60%,-7°C,1028.0mb,,"document.write(Icons.GetShortDescription(3, 'CurrentWeather'));  Broken Clouds at 610m",2017-12-28
