Time,Temperature,Relative Temperature,Wind,Wind Gust,Rel. humidity,Dew Point,Pressure,Icon,DescriptionDetails,date
00:00,-2°C,-4°C,310°6 Km/h,,59%,-9°C,1025.0mb,,"document.write(Icons.GetShortDescription(1, 'CurrentWeather'));",2017-11-17
01:00,-3°C,-3°C,330°4 Km/h,,59%,-10°C,1025.0mb,,"document.write(Icons.GetShortDescription(1, 'CurrentWeather'));",2017-11-17
02:00,-3°C,-3°C,320°4 Km/h,,59%,-10°C,1024.0mb,,"document.write(Icons.GetShortDescription(1, 'CurrentWeather'));",2017-11-17
03:00,-4°C,-4°C,340°4 Km/h,,69%,-9°C,1024.0mb,,"document.write(Icons.GetShortDescription(1, 'CurrentWeather'));",2017-11-17
04:00,-3°C,-6°C,320°7 Km/h,,64%,-9°C,1023.0mb,,"document.write(Icons.GetShortDescription(1, 'CurrentWeather'));",2017-11-17
05:00,-2°C,-4°C,340°6 Km/h,,69%,-7°C,1023.0mb,,"document.write(Icons.GetShortDescription(1, 'CurrentWeather'));",2017-11-17
06:00,-1°C,-4°C,50°7 Km/h,,59%,-8°C,1022.0mb,,"document.write(Icons.GetShortDescription(3, 'CurrentWeather'));  Few Clouds at 1200m, Broken Clouds at 3400m",2017-11-17
07:00,0°C,0°C,330°4 Km/h,,55%,-8°C,1022.0mb,,"document.write(Icons.GetShortDescription(3, 'CurrentWeather'));  Scattered Clouds at 1200m, Broken Clouds at 3400m",2017-11-17
08:00,2°C,-1°C,140°9 Km/h,,44%,-9°C,1021.0mb,,"document.write(Icons.GetShortDescription(3, 'CurrentWeather'));  Scattered Clouds at 1200m, Broken Clouds at 3400m",2017-11-17
09:00,3°C,-1°C,120°17 Km/h,,35%,-11°C,1021.0mb,,"document.write(Icons.GetShortDescription(3, 'CurrentWeather'));  Scattered Clouds at 1200m, Broken Clouds at 3400m",2017-11-17
10:00,4°C,1°C,110°11 Km/h,,33%,-11°C,1020.0mb,,"document.write(Icons.GetShortDescription(3, 'CurrentWeather'));  Broken Clouds at 1400m, Broken Clouds at 3400m",2017-11-17
11:00,5°C,3°C,110°7 Km/h,,28%,-12°C,1020.0mb,,"document.write(Icons.GetShortDescription(3, 'CurrentWeather'));  Few Clouds at 460m, Broken Clouds at 1500m, Broken Clouds at 3400m",2017-11-17
12:00,5°C,3°C,110°7 Km/h,,31%,-11°C,1019.0mb,,"document.write(Icons.GetShortDescription(1, 'CurrentWeather'));",2017-11-17
13:00,6°C,4°C,150°11 Km/h,,29%,-11°C,1018.0mb,,"document.write(Icons.GetShortDescription(3, 'CurrentWeather'));  Broken Clouds at 1400m, Broken Clouds at 3400m",2017-11-17
14:00,6°C,5°C,130°6 Km/h,,29%,-11°C,1018.0mb,,"document.write(Icons.GetShortDescription(3, 'CurrentWeather'));  Broken Clouds at 1200m, Broken Clouds at 3400m",2017-11-17
15:00,7°C,6°C,110°7 Km/h,,29%,-10°C,1017.0mb,,"document.write(Icons.GetShortDescription(3, 'CurrentWeather'));  Broken Clouds at 1200m, Broken Clouds at 3400m",2017-11-17
16:00,7°C,6°C,150°6 Km/h,,31%,-9°C,1017.0mb,,"document.write(Icons.GetShortDescription(4, 'CurrentWeather'));  Broken Clouds at 1200m, Cloudy at 3400m",2017-11-17
17:00,7°C,7°C,200°4 Km/h,,31%,-9°C,1017.0mb,,"document.write(Icons.GetShortDescription(4, 'CurrentWeather'));  Broken Clouds at 1200m, Cloudy at 3400m",2017-11-17
18:00,5°C,3°C,360°7 Km/h,,45%,-6°C,1017.0mb,,"document.write(Icons.GetShortDescription(7, 'CurrentWeather'));  Broken Clouds at 1200m, Cloudy at 3400m Light Rain",2017-11-17
19:00,5°C,3°C,10°9 Km/h,,45%,-6°C,1017.0mb,,"document.write(Icons.GetShortDescription(7, 'CurrentWeather'));  Broken Clouds at 1100m, Cloudy at 3400m Light Rain",2017-11-17
20:00,3°C,-1°C,330°17 Km/h,,56%,-5°C,1018.0mb,,"document.write(Icons.GetShortDescription(7, 'CurrentWeather'));  Broken Clouds at 1100m, Cloudy at 3400m Light Rain",2017-11-17
21:00,4°C,2°C,300°7 Km/h,,48%,-6°C,1018.0mb,,"document.write(Icons.GetShortDescription(4, 'CurrentWeather'));  Broken Clouds at 910m, Cloudy at 3400m",2017-11-17
22:00,3°C,-2°C,330°26 Km/h,,60%,-4°C,1019.0mb,,"document.write(Icons.GetShortDescription(4, 'CurrentWeather'));  Broken Clouds at 910m, Cloudy at 3400m",2017-11-17
23:00,3°C,-1°C,340°19 Km/h,,60%,-4°C,1020.0mb,,"document.write(Icons.GetShortDescription(3, 'CurrentWeather'));  Scattered Clouds at 1100m, Broken Clouds at 3700m",2017-11-17
