Time,Temperature,Relative Temperature,Wind,Wind Gust,Rel. humidity,Dew Point,Pressure,Icon,DescriptionDetails,date
00:00,-8°C,-13°C,330°9 Km/h,,41%,-19°C,1022.0mb,,"document.write(Icons.GetShortDescription(1, 'CurrentWeather'));",2017-01-14
01:00,-8°C,-12°C,350°7 Km/h,,41%,-19°C,1022.0mb,,"document.write(Icons.GetShortDescription(1, 'CurrentWeather'));",2017-01-14
02:00,-10°C,-15°C,330°9 Km/h,,52%,-18°C,1023.0mb,,"document.write(Icons.GetShortDescription(1, 'CurrentWeather'));",2017-01-14
03:00,-9°C,-14°C,340°11 Km/h,,48%,-18°C,1023.0mb,,"document.write(Icons.GetShortDescription(1, 'CurrentWeather'));",2017-01-14
04:00,-9°C,-15°C,340°13 Km/h,,45%,-19°C,1024.0mb,,"document.write(Icons.GetShortDescription(1, 'CurrentWeather'));",2017-01-14
05:00,-10°C,-16°C,330°13 Km/h,,48%,-19°C,1024.0mb,,"document.write(Icons.GetShortDescription(1, 'CurrentWeather'));",2017-01-14
06:00,-9°C,-16°C,320°17 Km/h,,45%,-19°C,1025.0mb,,"document.write(Icons.GetShortDescription(1, 'CurrentWeather'));",2017-01-14
07:00,-9°C,-18°C,320°26 Km/h,,41%,-20°C,1025.0mb,,"document.write(Icons.GetShortDescription(1, 'CurrentWeather'));",2017-01-14
08:00,-10°C,-19°C,320°24 Km/h,,34%,-23°C,1026.0mb,,"document.write(Icons.GetShortDescription(1, 'CurrentWeather'));",2017-01-14
09:00,-9°C,-17°C,320°24 Km/h,,31%,-23°C,1027.0mb,,"document.write(Icons.GetShortDescription(1, 'CurrentWeather'));",2017-01-14
10:00,-8°C,-16°C,330°22 Km/h,,27%,-24°C,1027.0mb,,"document.write(Icons.GetShortDescription(1, 'CurrentWeather'));",2017-01-14
11:00,-7°C,-14°C,330°22 Km/h,,25%,-24°C,1027.0mb,,"document.write(Icons.GetShortDescription(1, 'CurrentWeather'));",2017-01-14
12:00,-6°C,-14°C,340°26 Km/h,,23%,-24°C,1026.0mb,,"document.write(Icons.GetShortDescription(1, 'CurrentWeather'));",2017-01-14
13:00,-6°C,-14°C,330°30 Km/h,,23%,-24°C,1026.0mb,,"document.write(Icons.GetShortDescription(1, 'CurrentWeather'));",2017-01-14
14:00,-5°C,-12°C,320°26 Km/h,,21%,-24°C,1025.0mb,,"document.write(Icons.GetShortDescription(1, 'CurrentWeather'));",2017-01-14
15:00,-5°C,-13°C,330°31 Km/h,,21%,-24°C,1025.0mb,,"document.write(Icons.GetShortDescription(1, 'CurrentWeather'));",2017-01-14
16:00,-5°C,-13°C,310°30 Km/h,,21%,-24°C,1025.0mb,,"document.write(Icons.GetShortDescription(1, 'CurrentWeather'));",2017-01-14
17:00,-6°C,-14°C,310°30 Km/h,,25%,-23°C,1025.0mb,,"document.write(Icons.GetShortDescription(1, 'CurrentWeather'));",2017-01-14
18:00,-7°C,-15°C,320°26 Km/h,,27%,-23°C,1026.0mb,,"document.write(Icons.GetShortDescription(1, 'CurrentWeather'));",2017-01-14
19:00,-7°C,-14°C,330°19 Km/h,,27%,-23°C,1027.0mb,,"document.write(Icons.GetShortDescription(1, 'CurrentWeather'));",2017-01-14
20:00,-8°C,-16°C,330°26 Km/h,,29%,-23°C,1027.0mb,,"document.write(Icons.GetShortDescription(1, 'CurrentWeather'));",2017-01-14
21:00,-8°C,-16°C,340°26 Km/h,,27%,-24°C,1028.0mb,,"document.write(Icons.GetShortDescription(1, 'CurrentWeather'));",2017-01-14
22:00,-8°C,-15°C,340°20 Km/h,,27%,-24°C,1028.0mb,,"document.write(Icons.GetShortDescription(1, 'CurrentWeather'));",2017-01-14
23:00,-8°C,-15°C,340°19 Km/h,,29%,-23°C,1028.0mb,,"document.write(Icons.GetShortDescription(1, 'CurrentWeather'));",2017-01-14
