Time,Temperature,Relative Temperature,Wind,Wind Gust,Rel. humidity,Dew Point,Pressure,Icon,DescriptionDetails,date
00:00,15°C,15°C,210°17 Km/h,,51%,5°C,1006.0mb,,"document.write(Icons.GetShortDescription(1, 'CurrentWeather'));",2017-04-30
01:00,14°C,14°C,180°13 Km/h,,59%,6°C,1007.0mb,,"document.write(Icons.GetShortDescription(1, 'CurrentWeather'));",2017-04-30
02:00,14°C,14°C,180°9 Km/h,,59%,6°C,1006.0mb,,"document.write(Icons.GetShortDescription(1, 'CurrentWeather'));",2017-04-30
03:00,13°C,13°C,160°9 Km/h,,67%,7°C,1006.0mb,,"document.write(Icons.GetShortDescription(1, 'CurrentWeather'));",2017-04-30
04:00,14°C,14°C,170°13 Km/h,,63%,7°C,1006.0mb,,"document.write(Icons.GetShortDescription(1, 'CurrentWeather'));",2017-04-30
05:00,12°C,12°C,190°4 Km/h,,72%,7°C,1006.0mb,,"document.write(Icons.GetShortDescription(1, 'CurrentWeather'));",2017-04-30
06:00,12°C,12°C,160°13 Km/h,,72%,7°C,1006.0mb,,"document.write(Icons.GetShortDescription(1, 'CurrentWeather'));  Haze",2017-04-30
07:00,15°C,15°C,190°6 Km/h,,68%,9°C,1006.0mb,,"document.write(Icons.GetShortDescription(1, 'CurrentWeather'));  Haze",2017-04-30
08:00,17°C,17°C,210°6 Km/h,,59%,9°C,1007.0mb,,"document.write(Icons.GetShortDescription(1, 'CurrentWeather'));  Haze",2017-04-30
09:00,19°C,19°C,200°11 Km/h,,56%,10°C,1007.0mb,,"document.write(Icons.GetShortDescription(1, 'CurrentWeather'));  Haze",2017-04-30
10:00,20°C,20°C,190°15 Km/h,,53%,10°C,1007.0mb,,"document.write(Icons.GetShortDescription(1, 'CurrentWeather'));  Haze",2017-04-30
11:00,22°C,21°C,200°20 Km/h,,47%,10°C,1007.0mb,,"document.write(Icons.GetShortDescription(1, 'CurrentWeather'));",2017-04-30
12:00,24°C,23°C,210°19 Km/h,,39%,9°C,1006.0mb,,"document.write(Icons.GetShortDescription(1, 'CurrentWeather'));",2017-04-30
13:00,25°C,24°C,230°19 Km/h,,34%,8°C,1006.0mb,,"document.write(Icons.GetShortDescription(1, 'CurrentWeather'));",2017-04-30
14:00,25°C,25°C,250°11 Km/h,,39%,10°C,1006.0mb,,"document.write(Icons.GetShortDescription(1, 'CurrentWeather'));",2017-04-30
15:00,24°C,24°C,250°20 Km/h,,41%,10°C,1006.0mb,,"document.write(Icons.GetShortDescription(1, 'CurrentWeather'));",2017-04-30
16:00,23°C,23°C,250°19 Km/h,,44%,10°C,1006.0mb,,"document.write(Icons.GetShortDescription(1, 'CurrentWeather'));",2017-04-30
17:00,21°C,21°C,280°13 Km/h,,50%,10°C,1006.0mb,,"document.write(Icons.GetShortDescription(1, 'CurrentWeather'));",2017-04-30
18:00,20°C,20°C,290°9 Km/h,,53%,10°C,1007.0mb,,"document.write(Icons.GetShortDescription(1, 'CurrentWeather'));",2017-04-30
19:00,18°C,18°C,300°7 Km/h,,60%,10°C,1008.0mb,,"document.write(Icons.GetShortDescription(1, 'CurrentWeather'));",2017-04-30
20:00,15°C,15°C,310°15 Km/h,,68%,9°C,1009.0mb,,"document.write(Icons.GetShortDescription(1, 'CurrentWeather'));",2017-04-30
21:00,13°C,13°C,330°6 Km/h,,77%,9°C,1009.0mb,,"document.write(Icons.GetShortDescription(1, 'CurrentWeather'));  Haze",2017-04-30
22:00,13°C,13°C,50°2 Km/h,,82%,10°C,1010.0mb,,"document.write(Icons.GetShortDescription(1, 'CurrentWeather'));  Haze",2017-04-30
23:00,14°C,14°C,210°6 Km/h,,72%,9°C,1011.0mb,,"document.write(Icons.GetShortDescription(1, 'CurrentWeather'));  Haze",2017-04-30
