Time,Temperature,Relative Temperature,Wind,Wind Gust,Rel. humidity,Dew Point,Pressure,Icon,DescriptionDetails,date
00:00,7°C,6°C,360°6 Km/h,,76%,3°C,1022.0mb,,"document.write(Icons.GetShortDescription(4, 'CurrentWeather'));  Broken Clouds at 760m, Cloudy at 3700m Haze",2017-11-29
01:00,7°C,7°C,40°2 Km/h,,81%,4°C,1022.0mb,,"document.write(Icons.GetShortDescription(4, 'CurrentWeather'));  Few Clouds at 370m, Broken Clouds at 760m, Cloudy at 3400m Haze",2017-11-29
02:00,7°C,6°C,320°6 Km/h,,81%,4°C,1022.0mb,,"document.write(Icons.GetShortDescription(4, 'CurrentWeather'));  Few Clouds at 370m, Broken Clouds at 610m, Cloudy at 3400m Haze",2017-11-29
03:00,6°C,3°C,340°19 Km/h,,87%,4°C,1023.0mb,,"document.write(Icons.GetShortDescription(3, 'CurrentWeather'));  Few Clouds at 210m, Broken Clouds at 610m Haze",2017-11-29
04:00,5°C,2°C,310°15 Km/h,,87%,3°C,1023.0mb,,"document.write(Icons.GetShortDescription(3, 'CurrentWeather'));  Few Clouds at 300m, Broken Clouds at 610m Haze",2017-11-29
05:00,4°C,1°C,340°15 Km/h,,75%,0°C,1024.0mb,,"document.write(Icons.GetShortDescription(2, 'CurrentWeather'));  Scattered Clouds at 760m Haze",2017-11-29
06:00,2°C,-1°C,320°11 Km/h,,75%,-2°C,1025.0mb,,"document.write(Icons.GetShortDescription(1, 'CurrentWeather'));",2017-11-29
07:00,1°C,-1°C,330°6 Km/h,,70%,-4°C,1026.0mb,,"document.write(Icons.GetShortDescription(1, 'CurrentWeather'));",2017-11-29
08:00,1°C,-2°C,350°9 Km/h,,60%,-6°C,1027.0mb,,"document.write(Icons.GetShortDescription(1, 'CurrentWeather'));",2017-11-29
09:00,1°C,-4°C,330°19 Km/h,,56%,-7°C,1028.0mb,,"document.write(Icons.GetShortDescription(1, 'CurrentWeather'));",2017-11-29
10:00,2°C,-3°C,340°19 Km/h,,52%,-7°C,1028.0mb,,"document.write(Icons.GetShortDescription(1, 'CurrentWeather'));",2017-11-29
11:00,3°C,-1°C,330°19 Km/h,,48%,-7°C,1028.0mb,,"document.write(Icons.GetShortDescription(1, 'CurrentWeather'));",2017-11-29
12:00,3°C,-1°C,340°17 Km/h,,38%,-10°C,1028.0mb,,"document.write(Icons.GetShortDescription(1, 'CurrentWeather'));",2017-11-29
13:00,4°C,1°C,350°15 Km/h,,30%,-12°C,1027.0mb,,"document.write(Icons.GetShortDescription(1, 'CurrentWeather'));",2017-11-29
14:00,4°C,0°C,340°20 Km/h,,26%,-14°C,1026.0mb,,"document.write(Icons.GetShortDescription(1, 'CurrentWeather'));",2017-11-29
15:00,4°C,0°C,340°17 Km/h,,26%,-14°C,1026.0mb,,"document.write(Icons.GetShortDescription(1, 'CurrentWeather'));",2017-11-29
16:00,3°C,-1°C,320°17 Km/h,,26%,-15°C,1026.0mb,,"document.write(Icons.GetShortDescription(1, 'CurrentWeather'));",2017-11-29
17:00,2°C,-2°C,340°17 Km/h,,30%,-14°C,1026.0mb,,"document.write(Icons.GetShortDescription(1, 'CurrentWeather'));",2017-11-29
18:00,1°C,-3°C,320°13 Km/h,,32%,-14°C,1027.0mb,,"document.write(Icons.GetShortDescription(1, 'CurrentWeather'));",2017-11-29
19:00,0°C,-3°C,330°9 Km/h,,34%,-14°C,1027.0mb,,"document.write(Icons.GetShortDescription(1, 'CurrentWeather'));",2017-11-29
20:00,0°C,-5°C,350°20 Km/h,,34%,-14°C,1028.0mb,,"document.write(Icons.GetShortDescription(1, 'CurrentWeather'));",2017-11-29
21:00,-1°C,-6°C,340°17 Km/h,,40%,-13°C,1028.0mb,,"document.write(Icons.GetShortDescription(1, 'CurrentWeather'));",2017-11-29
22:00,-2°C,-8°C,340°20 Km/h,,40%,-14°C,1028.0mb,,"document.write(Icons.GetShortDescription(1, 'CurrentWeather'));",2017-11-29
23:00,-2°C,-7°C,330°17 Km/h,,40%,-14°C,1028.0mb,,"document.write(Icons.GetShortDescription(1, 'CurrentWeather'));",2017-11-29
