Time,Temperature,Relative Temperature,Wind,Wind Gust,Rel. humidity,Dew Point,Pressure,Icon,DescriptionDetails,date
00:00,17°C,17°C,340°9 Km/h,,68%,11°C,1007.0mb,,"document.write(Icons.GetShortDescription(1, 'CurrentWeather'));",2017-09-18
01:00,17°C,17°C,320°13 Km/h,,73%,12°C,1007.0mb,,"document.write(Icons.GetShortDescription(1, 'CurrentWeather'));",2017-09-18
02:00,16°C,16°C,340°2 Km/h,,77%,12°C,1007.0mb,,"document.write(Icons.GetShortDescription(1, 'CurrentWeather'));",2017-09-18
03:00,16°C,16°C,340°4 Km/h,,72%,11°C,1007.0mb,,"document.write(Icons.GetShortDescription(1, 'CurrentWeather'));",2017-09-18
04:00,17°C,17°C,10°6 Km/h,,73%,12°C,1007.0mb,,"document.write(Icons.GetShortDescription(1, 'CurrentWeather'));",2017-09-18
05:00,16°C,16°C,Calm,,72%,11°C,1007.0mb,,"document.write(Icons.GetShortDescription(1, 'CurrentWeather'));",2017-09-18
06:00,15°C,15°C,360°4 Km/h,,77%,11°C,1008.0mb,,"document.write(Icons.GetShortDescription(1, 'CurrentWeather'));",2017-09-18
07:00,16°C,16°C,330°4 Km/h,,77%,12°C,1009.0mb,,"document.write(Icons.GetShortDescription(1, 'CurrentWeather'));",2017-09-18
08:00,18°C,18°C,360°4 Km/h,,78%,14°C,1009.0mb,,"document.write(Icons.GetShortDescription(1, 'CurrentWeather'));",2017-09-18
09:00,22°C,22°C,190°4 Km/h,,65%,15°C,1009.0mb,,"document.write(Icons.GetShortDescription(1, 'CurrentWeather'));",2017-09-18
10:00,24°C,24°C,220°4 Km/h,,57%,15°C,1009.0mb,,"document.write(Icons.GetShortDescription(1, 'CurrentWeather'));",2017-09-18
11:00,24°C,24°C,290°6 Km/h,,54%,14°C,1009.0mb,,"document.write(Icons.GetShortDescription(1, 'CurrentWeather'));",2017-09-18
12:00,26°C,26°C,310°13 Km/h,,45%,13°C,1009.0mb,,"document.write(Icons.GetShortDescription(2, 'CurrentWeather'));  Few Clouds at 1200m",2017-09-18
13:00,26°C,26°C,280°15 Km/h,,48%,14°C,1009.0mb,,"document.write(Icons.GetShortDescription(2, 'CurrentWeather'));  Scattered Clouds at 910m",2017-09-18
14:00,26°C,26°C,260°13 Km/h,,45%,13°C,1008.0mb,,"document.write(Icons.GetShortDescription(2, 'CurrentWeather'));  Scattered Clouds at 910m",2017-09-18
15:00,26°C,26°C,270°15 Km/h,,48%,14°C,1007.0mb,,"document.write(Icons.GetShortDescription(2, 'CurrentWeather'));  Few Clouds at 910m, Scattered Clouds at 5500m",2017-09-18
16:00,25°C,25°C,270°15 Km/h,,51%,14°C,1007.0mb,,"document.write(Icons.GetShortDescription(2, 'CurrentWeather'));  Few Clouds at 910m, Scattered Clouds at 5500m",2017-09-18
17:00,25°C,25°C,270°15 Km/h,,51%,14°C,1007.0mb,,"document.write(Icons.GetShortDescription(2, 'CurrentWeather'));  Few Clouds at 910m, Scattered Clouds at 5500m",2017-09-18
18:00,23°C,23°C,260°9 Km/h,,61%,15°C,1008.0mb,,"document.write(Icons.GetShortDescription(2, 'CurrentWeather'));  Few Clouds at 910m, Scattered Clouds at 5500m",2017-09-18
19:00,22°C,22°C,280°9 Km/h,,61%,14°C,1008.0mb,,"document.write(Icons.GetShortDescription(1, 'CurrentWeather'));",2017-09-18
20:00,21°C,21°C,290°7 Km/h,,64%,14°C,1009.0mb,,"document.write(Icons.GetShortDescription(1, 'CurrentWeather'));",2017-09-18
21:00,21°C,21°C,280°7 Km/h,,69%,15°C,1009.0mb,,"document.write(Icons.GetShortDescription(1, 'CurrentWeather'));",2017-09-18
22:00,19°C,19°C,100°2 Km/h,,73%,14°C,1009.0mb,,"document.write(Icons.GetShortDescription(1, 'CurrentWeather'));",2017-09-18
23:00,19°C,19°C,Calm,,73%,14°C,1009.0mb,,"document.write(Icons.GetShortDescription(1, 'CurrentWeather'));",2017-09-18
