Time,Temperature,Relative Temperature,Wind,Wind Gust,Rel. humidity,Dew Point,Pressure,Icon,DescriptionDetails,date
00:00,11°C,11°C,330°9 Km/h,,67%,5°C,1016.0mb,,"document.write(Icons.GetShortDescription(1, 'CurrentWeather'));",2017-10-22
01:00,12°C,12°C,20°7 Km/h,,72%,7°C,1016.0mb,,"document.write(Icons.GetShortDescription(1, 'CurrentWeather'));",2017-10-22
02:00,11°C,11°C,330°9 Km/h,,72%,6°C,1016.0mb,,"document.write(Icons.GetShortDescription(1, 'CurrentWeather'));",2017-10-22
03:00,11°C,11°C,20°2 Km/h,,72%,6°C,1015.0mb,,"document.write(Icons.GetShortDescription(1, 'CurrentWeather'));",2017-10-22
04:00,9°C,9°C,340°2 Km/h,,71%,4°C,1015.0mb,,"document.write(Icons.GetShortDescription(1, 'CurrentWeather'));",2017-10-22
05:00,9°C,8°C,330°9 Km/h,,76%,5°C,1015.0mb,,"document.write(Icons.GetShortDescription(1, 'CurrentWeather'));",2017-10-22
06:00,9°C,8°C,350°6 Km/h,,76%,5°C,1016.0mb,,"document.write(Icons.GetShortDescription(1, 'CurrentWeather'));",2017-10-22
07:00,8°C,7°C,340°6 Km/h,,76%,4°C,1016.0mb,,"document.write(Icons.GetShortDescription(1, 'CurrentWeather'));",2017-10-22
08:00,11°C,11°C,320°6 Km/h,,82%,8°C,1016.0mb,,"document.write(Icons.GetShortDescription(1, 'CurrentWeather'));",2017-10-22
09:00,14°C,14°C,330°7 Km/h,,72%,9°C,1016.0mb,,"document.write(Icons.GetShortDescription(1, 'CurrentWeather'));",2017-10-22
10:00,18°C,18°C,20°13 Km/h,,56%,9°C,1015.0mb,,"document.write(Icons.GetShortDescription(1, 'CurrentWeather'));",2017-10-22
11:00,21°C,21°C,40°19 Km/h,,43%,8°C,1014.0mb,,"document.write(Icons.GetShortDescription(1, 'CurrentWeather'));",2017-10-22
12:00,22°C,21°C,50°20 Km/h,,38%,7°C,1013.0mb,,"document.write(Icons.GetShortDescription(1, 'CurrentWeather'));",2017-10-22
13:00,21°C,21°C,60°26 Km/h,,38%,6°C,1013.0mb,,"document.write(Icons.GetShortDescription(2, 'CurrentWeather'));  Scattered Clouds at 1200m",2017-10-22
14:00,21°C,21°C,40°30 Km/h,,40%,7°C,1013.0mb,,"document.write(Icons.GetShortDescription(2, 'CurrentWeather'));  Few Clouds at 1200m",2017-10-22
15:00,21°C,21°C,60°33 Km/h,,40%,7°C,1012.0mb,,"document.write(Icons.GetShortDescription(2, 'CurrentWeather'));  Few Clouds at 1200m",2017-10-22
16:00,20°C,20°C,60°28 Km/h,,40%,6°C,1012.0mb,,"document.write(Icons.GetShortDescription(2, 'CurrentWeather'));  Few Clouds at 1200m",2017-10-22
17:00,19°C,19°C,60°19 Km/h,,43%,6°C,1012.0mb,,"document.write(Icons.GetShortDescription(2, 'CurrentWeather'));  Few Clouds at 1200m",2017-10-22
18:00,18°C,18°C,50°20 Km/h,,43%,5°C,1013.0mb,,"document.write(Icons.GetShortDescription(2, 'CurrentWeather'));  Few Clouds at 1200m",2017-10-22
19:00,17°C,17°C,40°17 Km/h,,45%,5°C,1013.0mb,,"document.write(Icons.GetShortDescription(2, 'CurrentWeather'));  Few Clouds at 1200m",2017-10-22
20:00,15°C,15°C,20°17 Km/h,,51%,5°C,1014.0mb,,"document.write(Icons.GetShortDescription(2, 'CurrentWeather'));  Few Clouds at 1200m",2017-10-22
21:00,14°C,14°C,360°17 Km/h,,55%,5°C,1014.0mb,,"document.write(Icons.GetShortDescription(2, 'CurrentWeather'));  Few Clouds at 1200m",2017-10-22
22:00,13°C,13°C,10°17 Km/h,,59%,5°C,1014.0mb,,"document.write(Icons.GetShortDescription(1, 'CurrentWeather'));",2017-10-22
23:00,12°C,12°C,360°19 Km/h,,63%,5°C,1014.0mb,,"document.write(Icons.GetShortDescription(1, 'CurrentWeather'));",2017-10-22
