Time,Temperature,Relative Temperature,Wind,Wind Gust,Rel. humidity,Dew Point,Pressure,Icon,DescriptionDetails,date
00:00,26°C,28°C,330°6 Km/h,,79%,22°C,1010.0mb,,"document.write(Icons.GetShortDescription(1, 'CurrentWeather'));",2017-08-02
01:00,26°C,28°C,340°4 Km/h,,79%,22°C,1009.0mb,,"document.write(Icons.GetShortDescription(1, 'CurrentWeather'));",2017-08-02
02:00,26°C,28°C,300°4 Km/h,,79%,22°C,1009.0mb,,"document.write(Icons.GetShortDescription(1, 'CurrentWeather'));",2017-08-02
03:00,26°C,28°C,300°4 Km/h,,79%,22°C,1008.0mb,,"document.write(Icons.GetShortDescription(1, 'CurrentWeather'));",2017-08-02
04:00,25°C,26°C,330°2 Km/h,,83%,22°C,1008.0mb,,"document.write(Icons.GetShortDescription(1, 'CurrentWeather'));",2017-08-02
05:00,25°C,26°C,360°2 Km/h,,83%,22°C,1008.0mb,,"document.write(Icons.GetShortDescription(1, 'CurrentWeather'));",2017-08-02
06:00,25°C,26°C,340°2 Km/h,,83%,22°C,1008.0mb,,"document.write(Icons.GetShortDescription(1, 'CurrentWeather'));",2017-08-02
07:00,27°C,30°C,330°4 Km/h,,84%,24°C,1009.0mb,,"document.write(Icons.GetShortDescription(1, 'CurrentWeather'));",2017-08-02
08:00,29°C,35°C,30°4 Km/h,,79%,25°C,1009.0mb,,"document.write(Icons.GetShortDescription(1, 'CurrentWeather'));",2017-08-02
09:00,30°C,36°C,90°9 Km/h,,75%,25°C,1008.0mb,,"document.write(Icons.GetShortDescription(1, 'CurrentWeather'));",2017-08-02
10:00,32°C,39°C,150°6 Km/h,,67%,25°C,1008.0mb,,"document.write(Icons.GetShortDescription(3, 'CurrentWeather'));  Few Clouds at 760m, Scattered Clouds at 1200m, Broken Clouds at 6100m",2017-08-02
11:00,33°C,41°C,350°2 Km/h,,63%,25°C,1008.0mb,,"document.write(Icons.GetShortDescription(3, 'CurrentWeather'));  Few Clouds at 760m, Scattered Clouds at 1200m, Broken Clouds at 6100m",2017-08-02
12:00,32°C,38°C,10°6 Km/h,,63%,24°C,1008.0mb,,"document.write(Icons.GetShortDescription(3, 'CurrentWeather'));  Scattered Clouds at 1400m, Broken Clouds at 6100m",2017-08-02
13:00,32°C,38°C,310°7 Km/h,,63%,24°C,1007.0mb,,"document.write(Icons.GetShortDescription(3, 'CurrentWeather'));  Scattered Clouds at 1400m, Broken Clouds at 6100m",2017-08-02
14:00,33°C,39°C,280°7 Km/h,,59%,24°C,1007.0mb,,"document.write(Icons.GetShortDescription(3, 'CurrentWeather'));  Scattered Clouds at 1400m, Broken Clouds at 6100m",2017-08-02
15:00,33°C,41°C,330°9 Km/h,,63%,25°C,1006.0mb,,"document.write(Icons.GetShortDescription(3, 'CurrentWeather'));  Broken Clouds at 1400m, Broken Clouds at 6100m",2017-08-02
16:00,32°C,38°C,330°15 Km/h,,63%,24°C,1006.0mb,,"document.write(Icons.GetShortDescription(3, 'CurrentWeather'));  Scattered Clouds at 1400m, Broken Clouds at 6100m",2017-08-02
17:00,32°C,38°C,300°9 Km/h,,63%,24°C,1006.0mb,,"document.write(Icons.GetShortDescription(3, 'CurrentWeather'));  Few Clouds at 1400m, Broken Clouds at 6100m",2017-08-02
18:00,32°C,38°C,330°9 Km/h,,63%,24°C,1005.0mb,,"document.write(Icons.GetShortDescription(3, 'CurrentWeather'));  Few Clouds at 1400m, Broken Clouds at 6100m",2017-08-02
19:00,31°C,37°C,330°7 Km/h,,66%,24°C,1005.0mb,,"document.write(Icons.GetShortDescription(3, 'CurrentWeather'));  Few Clouds at 1400m, Broken Clouds at 6100m",2017-08-02
20:00,30°C,35°C,330°6 Km/h,,70%,24°C,1005.0mb,,"document.write(Icons.GetShortDescription(3, 'CurrentWeather'));  Scattered Clouds at 1200m, Broken Clouds at 6100m",2017-08-02
21:00,29°C,33°C,330°6 Km/h,,70%,23°C,1006.0mb,,"document.write(Icons.GetShortDescription(3, 'CurrentWeather'));  Few Clouds at 1200m, Broken Clouds at 6100m",2017-08-02
22:00,28°C,31°C,330°7 Km/h,,74%,23°C,1006.0mb,,"document.write(Icons.GetShortDescription(1, 'CurrentWeather'));",2017-08-02
23:00,28°C,31°C,320°7 Km/h,,74%,23°C,1006.0mb,,"document.write(Icons.GetShortDescription(1, 'CurrentWeather'));",2017-08-02
