Time,Temperature,Relative Temperature,Wind,Wind Gust,Rel. humidity,Dew Point,Pressure,Icon,DescriptionDetails,date
00:00,-5°C,-5°C,30°4 Km/h,,74%,-9°C,1029.0mb,,"document.write(Icons.GetShortDescription(1, 'CurrentWeather'));",2017-11-21
01:00,-4°C,-4°C,290°4 Km/h,,80%,-7°C,1029.0mb,,"document.write(Icons.GetShortDescription(1, 'CurrentWeather'));",2017-11-21
02:00,-5°C,-8°C,310°7 Km/h,,80%,-8°C,1029.0mb,,"document.write(Icons.GetShortDescription(1, 'CurrentWeather'));  Haze",2017-11-21
03:00,-5°C,-5°C,20°4 Km/h,,80%,-8°C,1030.0mb,,"document.write(Icons.GetShortDescription(1, 'CurrentWeather'));  Haze",2017-11-21
04:00,-5°C,-8°C,360°7 Km/h,,80%,-8°C,1030.0mb,,"document.write(Icons.GetShortDescription(1, 'CurrentWeather'));  Haze",2017-11-21
04:07,-5°C,-8°C,30°6 Km/h,,80%,-8°C,1030.0mb,,"document.write(Icons.GetShortDescription(2, 'CurrentWeather'));  Scattered Clouds at 60m Partial Fog, Fog",2017-11-21
04:26,-5°C,-8°C,20°7 Km/h,,86%,-7°C,1029.0mb,,"document.write(Icons.GetShortDescription(2, 'CurrentWeather'));  Scattered Clouds at 30m Fog",2017-11-21
05:00,-4°C,-4°C,310°4 Km/h,,80%,-7°C,1029.0mb,,"document.write(Icons.GetShortDescription(4, 'CurrentWeather'));  Limited visibility at 30m Fog",2017-11-21
06:00,-6°C,-6°C,210°2 Km/h,,80%,-9°C,1029.0mb,,"document.write(Icons.GetShortDescription(4, 'CurrentWeather'));  Limited visibility at 30m Fog",2017-11-21
07:00,-8°C,-8°C,330°4 Km/h,,79%,-11°C,1029.0mb,,"document.write(Icons.GetShortDescription(2, 'CurrentWeather'));  Scattered Clouds Fog, Haze",2017-11-21
07:46,-7°C,-7°C,300°4 Km/h,,79%,-10°C,1029.0mb,,"document.write(Icons.GetShortDescription(2, 'CurrentWeather'));  Scattered Clouds Fog, Haze",2017-11-21
08:00,-7°C,-7°C,320°4 Km/h,,79%,-10°C,1029.0mb,,"document.write(Icons.GetShortDescription(2, 'CurrentWeather'));  Scattered Clouds Fog, Haze",2017-11-21
08:31,-4°C,-4°C,320°4 Km/h,,86%,-6°C,1029.0mb,,"document.write(Icons.GetShortDescription(1, 'CurrentWeather'));  Fog, Haze",2017-11-21
08:41,-3°C,-3°C,330°4 Km/h,,86%,-5°C,1029.0mb,,"document.write(Icons.GetShortDescription(1, 'CurrentWeather'));  Haze",2017-11-21
09:00,-2°C,-2°C,320°4 Km/h,,80%,-5°C,1029.0mb,,"document.write(Icons.GetShortDescription(1, 'CurrentWeather'));  Haze",2017-11-21
10:00,1°C,1°C,350°2 Km/h,,81%,-2°C,1029.0mb,,"document.write(Icons.GetShortDescription(1, 'CurrentWeather'));",2017-11-21
11:00,3°C,3°C,60°4 Km/h,,65%,-3°C,1028.0mb,,"document.write(Icons.GetShortDescription(1, 'CurrentWeather'));",2017-11-21
12:00,5°C,4°C,210°6 Km/h,,53%,-4°C,1028.0mb,,"document.write(Icons.GetShortDescription(1, 'CurrentWeather'));",2017-11-21
13:00,5°C,5°C,260°4 Km/h,,45%,-6°C,1027.0mb,,"document.write(Icons.GetShortDescription(1, 'CurrentWeather'));",2017-11-21
14:00,6°C,4°C,70°7 Km/h,,42%,-6°C,1026.0mb,,"document.write(Icons.GetShortDescription(1, 'CurrentWeather'));",2017-11-21
15:00,7°C,6°C,20°7 Km/h,,39%,-6°C,1025.0mb,,"document.write(Icons.GetShortDescription(1, 'CurrentWeather'));",2017-11-21
16:00,7°C,7°C,230°4 Km/h,,39%,-6°C,1025.0mb,,"document.write(Icons.GetShortDescription(1, 'CurrentWeather'));",2017-11-21
17:00,5°C,5°C,330°4 Km/h,,42%,-7°C,1025.0mb,,"document.write(Icons.GetShortDescription(1, 'CurrentWeather'));",2017-11-21
18:00,4°C,4°C,320°4 Km/h,,45%,-7°C,1024.0mb,,"document.write(Icons.GetShortDescription(1, 'CurrentWeather'));",2017-11-21
19:00,3°C,3°C,290°4 Km/h,,48%,-7°C,1025.0mb,,"document.write(Icons.GetShortDescription(1, 'CurrentWeather'));",2017-11-21
20:00,1°C,1°C,50°4 Km/h,,56%,-7°C,1024.0mb,,"document.write(Icons.GetShortDescription(1, 'CurrentWeather'));",2017-11-21
21:00,1°C,-2°C,150°9 Km/h,,56%,-7°C,1024.0mb,,"document.write(Icons.GetShortDescription(1, 'CurrentWeather'));",2017-11-21
22:00,1°C,-1°C,190°7 Km/h,,65%,-5°C,1024.0mb,,"document.write(Icons.GetShortDescription(1, 'CurrentWeather'));",2017-11-21
23:00,2°C,-1°C,210°9 Km/h,,56%,-6°C,1023.0mb,,"document.write(Icons.GetShortDescription(2, 'CurrentWeather'));  Scattered Clouds at 1100m",2017-11-21
