Time,Temperature,Relative Temperature,Wind,Wind Gust,Rel. humidity,Dew Point,Pressure,Icon,DescriptionDetails,date
00:00,2°C,2°C,10°2 Km/h,,81%,-1°C,1021.0mb,,"document.write(Icons.GetShortDescription(1, 'CurrentWeather'));",2017-11-13
01:00,2°C,2°C,350°4 Km/h,,81%,-1°C,1021.0mb,,"document.write(Icons.GetShortDescription(1, 'CurrentWeather'));",2017-11-13
02:00,2°C,0°C,340°6 Km/h,,81%,-1°C,1020.0mb,,"document.write(Icons.GetShortDescription(2, 'CurrentWeather'));  Few Clouds at 1100m, Scattered Clouds at 6100m",2017-11-13
03:00,2°C,2°C,220°4 Km/h,,81%,-1°C,1020.0mb,,"document.write(Icons.GetShortDescription(3, 'CurrentWeather'));  Few Clouds at 1100m, Broken Clouds at 6100m",2017-11-13
04:00,2°C,2°C,220°4 Km/h,,87%,0°C,1020.0mb,,"document.write(Icons.GetShortDescription(3, 'CurrentWeather'));  Few Clouds at 1100m, Broken Clouds at 6100m",2017-11-13
05:00,3°C,3°C,100°2 Km/h,,81%,0°C,1020.0mb,,"document.write(Icons.GetShortDescription(1, 'CurrentWeather'));",2017-11-13
06:00,4°C,3°C,180°6 Km/h,,81%,1°C,1019.0mb,,"document.write(Icons.GetShortDescription(3, 'CurrentWeather'));  Few Clouds at 910m, Broken Clouds at 3400m, Broken Clouds at 5500m",2017-11-13
07:00,5°C,4°C,180°6 Km/h,,76%,1°C,1019.0mb,,"document.write(Icons.GetShortDescription(3, 'CurrentWeather'));  Scattered Clouds at 910m, Broken Clouds at 3400m",2017-11-13
08:00,6°C,4°C,180°11 Km/h,,71%,1°C,1019.0mb,,"document.write(Icons.GetShortDescription(4, 'CurrentWeather'));  Broken Clouds at 910m, Cloudy at 3000m",2017-11-13
09:00,6°C,6°C,190°4 Km/h,,71%,1°C,1018.0mb,,"document.write(Icons.GetShortDescription(4, 'CurrentWeather'));  Broken Clouds at 910m, Cloudy at 3000m",2017-11-13
10:00,8°C,6°C,150°13 Km/h,,66%,2°C,1018.0mb,,"document.write(Icons.GetShortDescription(4, 'CurrentWeather'));  Broken Clouds at 910m, Cloudy at 3700m",2017-11-13
11:00,9°C,9°C,230°4 Km/h,,54%,0°C,1019.0mb,,"document.write(Icons.GetShortDescription(4, 'CurrentWeather'));  Broken Clouds at 910m, Cloudy at 3700m",2017-11-13
12:00,10°C,9°C,190°9 Km/h,,50%,0°C,1018.0mb,,"document.write(Icons.GetShortDescription(4, 'CurrentWeather'));  Broken Clouds at 910m, Cloudy at 3700m",2017-11-13
13:00,11°C,11°C,150°13 Km/h,,44%,-1°C,1016.0mb,,"document.write(Icons.GetShortDescription(4, 'CurrentWeather'));  Broken Clouds at 910m, Cloudy at 3700m",2017-11-13
14:00,12°C,12°C,180°13 Km/h,,44%,0°C,1016.0mb,,"document.write(Icons.GetShortDescription(4, 'CurrentWeather'));  Broken Clouds at 910m, Cloudy at 3700m",2017-11-13
15:00,12°C,12°C,190°15 Km/h,,44%,0°C,1015.0mb,,"document.write(Icons.GetShortDescription(4, 'CurrentWeather'));  Broken Clouds at 910m, Cloudy at 3700m",2017-11-13
16:00,12°C,12°C,180°17 Km/h,,47%,1°C,1015.0mb,,"document.write(Icons.GetShortDescription(4, 'CurrentWeather'));  Broken Clouds at 910m, Cloudy at 3700m",2017-11-13
17:00,12°C,12°C,190°17 Km/h,,47%,1°C,1015.0mb,,"document.write(Icons.GetShortDescription(4, 'CurrentWeather'));  Broken Clouds at 910m, Cloudy at 3000m",2017-11-13
18:00,12°C,12°C,200°17 Km/h,,51%,2°C,1015.0mb,,"document.write(Icons.GetShortDescription(4, 'CurrentWeather'));  Broken Clouds at 760m, Cloudy at 3000m",2017-11-13
19:00,12°C,12°C,210°15 Km/h,,63%,5°C,1015.0mb,,"document.write(Icons.GetShortDescription(7, 'CurrentWeather'));  Broken Clouds at 760m, Cloudy at 3000m Light Rain",2017-11-13
20:00,12°C,12°C,210°15 Km/h,,67%,6°C,1015.0mb,,"document.write(Icons.GetShortDescription(7, 'CurrentWeather'));  Broken Clouds at 760m, Cloudy at 3000m Light Rain",2017-11-13
21:00,12°C,12°C,200°17 Km/h,,72%,7°C,1015.0mb,,"document.write(Icons.GetShortDescription(7, 'CurrentWeather'));  Few Clouds at 460m, Broken Clouds at 760m, Cloudy at 2400m Light Rain",2017-11-13
21:21,12°C,12°C,200°17 Km/h,,77%,8°C,1015.0mb,,"document.write(Icons.GetShortDescription(10, 'CurrentWeather'));  Scattered Cumulonimbus Clouds at 300m, Broken Clouds at 760m, Cloudy at 2400m Rain with Thunderstorm, Haze",2017-11-13
21:29,12°C,12°C,190°17 Km/h,,77%,8°C,1015.0mb,,"document.write(Icons.GetShortDescription(10, 'CurrentWeather'));  Scattered Cumulonimbus Clouds at 300m, Broken Clouds at 610m, Cloudy at 2400m Rain with Thunderstorm, Haze",2017-11-13
21:47,11°C,11°C,260°19 Km/h,,72%,6°C,1015.0mb,,"document.write(Icons.GetShortDescription(7, 'CurrentWeather'));  Broken Clouds at 1100m, Cloudy at 2400m Light Rain",2017-11-13
22:00,11°C,11°C,290°15 Km/h,,77%,7°C,1015.0mb,,"document.write(Icons.GetShortDescription(4, 'CurrentWeather'));  Broken Clouds at 910m, Cloudy at 3000m",2017-11-13
23:00,11°C,11°C,280°17 Km/h,,72%,6°C,1016.0mb,,"document.write(Icons.GetShortDescription(2, 'CurrentWeather'));  Scattered Clouds at 910m Haze",2017-11-13
