Time,Temperature,Relative Temperature,Wind,Wind Gust,Rel. humidity,Dew Point,Pressure,Icon,DescriptionDetails,date
00:00,1°C,1°C,270°4 Km/h,,75%,-3°C,1022.0mb,,"document.write(Icons.GetShortDescription(1, 'CurrentWeather'));  Haze",2017-03-28
01:00,2°C,0°C,120°6 Km/h,,75%,-2°C,1022.0mb,,"document.write(Icons.GetShortDescription(1, 'CurrentWeather'));  Haze",2017-03-28
02:00,0°C,0°C,250°2 Km/h,,80%,-3°C,1023.0mb,,"document.write(Icons.GetShortDescription(1, 'CurrentWeather'));  Haze",2017-03-28
02:31,0°C,0°C,160°2 Km/h,,80%,-3°C,1023.0mb,,"document.write(Icons.GetShortDescription(1, 'CurrentWeather'));  Haze",2017-03-28
03:00,1°C,1°C,150°2 Km/h,,81%,-2°C,1023.0mb,,"document.write(Icons.GetShortDescription(1, 'CurrentWeather'));  Haze",2017-03-28
04:00,1°C,1°C,90°2 Km/h,,87%,-1°C,1023.0mb,,"document.write(Icons.GetShortDescription(1, 'CurrentWeather'));  Haze",2017-03-28
04:43,0°C,0°C,150°4 Km/h,,87%,-2°C,1023.0mb,,"document.write(Icons.GetShortDescription(2, 'CurrentWeather'));  Few Clouds at 240m Partial Fog",2017-03-28
05:00,-1°C,-3°C,150°6 Km/h,,80%,-4°C,1023.0mb,,"document.write(Icons.GetShortDescription(2, 'CurrentWeather'));  Scattered Clouds at 240m Fog",2017-03-28
05:14,0°C,0°C,150°4 Km/h,,87%,-2°C,1023.0mb,,"document.write(Icons.GetShortDescription(2, 'CurrentWeather'));  Scattered Clouds at 150m Fog",2017-03-28
06:00,0°C,0°C,340°2 Km/h,,80%,-3°C,1023.0mb,,"document.write(Icons.GetShortDescription(2, 'CurrentWeather'));  Scattered Clouds at 150m Fog",2017-03-28
07:00,1°C,-2°C,150°9 Km/h,,87%,-1°C,1024.0mb,,"document.write(Icons.GetShortDescription(2, 'CurrentWeather'));  Scattered Clouds at 300m Haze",2017-03-28
08:00,5°C,2°C,140°13 Km/h,,81%,2°C,1024.0mb,,"document.write(Icons.GetShortDescription(2, 'CurrentWeather'));  Scattered Clouds at 300m Haze",2017-03-28
09:00,6°C,4°C,150°11 Km/h,,76%,2°C,1024.0mb,,"document.write(Icons.GetShortDescription(2, 'CurrentWeather'));  Few Clouds at 300m Haze",2017-03-28
10:00,8°C,6°C,150°11 Km/h,,62%,1°C,1024.0mb,,"document.write(Icons.GetShortDescription(2, 'CurrentWeather'));  Scattered Clouds at 460m Haze",2017-03-28
11:00,10°C,10°C,190°6 Km/h,,50%,0°C,1024.0mb,,"document.write(Icons.GetShortDescription(1, 'CurrentWeather'));  Haze",2017-03-28
12:00,11°C,11°C,230°6 Km/h,,41%,-2°C,1024.0mb,,"document.write(Icons.GetShortDescription(1, 'CurrentWeather'));",2017-03-28
13:00,12°C,12°C,220°13 Km/h,,35%,-3°C,1023.0mb,,"document.write(Icons.GetShortDescription(3, 'CurrentWeather'));  Few Clouds at 760m, Broken Clouds at 6100m",2017-03-28
14:00,12°C,12°C,220°15 Km/h,,33%,-4°C,1022.0mb,,"document.write(Icons.GetShortDescription(3, 'CurrentWeather'));  Few Clouds at 910m, Broken Clouds at 6100m",2017-03-28
15:00,12°C,12°C,230°15 Km/h,,30%,-5°C,1022.0mb,,"document.write(Icons.GetShortDescription(3, 'CurrentWeather'));  Few Clouds at 910m, Broken Clouds at 6100m",2017-03-28
16:00,12°C,12°C,250°13 Km/h,,30%,-5°C,1022.0mb,,"document.write(Icons.GetShortDescription(3, 'CurrentWeather'));  Few Clouds at 910m, Broken Clouds at 6100m",2017-03-28
17:00,10°C,8°C,260°15 Km/h,,40%,-3°C,1022.0mb,,"document.write(Icons.GetShortDescription(1, 'CurrentWeather'));",2017-03-28
18:00,10°C,8°C,240°13 Km/h,,37%,-4°C,1022.0mb,,"document.write(Icons.GetShortDescription(1, 'CurrentWeather'));",2017-03-28
19:00,8°C,6°C,270°9 Km/h,,43%,-4°C,1022.0mb,,"document.write(Icons.GetShortDescription(1, 'CurrentWeather'));",2017-03-28
20:00,7°C,5°C,350°9 Km/h,,53%,-2°C,1023.0mb,,"document.write(Icons.GetShortDescription(1, 'CurrentWeather'));",2017-03-28
21:00,6°C,4°C,330°7 Km/h,,66%,0°C,1023.0mb,,"document.write(Icons.GetShortDescription(1, 'CurrentWeather'));",2017-03-28
22:00,6°C,6°C,290°2 Km/h,,66%,0°C,1023.0mb,,"document.write(Icons.GetShortDescription(1, 'CurrentWeather'));  Haze",2017-03-28
23:00,5°C,4°C,330°6 Km/h,,70%,0°C,1023.0mb,,"document.write(Icons.GetShortDescription(1, 'CurrentWeather'));  Haze",2017-03-28
