Time,Temperature,Relative Temperature,Wind,Wind Gust,Rel. humidity,Dew Point,Pressure,Icon,DescriptionDetails,date
00:00,5°C,3°C,340°9 Km/h,,81%,2°C,1021.0mb,,"document.write(Icons.GetShortDescription(2, 'CurrentWeather'));  Scattered Clouds at 1200m Haze",2017-11-26
01:00,2°C,-1°C,360°11 Km/h,,87%,0°C,1021.0mb,,"document.write(Icons.GetShortDescription(2, 'CurrentWeather'));  Scattered Clouds at 1200m Haze",2017-11-26
01:35,2°C,-1°C,320°11 Km/h,,81%,-1°C,1021.0mb,,"document.write(Icons.GetShortDescription(3, 'CurrentWeather'));  Broken Clouds at 60m Fog",2017-11-26
02:00,2°C,-1°C,320°9 Km/h,,87%,0°C,1021.0mb,,"document.write(Icons.GetShortDescription(4, 'CurrentWeather'));  Limited visibility at 30m Fog",2017-11-26
03:00,1°C,-1°C,320°7 Km/h,,87%,-1°C,1021.0mb,,"document.write(Icons.GetShortDescription(4, 'CurrentWeather'));  Limited visibility at 30m Fog",2017-11-26
04:00,1°C,-1°C,330°7 Km/h,,93%,0°C,1022.0mb,,"document.write(Icons.GetShortDescription(4, 'CurrentWeather'));  Limited visibility at 30m Fog",2017-11-26
05:00,1°C,-3°C,340°15 Km/h,,87%,-1°C,1022.0mb,,"document.write(Icons.GetShortDescription(4, 'CurrentWeather'));  Limited visibility at 30m Fog",2017-11-26
06:00,0°C,-3°C,360°9 Km/h,,93%,-1°C,1022.0mb,,"document.write(Icons.GetShortDescription(4, 'CurrentWeather'));  Limited visibility at 30m Fog",2017-11-26
07:00,0°C,0°C,20°2 Km/h,,87%,-2°C,1023.0mb,,"document.write(Icons.GetShortDescription(3, 'CurrentWeather'));  Broken Clouds at 30m Fog",2017-11-26
08:00,0°C,-3°C,330°9 Km/h,,93%,-1°C,1023.0mb,,"document.write(Icons.GetShortDescription(4, 'CurrentWeather'));  Limited visibility at 30m Fog",2017-11-26
09:00,1°C,-2°C,340°11 Km/h,,87%,-1°C,1024.0mb,,"document.write(Icons.GetShortDescription(4, 'CurrentWeather'));  Limited visibility at 30m Fog",2017-11-26
09:33,1°C,-2°C,330°11 Km/h,,87%,-1°C,1024.0mb,,"document.write(Icons.GetShortDescription(4, 'CurrentWeather'));  Limited visibility at 90m Fog",2017-11-26
09:43,1°C,-2°C,320°9 Km/h,,93%,0°C,1025.0mb,,"document.write(Icons.GetShortDescription(4, 'CurrentWeather'));  Limited visibility at 120m Fog, Haze",2017-11-26
10:00,1°C,-1°C,350°7 Km/h,,93%,0°C,1025.0mb,,"document.write(Icons.GetShortDescription(4, 'CurrentWeather'));  Limited visibility at 150m Fog, Haze",2017-11-26
10:20,1°C,-1°C,350°6 Km/h,,93%,0°C,1025.0mb,,"document.write(Icons.GetShortDescription(3, 'CurrentWeather'));  Scattered Clouds at 90m, Broken Clouds at 4600m Haze",2017-11-26
11:00,3°C,3°C,270°2 Km/h,,87%,1°C,1025.0mb,,"document.write(Icons.GetShortDescription(2, 'CurrentWeather'));  Few Clouds at 760m, Scattered Clouds at 3700m Haze",2017-11-26
11:41,3°C,-1°C,340°15 Km/h,,93%,2°C,1026.0mb,,"document.write(Icons.GetShortDescription(2, 'CurrentWeather'));  Scattered Clouds at 300m Haze",2017-11-26
12:00,4°C,0°C,340°17 Km/h,,87%,2°C,1026.0mb,,"document.write(Icons.GetShortDescription(3, 'CurrentWeather'));  Few Clouds at 760m, Broken Clouds at 4600m",2017-11-26
13:00,5°C,1°C,360°20 Km/h,,76%,1°C,1025.0mb,,"document.write(Icons.GetShortDescription(1, 'CurrentWeather'));",2017-11-26
14:00,7°C,4°C,350°20 Km/h,,57%,-1°C,1025.0mb,,"document.write(Icons.GetShortDescription(1, 'CurrentWeather'));",2017-11-26
15:00,7°C,5°C,340°13 Km/h,,49%,-3°C,1025.0mb,,"document.write(Icons.GetShortDescription(1, 'CurrentWeather'));",2017-11-26
16:00,6°C,3°C,330°15 Km/h,,46%,-5°C,1026.0mb,,"document.write(Icons.GetShortDescription(1, 'CurrentWeather'));",2017-11-26
17:00,4°C,1°C,330°11 Km/h,,48%,-6°C,1026.0mb,,"document.write(Icons.GetShortDescription(1, 'CurrentWeather'));",2017-11-26
18:00,2°C,-1°C,320°11 Km/h,,56%,-6°C,1027.0mb,,"document.write(Icons.GetShortDescription(1, 'CurrentWeather'));",2017-11-26
19:00,1°C,-2°C,330°11 Km/h,,60%,-6°C,1028.0mb,,"document.write(Icons.GetShortDescription(1, 'CurrentWeather'));",2017-11-26
20:00,0°C,0°C,340°4 Km/h,,60%,-7°C,1028.0mb,,"document.write(Icons.GetShortDescription(1, 'CurrentWeather'));",2017-11-26
21:00,0°C,-4°C,320°13 Km/h,,60%,-7°C,1028.0mb,,"document.write(Icons.GetShortDescription(1, 'CurrentWeather'));",2017-11-26
22:00,0°C,-2°C,330°6 Km/h,,64%,-6°C,1029.0mb,,"document.write(Icons.GetShortDescription(1, 'CurrentWeather'));",2017-11-26
23:00,-2°C,-4°C,350°6 Km/h,,64%,-8°C,1029.0mb,,"document.write(Icons.GetShortDescription(1, 'CurrentWeather'));",2017-11-26
