Time,Temperature,Relative Temperature,Wind,Wind Gust,Rel. humidity,Dew Point,Pressure,Icon,DescriptionDetails,date
00:00,18°C,18°C,290°7 Km/h,,78%,14°C,1013.0mb,,"document.write(Icons.GetShortDescription(2, 'CurrentWeather'));  Few Clouds at 760m",2017-06-14
01:00,17°C,17°C,240°2 Km/h,,83%,14°C,1013.0mb,,"document.write(Icons.GetShortDescription(1, 'CurrentWeather'));",2017-06-14
02:00,17°C,17°C,260°4 Km/h,,83%,14°C,1013.0mb,,"document.write(Icons.GetShortDescription(1, 'CurrentWeather'));",2017-06-14
03:00,17°C,17°C,210°2 Km/h,,83%,14°C,1013.0mb,,"document.write(Icons.GetShortDescription(2, 'CurrentWeather'));  Few Clouds at 460m, Scattered Clouds at 610m",2017-06-14
04:00,17°C,17°C,230°4 Km/h,,77%,13°C,1013.0mb,,"document.write(Icons.GetShortDescription(2, 'CurrentWeather'));  Few Clouds at 460m",2017-06-14
05:00,17°C,17°C,310°4 Km/h,,83%,14°C,1013.0mb,,"document.write(Icons.GetShortDescription(2, 'CurrentWeather'));  Few Clouds at 460m",2017-06-14
06:00,17°C,17°C,190°4 Km/h,,83%,14°C,1013.0mb,,"document.write(Icons.GetShortDescription(1, 'CurrentWeather'));",2017-06-14
07:00,19°C,19°C,280°6 Km/h,,78%,15°C,1012.0mb,,"document.write(Icons.GetShortDescription(2, 'CurrentWeather'));  Scattered Clouds at 610m",2017-06-14
08:00,20°C,20°C,250°6 Km/h,,69%,14°C,1013.0mb,,"document.write(Icons.GetShortDescription(2, 'CurrentWeather'));  Scattered Clouds at 610m",2017-06-14
09:00,20°C,20°C,260°11 Km/h,,64%,13°C,1013.0mb,,"document.write(Icons.GetShortDescription(2, 'CurrentWeather'));  Scattered Clouds at 610m",2017-06-14
10:00,22°C,22°C,300°17 Km/h,,57%,13°C,1012.0mb,,"document.write(Icons.GetShortDescription(2, 'CurrentWeather'));  Scattered Clouds at 760m",2017-06-14
11:00,23°C,23°C,280°9 Km/h,,53%,13°C,1012.0mb,,"document.write(Icons.GetShortDescription(2, 'CurrentWeather'));  Few Clouds at 910m",2017-06-14
12:00,24°C,24°C,290°7 Km/h,,50%,13°C,1012.0mb,,"document.write(Icons.GetShortDescription(2, 'CurrentWeather'));  Few Clouds at 910m",2017-06-14
13:00,25°C,25°C,290°15 Km/h,,44%,12°C,1011.0mb,,"document.write(Icons.GetShortDescription(1, 'CurrentWeather'));",2017-06-14
14:00,25°C,25°C,280°15 Km/h,,47%,13°C,1011.0mb,,"document.write(Icons.GetShortDescription(1, 'CurrentWeather'));",2017-06-14
15:00,25°C,25°C,250°17 Km/h,,39%,10°C,1010.0mb,,"document.write(Icons.GetShortDescription(1, 'CurrentWeather'));",2017-06-14
16:00,25°C,25°C,270°17 Km/h,,39%,10°C,1010.0mb,,"document.write(Icons.GetShortDescription(1, 'CurrentWeather'));",2017-06-14
17:00,24°C,24°C,280°17 Km/h,,41%,10°C,1009.0mb,,"document.write(Icons.GetShortDescription(1, 'CurrentWeather'));",2017-06-14
18:00,24°C,24°C,250°15 Km/h,,41%,10°C,1009.0mb,,"document.write(Icons.GetShortDescription(1, 'CurrentWeather'));",2017-06-14
19:00,22°C,22°C,230°9 Km/h,,57%,13°C,1009.0mb,,"document.write(Icons.GetShortDescription(1, 'CurrentWeather'));",2017-06-14
20:00,21°C,21°C,240°9 Km/h,,53%,11°C,1009.0mb,,"document.write(Icons.GetShortDescription(1, 'CurrentWeather'));",2017-06-14
21:00,20°C,20°C,240°6 Km/h,,60%,12°C,1010.0mb,,"document.write(Icons.GetShortDescription(1, 'CurrentWeather'));",2017-06-14
22:00,20°C,20°C,220°6 Km/h,,64%,13°C,1010.0mb,,"document.write(Icons.GetShortDescription(1, 'CurrentWeather'));",2017-06-14
23:00,20°C,20°C,230°7 Km/h,,64%,13°C,1010.0mb,,"document.write(Icons.GetShortDescription(1, 'CurrentWeather'));",2017-06-14
