Time,Temperature,Relative Temperature,Wind,Wind Gust,Rel. humidity,Dew Point,Pressure,Icon,DescriptionDetails,date
00:00,22°C,22°C,320°4 Km/h,,83%,19°C,1009.0mb,,"document.write(Icons.GetShortDescription(1, 'CurrentWeather'));  Haze",2017-06-30
01:00,22°C,22°C,320°6 Km/h,,83%,19°C,1010.0mb,,"document.write(Icons.GetShortDescription(1, 'CurrentWeather'));  Haze",2017-06-30
02:00,22°C,22°C,350°6 Km/h,,83%,19°C,1010.0mb,,"document.write(Icons.GetShortDescription(1, 'CurrentWeather'));  Haze",2017-06-30
03:00,22°C,22°C,320°4 Km/h,,83%,19°C,1009.0mb,,"document.write(Icons.GetShortDescription(2, 'CurrentWeather'));  Few Clouds at 300m Haze",2017-06-30
04:00,21°C,21°C,310°4 Km/h,,88%,19°C,1009.0mb,,"document.write(Icons.GetShortDescription(2, 'CurrentWeather'));  Scattered Clouds at 300m Haze",2017-06-30
05:00,21°C,21°C,280°4 Km/h,,88%,19°C,1009.0mb,,"document.write(Icons.GetShortDescription(2, 'CurrentWeather'));  Scattered Clouds at 300m Haze",2017-06-30
05:56,22°C,22°C,320°4 Km/h,,83%,19°C,1009.0mb,,"document.write(Icons.GetShortDescription(2, 'CurrentWeather'));  Scattered Clouds at 300m Haze",2017-06-30
06:00,22°C,22°C,320°2 Km/h,,83%,19°C,1009.0mb,,"document.write(Icons.GetShortDescription(3, 'CurrentWeather'));  Scattered Clouds at 300m, Broken Clouds at 910m Haze",2017-06-30
07:00,23°C,24°C,310°2 Km/h,,83%,20°C,1009.0mb,,"document.write(Icons.GetShortDescription(2, 'CurrentWeather'));  Few Clouds at 460m, Scattered Clouds at 910m Haze",2017-06-30
08:00,25°C,25°C,300°2 Km/h,,74%,20°C,1009.0mb,,"document.write(Icons.GetShortDescription(2, 'CurrentWeather'));  Few Clouds at 460m, Scattered Clouds at 910m Haze",2017-06-30
09:00,26°C,27°C,230°4 Km/h,,65%,19°C,1009.0mb,,"document.write(Icons.GetShortDescription(2, 'CurrentWeather'));  Few Clouds at 460m, Scattered Clouds at 910m Haze",2017-06-30
10:00,28°C,29°C,220°6 Km/h,,55%,18°C,1009.0mb,,"document.write(Icons.GetShortDescription(2, 'CurrentWeather'));  Few Clouds at 460m, Scattered Clouds at 910m Haze",2017-06-30
11:00,27°C,28°C,270°9 Km/h,,62%,19°C,1008.0mb,,"document.write(Icons.GetShortDescription(3, 'CurrentWeather'));  Few Clouds at 460m, Scattered Clouds at 910m, Broken Clouds at 6100m Haze",2017-06-30
12:00,28°C,29°C,300°17 Km/h,,58%,19°C,1008.0mb,,"document.write(Icons.GetShortDescription(3, 'CurrentWeather'));  Scattered Clouds at 910m, Broken Clouds at 6100m",2017-06-30
13:00,29°C,29°C,300°11 Km/h,,48%,17°C,1008.0mb,,"document.write(Icons.GetShortDescription(3, 'CurrentWeather'));  Few Clouds at 910m, Broken Clouds at 6100m",2017-06-30
14:00,29°C,29°C,280°15 Km/h,,45%,16°C,1008.0mb,,"document.write(Icons.GetShortDescription(3, 'CurrentWeather'));  Few Clouds at 910m, Broken Clouds at 6100m",2017-06-30
15:00,30°C,30°C,280°15 Km/h,,46%,17°C,1007.0mb,,"document.write(Icons.GetShortDescription(3, 'CurrentWeather'));  Few Clouds at 910m, Broken Clouds at 6100m",2017-06-30
16:00,29°C,29°C,300°17 Km/h,,45%,16°C,1007.0mb,,"document.write(Icons.GetShortDescription(3, 'CurrentWeather'));  Few Clouds at 910m, Broken Clouds at 6100m",2017-06-30
17:00,28°C,28°C,280°17 Km/h,,45%,15°C,1007.0mb,,"document.write(Icons.GetShortDescription(3, 'CurrentWeather'));  Few Clouds at 910m, Broken Clouds at 6100m",2017-06-30
18:00,26°C,26°C,280°15 Km/h,,54%,16°C,1006.0mb,,"document.write(Icons.GetShortDescription(4, 'CurrentWeather'));  Few Clouds at 910m, Cloudy at 6100m",2017-06-30
19:00,25°C,25°C,290°15 Km/h,,61%,17°C,1007.0mb,,"document.write(Icons.GetShortDescription(4, 'CurrentWeather'));  Few Clouds at 910m, Cloudy at 6100m",2017-06-30
20:00,24°C,24°C,280°9 Km/h,,69%,18°C,1007.0mb,,"document.write(Icons.GetShortDescription(4, 'CurrentWeather'));  Few Clouds at 910m, Cloudy at 6100m",2017-06-30
21:00,24°C,24°C,280°9 Km/h,,74%,19°C,1007.0mb,,"document.write(Icons.GetShortDescription(4, 'CurrentWeather'));  Few Clouds at 910m, Cloudy at 6100m",2017-06-30
22:00,23°C,23°C,250°4 Km/h,,78%,19°C,1008.0mb,,"document.write(Icons.GetShortDescription(3, 'CurrentWeather'));  Few Clouds at 910m, Broken Clouds at 6100m",2017-06-30
23:00,23°C,23°C,300°6 Km/h,,78%,19°C,1008.0mb,,"document.write(Icons.GetShortDescription(3, 'CurrentWeather'));  Few Clouds at 910m, Broken Clouds at 6100m",2017-06-30
