Time,Temperature,Relative Temperature,Wind,Wind Gust,Rel. humidity,Dew Point,Pressure,Icon,DescriptionDetails,date
00:00,-1°C,-1°C,230°2 Km/h,,75%,-5°C,1024.0mb,,"document.write(Icons.GetShortDescription(2, 'CurrentWeather'));  Scattered Clouds at 760m",2017-01-04
01:00,-1°C,-1°C,290°2 Km/h,,75%,-5°C,1023.0mb,,"document.write(Icons.GetShortDescription(2, 'CurrentWeather'));  Scattered Clouds at 910m",2017-01-04
02:00,-2°C,-2°C,170°4 Km/h,,74%,-6°C,1023.0mb,,"document.write(Icons.GetShortDescription(2, 'CurrentWeather'));  Scattered Clouds at 910m",2017-01-04
03:00,1°C,-2°C,150°9 Km/h,,75%,-3°C,1023.0mb,,"document.write(Icons.GetShortDescription(2, 'CurrentWeather'));  Scattered Clouds at 910m",2017-01-04
04:00,1°C,-2°C,140°9 Km/h,,75%,-3°C,1023.0mb,,"document.write(Icons.GetShortDescription(2, 'CurrentWeather'));  Scattered Clouds at 910m",2017-01-04
05:00,-1°C,-1°C,130°2 Km/h,,80%,-4°C,1023.0mb,,"document.write(Icons.GetShortDescription(2, 'CurrentWeather'));  Scattered Clouds at 910m",2017-01-04
05:36,-2°C,-5°C,140°7 Km/h,,74%,-6°C,1023.0mb,,"document.write(Icons.GetShortDescription(2, 'CurrentWeather'));  Scattered Clouds at 910m Haze",2017-01-04
06:00,-1°C,-1°C,120°2 Km/h,,80%,-4°C,1023.0mb,,"document.write(Icons.GetShortDescription(2, 'CurrentWeather'));  Scattered Clouds at 910m Haze",2017-01-04
07:00,-1°C,-3°C,300°6 Km/h,,80%,-4°C,1023.0mb,,"document.write(Icons.GetShortDescription(2, 'CurrentWeather'));  Scattered Clouds at 910m Haze",2017-01-04
08:00,-2°C,-2°C,360°2 Km/h,,80%,-5°C,1024.0mb,,"document.write(Icons.GetShortDescription(2, 'CurrentWeather'));  Scattered Clouds at 910m Haze",2017-01-04
09:00,0°C,-2°C,310°6 Km/h,,80%,-3°C,1025.0mb,,"document.write(Icons.GetShortDescription(1, 'CurrentWeather'));  Haze",2017-01-04
10:00,3°C,2°C,340°6 Km/h,,75%,-1°C,1025.0mb,,"document.write(Icons.GetShortDescription(1, 'CurrentWeather'));  Haze",2017-01-04
11:00,5°C,3°C,330°9 Km/h,,66%,-1°C,1025.0mb,,"document.write(Icons.GetShortDescription(1, 'CurrentWeather'));  Haze",2017-01-04
12:00,7°C,5°C,330°9 Km/h,,49%,-3°C,1024.0mb,,"document.write(Icons.GetShortDescription(1, 'CurrentWeather'));",2017-01-04
13:00,8°C,6°C,360°9 Km/h,,40%,-5°C,1024.0mb,,"document.write(Icons.GetShortDescription(1, 'CurrentWeather'));",2017-01-04
14:00,9°C,7°C,290°13 Km/h,,27%,-9°C,1023.0mb,,"document.write(Icons.GetShortDescription(1, 'CurrentWeather'));",2017-01-04
15:00,8°C,5°C,330°19 Km/h,,27%,-10°C,1023.0mb,,"document.write(Icons.GetShortDescription(1, 'CurrentWeather'));",2017-01-04
16:00,8°C,5°C,330°17 Km/h,,29%,-9°C,1023.0mb,,"document.write(Icons.GetShortDescription(1, 'CurrentWeather'));",2017-01-04
17:00,6°C,3°C,360°13 Km/h,,34%,-9°C,1023.0mb,,"document.write(Icons.GetShortDescription(1, 'CurrentWeather'));",2017-01-04
18:00,5°C,3°C,280°9 Km/h,,53%,-4°C,1024.0mb,,"document.write(Icons.GetShortDescription(1, 'CurrentWeather'));",2017-01-04
19:00,3°C,3°C,80°2 Km/h,,60%,-4°C,1024.0mb,,"document.write(Icons.GetShortDescription(1, 'CurrentWeather'));",2017-01-04
20:00,2°C,2°C,340°4 Km/h,,65%,-4°C,1025.0mb,,"document.write(Icons.GetShortDescription(1, 'CurrentWeather'));",2017-01-04
21:00,2°C,0°C,330°7 Km/h,,56%,-6°C,1025.0mb,,"document.write(Icons.GetShortDescription(1, 'CurrentWeather'));",2017-01-04
22:00,0°C,-2°C,330°6 Km/h,,60%,-7°C,1025.0mb,,"document.write(Icons.GetShortDescription(1, 'CurrentWeather'));",2017-01-04
23:00,1°C,-2°C,310°9 Km/h,,56%,-7°C,1025.0mb,,"document.write(Icons.GetShortDescription(1, 'CurrentWeather'));",2017-01-04
