Time,Temperature,Relative Temperature,Wind,Wind Gust,Rel. humidity,Dew Point,Pressure,Icon,DescriptionDetails,date
00:00,21°C,21°C,350°6 Km/h,,83%,18°C,1011.0mb,,"document.write(Icons.GetShortDescription(2, 'CurrentWeather'));  Few Clouds at 910m, Scattered Clouds at 3700m",2017-06-28
01:00,22°C,22°C,320°2 Km/h,,78%,18°C,1011.0mb,,"document.write(Icons.GetShortDescription(2, 'CurrentWeather'));  Few Clouds at 910m, Scattered Clouds at 3700m Haze",2017-06-28
02:00,23°C,23°C,250°7 Km/h,,74%,18°C,1011.0mb,,"document.write(Icons.GetShortDescription(2, 'CurrentWeather'));  Few Clouds at 910m, Scattered Clouds at 3700m",2017-06-28
03:00,22°C,22°C,310°4 Km/h,,78%,18°C,1012.0mb,,"document.write(Icons.GetShortDescription(2, 'CurrentWeather'));  Few Clouds at 910m, Scattered Clouds at 3700m Haze",2017-06-28
04:00,22°C,22°C,250°6 Km/h,,78%,18°C,1012.0mb,,"document.write(Icons.GetShortDescription(2, 'CurrentWeather'));  Few Clouds at 910m, Scattered Clouds at 3700m Haze",2017-06-28
05:00,22°C,22°C,20°4 Km/h,,78%,18°C,1012.0mb,,"document.write(Icons.GetShortDescription(2, 'CurrentWeather'));  Few Clouds at 910m, Scattered Clouds at 3700m Haze",2017-06-28
06:00,22°C,22°C,10°4 Km/h,,83%,19°C,1012.0mb,,"document.write(Icons.GetShortDescription(2, 'CurrentWeather'));  Few Clouds at 300m, Scattered Clouds at 910m Haze",2017-06-28
07:00,23°C,23°C,350°2 Km/h,,78%,19°C,1012.0mb,,"document.write(Icons.GetShortDescription(3, 'CurrentWeather'));  Few Clouds at 300m, Broken Clouds at 910m Haze",2017-06-28
08:00,24°C,24°C,40°4 Km/h,,74%,19°C,1012.0mb,,"document.write(Icons.GetShortDescription(3, 'CurrentWeather'));  Few Clouds at 300m, Broken Clouds at 910m Haze",2017-06-28
09:00,25°C,25°C,270°2 Km/h,,65%,18°C,1012.0mb,,"document.write(Icons.GetShortDescription(2, 'CurrentWeather'));  Few Clouds at 460m, Scattered Clouds at 910m",2017-06-28
10:00,27°C,28°C,220°7 Km/h,,58%,18°C,1012.0mb,,"document.write(Icons.GetShortDescription(2, 'CurrentWeather'));  Scattered Clouds at 910m",2017-06-28
11:00,28°C,28°C,180°9 Km/h,,48%,16°C,1012.0mb,,"document.write(Icons.GetShortDescription(2, 'CurrentWeather'));  Scattered Clouds at 1200m",2017-06-28
12:00,29°C,29°C,210°9 Km/h,,45%,16°C,1012.0mb,,"document.write(Icons.GetShortDescription(2, 'CurrentWeather'));  Scattered Clouds at 1200m",2017-06-28
13:00,29°C,29°C,210°11 Km/h,,48%,17°C,1012.0mb,,"document.write(Icons.GetShortDescription(2, 'CurrentWeather'));  Scattered Clouds at 1200m",2017-06-28
14:00,29°C,30°C,280°15 Km/h,,51%,18°C,1011.0mb,,"document.write(Icons.GetShortDescription(2, 'CurrentWeather'));  Scattered Clouds at 1200m",2017-06-28
15:00,29°C,29°C,280°17 Km/h,,48%,17°C,1011.0mb,,"document.write(Icons.GetShortDescription(2, 'CurrentWeather'));  Scattered Clouds at 1200m",2017-06-28
16:00,29°C,29°C,300°20 Km/h,,48%,17°C,1011.0mb,,"document.write(Icons.GetShortDescription(2, 'CurrentWeather'));  Scattered Clouds at 1200m",2017-06-28
17:00,28°C,29°C,290°17 Km/h,,55%,18°C,1011.0mb,,"document.write(Icons.GetShortDescription(2, 'CurrentWeather'));  Scattered Clouds at 1200m",2017-06-28
18:00,27°C,28°C,290°15 Km/h,,54%,17°C,1011.0mb,,"document.write(Icons.GetShortDescription(1, 'CurrentWeather'));",2017-06-28
19:00,26°C,27°C,260°9 Km/h,,58%,17°C,1011.0mb,,"document.write(Icons.GetShortDescription(1, 'CurrentWeather'));",2017-06-28
20:00,25°C,25°C,270°6 Km/h,,57%,16°C,1012.0mb,,"document.write(Icons.GetShortDescription(1, 'CurrentWeather'));",2017-06-28
21:00,24°C,24°C,280°6 Km/h,,61%,16°C,1012.0mb,,"document.write(Icons.GetShortDescription(1, 'CurrentWeather'));",2017-06-28
22:00,24°C,24°C,310°4 Km/h,,61%,16°C,1013.0mb,,"document.write(Icons.GetShortDescription(1, 'CurrentWeather'));",2017-06-28
23:00,23°C,23°C,310°9 Km/h,,74%,18°C,1013.0mb,,"document.write(Icons.GetShortDescription(1, 'CurrentWeather'));",2017-06-28
