Time,Temperature,Relative Temperature,Wind,Wind Gust,Rel. humidity,Dew Point,Pressure,Icon,DescriptionDetails,date
00:00,18°C,18°C,330°7 Km/h,,78%,14°C,1023.0mb,,"document.write(Icons.GetShortDescription(1, 'CurrentWeather'));",2017-10-09
01:00,18°C,18°C,20°2 Km/h,,78%,14°C,1022.0mb,,"document.write(Icons.GetShortDescription(1, 'CurrentWeather'));",2017-10-09
02:00,18°C,18°C,300°4 Km/h,,78%,14°C,1022.0mb,,"document.write(Icons.GetShortDescription(3, 'CurrentWeather'));  Scattered Clouds at 1200m, Broken Clouds at 3400m",2017-10-09
03:00,18°C,18°C,310°9 Km/h,,83%,15°C,1023.0mb,,"document.write(Icons.GetShortDescription(3, 'CurrentWeather'));  Scattered Clouds at 1200m, Broken Clouds at 3400m",2017-10-09
04:00,19°C,19°C,80°2 Km/h,,78%,15°C,1022.0mb,,"document.write(Icons.GetShortDescription(3, 'CurrentWeather'));  Scattered Clouds at 1200m, Broken Clouds at 3400m",2017-10-09
05:00,19°C,19°C,Calm,,78%,15°C,1022.0mb,,"document.write(Icons.GetShortDescription(3, 'CurrentWeather'));  Scattered Clouds at 1200m, Broken Clouds at 3400m",2017-10-09
06:00,19°C,19°C,310°4 Km/h,,78%,15°C,1023.0mb,,"document.write(Icons.GetShortDescription(3, 'CurrentWeather'));  Scattered Clouds at 1200m, Broken Clouds at 3400m",2017-10-09
07:00,18°C,18°C,50°2 Km/h,,83%,15°C,1023.0mb,,"document.write(Icons.GetShortDescription(3, 'CurrentWeather'));  Scattered Clouds at 1200m, Broken Clouds at 3700m",2017-10-09
08:00,20°C,20°C,130°2 Km/h,,78%,16°C,1023.0mb,,"document.write(Icons.GetShortDescription(2, 'CurrentWeather'));  Few Clouds at 1200m, Scattered Clouds at 4600m",2017-10-09
09:00,21°C,21°C,250°4 Km/h,,78%,17°C,1023.0mb,,"document.write(Icons.GetShortDescription(2, 'CurrentWeather'));  Few Clouds at 460m, Scattered Clouds at 910m",2017-10-09
10:00,23°C,23°C,190°6 Km/h,,65%,16°C,1023.0mb,,"document.write(Icons.GetShortDescription(2, 'CurrentWeather'));  Few Clouds at 910m, Scattered Clouds at 5500m",2017-10-09
11:00,25°C,25°C,190°9 Km/h,,61%,17°C,1023.0mb,,"document.write(Icons.GetShortDescription(3, 'CurrentWeather'));  Few Clouds at 910m, Broken Clouds at 5500m",2017-10-09
12:00,25°C,25°C,260°6 Km/h,,57%,16°C,1022.0mb,,"document.write(Icons.GetShortDescription(3, 'CurrentWeather'));  Few Clouds at 910m, Scattered Clouds at 2100m, Broken Clouds at 5500m",2017-10-09
13:00,25°C,25°C,270°11 Km/h,,54%,15°C,1022.0mb,,"document.write(Icons.GetShortDescription(3, 'CurrentWeather'));  Few Clouds at 910m, Scattered Clouds at 2100m, Broken Clouds at 5500m",2017-10-09
14:00,24°C,24°C,290°9 Km/h,,57%,15°C,1021.0mb,,"document.write(Icons.GetShortDescription(3, 'CurrentWeather'));  Few Clouds at 910m, Scattered Clouds at 2100m, Broken Clouds at 5500m",2017-10-09
15:00,25°C,25°C,310°9 Km/h,,54%,15°C,1020.0mb,,"document.write(Icons.GetShortDescription(3, 'CurrentWeather'));  Few Clouds at 910m, Scattered Clouds at 2100m, Broken Clouds at 4900m",2017-10-09
16:00,25°C,25°C,240°11 Km/h,,51%,14°C,1020.0mb,,"document.write(Icons.GetShortDescription(1, 'CurrentWeather'));",2017-10-09
17:00,24°C,24°C,260°9 Km/h,,50%,13°C,1020.0mb,,"document.write(Icons.GetShortDescription(1, 'CurrentWeather'));",2017-10-09
18:00,21°C,21°C,300°13 Km/h,,64%,14°C,1020.0mb,,"document.write(Icons.GetShortDescription(1, 'CurrentWeather'));",2017-10-09
19:00,20°C,20°C,320°9 Km/h,,73%,15°C,1020.0mb,,"document.write(Icons.GetShortDescription(1, 'CurrentWeather'));",2017-10-09
20:00,20°C,20°C,300°6 Km/h,,73%,15°C,1020.0mb,,"document.write(Icons.GetShortDescription(1, 'CurrentWeather'));",2017-10-09
21:00,19°C,19°C,310°7 Km/h,,78%,15°C,1020.0mb,,"document.write(Icons.GetShortDescription(3, 'CurrentWeather'));  Few Clouds at 910m, Broken Clouds at 4600m",2017-10-09
22:00,20°C,20°C,330°6 Km/h,,78%,16°C,1020.0mb,,"document.write(Icons.GetShortDescription(3, 'CurrentWeather'));  Scattered Clouds at 300m, Broken Clouds at 4600m",2017-10-09
23:00,19°C,19°C,320°4 Km/h,,83%,16°C,1021.0mb,,"document.write(Icons.GetShortDescription(3, 'CurrentWeather'));  Scattered Clouds at 300m, Broken Clouds at 4600m",2017-10-09
