Time,Temperature,Relative Temperature,Wind,Wind Gust,Rel. humidity,Dew Point,Pressure,Icon,DescriptionDetails,date
00:00,4°C,2°C,160°7 Km/h,,75%,0°C,1021.0mb,,"document.write(Icons.GetShortDescription(4, 'CurrentWeather'));  Few Clouds at 300m, Broken Clouds at 610m, Cloudy at 3000m Haze",2017-12-24
01:00,5°C,3°C,170°9 Km/h,,81%,2°C,1020.0mb,,"document.write(Icons.GetShortDescription(4, 'CurrentWeather'));  Few Clouds at 300m, Broken Clouds at 610m, Cloudy at 3000m Haze",2017-12-24
02:00,5°C,4°C,170°6 Km/h,,81%,2°C,1019.0mb,,"document.write(Icons.GetShortDescription(4, 'CurrentWeather'));  Few Clouds at 300m, Broken Clouds at 610m, Cloudy at 3000m Haze",2017-12-24
03:00,5°C,3°C,170°7 Km/h,,81%,2°C,1019.0mb,,"document.write(Icons.GetShortDescription(4, 'CurrentWeather'));  Few Clouds at 300m, Broken Clouds at 610m, Cloudy at 3000m Haze",2017-12-24
04:00,5°C,5°C,110°4 Km/h,,81%,2°C,1018.0mb,,"document.write(Icons.GetShortDescription(4, 'CurrentWeather'));  Few Clouds at 300m, Broken Clouds at 610m, Cloudy at 3000m Haze",2017-12-24
05:00,6°C,3°C,110°13 Km/h,,81%,3°C,1015.0mb,,"document.write(Icons.GetShortDescription(4, 'CurrentWeather'));  Broken Clouds at 1100m, Cloudy at 3000m Haze",2017-12-24
06:00,5°C,3°C,140°9 Km/h,,81%,2°C,1014.0mb,,"document.write(Icons.GetShortDescription(7, 'CurrentWeather'));  Broken Clouds at 1100m, Cloudy at 3000m Light Rain, Haze",2017-12-24
07:00,5°C,2°C,130°13 Km/h,,87%,3°C,1014.0mb,,"document.write(Icons.GetShortDescription(7, 'CurrentWeather'));  Few Clouds at 460m, Broken Clouds at 910m, Cloudy at 2400m Light Rain, Haze",2017-12-24
08:00,5°C,3°C,60°9 Km/h,,81%,2°C,1013.0mb,,"document.write(Icons.GetShortDescription(7, 'CurrentWeather'));  Few Clouds at 460m, Broken Clouds at 910m, Cloudy at 2400m Light Rain, Haze",2017-12-24
08:44,4°C,1°C,350°11 Km/h,,87%,2°C,1013.0mb,,"document.write(Icons.GetShortDescription(7, 'CurrentWeather'));  Scattered Clouds at 150m, Broken Clouds at 760m, Cloudy at 2400m Light Rain, Fog",2017-12-24
09:00,4°C,2°C,310°7 Km/h,,81%,1°C,1013.0mb,,"document.write(Icons.GetShortDescription(7, 'CurrentWeather'));  Scattered Clouds at 150m, Broken Clouds at 760m, Cloudy at 2400m Light Rain, Fog",2017-12-24
10:00,3°C,0°C,340°9 Km/h,,87%,1°C,1013.0mb,,"document.write(Icons.GetShortDescription(7, 'CurrentWeather'));  Scattered Clouds at 150m, Broken Clouds at 760m, Cloudy at 2100m Light Rain, Fog",2017-12-24
11:00,4°C,2°C,350°7 Km/h,,87%,2°C,1011.0mb,,"document.write(Icons.GetShortDescription(7, 'CurrentWeather'));  Scattered Clouds at 150m, Broken Clouds at 760m, Cloudy at 2100m Rain, Fog",2017-12-24
11:18,4°C,2°C,10°9 Km/h,,87%,2°C,1011.0mb,,"document.write(Icons.GetShortDescription(7, 'CurrentWeather'));  Scattered Clouds at 150m, Broken Clouds at 760m, Cloudy at 2100m Rain, Haze",2017-12-24
11:56,4°C,4°C,350°4 Km/h,,93%,3°C,1010.0mb,,"document.write(Icons.GetShortDescription(7, 'CurrentWeather'));  Scattered Clouds at 150m, Broken Clouds at 760m, Cloudy at 2100m Rain",2017-12-24
12:00,4°C,4°C,330°4 Km/h,,87%,2°C,1010.0mb,,"document.write(Icons.GetShortDescription(7, 'CurrentWeather'));  Few Clouds at 150m, Broken Clouds at 760m, Cloudy at 2100m Rain, Partial Fog",2017-12-24
12:28,4°C,2°C,330°9 Km/h,,87%,2°C,1010.0mb,,"document.write(Icons.GetShortDescription(7, 'CurrentWeather'));  Few Clouds at 150m, Broken Clouds at 760m, Cloudy at 2100m Rain, Haze",2017-12-24
13:00,3°C,-1°C,330°15 Km/h,,87%,1°C,1009.0mb,,"document.write(Icons.GetShortDescription(7, 'CurrentWeather'));  Few Clouds at 150m, Broken Clouds at 760m, Cloudy at 2100m Light Rain, Haze",2017-12-24
14:00,2°C,-3°C,330°22 Km/h,,87%,0°C,1009.0mb,,"document.write(Icons.GetShortDescription(7, 'CurrentWeather'));  Few Clouds at 150m, Broken Clouds at 760m, Cloudy at 2100m Light Rain, Haze",2017-12-24
15:00,2°C,-3°C,320°20 Km/h,,87%,0°C,1009.0mb,,"document.write(Icons.GetShortDescription(7, 'CurrentWeather'));  Few Clouds at 300m, Broken Clouds at 760m, Cloudy at 2100m Light Rain, Haze",2017-12-24
15:28,2°C,-3°C,320°19 Km/h,,87%,0°C,1010.0mb,,"document.write(Icons.GetShortDescription(4, 'CurrentWeather'));  Few Clouds at 300m, Broken Clouds at 910m, Cloudy at 2400m Haze",2017-12-24
16:00,2°C,-3°C,320°19 Km/h,,81%,-1°C,1011.0mb,,"document.write(Icons.GetShortDescription(4, 'CurrentWeather'));  Few Clouds at 300m, Broken Clouds at 910m, Cloudy at 3000m",2017-12-24
17:00,3°C,-1°C,300°19 Km/h,,75%,-1°C,1011.0mb,,"document.write(Icons.GetShortDescription(3, 'CurrentWeather'));  Few Clouds at 460m, Scattered Clouds at 910m, Broken Clouds at 3700m",2017-12-24
18:00,2°C,-3°C,310°19 Km/h,,75%,-2°C,1013.0mb,,"document.write(Icons.GetShortDescription(2, 'CurrentWeather'));  Scattered Clouds at 910m",2017-12-24
19:00,1°C,-4°C,310°20 Km/h,,70%,-4°C,1014.0mb,,"document.write(Icons.GetShortDescription(2, 'CurrentWeather'));  Few Clouds at 910m",2017-12-24
20:00,0°C,-5°C,310°17 Km/h,,69%,-5°C,1015.0mb,,"document.write(Icons.GetShortDescription(1, 'CurrentWeather'));",2017-12-24
21:00,0°C,-3°C,280°9 Km/h,,64%,-6°C,1016.0mb,,"document.write(Icons.GetShortDescription(1, 'CurrentWeather'));",2017-12-24
22:00,0°C,-4°C,290°13 Km/h,,64%,-6°C,1016.0mb,,"document.write(Icons.GetShortDescription(1, 'CurrentWeather'));",2017-12-24
23:00,0°C,-4°C,300°13 Km/h,,60%,-7°C,1017.0mb,,"document.write(Icons.GetShortDescription(1, 'CurrentWeather'));",2017-12-24
