Time,Temperature,Relative Temperature,Wind,Wind Gust,Rel. humidity,Dew Point,Pressure,Icon,DescriptionDetails,date
00:00,-1°C,-5°C,280°11 Km/h,,47%,-11°C,1017.0mb,,"document.write(Icons.GetShortDescription(3, 'CurrentWeather'));  Few Clouds at 910m, Broken Clouds at 2700m",2017-03-07
01:00,-1°C,-4°C,290°9 Km/h,,51%,-10°C,1017.0mb,,"document.write(Icons.GetShortDescription(3, 'CurrentWeather'));  Few Clouds at 910m, Broken Clouds at 2700m",2017-03-07
02:00,-2°C,-6°C,310°11 Km/h,,59%,-9°C,1017.0mb,,"document.write(Icons.GetShortDescription(3, 'CurrentWeather'));  Few Clouds at 910m, Broken Clouds at 2700m",2017-03-07
03:00,-1°C,-4°C,290°9 Km/h,,55%,-9°C,1016.0mb,,"document.write(Icons.GetShortDescription(3, 'CurrentWeather'));  Few Clouds at 910m, Broken Clouds at 3000m",2017-03-07
04:00,-2°C,-6°C,300°11 Km/h,,59%,-9°C,1016.0mb,,"document.write(Icons.GetShortDescription(3, 'CurrentWeather'));  Few Clouds at 910m, Broken Clouds at 3400m",2017-03-07
05:00,-2°C,-8°C,320°24 Km/h,,34%,-16°C,1017.0mb,,"document.write(Icons.GetShortDescription(2, 'CurrentWeather'));  Scattered Clouds at 910m",2017-03-07
06:00,-4°C,-10°C,320°19 Km/h,,36%,-17°C,1017.0mb,,"document.write(Icons.GetShortDescription(2, 'CurrentWeather'));  Few Clouds at 910m",2017-03-07
07:00,-4°C,-10°C,310°17 Km/h,,33%,-18°C,1017.0mb,,"document.write(Icons.GetShortDescription(1, 'CurrentWeather'));",2017-03-07
08:00,-3°C,-8°C,310°13 Km/h,,33%,-17°C,1018.0mb,,"document.write(Icons.GetShortDescription(1, 'CurrentWeather'));",2017-03-07
09:00,-1°C,-6°C,300°17 Km/h,,31%,-16°C,1018.0mb,,"document.write(Icons.GetShortDescription(1, 'CurrentWeather'));",2017-03-07
10:00,-1°C,-7°C,310°22 Km/h,,26%,-18°C,1018.0mb,,"document.write(Icons.GetShortDescription(1, 'CurrentWeather'));",2017-03-07
11:00,0°C,-5°C,330°20 Km/h,,27%,-17°C,1018.0mb,,"document.write(Icons.GetShortDescription(1, 'CurrentWeather'));",2017-03-07
12:00,1°C,-4°C,320°19 Km/h,,25%,-17°C,1018.0mb,,"document.write(Icons.GetShortDescription(1, 'CurrentWeather'));",2017-03-07
13:00,1°C,-3°C,290°15 Km/h,,25%,-17°C,1017.0mb,,"document.write(Icons.GetShortDescription(1, 'CurrentWeather'));",2017-03-07
14:00,2°C,-3°C,300°20 Km/h,,23%,-17°C,1016.0mb,,"document.write(Icons.GetShortDescription(1, 'CurrentWeather'));",2017-03-07
15:00,2°C,-3°C,310°20 Km/h,,23%,-17°C,1016.0mb,,"document.write(Icons.GetShortDescription(1, 'CurrentWeather'));",2017-03-07
16:00,2°C,-3°C,290°22 Km/h,,23%,-17°C,1016.0mb,,"document.write(Icons.GetShortDescription(1, 'CurrentWeather'));",2017-03-07
17:00,2°C,-3°C,300°20 Km/h,,21%,-18°C,1015.0mb,,"document.write(Icons.GetShortDescription(1, 'CurrentWeather'));",2017-03-07
18:00,1°C,-4°C,280°20 Km/h,,29%,-15°C,1015.0mb,,"document.write(Icons.GetShortDescription(1, 'CurrentWeather'));",2017-03-07
19:00,0°C,-5°C,280°19 Km/h,,34%,-14°C,1016.0mb,,"document.write(Icons.GetShortDescription(1, 'CurrentWeather'));",2017-03-07
20:00,-1°C,-5°C,280°13 Km/h,,37%,-14°C,1017.0mb,,"document.write(Icons.GetShortDescription(1, 'CurrentWeather'));",2017-03-07
21:00,-3°C,-8°C,320°13 Km/h,,46%,-13°C,1017.0mb,,"document.write(Icons.GetShortDescription(1, 'CurrentWeather'));",2017-03-07
22:00,-3°C,-8°C,340°13 Km/h,,46%,-13°C,1018.0mb,,"document.write(Icons.GetShortDescription(2, 'CurrentWeather'));  Few Clouds at 910m",2017-03-07
23:00,-3°C,-7°C,310°9 Km/h,,46%,-13°C,1018.0mb,,"document.write(Icons.GetShortDescription(1, 'CurrentWeather'));",2017-03-07
