Time,Temperature,Relative Temperature,Wind,Wind Gust,Rel. humidity,Dew Point,Pressure,Icon,DescriptionDetails,date
00:00,23°C,23°C,120°15 Km/h,,78%,19°C,1007.0mb,,"document.write(Icons.GetShortDescription(4, 'CurrentWeather'));  Broken Clouds at 910m, Cloudy at 3000m",2017-08-17
01:00,23°C,23°C,130°9 Km/h,,78%,19°C,1007.0mb,,"document.write(Icons.GetShortDescription(4, 'CurrentWeather'));  Broken Clouds at 760m, Cloudy at 3000m",2017-08-17
02:00,23°C,23°C,110°15 Km/h,,78%,19°C,1007.0mb,,"document.write(Icons.GetShortDescription(4, 'CurrentWeather'));  Broken Clouds at 760m, Cloudy at 3000m",2017-08-17
03:00,22°C,22°C,130°15 Km/h,,78%,18°C,1007.0mb,,"document.write(Icons.GetShortDescription(4, 'CurrentWeather'));  Broken Clouds at 760m, Cloudy at 3000m",2017-08-17
04:00,22°C,22°C,120°9 Km/h,,83%,19°C,1007.0mb,,"document.write(Icons.GetShortDescription(3, 'CurrentWeather'));  Broken Clouds at 760m",2017-08-17
05:00,22°C,22°C,120°6 Km/h,,78%,18°C,1007.0mb,,"document.write(Icons.GetShortDescription(7, 'CurrentWeather'));  Few Clouds at 460m, Broken Clouds at 760m, Cloudy at 2400m Rain",2017-08-17
05:24,22°C,22°C,110°7 Km/h,,78%,18°C,1007.0mb,,"document.write(Icons.GetShortDescription(4, 'CurrentWeather'));  Broken Clouds at 910m, Cloudy at 2400m",2017-08-17
06:00,22°C,22°C,110°6 Km/h,,83%,19°C,1007.0mb,,"document.write(Icons.GetShortDescription(4, 'CurrentWeather'));  Broken Clouds at 910m, Cloudy at 2400m",2017-08-17
07:00,23°C,23°C,110°9 Km/h,,78%,19°C,1007.0mb,,"document.write(Icons.GetShortDescription(3, 'CurrentWeather'));  Broken Clouds at 910m",2017-08-17
08:00,24°C,25°C,90°6 Km/h,,78%,20°C,1008.0mb,,"document.write(Icons.GetShortDescription(3, 'CurrentWeather'));  Broken Clouds at 910m",2017-08-17
09:00,24°C,25°C,120°15 Km/h,,78%,20°C,1008.0mb,,"document.write(Icons.GetShortDescription(3, 'CurrentWeather'));  Broken Clouds at 910m",2017-08-17
10:00,25°C,25°C,120°11 Km/h,,69%,19°C,1008.0mb,,"document.write(Icons.GetShortDescription(3, 'CurrentWeather'));  Broken Clouds at 910m",2017-08-17
11:00,26°C,27°C,140°13 Km/h,,74%,21°C,1008.0mb,,"document.write(Icons.GetShortDescription(3, 'CurrentWeather'));  Broken Clouds at 910m",2017-08-17
12:00,27°C,29°C,150°9 Km/h,,66%,20°C,1008.0mb,,"document.write(Icons.GetShortDescription(3, 'CurrentWeather'));  Broken Clouds at 910m",2017-08-17
13:00,27°C,29°C,200°6 Km/h,,66%,20°C,1008.0mb,,"document.write(Icons.GetShortDescription(7, 'CurrentWeather'));  Scattered Clouds at 610m, Broken Clouds at 910m Light Rain",2017-08-17
14:00,26°C,27°C,300°7 Km/h,,74%,21°C,1007.0mb,,"document.write(Icons.GetShortDescription(4, 'CurrentWeather'));  Broken Clouds at 1200m, Cloudy at 3000m",2017-08-17
15:00,27°C,29°C,310°7 Km/h,,70%,21°C,1007.0mb,,"document.write(Icons.GetShortDescription(7, 'CurrentWeather'));  Broken Clouds at 1200m, Cloudy at 3000m Light Rain",2017-08-17
16:00,28°C,30°C,350°6 Km/h,,66%,21°C,1007.0mb,,"document.write(Icons.GetShortDescription(4, 'CurrentWeather'));  Broken Clouds at 1200m, Cloudy at 3000m",2017-08-17
17:00,28°C,30°C,60°6 Km/h,,66%,21°C,1007.0mb,,"document.write(Icons.GetShortDescription(4, 'CurrentWeather'));  Broken Clouds at 1200m, Cloudy at 3700m",2017-08-17
18:00,28°C,30°C,50°2 Km/h,,66%,21°C,1007.0mb,,"document.write(Icons.GetShortDescription(3, 'CurrentWeather'));  Broken Clouds at 910m",2017-08-17
19:00,27°C,29°C,300°7 Km/h,,70%,21°C,1008.0mb,,"document.write(Icons.GetShortDescription(3, 'CurrentWeather'));  Scattered Clouds at 610m, Broken Clouds at 1100m",2017-08-17
20:00,26°C,27°C,240°6 Km/h,,74%,21°C,1008.0mb,,"document.write(Icons.GetShortDescription(3, 'CurrentWeather'));  Scattered Clouds at 610m, Broken Clouds at 1100m",2017-08-17
21:00,25°C,26°C,290°7 Km/h,,79%,21°C,1009.0mb,,"document.write(Icons.GetShortDescription(2, 'CurrentWeather'));  Few Clouds at 610m, Scattered Clouds at 1100m",2017-08-17
22:00,24°C,25°C,290°4 Km/h,,83%,21°C,1009.0mb,,"document.write(Icons.GetShortDescription(1, 'CurrentWeather'));",2017-08-17
23:00,24°C,25°C,290°2 Km/h,,83%,21°C,1009.0mb,,"document.write(Icons.GetShortDescription(2, 'CurrentWeather'));  Scattered Clouds at 910m",2017-08-17
