Time,Temperature,Relative Temperature,Wind,Wind Gust,Rel. humidity,Dew Point,Pressure,Icon,DescriptionDetails,date
00:00,15°C,15°C,260°2 Km/h,,63%,8°C,1020.0mb,,"document.write(Icons.GetShortDescription(1, 'CurrentWeather'));",2017-05-04
01:00,17°C,17°C,220°6 Km/h,,49%,6°C,1020.0mb,,"document.write(Icons.GetShortDescription(1, 'CurrentWeather'));",2017-05-04
02:00,14°C,14°C,150°6 Km/h,,55%,5°C,1019.0mb,,"document.write(Icons.GetShortDescription(1, 'CurrentWeather'));",2017-05-04
03:00,13°C,13°C,120°4 Km/h,,59%,5°C,1019.0mb,,"document.write(Icons.GetShortDescription(1, 'CurrentWeather'));",2017-05-04
04:00,13°C,13°C,250°2 Km/h,,63%,6°C,1018.0mb,,"document.write(Icons.GetShortDescription(1, 'CurrentWeather'));",2017-05-04
05:00,13°C,13°C,320°6 Km/h,,67%,7°C,1018.0mb,,"document.write(Icons.GetShortDescription(1, 'CurrentWeather'));",2017-05-04
06:00,13°C,13°C,360°2 Km/h,,72%,8°C,1018.0mb,,"document.write(Icons.GetShortDescription(1, 'CurrentWeather'));",2017-05-04
07:00,15°C,15°C,340°4 Km/h,,68%,9°C,1018.0mb,,"document.write(Icons.GetShortDescription(1, 'CurrentWeather'));",2017-05-04
08:00,19°C,19°C,270°2 Km/h,,46%,7°C,1018.0mb,,"document.write(Icons.GetShortDescription(1, 'CurrentWeather'));",2017-05-04
09:00,21°C,21°C,40°4 Km/h,,40%,7°C,1018.0mb,,"document.write(Icons.GetShortDescription(1, 'CurrentWeather'));",2017-05-04
10:00,23°C,22°C,340°4 Km/h,,36%,7°C,1017.0mb,,"document.write(Icons.GetShortDescription(1, 'CurrentWeather'));",2017-05-04
11:00,23°C,22°C,320°7 Km/h,,38%,8°C,1017.0mb,,"document.write(Icons.GetShortDescription(1, 'CurrentWeather'));",2017-05-04
12:00,26°C,25°C,340°9 Km/h,,28%,6°C,1016.0mb,,"document.write(Icons.GetShortDescription(1, 'CurrentWeather'));",2017-05-04
13:00,26°C,25°C,320°9 Km/h,,26%,5°C,1015.0mb,,"document.write(Icons.GetShortDescription(1, 'CurrentWeather'));",2017-05-04
14:00,26°C,25°C,330°11 Km/h,,28%,6°C,1015.0mb,,"document.write(Icons.GetShortDescription(1, 'CurrentWeather'));",2017-05-04
15:00,24°C,23°C,290°20 Km/h,,36%,8°C,1014.0mb,,"document.write(Icons.GetShortDescription(1, 'CurrentWeather'));",2017-05-04
16:00,23°C,22°C,300°20 Km/h,,38%,8°C,1014.0mb,,"document.write(Icons.GetShortDescription(1, 'CurrentWeather'));",2017-05-04
17:00,22°C,21°C,280°9 Km/h,,41%,8°C,1014.0mb,,"document.write(Icons.GetShortDescription(1, 'CurrentWeather'));",2017-05-04
18:00,23°C,22°C,270°4 Km/h,,36%,7°C,1014.0mb,,"document.write(Icons.GetShortDescription(1, 'CurrentWeather'));",2017-05-04
19:00,21°C,21°C,290°7 Km/h,,43%,8°C,1014.0mb,,"document.write(Icons.GetShortDescription(1, 'CurrentWeather'));",2017-05-04
20:00,20°C,20°C,300°15 Km/h,,49%,9°C,1014.0mb,,"document.write(Icons.GetShortDescription(1, 'CurrentWeather'));",2017-05-04
21:00,20°C,20°C,60°2 Km/h,,49%,9°C,1015.0mb,,"document.write(Icons.GetShortDescription(4, 'CurrentWeather'));  Few Clouds at 1200m, Cloudy at 3400m",2017-05-04
22:00,19°C,19°C,250°2 Km/h,,56%,10°C,1015.0mb,,"document.write(Icons.GetShortDescription(1, 'CurrentWeather'));",2017-05-04
23:00,19°C,19°C,300°9 Km/h,,56%,10°C,1015.0mb,,"document.write(Icons.GetShortDescription(1, 'CurrentWeather'));",2017-05-04
