Time,Temperature,Relative Temperature,Wind,Wind Gust,Rel. humidity,Dew Point,Pressure,Icon,DescriptionDetails,date
00:00,5°C,2°C,100°13 Km/h,,49%,-5°C,1028.0mb,,"document.write(Icons.GetShortDescription(1, 'CurrentWeather'));",2017-01-06
01:00,5°C,2°C,90°17 Km/h,,49%,-5°C,1028.0mb,,"document.write(Icons.GetShortDescription(1, 'CurrentWeather'));",2017-01-06
02:00,5°C,2°C,100°15 Km/h,,49%,-5°C,1028.0mb,,"document.write(Icons.GetShortDescription(3, 'CurrentWeather'));  Few Clouds at 1200m, Broken Clouds at 4300m",2017-01-06
03:00,5°C,2°C,100°13 Km/h,,49%,-5°C,1028.0mb,,"document.write(Icons.GetShortDescription(3, 'CurrentWeather'));  Few Clouds at 1200m, Broken Clouds at 4300m",2017-01-06
04:00,5°C,4°C,110°6 Km/h,,49%,-5°C,1028.0mb,,"document.write(Icons.GetShortDescription(3, 'CurrentWeather'));  Few Clouds at 1200m, Broken Clouds at 4300m",2017-01-06
05:00,5°C,2°C,100°13 Km/h,,49%,-5°C,1028.0mb,,"document.write(Icons.GetShortDescription(3, 'CurrentWeather'));  Few Clouds at 1200m, Broken Clouds at 4300m",2017-01-06
06:00,4°C,2°C,90°9 Km/h,,56%,-4°C,1028.0mb,,"document.write(Icons.GetShortDescription(3, 'CurrentWeather'));  Scattered Clouds at 1200m, Broken Clouds at 4300m",2017-01-06
07:00,4°C,1°C,100°11 Km/h,,52%,-5°C,1028.0mb,,"document.write(Icons.GetShortDescription(2, 'CurrentWeather'));  Scattered Clouds at 1200m",2017-01-06
08:00,2°C,0°C,100°6 Km/h,,56%,-6°C,1028.0mb,,"document.write(Icons.GetShortDescription(2, 'CurrentWeather'));  Scattered Clouds at 1200m",2017-01-06
09:00,5°C,3°C,100°7 Km/h,,53%,-4°C,1028.0mb,,"document.write(Icons.GetShortDescription(2, 'CurrentWeather'));  Few Clouds at 1200m",2017-01-06
10:00,7°C,5°C,100°11 Km/h,,46%,-4°C,1029.0mb,,"document.write(Icons.GetShortDescription(2, 'CurrentWeather'));  Few Clouds at 1200m",2017-01-06
11:00,8°C,6°C,130°11 Km/h,,43%,-4°C,1028.0mb,,"document.write(Icons.GetShortDescription(2, 'CurrentWeather'));  Few Clouds at 1200m",2017-01-06
12:00,8°C,7°C,130°7 Km/h,,43%,-4°C,1027.0mb,,"document.write(Icons.GetShortDescription(2, 'CurrentWeather'));  Few Clouds at 1200m",2017-01-06
13:00,10°C,10°C,250°6 Km/h,,40%,-3°C,1026.0mb,,"document.write(Icons.GetShortDescription(2, 'CurrentWeather'));  Few Clouds at 1200m",2017-01-06
14:00,10°C,9°C,190°7 Km/h,,40%,-3°C,1026.0mb,,"document.write(Icons.GetShortDescription(2, 'CurrentWeather'));  Scattered Clouds at 1200m",2017-01-06
15:00,10°C,10°C,90°6 Km/h,,40%,-3°C,1025.0mb,,"document.write(Icons.GetShortDescription(2, 'CurrentWeather'));  Scattered Clouds at 1200m",2017-01-06
16:00,9°C,8°C,360°6 Km/h,,43%,-3°C,1025.0mb,,"document.write(Icons.GetShortDescription(2, 'CurrentWeather'));  Scattered Clouds at 1200m",2017-01-06
17:00,7°C,5°C,320°11 Km/h,,53%,-2°C,1025.0mb,,"document.write(Icons.GetShortDescription(2, 'CurrentWeather'));  Scattered Clouds at 1200m",2017-01-06
18:00,6°C,4°C,290°9 Km/h,,57%,-2°C,1025.0mb,,"document.write(Icons.GetShortDescription(2, 'CurrentWeather'));  Few Clouds at 1200m",2017-01-06
19:00,4°C,4°C,300°4 Km/h,,65%,-2°C,1026.0mb,,"document.write(Icons.GetShortDescription(2, 'CurrentWeather'));  Few Clouds at 1200m",2017-01-06
20:00,4°C,3°C,20°6 Km/h,,65%,-2°C,1026.0mb,,"document.write(Icons.GetShortDescription(1, 'CurrentWeather'));",2017-01-06
21:00,2°C,2°C,340°4 Km/h,,70%,-3°C,1026.0mb,,"document.write(Icons.GetShortDescription(1, 'CurrentWeather'));",2017-01-06
22:00,1°C,-1°C,300°6 Km/h,,75%,-3°C,1026.0mb,,"document.write(Icons.GetShortDescription(1, 'CurrentWeather'));",2017-01-06
23:00,0°C,0°C,340°4 Km/h,,75%,-4°C,1025.0mb,,"document.write(Icons.GetShortDescription(1, 'CurrentWeather'));",2017-01-06
