Time,Temperature,Relative Temperature,Wind,Wind Gust,Rel. humidity,Dew Point,Pressure,Icon,DescriptionDetails,date
00:00,25°C,26°C,60°2 Km/h,,83%,22°C,1009.0mb,,"document.write(Icons.GetShortDescription(4, 'CurrentWeather'));  Scattered Clouds at 760m, Cloudy at 3000m",2017-08-01
01:00,24°C,25°C,60°6 Km/h,,89%,22°C,1010.0mb,,"document.write(Icons.GetShortDescription(4, 'CurrentWeather'));  Scattered Clouds at 760m, Cloudy at 3700m",2017-08-01
02:00,25°C,26°C,300°4 Km/h,,83%,22°C,1011.0mb,,"document.write(Icons.GetShortDescription(7, 'CurrentWeather'));  Broken Clouds at 1100m, Cloudy at 3000m Light Rain",2017-08-01
03:00,24°C,25°C,180°6 Km/h,,89%,22°C,1011.0mb,,"document.write(Icons.GetShortDescription(7, 'CurrentWeather'));  Broken Clouds at 1100m, Cloudy at 3000m Light Rain",2017-08-01
04:00,24°C,25°C,140°6 Km/h,,83%,21°C,1010.0mb,,"document.write(Icons.GetShortDescription(7, 'CurrentWeather'));  Broken Clouds at 1100m, Cloudy at 2700m Light Rain",2017-08-01
05:00,24°C,25°C,140°4 Km/h,,83%,21°C,1010.0mb,,"document.write(Icons.GetShortDescription(4, 'CurrentWeather'));  Broken Clouds at 1100m, Cloudy at 3000m",2017-08-01
06:00,24°C,25°C,20°6 Km/h,,89%,22°C,1010.0mb,,"document.write(Icons.GetShortDescription(4, 'CurrentWeather'));  Broken Clouds at 1400m, Cloudy at 2400m",2017-08-01
07:00,25°C,26°C,60°4 Km/h,,83%,22°C,1011.0mb,,"document.write(Icons.GetShortDescription(4, 'CurrentWeather'));  Few Clouds at 460m, Broken Clouds at 1200m, Cloudy at 3000m",2017-08-01
08:00,25°C,26°C,150°9 Km/h,,89%,23°C,1011.0mb,,"document.write(Icons.GetShortDescription(3, 'CurrentWeather'));  Broken Clouds at 1400m, Broken Clouds at 4000m",2017-08-01
09:00,27°C,30°C,100°7 Km/h,,84%,24°C,1011.0mb,,"document.write(Icons.GetShortDescription(1, 'CurrentWeather'));",2017-08-01
10:00,29°C,33°C,180°7 Km/h,,70%,23°C,1011.0mb,,"document.write(Icons.GetShortDescription(3, 'CurrentWeather'));  Few Clouds at 460m, Scattered Clouds at 1200m, Broken Clouds at 4000m",2017-08-01
11:00,30°C,34°C,150°6 Km/h,,66%,23°C,1010.0mb,,"document.write(Icons.GetShortDescription(3, 'CurrentWeather'));  Few Clouds at 910m, Broken Clouds at 6100m",2017-08-01
12:00,31°C,35°C,290°4 Km/h,,62%,23°C,1010.0mb,,"document.write(Icons.GetShortDescription(3, 'CurrentWeather'));  Scattered Clouds at 1200m, Broken Clouds at 3700m",2017-08-01
13:00,32°C,37°C,230°7 Km/h,,59%,23°C,1010.0mb,,"document.write(Icons.GetShortDescription(2, 'CurrentWeather'));  Scattered Clouds at 910m",2017-08-01
14:00,32°C,37°C,260°4 Km/h,,59%,23°C,1009.0mb,,"document.write(Icons.GetShortDescription(2, 'CurrentWeather'));  Scattered Clouds at 910m",2017-08-01
15:00,32°C,37°C,270°7 Km/h,,59%,23°C,1009.0mb,,"document.write(Icons.GetShortDescription(2, 'CurrentWeather'));  Scattered Clouds at 910m",2017-08-01
16:00,33°C,39°C,350°6 Km/h,,59%,24°C,1009.0mb,,"document.write(Icons.GetShortDescription(2, 'CurrentWeather'));  Scattered Clouds at 910m",2017-08-01
17:00,33°C,39°C,290°7 Km/h,,59%,24°C,1009.0mb,,"document.write(Icons.GetShortDescription(2, 'CurrentWeather'));  Scattered Clouds at 910m",2017-08-01
18:00,32°C,37°C,280°7 Km/h,,59%,23°C,1008.0mb,,"document.write(Icons.GetShortDescription(2, 'CurrentWeather'));  Few Clouds at 910m, Scattered Clouds at 6100m",2017-08-01
19:00,30°C,34°C,290°9 Km/h,,66%,23°C,1008.0mb,,"document.write(Icons.GetShortDescription(2, 'CurrentWeather'));  Few Clouds at 910m, Scattered Clouds at 6100m",2017-08-01
20:00,29°C,33°C,300°11 Km/h,,70%,23°C,1009.0mb,,"document.write(Icons.GetShortDescription(1, 'CurrentWeather'));",2017-08-01
21:00,28°C,31°C,320°9 Km/h,,70%,22°C,1009.0mb,,"document.write(Icons.GetShortDescription(3, 'CurrentWeather'));  Scattered Clouds at 1400m, Broken Clouds at 3400m",2017-08-01
22:00,27°C,29°C,340°6 Km/h,,74%,22°C,1010.0mb,,"document.write(Icons.GetShortDescription(1, 'CurrentWeather'));",2017-08-01
23:00,27°C,29°C,330°2 Km/h,,74%,22°C,1010.0mb,,"document.write(Icons.GetShortDescription(1, 'CurrentWeather'));",2017-08-01
