Time,Temperature,Relative Temperature,Wind,Wind Gust,Rel. humidity,Dew Point,Pressure,Icon,DescriptionDetails,date
00:00,13°C,13°C,220°13 Km/h,,72%,8°C,1009.0mb,,"document.write(Icons.GetShortDescription(1, 'CurrentWeather'));",2017-05-14
01:00,13°C,13°C,200°15 Km/h,,72%,8°C,1008.0mb,,"document.write(Icons.GetShortDescription(1, 'CurrentWeather'));",2017-05-14
02:00,12°C,12°C,190°9 Km/h,,77%,8°C,1008.0mb,,"document.write(Icons.GetShortDescription(1, 'CurrentWeather'));",2017-05-14
03:00,12°C,12°C,190°9 Km/h,,77%,8°C,1008.0mb,,"document.write(Icons.GetShortDescription(1, 'CurrentWeather'));",2017-05-14
04:00,10°C,8°C,150°11 Km/h,,76%,6°C,1008.0mb,,"document.write(Icons.GetShortDescription(1, 'CurrentWeather'));",2017-05-14
05:00,13°C,13°C,270°11 Km/h,,63%,6°C,1008.0mb,,"document.write(Icons.GetShortDescription(1, 'CurrentWeather'));",2017-05-14
06:00,12°C,12°C,340°7 Km/h,,67%,6°C,1008.0mb,,"document.write(Icons.GetShortDescription(1, 'CurrentWeather'));",2017-05-14
07:00,14°C,14°C,270°9 Km/h,,59%,6°C,1008.0mb,,"document.write(Icons.GetShortDescription(1, 'CurrentWeather'));",2017-05-14
08:00,15°C,15°C,280°17 Km/h,,59%,7°C,1009.0mb,,"document.write(Icons.GetShortDescription(1, 'CurrentWeather'));",2017-05-14
09:00,17°C,17°C,300°19 Km/h,,45%,5°C,1009.0mb,,"document.write(Icons.GetShortDescription(2, 'CurrentWeather'));  Few Clouds at 910m",2017-05-14
10:00,18°C,18°C,290°19 Km/h,,40%,4°C,1009.0mb,,"document.write(Icons.GetShortDescription(2, 'CurrentWeather'));  Few Clouds at 910m",2017-05-14
11:00,18°C,18°C,280°22 Km/h,,43%,5°C,1009.0mb,,"document.write(Icons.GetShortDescription(1, 'CurrentWeather'));",2017-05-14
12:00,19°C,19°C,270°24 Km/h,,37%,4°C,1009.0mb,,"document.write(Icons.GetShortDescription(2, 'CurrentWeather'));  Few Clouds at 910m",2017-05-14
13:00,20°C,20°C,270°26 Km/h,,38%,5°C,1009.0mb,,"document.write(Icons.GetShortDescription(2, 'CurrentWeather'));  Few Clouds at 910m",2017-05-14
14:00,20°C,20°C,280°30 Km/h,,35%,4°C,1009.0mb,,"document.write(Icons.GetShortDescription(2, 'CurrentWeather'));  Few Clouds at 910m",2017-05-14
15:00,19°C,19°C,280°30 Km/h,,37%,4°C,1009.0mb,,"document.write(Icons.GetShortDescription(2, 'CurrentWeather'));  Few Clouds at 910m",2017-05-14
16:00,19°C,19°C,280°30 Km/h,,35%,3°C,1009.0mb,,"document.write(Icons.GetShortDescription(2, 'CurrentWeather'));  Few Clouds at 910m",2017-05-14
17:00,19°C,19°C,280°28 Km/h,,37%,4°C,1009.0mb,,"document.write(Icons.GetShortDescription(2, 'CurrentWeather'));  Few Clouds at 910m, Scattered Clouds at 6100m",2017-05-14
18:00,17°C,17°C,270°26 Km/h,,42%,4°C,1010.0mb,,"document.write(Icons.GetShortDescription(1, 'CurrentWeather'));",2017-05-14
19:00,16°C,16°C,270°20 Km/h,,48%,5°C,1010.0mb,,"document.write(Icons.GetShortDescription(1, 'CurrentWeather'));",2017-05-14
20:00,15°C,15°C,280°19 Km/h,,51%,5°C,1011.0mb,,"document.write(Icons.GetShortDescription(1, 'CurrentWeather'));",2017-05-14
21:00,15°C,15°C,270°13 Km/h,,55%,6°C,1011.0mb,,"document.write(Icons.GetShortDescription(1, 'CurrentWeather'));",2017-05-14
22:00,14°C,14°C,260°6 Km/h,,59%,6°C,1011.0mb,,"document.write(Icons.GetShortDescription(1, 'CurrentWeather'));",2017-05-14
23:00,14°C,14°C,270°11 Km/h,,55%,5°C,1011.0mb,,"document.write(Icons.GetShortDescription(1, 'CurrentWeather'));",2017-05-14
