Time,Temperature,Relative Temperature,Wind,Wind Gust,Rel. humidity,Dew Point,Pressure,Icon,DescriptionDetails,date
00:00,14°C,14°C,130°20 Km/h,,41%,1°C,1016.0mb,,"document.write(Icons.GetShortDescription(1, 'CurrentWeather'));",2017-04-10
01:00,13°C,13°C,140°22 Km/h,,41%,0°C,1017.0mb,,"document.write(Icons.GetShortDescription(1, 'CurrentWeather'));",2017-04-10
02:00,13°C,13°C,110°15 Km/h,,38%,-1°C,1016.0mb,,"document.write(Icons.GetShortDescription(1, 'CurrentWeather'));",2017-04-10
03:00,13°C,13°C,120°19 Km/h,,36%,-2°C,1016.0mb,,"document.write(Icons.GetShortDescription(1, 'CurrentWeather'));",2017-04-10
04:00,12°C,12°C,120°19 Km/h,,33%,-4°C,1015.0mb,,"document.write(Icons.GetShortDescription(1, 'CurrentWeather'));",2017-04-10
05:00,11°C,11°C,140°22 Km/h,,32%,-5°C,1015.0mb,,"document.write(Icons.GetShortDescription(1, 'CurrentWeather'));",2017-04-10
06:00,11°C,11°C,120°19 Km/h,,32%,-5°C,1015.0mb,,"document.write(Icons.GetShortDescription(1, 'CurrentWeather'));",2017-04-10
07:00,12°C,12°C,110°13 Km/h,,33%,-4°C,1016.0mb,,"document.write(Icons.GetShortDescription(1, 'CurrentWeather'));",2017-04-10
08:00,13°C,13°C,100°17 Km/h,,33%,-3°C,1016.0mb,,"document.write(Icons.GetShortDescription(2, 'CurrentWeather'));  Few Clouds at 1200m, Scattered Clouds at 5500m",2017-04-10
09:00,14°C,14°C,110°22 Km/h,,27%,-5°C,1016.0mb,,"document.write(Icons.GetShortDescription(3, 'CurrentWeather'));  Few Clouds at 1200m, Broken Clouds at 5500m",2017-04-10
10:00,16°C,16°C,120°20 Km/h,,23%,-5°C,1015.0mb,,"document.write(Icons.GetShortDescription(3, 'CurrentWeather'));  Few Clouds at 1200m, Broken Clouds at 5500m",2017-04-10
11:00,17°C,17°C,120°15 Km/h,,19%,-7°C,1015.0mb,,"document.write(Icons.GetShortDescription(2, 'CurrentWeather'));  Scattered Clouds at 1200m",2017-04-10
12:00,19°C,19°C,110°15 Km/h,,14%,-9°C,1013.0mb,,"document.write(Icons.GetShortDescription(1, 'CurrentWeather'));",2017-04-10
13:00,20°C,20°C,100°15 Km/h,,13%,-9°C,1013.0mb,,"document.write(Icons.GetShortDescription(1, 'CurrentWeather'));",2017-04-10
14:00,20°C,20°C,40°11 Km/h,,12%,-10°C,1011.0mb,,"document.write(Icons.GetShortDescription(1, 'CurrentWeather'));",2017-04-10
15:00,21°C,21°C,100°17 Km/h,,15%,-7°C,1009.0mb,,"document.write(Icons.GetShortDescription(1, 'CurrentWeather'));",2017-04-10
16:00,21°C,21°C,40°6 Km/h,,12%,-10°C,1009.0mb,,"document.write(Icons.GetShortDescription(1, 'CurrentWeather'));",2017-04-10
17:00,21°C,21°C,90°17 Km/h,,11%,-11°C,1008.0mb,,"document.write(Icons.GetShortDescription(1, 'CurrentWeather'));",2017-04-10
18:00,21°C,21°C,90°9 Km/h,,12%,-9°C,1007.0mb,,"document.write(Icons.GetShortDescription(1, 'CurrentWeather'));",2017-04-10
19:00,18°C,18°C,280°11 Km/h,,22%,-4°C,1007.0mb,,"document.write(Icons.GetShortDescription(1, 'CurrentWeather'));",2017-04-10
20:00,16°C,16°C,330°4 Km/h,,27%,-3°C,1007.0mb,,"document.write(Icons.GetShortDescription(1, 'CurrentWeather'));",2017-04-10
21:00,14°C,14°C,340°7 Km/h,,39%,0°C,1007.0mb,,"document.write(Icons.GetShortDescription(1, 'CurrentWeather'));",2017-04-10
22:00,13°C,13°C,330°2 Km/h,,44%,1°C,1008.0mb,,"document.write(Icons.GetShortDescription(1, 'CurrentWeather'));",2017-04-10
23:00,12°C,12°C,250°4 Km/h,,54%,3°C,1008.0mb,,"document.write(Icons.GetShortDescription(1, 'CurrentWeather'));",2017-04-10
