Time,Temperature,Relative Temperature,Wind,Wind Gust,Rel. humidity,Dew Point,Pressure,Icon,DescriptionDetails,date
00:00,10°C,10°C,260°4 Km/h,,76%,6°C,1014.0mb,,"document.write(Icons.GetShortDescription(3, 'CurrentWeather'));  Scattered Clouds at 300m, Broken Clouds at 760m Haze",2017-04-07
01:00,9°C,8°C,310°9 Km/h,,82%,6°C,1015.0mb,,"document.write(Icons.GetShortDescription(3, 'CurrentWeather'));  Scattered Clouds at 300m, Broken Clouds at 760m Haze",2017-04-07
02:00,9°C,8°C,310°9 Km/h,,82%,6°C,1015.0mb,,"document.write(Icons.GetShortDescription(3, 'CurrentWeather'));  Broken Clouds at 300m, Broken Clouds at 760m Haze",2017-04-07
03:00,9°C,9°C,320°4 Km/h,,82%,6°C,1015.0mb,,"document.write(Icons.GetShortDescription(3, 'CurrentWeather'));  Broken Clouds at 300m, Broken Clouds at 760m Haze",2017-04-07
04:00,9°C,9°C,330°4 Km/h,,82%,6°C,1015.0mb,,"document.write(Icons.GetShortDescription(3, 'CurrentWeather'));  Broken Clouds at 300m, Broken Clouds at 760m Haze",2017-04-07
05:00,9°C,8°C,330°6 Km/h,,82%,6°C,1015.0mb,,"document.write(Icons.GetShortDescription(3, 'CurrentWeather'));  Broken Clouds at 300m, Broken Clouds at 760m Haze",2017-04-07
06:00,9°C,8°C,320°9 Km/h,,82%,6°C,1016.0mb,,"document.write(Icons.GetShortDescription(3, 'CurrentWeather'));  Broken Clouds at 300m, Broken Clouds at 760m Haze",2017-04-07
07:00,9°C,8°C,340°6 Km/h,,82%,6°C,1016.0mb,,"document.write(Icons.GetShortDescription(3, 'CurrentWeather'));  Broken Clouds at 300m, Broken Clouds at 760m Haze",2017-04-07
08:00,10°C,10°C,20°2 Km/h,,82%,7°C,1016.0mb,,"document.write(Icons.GetShortDescription(3, 'CurrentWeather'));  Scattered Clouds at 300m, Broken Clouds at 760m Haze",2017-04-07
09:00,11°C,11°C,20°6 Km/h,,77%,7°C,1016.0mb,,"document.write(Icons.GetShortDescription(3, 'CurrentWeather'));  Scattered Clouds at 300m, Broken Clouds at 760m",2017-04-07
10:00,13°C,13°C,80°7 Km/h,,67%,7°C,1016.0mb,,"document.write(Icons.GetShortDescription(2, 'CurrentWeather'));  Scattered Clouds at 910m",2017-04-07
11:00,15°C,15°C,100°6 Km/h,,59%,7°C,1015.0mb,,"document.write(Icons.GetShortDescription(2, 'CurrentWeather'));  Scattered Clouds at 910m",2017-04-07
12:00,16°C,16°C,90°7 Km/h,,52%,6°C,1015.0mb,,"document.write(Icons.GetShortDescription(2, 'CurrentWeather'));  Scattered Clouds at 910m",2017-04-07
13:00,18°C,18°C,260°6 Km/h,,46%,6°C,1014.0mb,,"document.write(Icons.GetShortDescription(2, 'CurrentWeather'));  Scattered Clouds at 910m",2017-04-07
14:00,18°C,18°C,330°6 Km/h,,49%,7°C,1013.0mb,,"document.write(Icons.GetShortDescription(2, 'CurrentWeather'));  Scattered Clouds at 910m",2017-04-07
15:00,18°C,18°C,300°20 Km/h,,52%,8°C,1013.0mb,,"document.write(Icons.GetShortDescription(2, 'CurrentWeather'));  Few Clouds at 910m",2017-04-07
16:00,18°C,18°C,310°15 Km/h,,52%,8°C,1012.0mb,,"document.write(Icons.GetShortDescription(1, 'CurrentWeather'));",2017-04-07
17:00,18°C,18°C,300°13 Km/h,,52%,8°C,1012.0mb,,"document.write(Icons.GetShortDescription(1, 'CurrentWeather'));",2017-04-07
18:00,15°C,15°C,300°20 Km/h,,59%,7°C,1012.0mb,,"document.write(Icons.GetShortDescription(1, 'CurrentWeather'));",2017-04-07
19:00,13°C,13°C,300°7 Km/h,,63%,6°C,1012.0mb,,"document.write(Icons.GetShortDescription(1, 'CurrentWeather'));",2017-04-07
20:00,12°C,12°C,310°7 Km/h,,67%,6°C,1012.0mb,,"document.write(Icons.GetShortDescription(1, 'CurrentWeather'));",2017-04-07
21:00,11°C,11°C,340°11 Km/h,,72%,6°C,1013.0mb,,"document.write(Icons.GetShortDescription(1, 'CurrentWeather'));",2017-04-07
22:00,10°C,9°C,320°9 Km/h,,76%,6°C,1014.0mb,,"document.write(Icons.GetShortDescription(1, 'CurrentWeather'));",2017-04-07
23:00,10°C,10°C,350°4 Km/h,,76%,6°C,1014.0mb,,"document.write(Icons.GetShortDescription(1, 'CurrentWeather'));",2017-04-07
