Time,Temperature,Relative Temperature,Wind,Wind Gust,Rel. humidity,Dew Point,Pressure,Icon,DescriptionDetails,date
00:00,20°C,20°C,40°6 Km/h,,73%,15°C,1014.0mb,,"document.write(Icons.GetShortDescription(1, 'CurrentWeather'));",2017-09-26
01:00,19°C,19°C,310°7 Km/h,,78%,15°C,1014.0mb,,"document.write(Icons.GetShortDescription(1, 'CurrentWeather'));",2017-09-26
02:00,18°C,18°C,330°7 Km/h,,83%,15°C,1013.0mb,,"document.write(Icons.GetShortDescription(1, 'CurrentWeather'));",2017-09-26
03:00,18°C,18°C,320°6 Km/h,,83%,15°C,1014.0mb,,"document.write(Icons.GetShortDescription(1, 'CurrentWeather'));",2017-09-26
04:00,18°C,18°C,340°6 Km/h,,83%,15°C,1013.0mb,,"document.write(Icons.GetShortDescription(1, 'CurrentWeather'));",2017-09-26
05:00,18°C,18°C,10°7 Km/h,,83%,15°C,1013.0mb,,"document.write(Icons.GetShortDescription(1, 'CurrentWeather'));",2017-09-26
06:00,17°C,17°C,350°4 Km/h,,83%,14°C,1014.0mb,,"document.write(Icons.GetShortDescription(1, 'CurrentWeather'));",2017-09-26
07:00,18°C,18°C,310°4 Km/h,,83%,15°C,1014.0mb,,"document.write(Icons.GetShortDescription(1, 'CurrentWeather'));",2017-09-26
08:00,20°C,20°C,340°4 Km/h,,83%,17°C,1014.0mb,,"document.write(Icons.GetShortDescription(1, 'CurrentWeather'));",2017-09-26
09:00,23°C,23°C,90°11 Km/h,,74%,18°C,1014.0mb,,"document.write(Icons.GetShortDescription(1, 'CurrentWeather'));",2017-09-26
10:00,25°C,25°C,100°11 Km/h,,61%,17°C,1014.0mb,,"document.write(Icons.GetShortDescription(1, 'CurrentWeather'));",2017-09-26
11:00,26°C,26°C,110°9 Km/h,,54%,16°C,1013.0mb,,"document.write(Icons.GetShortDescription(1, 'CurrentWeather'));",2017-09-26
12:00,27°C,27°C,110°9 Km/h,,51%,16°C,1012.0mb,,"document.write(Icons.GetShortDescription(1, 'CurrentWeather'));",2017-09-26
13:00,29°C,29°C,60°13 Km/h,,43%,15°C,1012.0mb,,"document.write(Icons.GetShortDescription(1, 'CurrentWeather'));",2017-09-26
14:00,29°C,29°C,200°4 Km/h,,43%,15°C,1011.0mb,,"document.write(Icons.GetShortDescription(1, 'CurrentWeather'));",2017-09-26
15:00,30°C,30°C,90°4 Km/h,,40%,15°C,1010.0mb,,"document.write(Icons.GetShortDescription(1, 'CurrentWeather'));",2017-09-26
16:00,29°C,29°C,240°6 Km/h,,40%,14°C,1010.0mb,,"document.write(Icons.GetShortDescription(1, 'CurrentWeather'));",2017-09-26
17:00,27°C,27°C,290°9 Km/h,,51%,16°C,1010.0mb,,"document.write(Icons.GetShortDescription(1, 'CurrentWeather'));",2017-09-26
18:00,25°C,25°C,320°13 Km/h,,57%,16°C,1010.0mb,,"document.write(Icons.GetShortDescription(1, 'CurrentWeather'));",2017-09-26
19:00,24°C,24°C,340°11 Km/h,,65%,17°C,1010.0mb,,"document.write(Icons.GetShortDescription(4, 'CurrentWeather'));  Few Clouds at 910m, Broken Clouds at 3700m, Cloudy at 4900m Haze",2017-09-26
20:00,24°C,24°C,330°9 Km/h,,65%,17°C,1011.0mb,,"document.write(Icons.GetShortDescription(4, 'CurrentWeather'));  Few Clouds at 910m, Cloudy at 3700m Haze",2017-09-26
21:00,23°C,23°C,350°7 Km/h,,69%,17°C,1010.0mb,,"document.write(Icons.GetShortDescription(4, 'CurrentWeather'));  Scattered Clouds at 910m, Cloudy at 3700m Haze",2017-09-26
22:00,23°C,23°C,Calm,,74%,18°C,1010.0mb,,"document.write(Icons.GetShortDescription(4, 'CurrentWeather'));  Scattered Clouds at 910m, Cloudy at 3700m Haze",2017-09-26
23:00,22°C,22°C,340°6 Km/h,,78%,18°C,1010.0mb,,"document.write(Icons.GetShortDescription(4, 'CurrentWeather'));  Scattered Clouds at 910m, Cloudy at 3700m Haze",2017-09-26
