Time,Temperature,Relative Temperature,Wind,Wind Gust,Rel. humidity,Dew Point,Pressure,Icon,DescriptionDetails,date
00:00,17°C,17°C,310°4 Km/h,,73%,12°C,1013.0mb,,"document.write(Icons.GetShortDescription(1, 'CurrentWeather'));",2017-05-23
01:00,16°C,16°C,310°6 Km/h,,77%,12°C,1013.0mb,,"document.write(Icons.GetShortDescription(1, 'CurrentWeather'));",2017-05-23
02:00,16°C,16°C,300°4 Km/h,,72%,11°C,1013.0mb,,"document.write(Icons.GetShortDescription(1, 'CurrentWeather'));",2017-05-23
03:00,15°C,15°C,110°2 Km/h,,77%,11°C,1012.0mb,,"document.write(Icons.GetShortDescription(1, 'CurrentWeather'));",2017-05-23
04:00,16°C,16°C,350°4 Km/h,,77%,12°C,1012.0mb,,"document.write(Icons.GetShortDescription(3, 'CurrentWeather'));  Few Clouds at 910m, Broken Clouds at 5500m",2017-05-23
05:00,17°C,17°C,290°2 Km/h,,73%,12°C,1012.0mb,,"document.write(Icons.GetShortDescription(3, 'CurrentWeather'));  Scattered Clouds at 910m, Broken Clouds at 5500m",2017-05-23
06:00,16°C,16°C,140°6 Km/h,,77%,12°C,1011.0mb,,"document.write(Icons.GetShortDescription(3, 'CurrentWeather'));  Scattered Clouds at 910m, Broken Clouds at 5500m",2017-05-23
07:00,19°C,19°C,170°7 Km/h,,64%,12°C,1011.0mb,,"document.write(Icons.GetShortDescription(3, 'CurrentWeather'));  Few Clouds at 910m, Scattered Clouds at 2400m, Broken Clouds at 5500m",2017-05-23
08:00,20°C,20°C,180°6 Km/h,,56%,11°C,1012.0mb,,"document.write(Icons.GetShortDescription(3, 'CurrentWeather'));  Few Clouds at 910m, Broken Clouds at 2400m, Broken Clouds at 5500m",2017-05-23
09:00,21°C,21°C,200°6 Km/h,,53%,11°C,1012.0mb,,"document.write(Icons.GetShortDescription(3, 'CurrentWeather'));  Few Clouds at 910m, Scattered Clouds at 2400m, Broken Clouds at 5500m",2017-05-23
10:00,23°C,23°C,210°11 Km/h,,53%,13°C,1011.0mb,,"document.write(Icons.GetShortDescription(3, 'CurrentWeather'));  Scattered Clouds at 910m, Broken Clouds at 4600m",2017-05-23
11:00,23°C,23°C,230°15 Km/h,,50%,12°C,1011.0mb,,"document.write(Icons.GetShortDescription(3, 'CurrentWeather'));  Scattered Clouds at 910m, Broken Clouds at 4600m",2017-05-23
12:00,24°C,24°C,280°15 Km/h,,50%,13°C,1011.0mb,,"document.write(Icons.GetShortDescription(3, 'CurrentWeather'));  Broken Clouds at 1100m, Broken Clouds at 4600m",2017-05-23
13:00,23°C,23°C,270°17 Km/h,,53%,13°C,1011.0mb,,"document.write(Icons.GetShortDescription(4, 'CurrentWeather'));  Broken Clouds at 1100m, Cloudy at 4600m",2017-05-23
14:00,23°C,23°C,250°13 Km/h,,53%,13°C,1010.0mb,,"document.write(Icons.GetShortDescription(4, 'CurrentWeather'));  Broken Clouds at 910m, Cloudy at 3700m",2017-05-23
15:00,22°C,22°C,270°13 Km/h,,57%,13°C,1010.0mb,,"document.write(Icons.GetShortDescription(4, 'CurrentWeather'));  Broken Clouds at 910m, Cloudy at 3700m",2017-05-23
16:00,21°C,21°C,260°15 Km/h,,53%,11°C,1010.0mb,,"document.write(Icons.GetShortDescription(4, 'CurrentWeather'));  Broken Clouds at 910m, Cloudy at 3700m",2017-05-23
17:00,20°C,20°C,280°7 Km/h,,64%,13°C,1010.0mb,,"document.write(Icons.GetShortDescription(7, 'CurrentWeather'));  Broken Clouds at 910m, Cloudy at 2400m Light Rain",2017-05-23
18:00,19°C,19°C,290°15 Km/h,,68%,13°C,1010.0mb,,"document.write(Icons.GetShortDescription(7, 'CurrentWeather'));  Broken Clouds at 910m, Cloudy at 2100m Light Rain",2017-05-23
18:23,18°C,18°C,270°9 Km/h,,73%,13°C,1010.0mb,,"document.write(Icons.GetShortDescription(7, 'CurrentWeather'));  Broken Clouds at 910m, Cloudy at 2100m Rain, Haze",2017-05-23
19:00,17°C,17°C,250°6 Km/h,,83%,14°C,1010.0mb,,"document.write(Icons.GetShortDescription(7, 'CurrentWeather'));  Few Clouds at 370m, Broken Clouds at 910m, Cloudy at 2100m Light Rain, Haze",2017-05-23
19:05,18°C,18°C,250°6 Km/h,,78%,14°C,1010.0mb,,"document.write(Icons.GetShortDescription(7, 'CurrentWeather'));  Few Clouds at 370m, Broken Clouds at 910m, Cloudy at 2100m Rain, Haze",2017-05-23
19:18,17°C,17°C,230°6 Km/h,,83%,14°C,1010.0mb,,"document.write(Icons.GetShortDescription(7, 'CurrentWeather'));  Few Clouds at 240m, Broken Clouds at 760m, Cloudy at 2100m Light Rain, Haze",2017-05-23
20:00,17°C,17°C,120°4 Km/h,,77%,13°C,1010.0mb,,"document.write(Icons.GetShortDescription(4, 'CurrentWeather'));  Broken Clouds at 1100m, Cloudy at 2400m",2017-05-23
21:00,18°C,18°C,310°2 Km/h,,78%,14°C,1010.0mb,,"document.write(Icons.GetShortDescription(4, 'CurrentWeather'));  Few Clouds at 460m, Broken Clouds at 910m, Cloudy at 2400m",2017-05-23
21:29,17°C,17°C,360°2 Km/h,,83%,14°C,1010.0mb,,"document.write(Icons.GetShortDescription(4, 'CurrentWeather'));  Few Clouds at 370m, Broken Clouds at 910m, Cloudy at 2400m Haze",2017-05-23
22:00,18°C,18°C,340°6 Km/h,,83%,15°C,1010.0mb,,"document.write(Icons.GetShortDescription(4, 'CurrentWeather'));  Few Clouds at 370m, Broken Clouds at 910m, Cloudy at 2400m Haze",2017-05-23
23:00,17°C,17°C,340°7 Km/h,,88%,15°C,1010.0mb,,"document.write(Icons.GetShortDescription(7, 'CurrentWeather'));  Few Clouds at 370m, Broken Clouds at 910m, Cloudy at 2400m Light Rain, Haze",2017-05-23
23:30,17°C,17°C,320°4 Km/h,,88%,15°C,1010.0mb,,"document.write(Icons.GetShortDescription(7, 'CurrentWeather'));  Few Clouds at 370m, Broken Clouds at 910m, Cloudy at 2400m Light Rain, Haze",2017-05-23
