Time,Temperature,Relative Temperature,Wind,Wind Gust,Rel. humidity,Dew Point,Pressure,Icon,DescriptionDetails,date
00:00,16°C,16°C,290°13 Km/h,,77%,12°C,1008.0mb,,"document.write(Icons.GetShortDescription(2, 'CurrentWeather'));  Few Clouds at 910m",2017-06-08
01:00,16°C,16°C,340°9 Km/h,,72%,11°C,1008.0mb,,"document.write(Icons.GetShortDescription(2, 'CurrentWeather'));  Few Clouds at 910m",2017-06-08
02:00,15°C,15°C,270°6 Km/h,,82%,12°C,1009.0mb,,"document.write(Icons.GetShortDescription(2, 'CurrentWeather'));  Few Clouds at 910m",2017-06-08
03:00,15°C,15°C,220°6 Km/h,,82%,12°C,1009.0mb,,"document.write(Icons.GetShortDescription(2, 'CurrentWeather'));  Few Clouds at 910m Haze",2017-06-08
04:00,14°C,14°C,70°2 Km/h,,88%,12°C,1009.0mb,,"document.write(Icons.GetShortDescription(2, 'CurrentWeather'));  Few Clouds at 910m Haze",2017-06-08
05:00,13°C,13°C,300°4 Km/h,,88%,11°C,1009.0mb,,"document.write(Icons.GetShortDescription(2, 'CurrentWeather'));  Few Clouds at 910m Haze",2017-06-08
06:00,16°C,16°C,360°6 Km/h,,83%,13°C,1010.0mb,,"document.write(Icons.GetShortDescription(3, 'CurrentWeather'));  Scattered Clouds at 300m, Broken Clouds at 610m Haze",2017-06-08
07:00,16°C,16°C,350°2 Km/h,,83%,13°C,1011.0mb,,"document.write(Icons.GetShortDescription(3, 'CurrentWeather'));  Scattered Clouds at 300m, Broken Clouds at 760m Haze",2017-06-08
08:00,17°C,17°C,40°6 Km/h,,77%,13°C,1011.0mb,,"document.write(Icons.GetShortDescription(3, 'CurrentWeather'));  Scattered Clouds at 460m, Broken Clouds at 760m Haze",2017-06-08
09:00,19°C,19°C,190°4 Km/h,,73%,14°C,1011.0mb,,"document.write(Icons.GetShortDescription(3, 'CurrentWeather'));  Few Clouds at 460m, Broken Clouds at 760m Haze",2017-06-08
10:00,22°C,22°C,230°9 Km/h,,57%,13°C,1011.0mb,,"document.write(Icons.GetShortDescription(2, 'CurrentWeather'));  Scattered Clouds at 760m Haze",2017-06-08
11:00,22°C,22°C,210°13 Km/h,,57%,13°C,1011.0mb,,"document.write(Icons.GetShortDescription(2, 'CurrentWeather'));  Few Clouds at 760m Haze",2017-06-08
12:00,23°C,23°C,240°13 Km/h,,53%,13°C,1010.0mb,,"document.write(Icons.GetShortDescription(2, 'CurrentWeather'));  Few Clouds at 760m",2017-06-08
13:00,24°C,24°C,230°20 Km/h,,50%,13°C,1010.0mb,,"document.write(Icons.GetShortDescription(2, 'CurrentWeather'));  Few Clouds at 910m",2017-06-08
14:00,23°C,23°C,250°17 Km/h,,50%,12°C,1010.0mb,,"document.write(Icons.GetShortDescription(2, 'CurrentWeather'));  Few Clouds at 910m",2017-06-08
15:00,24°C,24°C,240°19 Km/h,,47%,12°C,1010.0mb,,"document.write(Icons.GetShortDescription(1, 'CurrentWeather'));",2017-06-08
16:00,23°C,23°C,240°17 Km/h,,50%,12°C,1010.0mb,,"document.write(Icons.GetShortDescription(1, 'CurrentWeather'));",2017-06-08
17:00,23°C,23°C,240°15 Km/h,,50%,12°C,1009.0mb,,"document.write(Icons.GetShortDescription(1, 'CurrentWeather'));",2017-06-08
18:00,22°C,21°C,220°22 Km/h,,47%,10°C,1009.0mb,,"document.write(Icons.GetShortDescription(1, 'CurrentWeather'));",2017-06-08
19:00,21°C,21°C,220°17 Km/h,,53%,11°C,1009.0mb,,"document.write(Icons.GetShortDescription(1, 'CurrentWeather'));",2017-06-08
20:00,21°C,21°C,220°13 Km/h,,53%,11°C,1009.0mb,,"document.write(Icons.GetShortDescription(1, 'CurrentWeather'));",2017-06-08
21:00,20°C,20°C,200°15 Km/h,,64%,13°C,1009.0mb,,"document.write(Icons.GetShortDescription(1, 'CurrentWeather'));",2017-06-08
22:00,20°C,20°C,190°17 Km/h,,64%,13°C,1009.0mb,,"document.write(Icons.GetShortDescription(1, 'CurrentWeather'));",2017-06-08
23:00,18°C,18°C,170°11 Km/h,,73%,13°C,1009.0mb,,"document.write(Icons.GetShortDescription(1, 'CurrentWeather'));  Haze",2017-06-08
