Time,Temperature,Relative Temperature,Wind,Wind Gust,Rel. humidity,Dew Point,Pressure,Icon,DescriptionDetails,date
00:00,18°C,18°C,330°13 Km/h,,73%,13°C,1009.0mb,,"document.write(Icons.GetShortDescription(1, 'CurrentWeather'));",2017-09-28
01:00,17°C,17°C,330°9 Km/h,,77%,13°C,1009.0mb,,"document.write(Icons.GetShortDescription(1, 'CurrentWeather'));",2017-09-28
02:00,17°C,17°C,340°9 Km/h,,77%,13°C,1009.0mb,,"document.write(Icons.GetShortDescription(1, 'CurrentWeather'));",2017-09-28
03:00,17°C,17°C,340°11 Km/h,,77%,13°C,1009.0mb,,"document.write(Icons.GetShortDescription(1, 'CurrentWeather'));",2017-09-28
04:00,17°C,17°C,330°17 Km/h,,77%,13°C,1009.0mb,,"document.write(Icons.GetShortDescription(1, 'CurrentWeather'));",2017-09-28
05:00,17°C,17°C,350°13 Km/h,,73%,12°C,1010.0mb,,"document.write(Icons.GetShortDescription(1, 'CurrentWeather'));",2017-09-28
06:00,15°C,15°C,330°11 Km/h,,77%,11°C,1010.0mb,,"document.write(Icons.GetShortDescription(1, 'CurrentWeather'));",2017-09-28
07:00,15°C,15°C,320°9 Km/h,,77%,11°C,1011.0mb,,"document.write(Icons.GetShortDescription(1, 'CurrentWeather'));",2017-09-28
08:00,18°C,18°C,320°9 Km/h,,73%,13°C,1011.0mb,,"document.write(Icons.GetShortDescription(1, 'CurrentWeather'));",2017-09-28
09:00,19°C,19°C,330°9 Km/h,,64%,12°C,1011.0mb,,"document.write(Icons.GetShortDescription(1, 'CurrentWeather'));",2017-09-28
10:00,21°C,21°C,320°11 Km/h,,50%,10°C,1011.0mb,,"document.write(Icons.GetShortDescription(1, 'CurrentWeather'));",2017-09-28
11:00,22°C,21°C,340°19 Km/h,,33%,5°C,1011.0mb,,"document.write(Icons.GetShortDescription(1, 'CurrentWeather'));",2017-09-28
12:00,22°C,21°C,300°17 Km/h,,29%,3°C,1010.0mb,,"document.write(Icons.GetShortDescription(1, 'CurrentWeather'));",2017-09-28
13:00,23°C,22°C,280°19 Km/h,,33%,6°C,1010.0mb,,"document.write(Icons.GetShortDescription(1, 'CurrentWeather'));",2017-09-28
14:00,23°C,22°C,270°19 Km/h,,36%,7°C,1009.0mb,,"document.write(Icons.GetShortDescription(1, 'CurrentWeather'));",2017-09-28
15:00,23°C,22°C,280°22 Km/h,,41%,9°C,1009.0mb,,"document.write(Icons.GetShortDescription(2, 'CurrentWeather'));  Few Clouds at 910m",2017-09-28
16:00,22°C,21°C,270°24 Km/h,,38%,7°C,1009.0mb,,"document.write(Icons.GetShortDescription(2, 'CurrentWeather'));  Few Clouds at 910m",2017-09-28
17:00,21°C,21°C,270°31 Km/h,,38%,6°C,1009.0mb,,"document.write(Icons.GetShortDescription(1, 'CurrentWeather'));",2017-09-28
18:00,20°C,20°C,280°26 Km/h,,40%,6°C,1010.0mb,,"document.write(Icons.GetShortDescription(1, 'CurrentWeather'));",2017-09-28
19:00,18°C,18°C,280°19 Km/h,,46%,6°C,1010.0mb,,"document.write(Icons.GetShortDescription(1, 'CurrentWeather'));",2017-09-28
20:00,17°C,17°C,320°19 Km/h,,42%,4°C,1012.0mb,,"document.write(Icons.GetShortDescription(1, 'CurrentWeather'));",2017-09-28
21:00,15°C,15°C,340°15 Km/h,,45%,3°C,1013.0mb,,"document.write(Icons.GetShortDescription(1, 'CurrentWeather'));",2017-09-28
22:00,15°C,15°C,310°6 Km/h,,45%,3°C,1013.0mb,,"document.write(Icons.GetShortDescription(1, 'CurrentWeather'));",2017-09-28
23:00,13°C,13°C,280°4 Km/h,,51%,3°C,1014.0mb,,"document.write(Icons.GetShortDescription(1, 'CurrentWeather'));",2017-09-28
