Time,Temperature,Relative Temperature,Wind,Wind Gust,Rel. humidity,Dew Point,Pressure,Icon,DescriptionDetails,date
00:00,27°C,29°C,120°11 Km/h,,70%,21°C,1011.0mb,,"document.write(Icons.GetShortDescription(1, 'CurrentWeather'));",2017-08-13
01:00,26°C,27°C,140°9 Km/h,,65%,19°C,1010.0mb,,"document.write(Icons.GetShortDescription(1, 'CurrentWeather'));",2017-08-13
02:00,27°C,29°C,120°13 Km/h,,66%,20°C,1010.0mb,,"document.write(Icons.GetShortDescription(1, 'CurrentWeather'));",2017-08-13
03:00,27°C,28°C,110°17 Km/h,,62%,19°C,1010.0mb,,"document.write(Icons.GetShortDescription(1, 'CurrentWeather'));",2017-08-13
04:00,26°C,27°C,120°9 Km/h,,65%,19°C,1010.0mb,,"document.write(Icons.GetShortDescription(1, 'CurrentWeather'));",2017-08-13
05:00,26°C,27°C,110°13 Km/h,,65%,19°C,1010.0mb,,"document.write(Icons.GetShortDescription(1, 'CurrentWeather'));",2017-08-13
06:00,25°C,25°C,130°13 Km/h,,65%,18°C,1011.0mb,,"document.write(Icons.GetShortDescription(3, 'CurrentWeather'));  Few Clouds at 910m, Broken Clouds at 6100m",2017-08-13
07:00,25°C,25°C,130°15 Km/h,,69%,19°C,1011.0mb,,"document.write(Icons.GetShortDescription(3, 'CurrentWeather'));  Few Clouds at 910m, Broken Clouds at 6100m",2017-08-13
08:00,26°C,27°C,100°17 Km/h,,61%,18°C,1011.0mb,,"document.write(Icons.GetShortDescription(1, 'CurrentWeather'));",2017-08-13
09:00,26°C,27°C,110°17 Km/h,,61%,18°C,1011.0mb,,"document.write(Icons.GetShortDescription(3, 'CurrentWeather'));  Few Clouds at 910m, Scattered Clouds at 4600m, Broken Clouds at 6100m",2017-08-13
10:00,26°C,27°C,100°17 Km/h,,61%,18°C,1011.0mb,,"document.write(Icons.GetShortDescription(3, 'CurrentWeather'));  Few Clouds at 910m, Broken Clouds at 4600m, Broken Clouds at 6100m",2017-08-13
11:00,27°C,28°C,120°19 Km/h,,58%,18°C,1011.0mb,,"document.write(Icons.GetShortDescription(4, 'CurrentWeather'));  Few Clouds at 910m, Broken Clouds at 3700m, Cloudy at 6100m",2017-08-13
12:00,28°C,29°C,120°20 Km/h,,55%,18°C,1011.0mb,,"document.write(Icons.GetShortDescription(4, 'CurrentWeather'));  Few Clouds at 1100m, Cloudy at 5500m",2017-08-13
13:00,28°C,29°C,110°15 Km/h,,55%,18°C,1010.0mb,,"document.write(Icons.GetShortDescription(4, 'CurrentWeather'));  Scattered Clouds at 1100m, Cloudy at 5500m",2017-08-13
14:00,28°C,29°C,140°13 Km/h,,55%,18°C,1010.0mb,,"document.write(Icons.GetShortDescription(4, 'CurrentWeather'));  Scattered Clouds at 1100m, Cloudy at 5500m",2017-08-13
15:00,28°C,29°C,120°15 Km/h,,55%,18°C,1009.0mb,,"document.write(Icons.GetShortDescription(4, 'CurrentWeather'));  Few Clouds at 1100m, Cloudy at 5500m",2017-08-13
16:00,28°C,29°C,140°17 Km/h,,55%,18°C,1009.0mb,,"document.write(Icons.GetShortDescription(4, 'CurrentWeather'));  Few Clouds at 1100m, Cloudy at 5500m",2017-08-13
17:00,28°C,29°C,150°15 Km/h,,55%,18°C,1009.0mb,,"document.write(Icons.GetShortDescription(4, 'CurrentWeather'));  Few Clouds at 1100m, Broken Clouds at 3700m, Cloudy at 5500m",2017-08-13
18:00,29°C,30°C,140°15 Km/h,,51%,18°C,1009.0mb,,"document.write(Icons.GetShortDescription(3, 'CurrentWeather'));  Few Clouds at 1100m, Broken Clouds at 3700m, Broken Clouds at 5500m",2017-08-13
19:00,28°C,29°C,120°19 Km/h,,55%,18°C,1009.0mb,,"document.write(Icons.GetShortDescription(3, 'CurrentWeather'));  Few Clouds at 1100m, Broken Clouds at 3700m, Broken Clouds at 5500m",2017-08-13
20:00,28°C,29°C,120°20 Km/h,,51%,17°C,1009.0mb,,"document.write(Icons.GetShortDescription(4, 'CurrentWeather'));  Few Clouds at 1100m, Broken Clouds at 3700m, Cloudy at 5500m",2017-08-13
21:00,27°C,28°C,100°11 Km/h,,54%,17°C,1010.0mb,,"document.write(Icons.GetShortDescription(4, 'CurrentWeather'));  Scattered Clouds at 1100m, Broken Clouds at 3700m, Cloudy at 5500m",2017-08-13
22:00,26°C,27°C,100°15 Km/h,,58%,17°C,1009.0mb,,"document.write(Icons.GetShortDescription(7, 'CurrentWeather'));  Broken Clouds at 1100m, Cloudy at 2700m Light Rain",2017-08-13
23:00,25°C,25°C,70°9 Km/h,,61%,17°C,1009.0mb,,"document.write(Icons.GetShortDescription(7, 'CurrentWeather'));  Broken Clouds at 1100m, Cloudy at 2400m Light Rain",2017-08-13
