Time,Temperature,Relative Temperature,Wind,Wind Gust,Rel. humidity,Dew Point,Pressure,Icon,DescriptionDetails,date
00:00,21°C,21°C,100°17 Km/h,,38%,6°C,1011.0mb,,"document.write(Icons.GetShortDescription(1, 'CurrentWeather'));",2017-06-12
01:00,20°C,20°C,60°11 Km/h,,40%,6°C,1012.0mb,,"document.write(Icons.GetShortDescription(1, 'CurrentWeather'));",2017-06-12
02:00,19°C,19°C,40°7 Km/h,,43%,6°C,1012.0mb,,"document.write(Icons.GetShortDescription(1, 'CurrentWeather'));",2017-06-12
03:00,19°C,19°C,80°13 Km/h,,43%,6°C,1013.0mb,,"document.write(Icons.GetShortDescription(1, 'CurrentWeather'));",2017-06-12
04:00,19°C,19°C,90°19 Km/h,,43%,6°C,1013.0mb,,"document.write(Icons.GetShortDescription(1, 'CurrentWeather'));",2017-06-12
05:00,17°C,17°C,40°7 Km/h,,49%,6°C,1014.0mb,,"document.write(Icons.GetShortDescription(1, 'CurrentWeather'));",2017-06-12
06:00,18°C,18°C,80°13 Km/h,,46%,6°C,1014.0mb,,"document.write(Icons.GetShortDescription(1, 'CurrentWeather'));",2017-06-12
07:00,19°C,19°C,90°19 Km/h,,40%,5°C,1014.0mb,,"document.write(Icons.GetShortDescription(1, 'CurrentWeather'));",2017-06-12
08:00,21°C,21°C,120°19 Km/h,,35%,5°C,1015.0mb,,"document.write(Icons.GetShortDescription(1, 'CurrentWeather'));",2017-06-12
09:00,21°C,21°C,110°19 Km/h,,35%,5°C,1015.0mb,,"document.write(Icons.GetShortDescription(1, 'CurrentWeather'));",2017-06-12
10:00,23°C,22°C,90°19 Km/h,,33%,6°C,1015.0mb,,"document.write(Icons.GetShortDescription(1, 'CurrentWeather'));",2017-06-12
11:00,24°C,23°C,80°17 Km/h,,29%,5°C,1015.0mb,,"document.write(Icons.GetShortDescription(1, 'CurrentWeather'));",2017-06-12
12:00,25°C,24°C,90°11 Km/h,,30%,6°C,1014.0mb,,"document.write(Icons.GetShortDescription(1, 'CurrentWeather'));",2017-06-12
13:00,26°C,25°C,270°4 Km/h,,28%,6°C,1014.0mb,,"document.write(Icons.GetShortDescription(1, 'CurrentWeather'));",2017-06-12
14:00,27°C,26°C,230°7 Km/h,,26%,6°C,1013.0mb,,"document.write(Icons.GetShortDescription(1, 'CurrentWeather'));",2017-06-12
15:00,25°C,25°C,290°19 Km/h,,36%,9°C,1013.0mb,,"document.write(Icons.GetShortDescription(3, 'CurrentWeather'));  Few Clouds at 1200m, Broken Clouds at 4600m",2017-06-12
16:00,25°C,25°C,280°17 Km/h,,36%,9°C,1013.0mb,,"document.write(Icons.GetShortDescription(3, 'CurrentWeather'));  Few Clouds at 1200m, Broken Clouds at 4600m, Broken Clouds at 6100m",2017-06-12
17:00,24°C,24°C,280°17 Km/h,,41%,10°C,1013.0mb,,"document.write(Icons.GetShortDescription(1, 'CurrentWeather'));",2017-06-12
18:00,23°C,22°C,280°19 Km/h,,41%,9°C,1013.0mb,,"document.write(Icons.GetShortDescription(1, 'CurrentWeather'));",2017-06-12
19:00,21°C,21°C,280°17 Km/h,,53%,11°C,1013.0mb,,"document.write(Icons.GetShortDescription(1, 'CurrentWeather'));",2017-06-12
20:00,20°C,20°C,290°15 Km/h,,56%,11°C,1014.0mb,,"document.write(Icons.GetShortDescription(1, 'CurrentWeather'));",2017-06-12
21:00,19°C,19°C,320°7 Km/h,,60%,11°C,1015.0mb,,"document.write(Icons.GetShortDescription(1, 'CurrentWeather'));",2017-06-12
22:00,19°C,19°C,260°4 Km/h,,64%,12°C,1015.0mb,,"document.write(Icons.GetShortDescription(1, 'CurrentWeather'));",2017-06-12
23:00,19°C,19°C,320°6 Km/h,,68%,13°C,1015.0mb,,"document.write(Icons.GetShortDescription(1, 'CurrentWeather'));",2017-06-12
