Time,Temperature,Relative Temperature,Wind,Wind Gust,Rel. humidity,Dew Point,Pressure,Icon,DescriptionDetails,date
00:00,-5°C,-11°C,350°17 Km/h,,42%,-16°C,1029.0mb,,"document.write(Icons.GetShortDescription(1, 'CurrentWeather'));",2017-02-21
01:00,-5°C,-8°C,290°6 Km/h,,42%,-16°C,1030.0mb,,"document.write(Icons.GetShortDescription(1, 'CurrentWeather'));",2017-02-21
02:00,-6°C,-10°C,320°9 Km/h,,45%,-16°C,1030.0mb,,"document.write(Icons.GetShortDescription(1, 'CurrentWeather'));",2017-02-21
03:00,-7°C,-7°C,270°4 Km/h,,53%,-15°C,1030.0mb,,"document.write(Icons.GetShortDescription(1, 'CurrentWeather'));",2017-02-21
04:00,-7°C,-7°C,300°4 Km/h,,49%,-16°C,1030.0mb,,"document.write(Icons.GetShortDescription(1, 'CurrentWeather'));",2017-02-21
05:00,-7°C,-11°C,290°9 Km/h,,53%,-15°C,1031.0mb,,"document.write(Icons.GetShortDescription(1, 'CurrentWeather'));",2017-02-21
06:00,-8°C,-11°C,310°6 Km/h,,53%,-16°C,1031.0mb,,"document.write(Icons.GetShortDescription(1, 'CurrentWeather'));",2017-02-21
07:00,-8°C,-11°C,10°6 Km/h,,53%,-16°C,1031.0mb,,"document.write(Icons.GetShortDescription(1, 'CurrentWeather'));",2017-02-21
08:00,-6°C,-10°C,20°7 Km/h,,54%,-14°C,1032.0mb,,"document.write(Icons.GetShortDescription(1, 'CurrentWeather'));",2017-02-21
09:00,-5°C,-8°C,360°7 Km/h,,39%,-17°C,1033.0mb,,"document.write(Icons.GetShortDescription(1, 'CurrentWeather'));",2017-02-21
10:00,-3°C,-5°C,30°6 Km/h,,31%,-18°C,1033.0mb,,"document.write(Icons.GetShortDescription(1, 'CurrentWeather'));",2017-02-21
11:00,0°C,-2°C,170°6 Km/h,,29%,-16°C,1033.0mb,,"document.write(Icons.GetShortDescription(1, 'CurrentWeather'));",2017-02-21
12:00,0°C,-2°C,260°6 Km/h,,29%,-16°C,1031.0mb,,"document.write(Icons.GetShortDescription(1, 'CurrentWeather'));",2017-02-21
13:00,2°C,0°C,240°6 Km/h,,25%,-16°C,1031.0mb,,"document.write(Icons.GetShortDescription(1, 'CurrentWeather'));",2017-02-21
14:00,4°C,4°C,180°4 Km/h,,22%,-16°C,1030.0mb,,"document.write(Icons.GetShortDescription(1, 'CurrentWeather'));",2017-02-21
15:00,5°C,5°C,180°4 Km/h,,20%,-16°C,1030.0mb,,"document.write(Icons.GetShortDescription(1, 'CurrentWeather'));",2017-02-21
16:00,4°C,1°C,310°13 Km/h,,28%,-13°C,1029.0mb,,"document.write(Icons.GetShortDescription(1, 'CurrentWeather'));",2017-02-21
17:00,3°C,0°C,320°9 Km/h,,30%,-13°C,1028.0mb,,"document.write(Icons.GetShortDescription(1, 'CurrentWeather'));",2017-02-21
18:00,2°C,0°C,300°7 Km/h,,35%,-12°C,1028.0mb,,"document.write(Icons.GetShortDescription(1, 'CurrentWeather'));",2017-02-21
19:00,1°C,-1°C,340°6 Km/h,,38%,-12°C,1028.0mb,,"document.write(Icons.GetShortDescription(1, 'CurrentWeather'));",2017-02-21
20:00,0°C,-3°C,310°7 Km/h,,44%,-11°C,1027.0mb,,"document.write(Icons.GetShortDescription(1, 'CurrentWeather'));",2017-02-21
21:00,-1°C,-4°C,30°7 Km/h,,55%,-9°C,1027.0mb,,"document.write(Icons.GetShortDescription(1, 'CurrentWeather'));",2017-02-21
22:00,0°C,-3°C,300°7 Km/h,,47%,-10°C,1027.0mb,,"document.write(Icons.GetShortDescription(1, 'CurrentWeather'));",2017-02-21
23:00,-1°C,-1°C,360°2 Km/h,,51%,-10°C,1025.0mb,,"document.write(Icons.GetShortDescription(1, 'CurrentWeather'));",2017-02-21
