Time,Temperature,Relative Temperature,Wind,Wind Gust,Rel. humidity,Dew Point,Pressure,Icon,DescriptionDetails,date
00:00,20°C,20°C,250°2 Km/h,,83%,17°C,1013.0mb,,"document.write(Icons.GetShortDescription(1, 'CurrentWeather'));  Haze",2017-09-09
01:00,20°C,20°C,20°2 Km/h,,83%,17°C,1013.0mb,,"document.write(Icons.GetShortDescription(1, 'CurrentWeather'));  Haze",2017-09-09
02:00,19°C,19°C,310°2 Km/h,,88%,17°C,1013.0mb,,"document.write(Icons.GetShortDescription(2, 'CurrentWeather'));  Scattered Clouds at 150m Fog",2017-09-09
03:00,19°C,19°C,340°4 Km/h,,83%,16°C,1013.0mb,,"document.write(Icons.GetShortDescription(2, 'CurrentWeather'));  Scattered Clouds at 150m Fog",2017-09-09
03:15,19°C,19°C,20°7 Km/h,,83%,16°C,1013.0mb,,"document.write(Icons.GetShortDescription(2, 'CurrentWeather'));  Scattered Clouds at 150m Fog",2017-09-09
04:00,19°C,19°C,340°4 Km/h,,88%,17°C,1013.0mb,,"document.write(Icons.GetShortDescription(2, 'CurrentWeather'));  Scattered Clouds at 150m Fog",2017-09-09
05:00,18°C,18°C,Calm,,88%,16°C,1013.0mb,,"document.write(Icons.GetShortDescription(2, 'CurrentWeather'));  Scattered Clouds at 150m Fog",2017-09-09
06:00,17°C,17°C,280°2 Km/h,,88%,15°C,1013.0mb,,"document.write(Icons.GetShortDescription(2, 'CurrentWeather'));  Scattered Clouds at 150m Fog",2017-09-09
06:16,18°C,18°C,320°2 Km/h,,88%,16°C,1013.0mb,,"document.write(Icons.GetShortDescription(2, 'CurrentWeather'));  Scattered Clouds at 150m Fog",2017-09-09
06:50,18°C,18°C,20°6 Km/h,,88%,16°C,1013.0mb,,"document.write(Icons.GetShortDescription(2, 'CurrentWeather'));  Scattered Clouds at 150m Haze",2017-09-09
07:00,19°C,19°C,10°4 Km/h,,88%,17°C,1013.0mb,,"document.write(Icons.GetShortDescription(1, 'CurrentWeather'));  Haze",2017-09-09
08:00,21°C,21°C,330°2 Km/h,,88%,19°C,1013.0mb,,"document.write(Icons.GetShortDescription(1, 'CurrentWeather'));  Haze",2017-09-09
09:00,23°C,24°C,250°4 Km/h,,83%,20°C,1014.0mb,,"document.write(Icons.GetShortDescription(1, 'CurrentWeather'));  Haze",2017-09-09
10:00,25°C,26°C,190°6 Km/h,,79%,21°C,1014.0mb,,"document.write(Icons.GetShortDescription(2, 'CurrentWeather'));  Few Clouds at 760m, Scattered Clouds at 6100m Haze",2017-09-09
10:34,26°C,27°C,190°6 Km/h,,74%,21°C,1014.0mb,,"document.write(Icons.GetShortDescription(2, 'CurrentWeather'));  Few Clouds at 610m, Scattered Clouds at 6100m Haze",2017-09-09
11:00,27°C,29°C,210°6 Km/h,,70%,21°C,1014.0mb,,"document.write(Icons.GetShortDescription(1, 'CurrentWeather'));  Haze",2017-09-09
12:00,27°C,29°C,320°9 Km/h,,66%,20°C,1013.0mb,,"document.write(Icons.GetShortDescription(3, 'CurrentWeather'));  Few Clouds at 910m, Broken Clouds at 6100m Haze",2017-09-09
13:00,27°C,28°C,320°11 Km/h,,62%,19°C,1013.0mb,,"document.write(Icons.GetShortDescription(3, 'CurrentWeather'));  Few Clouds at 910m, Broken Clouds at 6100m Haze",2017-09-09
14:00,27°C,28°C,290°9 Km/h,,58%,18°C,1012.0mb,,"document.write(Icons.GetShortDescription(3, 'CurrentWeather'));  Few Clouds at 910m, Broken Clouds at 6100m",2017-09-09
15:00,28°C,29°C,290°11 Km/h,,55%,18°C,1012.0mb,,"document.write(Icons.GetShortDescription(1, 'CurrentWeather'));",2017-09-09
16:00,28°C,29°C,300°13 Km/h,,55%,18°C,1012.0mb,,"document.write(Icons.GetShortDescription(3, 'CurrentWeather'));  Few Clouds at 910m, Broken Clouds at 6100m",2017-09-09
17:00,27°C,28°C,280°15 Km/h,,58%,18°C,1012.0mb,,"document.write(Icons.GetShortDescription(1, 'CurrentWeather'));",2017-09-09
18:00,26°C,27°C,280°9 Km/h,,61%,18°C,1013.0mb,,"document.write(Icons.GetShortDescription(1, 'CurrentWeather'));",2017-09-09
19:00,24°C,24°C,260°6 Km/h,,69%,18°C,1012.0mb,,"document.write(Icons.GetShortDescription(1, 'CurrentWeather'));",2017-09-09
20:00,22°C,22°C,310°7 Km/h,,73%,17°C,1013.0mb,,"document.write(Icons.GetShortDescription(1, 'CurrentWeather'));",2017-09-09
21:00,22°C,22°C,300°9 Km/h,,73%,17°C,1013.0mb,,"document.write(Icons.GetShortDescription(1, 'CurrentWeather'));  Haze",2017-09-09
22:00,21°C,21°C,10°6 Km/h,,78%,17°C,1014.0mb,,"document.write(Icons.GetShortDescription(1, 'CurrentWeather'));  Haze",2017-09-09
23:00,21°C,21°C,10°7 Km/h,,78%,17°C,1014.0mb,,"document.write(Icons.GetShortDescription(2, 'CurrentWeather'));  Few Clouds at 210m, Scattered Clouds at 6100m Haze",2017-09-09
