Time,Temperature,Relative Temperature,Wind,Wind Gust,Rel. humidity,Dew Point,Pressure,Icon,DescriptionDetails,date
00:00,9°C,8°C,160°7 Km/h,,76%,5°C,1005.0mb,,"document.write(Icons.GetShortDescription(1, 'CurrentWeather'));",2017-04-29
01:00,11°C,11°C,190°9 Km/h,,67%,5°C,1006.0mb,,"document.write(Icons.GetShortDescription(1, 'CurrentWeather'));",2017-04-29
02:00,8°C,7°C,160°7 Km/h,,76%,4°C,1006.0mb,,"document.write(Icons.GetShortDescription(1, 'CurrentWeather'));",2017-04-29
03:00,8°C,6°C,140°13 Km/h,,76%,4°C,1006.0mb,,"document.write(Icons.GetShortDescription(1, 'CurrentWeather'));",2017-04-29
04:00,7°C,5°C,140°11 Km/h,,81%,4°C,1006.0mb,,"document.write(Icons.GetShortDescription(1, 'CurrentWeather'));",2017-04-29
05:00,8°C,6°C,150°13 Km/h,,76%,4°C,1007.0mb,,"document.write(Icons.GetShortDescription(1, 'CurrentWeather'));",2017-04-29
06:00,8°C,6°C,140°13 Km/h,,76%,4°C,1007.0mb,,"document.write(Icons.GetShortDescription(1, 'CurrentWeather'));  Haze",2017-04-29
07:00,11°C,11°C,160°11 Km/h,,72%,6°C,1007.0mb,,"document.write(Icons.GetShortDescription(1, 'CurrentWeather'));",2017-04-29
08:00,14°C,14°C,180°11 Km/h,,59%,6°C,1007.0mb,,"document.write(Icons.GetShortDescription(1, 'CurrentWeather'));",2017-04-29
09:00,16°C,16°C,210°11 Km/h,,48%,5°C,1008.0mb,,"document.write(Icons.GetShortDescription(1, 'CurrentWeather'));",2017-04-29
10:00,17°C,17°C,200°13 Km/h,,45%,5°C,1008.0mb,,"document.write(Icons.GetShortDescription(1, 'CurrentWeather'));",2017-04-29
11:00,19°C,19°C,210°15 Km/h,,35%,3°C,1008.0mb,,"document.write(Icons.GetShortDescription(1, 'CurrentWeather'));",2017-04-29
12:00,21°C,21°C,200°17 Km/h,,31%,3°C,1008.0mb,,"document.write(Icons.GetShortDescription(1, 'CurrentWeather'));",2017-04-29
13:00,21°C,21°C,230°22 Km/h,,31%,3°C,1007.0mb,,"document.write(Icons.GetShortDescription(1, 'CurrentWeather'));",2017-04-29
14:00,21°C,21°C,240°20 Km/h,,23%,-1°C,1007.0mb,,"document.write(Icons.GetShortDescription(1, 'CurrentWeather'));",2017-04-29
15:00,22°C,21°C,240°20 Km/h,,22%,-1°C,1007.0mb,,"document.write(Icons.GetShortDescription(1, 'CurrentWeather'));",2017-04-29
16:00,22°C,21°C,240°17 Km/h,,20%,-2°C,1006.0mb,,"document.write(Icons.GetShortDescription(1, 'CurrentWeather'));",2017-04-29
17:00,21°C,21°C,240°20 Km/h,,23%,-1°C,1006.0mb,,"document.write(Icons.GetShortDescription(1, 'CurrentWeather'));",2017-04-29
18:00,21°C,21°C,230°19 Km/h,,21%,-2°C,1005.0mb,,"document.write(Icons.GetShortDescription(1, 'CurrentWeather'));",2017-04-29
19:00,20°C,20°C,200°24 Km/h,,23%,-2°C,1005.0mb,,"document.write(Icons.GetShortDescription(1, 'CurrentWeather'));",2017-04-29
20:00,18°C,18°C,210°13 Km/h,,28%,-1°C,1005.0mb,,"document.write(Icons.GetShortDescription(1, 'CurrentWeather'));",2017-04-29
21:00,17°C,17°C,210°17 Km/h,,34%,1°C,1006.0mb,,"document.write(Icons.GetShortDescription(1, 'CurrentWeather'));",2017-04-29
22:00,17°C,17°C,200°13 Km/h,,42%,4°C,1006.0mb,,"document.write(Icons.GetShortDescription(1, 'CurrentWeather'));",2017-04-29
23:00,16°C,16°C,190°11 Km/h,,48%,5°C,1006.0mb,,"document.write(Icons.GetShortDescription(1, 'CurrentWeather'));",2017-04-29
