Time,Temperature,Relative Temperature,Wind,Wind Gust,Rel. humidity,Dew Point,Pressure,Icon,DescriptionDetails,date
00:00,4°C,4°C,310°2 Km/h,,61%,-3°C,1020.0mb,,"document.write(Icons.GetShortDescription(1, 'CurrentWeather'));",2017-03-25
01:00,4°C,4°C,320°4 Km/h,,65%,-2°C,1020.0mb,,"document.write(Icons.GetShortDescription(1, 'CurrentWeather'));",2017-03-25
02:00,4°C,4°C,90°2 Km/h,,61%,-3°C,1020.0mb,,"document.write(Icons.GetShortDescription(1, 'CurrentWeather'));",2017-03-25
03:00,4°C,2°C,140°7 Km/h,,61%,-3°C,1019.0mb,,"document.write(Icons.GetShortDescription(1, 'CurrentWeather'));",2017-03-25
04:00,3°C,3°C,280°2 Km/h,,70%,-2°C,1019.0mb,,"document.write(Icons.GetShortDescription(1, 'CurrentWeather'));",2017-03-25
05:00,4°C,2°C,190°7 Km/h,,65%,-2°C,1019.0mb,,"document.write(Icons.GetShortDescription(1, 'CurrentWeather'));",2017-03-25
06:00,4°C,1°C,180°13 Km/h,,61%,-3°C,1019.0mb,,"document.write(Icons.GetShortDescription(1, 'CurrentWeather'));",2017-03-25
07:00,3°C,1°C,170°7 Km/h,,56%,-5°C,1019.0mb,,"document.write(Icons.GetShortDescription(1, 'CurrentWeather'));",2017-03-25
08:00,6°C,4°C,180°7 Km/h,,53%,-3°C,1020.0mb,,"document.write(Icons.GetShortDescription(3, 'CurrentWeather'));  Few Clouds at 910m, Broken Clouds at 2400m",2017-03-25
09:00,8°C,7°C,180°7 Km/h,,43%,-4°C,1020.0mb,,"document.write(Icons.GetShortDescription(3, 'CurrentWeather'));  Few Clouds at 910m, Broken Clouds at 2400m",2017-03-25
10:00,9°C,7°C,160°15 Km/h,,37%,-5°C,1020.0mb,,"document.write(Icons.GetShortDescription(3, 'CurrentWeather'));  Few Clouds at 910m, Broken Clouds at 2400m",2017-03-25
11:00,10°C,8°C,200°15 Km/h,,37%,-4°C,1020.0mb,,"document.write(Icons.GetShortDescription(4, 'CurrentWeather'));  Few Clouds at 910m, Cloudy at 2400m",2017-03-25
12:00,11°C,11°C,210°13 Km/h,,28%,-7°C,1019.0mb,,"document.write(Icons.GetShortDescription(4, 'CurrentWeather'));  Few Clouds at 910m, Cloudy at 2400m",2017-03-25
13:00,11°C,11°C,210°13 Km/h,,17%,-13°C,1019.0mb,,"document.write(Icons.GetShortDescription(4, 'CurrentWeather'));  Few Clouds at 910m, Cloudy at 2400m",2017-03-25
14:00,12°C,12°C,220°19 Km/h,,22%,-9°C,1018.0mb,,"document.write(Icons.GetShortDescription(4, 'CurrentWeather'));  Few Clouds at 910m, Cloudy at 2700m",2017-03-25
15:00,11°C,11°C,220°19 Km/h,,26%,-8°C,1018.0mb,,"document.write(Icons.GetShortDescription(4, 'CurrentWeather'));  Few Clouds at 910m, Cloudy at 2700m",2017-03-25
16:00,10°C,8°C,250°15 Km/h,,25%,-9°C,1018.0mb,,"document.write(Icons.GetShortDescription(4, 'CurrentWeather'));  Few Clouds at 910m, Cloudy at 2700m",2017-03-25
17:00,10°C,8°C,250°17 Km/h,,25%,-9°C,1018.0mb,,"document.write(Icons.GetShortDescription(1, 'CurrentWeather'));",2017-03-25
18:00,9°C,7°C,280°11 Km/h,,25%,-10°C,1019.0mb,,"document.write(Icons.GetShortDescription(1, 'CurrentWeather'));",2017-03-25
19:00,5°C,2°C,310°13 Km/h,,42%,-7°C,1019.0mb,,"document.write(Icons.GetShortDescription(1, 'CurrentWeather'));",2017-03-25
20:00,5°C,5°C,290°4 Km/h,,42%,-7°C,1020.0mb,,"document.write(Icons.GetShortDescription(1, 'CurrentWeather'));",2017-03-25
21:00,4°C,4°C,250°2 Km/h,,45%,-7°C,1020.0mb,,"document.write(Icons.GetShortDescription(1, 'CurrentWeather'));",2017-03-25
22:00,4°C,4°C,Calm,,52%,-5°C,1020.0mb,,"document.write(Icons.GetShortDescription(1, 'CurrentWeather'));",2017-03-25
23:00,3°C,3°C,260°2 Km/h,,60%,-4°C,1020.0mb,,"document.write(Icons.GetShortDescription(1, 'CurrentWeather'));",2017-03-25
