Time,Temperature,Relative Temperature,Wind,Wind Gust,Rel. humidity,Dew Point,Pressure,Icon,DescriptionDetails,date
00:00,11°C,11°C,320°6 Km/h,,77%,7°C,1019.0mb,,"document.write(Icons.GetShortDescription(1, 'CurrentWeather'));",2017-10-21
01:00,11°C,11°C,320°6 Km/h,,77%,7°C,1019.0mb,,"document.write(Icons.GetShortDescription(1, 'CurrentWeather'));",2017-10-21
02:00,10°C,10°C,320°6 Km/h,,82%,7°C,1019.0mb,,"document.write(Icons.GetShortDescription(1, 'CurrentWeather'));",2017-10-21
03:00,10°C,10°C,350°6 Km/h,,82%,7°C,1019.0mb,,"document.write(Icons.GetShortDescription(1, 'CurrentWeather'));  Haze",2017-10-21
04:00,11°C,11°C,350°7 Km/h,,82%,8°C,1019.0mb,,"document.write(Icons.GetShortDescription(2, 'CurrentWeather'));  Few Clouds at 90m Partial Fog",2017-10-21
05:00,9°C,9°C,350°4 Km/h,,87%,7°C,1019.0mb,,"document.write(Icons.GetShortDescription(2, 'CurrentWeather'));  Few Clouds at 90m Partial Fog",2017-10-21
06:00,9°C,8°C,20°6 Km/h,,87%,7°C,1019.0mb,,"document.write(Icons.GetShortDescription(1, 'CurrentWeather'));  Haze",2017-10-21
07:00,9°C,9°C,340°4 Km/h,,87%,7°C,1019.0mb,,"document.write(Icons.GetShortDescription(2, 'CurrentWeather'));  Few Clouds at 60m Partial Fog",2017-10-21
08:00,11°C,11°C,350°7 Km/h,,82%,8°C,1020.0mb,,"document.write(Icons.GetShortDescription(1, 'CurrentWeather'));  Haze",2017-10-21
09:00,13°C,13°C,330°6 Km/h,,88%,11°C,1020.0mb,,"document.write(Icons.GetShortDescription(1, 'CurrentWeather'));",2017-10-21
10:00,17°C,17°C,360°4 Km/h,,73%,12°C,1020.0mb,,"document.write(Icons.GetShortDescription(1, 'CurrentWeather'));",2017-10-21
11:00,18°C,18°C,350°6 Km/h,,68%,12°C,1019.0mb,,"document.write(Icons.GetShortDescription(1, 'CurrentWeather'));",2017-10-21
12:00,20°C,20°C,360°7 Km/h,,56%,11°C,1019.0mb,,"document.write(Icons.GetShortDescription(1, 'CurrentWeather'));",2017-10-21
13:00,21°C,21°C,320°7 Km/h,,46%,9°C,1018.0mb,,"document.write(Icons.GetShortDescription(1, 'CurrentWeather'));",2017-10-21
14:00,22°C,21°C,320°13 Km/h,,44%,9°C,1017.0mb,,"document.write(Icons.GetShortDescription(1, 'CurrentWeather'));",2017-10-21
15:00,23°C,22°C,330°19 Km/h,,38%,8°C,1017.0mb,,"document.write(Icons.GetShortDescription(1, 'CurrentWeather'));",2017-10-21
16:00,23°C,22°C,330°17 Km/h,,36%,7°C,1017.0mb,,"document.write(Icons.GetShortDescription(1, 'CurrentWeather'));",2017-10-21
17:00,21°C,21°C,330°15 Km/h,,38%,6°C,1016.0mb,,"document.write(Icons.GetShortDescription(1, 'CurrentWeather'));",2017-10-21
18:00,17°C,17°C,330°11 Km/h,,45%,5°C,1016.0mb,,"document.write(Icons.GetShortDescription(1, 'CurrentWeather'));",2017-10-21
19:00,18°C,18°C,320°6 Km/h,,43%,5°C,1016.0mb,,"document.write(Icons.GetShortDescription(1, 'CurrentWeather'));",2017-10-21
20:00,15°C,15°C,330°11 Km/h,,51%,5°C,1017.0mb,,"document.write(Icons.GetShortDescription(1, 'CurrentWeather'));",2017-10-21
21:00,14°C,14°C,340°11 Km/h,,55%,5°C,1016.0mb,,"document.write(Icons.GetShortDescription(1, 'CurrentWeather'));",2017-10-21
22:00,13°C,13°C,330°13 Km/h,,63%,6°C,1017.0mb,,"document.write(Icons.GetShortDescription(1, 'CurrentWeather'));",2017-10-21
23:00,13°C,13°C,320°9 Km/h,,63%,6°C,1016.0mb,,"document.write(Icons.GetShortDescription(1, 'CurrentWeather'));",2017-10-21
