Time,Temperature,Relative Temperature,Wind,Wind Gust,Rel. humidity,Dew Point,Pressure,Icon,DescriptionDetails,date
00:00,18°C,18°C,190°7 Km/h,,78%,14°C,1011.0mb,,"document.write(Icons.GetShortDescription(1, 'CurrentWeather'));",2017-05-30
01:00,18°C,18°C,170°11 Km/h,,73%,13°C,1011.0mb,,"document.write(Icons.GetShortDescription(1, 'CurrentWeather'));",2017-05-30
02:00,18°C,18°C,190°13 Km/h,,78%,14°C,1010.0mb,,"document.write(Icons.GetShortDescription(1, 'CurrentWeather'));  Haze",2017-05-30
03:00,18°C,18°C,200°7 Km/h,,78%,14°C,1011.0mb,,"document.write(Icons.GetShortDescription(1, 'CurrentWeather'));  Haze",2017-05-30
04:00,18°C,18°C,190°9 Km/h,,78%,14°C,1011.0mb,,"document.write(Icons.GetShortDescription(1, 'CurrentWeather'));  Haze",2017-05-30
05:00,18°C,18°C,200°11 Km/h,,73%,13°C,1011.0mb,,"document.write(Icons.GetShortDescription(1, 'CurrentWeather'));",2017-05-30
06:00,17°C,17°C,40°2 Km/h,,77%,13°C,1012.0mb,,"document.write(Icons.GetShortDescription(1, 'CurrentWeather'));",2017-05-30
07:00,19°C,19°C,60°4 Km/h,,68%,13°C,1012.0mb,,"document.write(Icons.GetShortDescription(1, 'CurrentWeather'));",2017-05-30
08:00,21°C,21°C,160°6 Km/h,,60%,13°C,1012.0mb,,"document.write(Icons.GetShortDescription(1, 'CurrentWeather'));",2017-05-30
09:00,22°C,22°C,80°4 Km/h,,53%,12°C,1012.0mb,,"document.write(Icons.GetShortDescription(1, 'CurrentWeather'));",2017-05-30
10:00,24°C,24°C,150°7 Km/h,,44%,11°C,1011.0mb,,"document.write(Icons.GetShortDescription(1, 'CurrentWeather'));",2017-05-30
11:00,26°C,26°C,190°13 Km/h,,34%,9°C,1010.0mb,,"document.write(Icons.GetShortDescription(1, 'CurrentWeather'));",2017-05-30
12:00,27°C,26°C,190°17 Km/h,,30%,8°C,1010.0mb,,"document.write(Icons.GetShortDescription(1, 'CurrentWeather'));",2017-05-30
13:00,28°C,27°C,210°17 Km/h,,23%,5°C,1009.0mb,,"document.write(Icons.GetShortDescription(1, 'CurrentWeather'));",2017-05-30
14:00,29°C,28°C,220°13 Km/h,,22%,5°C,1009.0mb,,"document.write(Icons.GetShortDescription(1, 'CurrentWeather'));",2017-05-30
15:00,29°C,27°C,250°15 Km/h,,19%,3°C,1008.0mb,,"document.write(Icons.GetShortDescription(1, 'CurrentWeather'));",2017-05-30
16:00,29°C,27°C,210°19 Km/h,,16%,1°C,1008.0mb,,"document.write(Icons.GetShortDescription(1, 'CurrentWeather'));",2017-05-30
17:00,29°C,27°C,250°11 Km/h,,14%,-1°C,1007.0mb,,"document.write(Icons.GetShortDescription(1, 'CurrentWeather'));",2017-05-30
18:00,27°C,26°C,270°9 Km/h,,23%,4°C,1007.0mb,,"document.write(Icons.GetShortDescription(1, 'CurrentWeather'));",2017-05-30
19:00,24°C,23°C,290°11 Km/h,,39%,9°C,1007.0mb,,"document.write(Icons.GetShortDescription(1, 'CurrentWeather'));",2017-05-30
20:00,21°C,21°C,300°9 Km/h,,50%,10°C,1007.0mb,,"document.write(Icons.GetShortDescription(1, 'CurrentWeather'));",2017-05-30
21:00,19°C,19°C,310°11 Km/h,,60%,11°C,1008.0mb,,"document.write(Icons.GetShortDescription(1, 'CurrentWeather'));",2017-05-30
22:00,18°C,18°C,310°11 Km/h,,68%,12°C,1008.0mb,,"document.write(Icons.GetShortDescription(1, 'CurrentWeather'));",2017-05-30
23:00,17°C,17°C,320°9 Km/h,,77%,13°C,1008.0mb,,"document.write(Icons.GetShortDescription(1, 'CurrentWeather'));",2017-05-30
