Time,Temperature,Relative Temperature,Wind,Wind Gust,Rel. humidity,Dew Point,Pressure,Icon,DescriptionDetails,date
00:00,26°C,28°C,180°9 Km/h,,79%,22°C,1008.0mb,,"document.write(Icons.GetShortDescription(7, 'CurrentWeather'));  Few Clouds at 460m, Broken Clouds at 910m, Cloudy at 2400m Light Rain",2017-07-15
01:00,26°C,28°C,210°4 Km/h,,84%,23°C,1008.0mb,,"document.write(Icons.GetShortDescription(7, 'CurrentWeather'));  Few Clouds at 460m, Broken Clouds at 910m, Cloudy at 2400m Light Rain",2017-07-15
02:00,25°C,26°C,280°9 Km/h,,83%,22°C,1008.0mb,,"document.write(Icons.GetShortDescription(7, 'CurrentWeather'));  Few Clouds at 460m, Broken Clouds at 910m, Cloudy at 2400m Light Rain, Haze",2017-07-15
03:00,24°C,25°C,300°13 Km/h,,89%,22°C,1008.0mb,,"document.write(Icons.GetShortDescription(7, 'CurrentWeather'));  Few Clouds at 460m, Broken Clouds at 910m, Cloudy at 2400m Light Rain, Haze",2017-07-15
04:00,23°C,24°C,330°4 Km/h,,89%,21°C,1008.0mb,,"document.write(Icons.GetShortDescription(7, 'CurrentWeather'));  Few Clouds at 460m, Broken Clouds at 910m, Cloudy at 2400m Heavy Rain, Haze",2017-07-15
05:00,23°C,24°C,30°4 Km/h,,89%,21°C,1008.0mb,,"document.write(Icons.GetShortDescription(7, 'CurrentWeather'));  Few Clouds at 460m, Broken Clouds at 910m, Cloudy at 2400m Rain",2017-07-15
06:00,23°C,24°C,20°4 Km/h,,89%,21°C,1008.0mb,,"document.write(Icons.GetShortDescription(4, 'CurrentWeather'));  Few Clouds at 460m, Broken Clouds at 910m, Cloudy at 2400m",2017-07-15
07:00,24°C,25°C,180°6 Km/h,,83%,21°C,1008.0mb,,"document.write(Icons.GetShortDescription(4, 'CurrentWeather'));  Broken Clouds at 910m, Cloudy at 3700m",2017-07-15
08:00,25°C,26°C,190°9 Km/h,,79%,21°C,1009.0mb,,"document.write(Icons.GetShortDescription(3, 'CurrentWeather'));  Few Clouds at 300m, Broken Clouds at 910m, Broken Clouds at 3700m",2017-07-15
09:00,25°C,26°C,200°13 Km/h,,83%,22°C,1009.0mb,,"document.write(Icons.GetShortDescription(4, 'CurrentWeather'));  Few Clouds at 300m, Broken Clouds at 760m, Cloudy at 3700m",2017-07-15
10:00,26°C,28°C,210°11 Km/h,,79%,22°C,1009.0mb,,"document.write(Icons.GetShortDescription(4, 'CurrentWeather'));  Scattered Clouds at 300m, Broken Clouds at 760m, Cloudy at 3700m",2017-07-15
11:00,26°C,28°C,200°13 Km/h,,79%,22°C,1009.0mb,,"document.write(Icons.GetShortDescription(4, 'CurrentWeather'));  Scattered Clouds at 300m, Broken Clouds at 760m, Cloudy at 3700m",2017-07-15
12:00,26°C,28°C,210°11 Km/h,,79%,22°C,1009.0mb,,"document.write(Icons.GetShortDescription(7, 'CurrentWeather'));  Scattered Clouds at 300m, Broken Clouds at 760m, Cloudy at 3700m Light Rain",2017-07-15
13:00,26°C,28°C,230°19 Km/h,,79%,22°C,1009.0mb,,"document.write(Icons.GetShortDescription(7, 'CurrentWeather'));  Scattered Clouds at 300m, Broken Clouds at 610m, Cloudy at 3000m Light Rain",2017-07-15
14:00,26°C,28°C,240°19 Km/h,,79%,22°C,1009.0mb,,"document.write(Icons.GetShortDescription(7, 'CurrentWeather'));  Scattered Clouds at 270m, Broken Clouds at 610m, Cloudy at 3000m Light Rain",2017-07-15
14:32,25°C,26°C,240°19 Km/h,,83%,22°C,1009.0mb,,"document.write(Icons.GetShortDescription(7, 'CurrentWeather'));  Scattered Clouds at 270m, Broken Clouds at 610m, Cloudy at 3000m Light Rain, Haze",2017-07-15
14:41,25°C,26°C,240°19 Km/h,,83%,22°C,1009.0mb,,"document.write(Icons.GetShortDescription(7, 'CurrentWeather'));  Scattered Clouds at 270m, Broken Clouds at 610m, Cloudy at 3000m Rain",2017-07-15
15:05,24°C,25°C,250°13 Km/h,,89%,22°C,1009.0mb,,"document.write(Icons.GetShortDescription(7, 'CurrentWeather'));  Scattered Clouds at 270m, Broken Clouds at 610m, Cloudy at 3000m Heavy Rain, Haze",2017-07-15
15:16,25°C,26°C,240°15 Km/h,,83%,22°C,1009.0mb,,"document.write(Icons.GetShortDescription(7, 'CurrentWeather'));  Scattered Clouds at 270m, Broken Clouds at 610m, Cloudy at 3000m Light Rain, Haze",2017-07-15
15:29,25°C,26°C,240°15 Km/h,,83%,22°C,1009.0mb,,"document.write(Icons.GetShortDescription(4, 'CurrentWeather'));  Scattered Clouds at 270m, Broken Clouds at 610m, Cloudy at 3000m",2017-07-15
16:00,25°C,26°C,240°17 Km/h,,83%,22°C,1009.0mb,,"document.write(Icons.GetShortDescription(4, 'CurrentWeather'));  Scattered Clouds at 300m, Broken Clouds at 610m, Cloudy at 3000m",2017-07-15
17:00,26°C,28°C,240°17 Km/h,,79%,22°C,1009.0mb,,"document.write(Icons.GetShortDescription(4, 'CurrentWeather'));  Scattered Clouds at 300m, Broken Clouds at 760m, Cloudy at 3000m",2017-07-15
18:00,26°C,28°C,260°7 Km/h,,79%,22°C,1009.0mb,,"document.write(Icons.GetShortDescription(7, 'CurrentWeather'));  Scattered Clouds at 300m, Broken Clouds at 760m, Cloudy at 3000m Light Rain",2017-07-15
19:00,25°C,26°C,220°11 Km/h,,83%,22°C,1010.0mb,,"document.write(Icons.GetShortDescription(7, 'CurrentWeather'));  Scattered Clouds at 300m, Broken Clouds at 610m, Cloudy at 3000m Light Rain",2017-07-15
20:00,25°C,26°C,220°13 Km/h,,83%,22°C,1011.0mb,,"document.write(Icons.GetShortDescription(7, 'CurrentWeather'));  Scattered Clouds at 300m, Broken Clouds at 610m, Cloudy at 3000m Light Rain",2017-07-15
21:00,25°C,26°C,230°9 Km/h,,83%,22°C,1011.0mb,,"document.write(Icons.GetShortDescription(7, 'CurrentWeather'));  Scattered Clouds at 300m, Broken Clouds at 610m, Cloudy at 2400m Light Rain",2017-07-15
22:00,24°C,25°C,220°9 Km/h,,89%,22°C,1012.0mb,,"document.write(Icons.GetShortDescription(7, 'CurrentWeather'));  Scattered Clouds at 300m, Broken Clouds at 610m, Cloudy at 2400m Light Rain, Haze",2017-07-15
23:00,24°C,25°C,Calm,,89%,22°C,1012.0mb,,"document.write(Icons.GetShortDescription(7, 'CurrentWeather'));  Few Clouds at 300m, Broken Clouds at 1200m, Cloudy at 3000m Light Rain",2017-07-15
