Time,Temperature,Relative Temperature,Wind,Wind Gust,Rel. humidity,Dew Point,Pressure,Icon,DescriptionDetails,date
00:00,4°C,4°C,50°4 Km/h,,70%,-1°C,1025.0mb,,"document.write(Icons.GetShortDescription(1, 'CurrentWeather'));",2017-03-19
01:00,2°C,2°C,300°2 Km/h,,75%,-2°C,1025.0mb,,"document.write(Icons.GetShortDescription(1, 'CurrentWeather'));",2017-03-19
02:00,1°C,1°C,320°4 Km/h,,75%,-3°C,1025.0mb,,"document.write(Icons.GetShortDescription(1, 'CurrentWeather'));",2017-03-19
03:00,2°C,0°C,340°6 Km/h,,75%,-2°C,1025.0mb,,"document.write(Icons.GetShortDescription(1, 'CurrentWeather'));  Haze",2017-03-19
04:00,1°C,-1°C,300°6 Km/h,,81%,-2°C,1025.0mb,,"document.write(Icons.GetShortDescription(1, 'CurrentWeather'));  Haze",2017-03-19
05:00,0°C,0°C,360°2 Km/h,,80%,-3°C,1026.0mb,,"document.write(Icons.GetShortDescription(1, 'CurrentWeather'));  Haze",2017-03-19
05:35,0°C,0°C,Calm,,80%,-3°C,1026.0mb,,"document.write(Icons.GetShortDescription(2, 'CurrentWeather'));  Scattered Clouds at 120m",2017-03-19
06:00,1°C,1°C,350°2 Km/h,,87%,-1°C,1026.0mb,,"document.write(Icons.GetShortDescription(2, 'CurrentWeather'));  Few Clouds at 150m Haze",2017-03-19
07:00,-1°C,-1°C,220°2 Km/h,,86%,-3°C,1027.0mb,,"document.write(Icons.GetShortDescription(1, 'CurrentWeather'));  Haze",2017-03-19
07:38,0°C,0°C,310°4 Km/h,,87%,-2°C,1028.0mb,,"document.write(Icons.GetShortDescription(1, 'CurrentWeather'));  Partial Fog",2017-03-19
08:00,2°C,2°C,350°4 Km/h,,87%,0°C,1028.0mb,,"document.write(Icons.GetShortDescription(1, 'CurrentWeather'));  Haze",2017-03-19
09:00,6°C,5°C,360°6 Km/h,,66%,0°C,1029.0mb,,"document.write(Icons.GetShortDescription(1, 'CurrentWeather'));  Haze",2017-03-19
10:00,9°C,9°C,340°4 Km/h,,54%,0°C,1028.0mb,,"document.write(Icons.GetShortDescription(1, 'CurrentWeather'));  Haze",2017-03-19
10:38,11°C,11°C,50°6 Km/h,,41%,-2°C,1028.0mb,,"document.write(Icons.GetShortDescription(1, 'CurrentWeather'));",2017-03-19
11:00,12°C,12°C,350°4 Km/h,,35%,-3°C,1028.0mb,,"document.write(Icons.GetShortDescription(1, 'CurrentWeather'));",2017-03-19
12:00,14°C,14°C,100°7 Km/h,,27%,-5°C,1027.0mb,,"document.write(Icons.GetShortDescription(1, 'CurrentWeather'));",2017-03-19
13:00,15°C,15°C,40°6 Km/h,,23%,-6°C,1026.0mb,,"document.write(Icons.GetShortDescription(1, 'CurrentWeather'));",2017-03-19
14:00,16°C,16°C,350°7 Km/h,,22%,-6°C,1025.0mb,,"document.write(Icons.GetShortDescription(1, 'CurrentWeather'));",2017-03-19
15:00,17°C,17°C,80°7 Km/h,,22%,-5°C,1024.0mb,,"document.write(Icons.GetShortDescription(1, 'CurrentWeather'));",2017-03-19
16:00,17°C,17°C,330°11 Km/h,,19%,-7°C,1024.0mb,,"document.write(Icons.GetShortDescription(1, 'CurrentWeather'));",2017-03-19
17:00,17°C,17°C,330°6 Km/h,,17%,-8°C,1023.0mb,,"document.write(Icons.GetShortDescription(1, 'CurrentWeather'));",2017-03-19
18:00,16°C,16°C,290°11 Km/h,,25%,-4°C,1024.0mb,,"document.write(Icons.GetShortDescription(1, 'CurrentWeather'));",2017-03-19
19:00,12°C,12°C,300°11 Km/h,,38%,-2°C,1024.0mb,,"document.write(Icons.GetShortDescription(1, 'CurrentWeather'));",2017-03-19
20:00,10°C,9°C,30°7 Km/h,,43%,-2°C,1024.0mb,,"document.write(Icons.GetShortDescription(1, 'CurrentWeather'));",2017-03-19
21:00,7°C,7°C,280°4 Km/h,,53%,-2°C,1025.0mb,,"document.write(Icons.GetShortDescription(1, 'CurrentWeather'));",2017-03-19
22:00,6°C,5°C,340°6 Km/h,,57%,-2°C,1025.0mb,,"document.write(Icons.GetShortDescription(1, 'CurrentWeather'));",2017-03-19
23:00,6°C,6°C,350°4 Km/h,,61%,-1°C,1025.0mb,,"document.write(Icons.GetShortDescription(1, 'CurrentWeather'));",2017-03-19
