Time,Temperature,Relative Temperature,Wind,Wind Gust,Rel. humidity,Dew Point,Pressure,Icon,DescriptionDetails,date
00:00,-5°C,-10°C,310°13 Km/h,,54%,-13°C,1024.0mb,,"document.write(Icons.GetShortDescription(1, 'CurrentWeather'));",2017-02-24
01:00,-4°C,-7°C,290°7 Km/h,,50%,-13°C,1024.0mb,,"document.write(Icons.GetShortDescription(1, 'CurrentWeather'));",2017-02-24
02:00,-4°C,-6°C,260°6 Km/h,,46%,-14°C,1024.0mb,,"document.write(Icons.GetShortDescription(1, 'CurrentWeather'));",2017-02-24
03:00,-5°C,-5°C,290°4 Km/h,,54%,-13°C,1025.0mb,,"document.write(Icons.GetShortDescription(1, 'CurrentWeather'));",2017-02-24
04:00,-5°C,-5°C,280°4 Km/h,,54%,-13°C,1025.0mb,,"document.write(Icons.GetShortDescription(1, 'CurrentWeather'));",2017-02-24
05:00,-6°C,-6°C,310°4 Km/h,,58%,-13°C,1025.0mb,,"document.write(Icons.GetShortDescription(1, 'CurrentWeather'));",2017-02-24
06:00,-5°C,-8°C,310°6 Km/h,,54%,-13°C,1025.0mb,,"document.write(Icons.GetShortDescription(1, 'CurrentWeather'));",2017-02-24
07:00,-7°C,-10°C,280°6 Km/h,,63%,-13°C,1025.0mb,,"document.write(Icons.GetShortDescription(1, 'CurrentWeather'));",2017-02-24
08:00,-5°C,-5°C,40°4 Km/h,,58%,-12°C,1026.0mb,,"document.write(Icons.GetShortDescription(1, 'CurrentWeather'));",2017-02-24
09:00,-3°C,-5°C,330°6 Km/h,,46%,-13°C,1026.0mb,,"document.write(Icons.GetShortDescription(1, 'CurrentWeather'));",2017-02-24
10:00,-1°C,-3°C,360°6 Km/h,,34%,-15°C,1025.0mb,,"document.write(Icons.GetShortDescription(1, 'CurrentWeather'));",2017-02-24
11:00,0°C,-2°C,320°6 Km/h,,34%,-14°C,1025.0mb,,"document.write(Icons.GetShortDescription(1, 'CurrentWeather'));",2017-02-24
12:00,2°C,-1°C,340°11 Km/h,,27%,-15°C,1025.0mb,,"document.write(Icons.GetShortDescription(1, 'CurrentWeather'));",2017-02-24
13:00,2°C,-2°C,280°17 Km/h,,27%,-15°C,1025.0mb,,"document.write(Icons.GetShortDescription(1, 'CurrentWeather'));",2017-02-24
14:00,3°C,-1°C,290°19 Km/h,,28%,-14°C,1024.0mb,,"document.write(Icons.GetShortDescription(2, 'CurrentWeather'));  Few Clouds at 910m",2017-02-24
15:00,3°C,-2°C,290°20 Km/h,,33%,-12°C,1024.0mb,,"document.write(Icons.GetShortDescription(2, 'CurrentWeather'));  Scattered Clouds at 1200m",2017-02-24
16:00,3°C,0°C,270°13 Km/h,,38%,-10°C,1023.0mb,,"document.write(Icons.GetShortDescription(2, 'CurrentWeather'));  Scattered Clouds at 1200m",2017-02-24
17:00,3°C,0°C,240°9 Km/h,,38%,-10°C,1023.0mb,,"document.write(Icons.GetShortDescription(2, 'CurrentWeather'));  Scattered Clouds at 1200m",2017-02-24
18:00,2°C,-2°C,220°13 Km/h,,44%,-9°C,1023.0mb,,"document.write(Icons.GetShortDescription(2, 'CurrentWeather'));  Few Clouds at 1200m, Scattered Clouds at 5500m",2017-02-24
19:00,1°C,-3°C,220°13 Km/h,,51%,-8°C,1023.0mb,,"document.write(Icons.GetShortDescription(1, 'CurrentWeather'));",2017-02-24
20:00,1°C,-2°C,220°9 Km/h,,56%,-7°C,1023.0mb,,"document.write(Icons.GetShortDescription(1, 'CurrentWeather'));",2017-02-24
21:00,1°C,-1°C,230°7 Km/h,,60%,-6°C,1023.0mb,,"document.write(Icons.GetShortDescription(1, 'CurrentWeather'));",2017-02-24
22:00,0°C,-3°C,230°7 Km/h,,69%,-5°C,1023.0mb,,"document.write(Icons.GetShortDescription(1, 'CurrentWeather'));",2017-02-24
23:00,-1°C,-3°C,310°6 Km/h,,64%,-7°C,1024.0mb,,"document.write(Icons.GetShortDescription(1, 'CurrentWeather'));",2017-02-24
