Time,Temperature,Relative Temperature,Wind,Wind Gust,Rel. humidity,Dew Point,Pressure,Icon,DescriptionDetails,date
00:00,-6°C,-10°C,320°7 Km/h,,54%,-14°C,1031.0mb,,"document.write(Icons.GetShortDescription(1, 'CurrentWeather'));",2017-01-28
01:00,-7°C,-10°C,350°6 Km/h,,58%,-14°C,1031.0mb,,"document.write(Icons.GetShortDescription(1, 'CurrentWeather'));",2017-01-28
02:00,-8°C,-11°C,40°6 Km/h,,58%,-15°C,1031.0mb,,"document.write(Icons.GetShortDescription(1, 'CurrentWeather'));",2017-01-28
03:00,-7°C,-7°C,360°2 Km/h,,58%,-14°C,1030.0mb,,"document.write(Icons.GetShortDescription(1, 'CurrentWeather'));",2017-01-28
04:00,-9°C,-13°C,330°7 Km/h,,67%,-14°C,1030.0mb,,"document.write(Icons.GetShortDescription(1, 'CurrentWeather'));",2017-01-28
05:00,-8°C,-8°C,330°4 Km/h,,68%,-13°C,1030.0mb,,"document.write(Icons.GetShortDescription(1, 'CurrentWeather'));",2017-01-28
06:00,-9°C,-14°C,350°9 Km/h,,67%,-14°C,1029.0mb,,"document.write(Icons.GetShortDescription(1, 'CurrentWeather'));",2017-01-28
07:00,-9°C,-14°C,330°9 Km/h,,67%,-14°C,1029.0mb,,"document.write(Icons.GetShortDescription(1, 'CurrentWeather'));",2017-01-28
08:00,-9°C,-14°C,330°9 Km/h,,67%,-14°C,1030.0mb,,"document.write(Icons.GetShortDescription(1, 'CurrentWeather'));",2017-01-28
09:00,-7°C,-10°C,330°6 Km/h,,63%,-13°C,1030.0mb,,"document.write(Icons.GetShortDescription(1, 'CurrentWeather'));",2017-01-28
10:00,-5°C,-8°C,360°7 Km/h,,54%,-13°C,1030.0mb,,"document.write(Icons.GetShortDescription(1, 'CurrentWeather'));",2017-01-28
11:00,-3°C,-5°C,10°6 Km/h,,43%,-14°C,1029.0mb,,"document.write(Icons.GetShortDescription(1, 'CurrentWeather'));",2017-01-28
12:00,-1°C,-4°C,20°7 Km/h,,40%,-13°C,1028.0mb,,"document.write(Icons.GetShortDescription(1, 'CurrentWeather'));",2017-01-28
13:00,0°C,-2°C,360°6 Km/h,,29%,-16°C,1027.0mb,,"document.write(Icons.GetShortDescription(1, 'CurrentWeather'));",2017-01-28
14:00,2°C,2°C,10°4 Km/h,,27%,-15°C,1026.0mb,,"document.write(Icons.GetShortDescription(1, 'CurrentWeather'));",2017-01-28
15:00,3°C,0°C,90°9 Km/h,,23%,-16°C,1025.0mb,,"document.write(Icons.GetShortDescription(1, 'CurrentWeather'));",2017-01-28
16:00,3°C,2°C,40°6 Km/h,,22%,-17°C,1025.0mb,,"document.write(Icons.GetShortDescription(1, 'CurrentWeather'));",2017-01-28
17:00,2°C,-2°C,330°13 Km/h,,32%,-13°C,1026.0mb,,"document.write(Icons.GetShortDescription(1, 'CurrentWeather'));",2017-01-28
18:00,1°C,-1°C,350°6 Km/h,,35%,-13°C,1025.0mb,,"document.write(Icons.GetShortDescription(1, 'CurrentWeather'));",2017-01-28
19:00,1°C,1°C,350°4 Km/h,,35%,-13°C,1025.0mb,,"document.write(Icons.GetShortDescription(1, 'CurrentWeather'));",2017-01-28
20:00,1°C,1°C,20°2 Km/h,,38%,-12°C,1024.0mb,,"document.write(Icons.GetShortDescription(1, 'CurrentWeather'));",2017-01-28
21:00,0°C,-2°C,320°6 Km/h,,44%,-11°C,1024.0mb,,"document.write(Icons.GetShortDescription(1, 'CurrentWeather'));",2017-01-28
22:00,0°C,-3°C,330°7 Km/h,,47%,-10°C,1024.0mb,,"document.write(Icons.GetShortDescription(1, 'CurrentWeather'));",2017-01-28
23:00,0°C,0°C,340°4 Km/h,,51%,-9°C,1024.0mb,,"document.write(Icons.GetShortDescription(1, 'CurrentWeather'));",2017-01-28
