Time,Temperature,Relative Temperature,Wind,Wind Gust,Rel. humidity,Dew Point,Pressure,Icon,DescriptionDetails,date
00:00,25°C,26°C,320°6 Km/h,,79%,21°C,1006.0mb,,"document.write(Icons.GetShortDescription(3, 'CurrentWeather'));  Few Clouds at 910m, Broken Clouds at 6100m",2017-07-20
01:00,25°C,26°C,290°2 Km/h,,83%,22°C,1006.0mb,,"document.write(Icons.GetShortDescription(3, 'CurrentWeather'));  Few Clouds at 910m, Broken Clouds at 6100m",2017-07-20
02:00,25°C,26°C,40°2 Km/h,,83%,22°C,1006.0mb,,"document.write(Icons.GetShortDescription(3, 'CurrentWeather'));  Few Clouds at 910m, Broken Clouds at 6100m",2017-07-20
03:00,25°C,26°C,110°4 Km/h,,83%,22°C,1006.0mb,,"document.write(Icons.GetShortDescription(3, 'CurrentWeather'));  Few Clouds at 910m, Broken Clouds at 6100m",2017-07-20
04:00,25°C,26°C,310°4 Km/h,,83%,22°C,1006.0mb,,"document.write(Icons.GetShortDescription(3, 'CurrentWeather'));  Few Clouds at 910m, Broken Clouds at 6100m Haze",2017-07-20
05:00,24°C,25°C,320°4 Km/h,,89%,22°C,1007.0mb,,"document.write(Icons.GetShortDescription(3, 'CurrentWeather'));  Scattered Clouds at 1100m, Broken Clouds at 6100m Haze",2017-07-20
06:00,24°C,25°C,360°6 Km/h,,89%,22°C,1007.0mb,,"document.write(Icons.GetShortDescription(3, 'CurrentWeather'));  Scattered Clouds at 1100m, Broken Clouds at 6100m Haze",2017-07-20
07:00,25°C,26°C,330°6 Km/h,,89%,23°C,1008.0mb,,"document.write(Icons.GetShortDescription(2, 'CurrentWeather'));  Scattered Clouds at 1100m Haze",2017-07-20
08:00,27°C,30°C,360°2 Km/h,,79%,23°C,1008.0mb,,"document.write(Icons.GetShortDescription(2, 'CurrentWeather'));  Few Clouds at 1100m Haze",2017-07-20
09:00,29°C,33°C,160°6 Km/h,,70%,23°C,1008.0mb,,"document.write(Icons.GetShortDescription(2, 'CurrentWeather'));  Few Clouds at 1100m Haze",2017-07-20
10:00,31°C,35°C,220°9 Km/h,,62%,23°C,1007.0mb,,"document.write(Icons.GetShortDescription(2, 'CurrentWeather'));  Scattered Clouds at 1100m",2017-07-20
11:00,32°C,37°C,210°7 Km/h,,59%,23°C,1007.0mb,,"document.write(Icons.GetShortDescription(2, 'CurrentWeather'));  Scattered Clouds at 1200m",2017-07-20
12:00,33°C,38°C,220°13 Km/h,,56%,23°C,1007.0mb,,"document.write(Icons.GetShortDescription(2, 'CurrentWeather'));  Few Clouds at 1200m, Scattered Clouds at 6100m",2017-07-20
13:00,33°C,37°C,230°9 Km/h,,52%,22°C,1006.0mb,,"document.write(Icons.GetShortDescription(2, 'CurrentWeather'));  Few Clouds at 1200m, Scattered Clouds at 6100m",2017-07-20
14:00,33°C,38°C,260°6 Km/h,,56%,23°C,1005.0mb,,"document.write(Icons.GetShortDescription(2, 'CurrentWeather'));  Scattered Clouds at 1200m",2017-07-20
15:00,34°C,38°C,250°6 Km/h,,49%,22°C,1005.0mb,,"document.write(Icons.GetShortDescription(2, 'CurrentWeather'));  Scattered Clouds at 1200m",2017-07-20
16:00,33°C,37°C,270°20 Km/h,,52%,22°C,1005.0mb,,"document.write(Icons.GetShortDescription(3, 'CurrentWeather'));  Few Clouds at 760m, Broken Clouds at 1200m",2017-07-20
17:00,33°C,38°C,270°15 Km/h,,56%,23°C,1005.0mb,,"document.write(Icons.GetShortDescription(2, 'CurrentWeather'));  Few Clouds at 1200m",2017-07-20
18:00,32°C,37°C,250°13 Km/h,,59%,23°C,1005.0mb,,"document.write(Icons.GetShortDescription(1, 'CurrentWeather'));",2017-07-20
19:00,31°C,35°C,260°9 Km/h,,59%,22°C,1005.0mb,,"document.write(Icons.GetShortDescription(1, 'CurrentWeather'));",2017-07-20
20:00,30°C,33°C,290°11 Km/h,,62%,22°C,1006.0mb,,"document.write(Icons.GetShortDescription(1, 'CurrentWeather'));",2017-07-20
21:00,29°C,32°C,300°4 Km/h,,66%,22°C,1006.0mb,,"document.write(Icons.GetShortDescription(1, 'CurrentWeather'));",2017-07-20
22:00,28°C,31°C,300°6 Km/h,,74%,23°C,1007.0mb,,"document.write(Icons.GetShortDescription(1, 'CurrentWeather'));",2017-07-20
23:00,29°C,32°C,210°13 Km/h,,66%,22°C,1007.0mb,,"document.write(Icons.GetShortDescription(1, 'CurrentWeather'));",2017-07-20
