Time,Temperature,Relative Temperature,Wind,Wind Gust,Rel. humidity,Dew Point,Pressure,Icon,DescriptionDetails,date
00:00,26°C,28°C,230°6 Km/h,,84%,23°C,1010.0mb,,"document.write(Icons.GetShortDescription(3, 'CurrentWeather'));  Scattered Clouds at 240m, Broken Clouds at 610m Haze",2017-07-12
01:00,26°C,28°C,230°9 Km/h,,84%,23°C,1010.0mb,,"document.write(Icons.GetShortDescription(3, 'CurrentWeather'));  Scattered Clouds at 240m, Broken Clouds at 610m Haze",2017-07-12
02:00,26°C,28°C,230°11 Km/h,,84%,23°C,1010.0mb,,"document.write(Icons.GetShortDescription(3, 'CurrentWeather'));  Scattered Clouds at 150m, Broken Clouds at 610m Haze",2017-07-12
03:00,25°C,26°C,220°7 Km/h,,89%,23°C,1010.0mb,,"document.write(Icons.GetShortDescription(7, 'CurrentWeather'));  Scattered Clouds at 150m, Broken Clouds at 610m Light Drizzle, Haze",2017-07-12
04:00,25°C,26°C,230°9 Km/h,,89%,23°C,1010.0mb,,"document.write(Icons.GetShortDescription(7, 'CurrentWeather'));  Scattered Clouds at 90m, Cloudy at 610m Light Drizzle, Haze",2017-07-12
05:00,25°C,26°C,220°7 Km/h,,89%,23°C,1010.0mb,,"document.write(Icons.GetShortDescription(4, 'CurrentWeather'));  Scattered Clouds at 150m, Cloudy at 610m Haze",2017-07-12
06:00,25°C,26°C,230°6 Km/h,,89%,23°C,1011.0mb,,"document.write(Icons.GetShortDescription(4, 'CurrentWeather'));  Scattered Clouds at 210m, Cloudy at 610m Haze",2017-07-12
07:00,26°C,28°C,220°7 Km/h,,84%,23°C,1011.0mb,,"document.write(Icons.GetShortDescription(3, 'CurrentWeather'));  Scattered Clouds at 300m, Broken Clouds at 760m Haze",2017-07-12
08:00,26°C,28°C,230°9 Km/h,,79%,22°C,1011.0mb,,"document.write(Icons.GetShortDescription(3, 'CurrentWeather'));  Few Clouds at 300m, Broken Clouds at 760m",2017-07-12
09:00,26°C,28°C,240°9 Km/h,,79%,22°C,1011.0mb,,"document.write(Icons.GetShortDescription(3, 'CurrentWeather'));  Few Clouds at 300m, Broken Clouds at 760m",2017-07-12
10:00,26°C,28°C,280°9 Km/h,,79%,22°C,1011.0mb,,"document.write(Icons.GetShortDescription(3, 'CurrentWeather'));  Few Clouds at 430m, Broken Clouds at 760m",2017-07-12
11:00,27°C,29°C,250°7 Km/h,,74%,22°C,1011.0mb,,"document.write(Icons.GetShortDescription(3, 'CurrentWeather'));  Scattered Clouds at 430m, Broken Clouds at 760m",2017-07-12
12:00,27°C,29°C,260°11 Km/h,,74%,22°C,1011.0mb,,"document.write(Icons.GetShortDescription(3, 'CurrentWeather'));  Scattered Clouds at 430m, Broken Clouds at 760m",2017-07-12
13:00,29°C,33°C,230°9 Km/h,,70%,23°C,1010.0mb,,"document.write(Icons.GetShortDescription(2, 'CurrentWeather'));  Few Clouds at 430m, Scattered Clouds at 760m",2017-07-12
14:00,30°C,33°C,220°9 Km/h,,62%,22°C,1010.0mb,,"document.write(Icons.GetShortDescription(2, 'CurrentWeather'));  Few Clouds at 430m, Scattered Clouds at 760m",2017-07-12
15:00,31°C,35°C,240°9 Km/h,,59%,22°C,1010.0mb,,"document.write(Icons.GetShortDescription(2, 'CurrentWeather'));  Scattered Clouds at 760m",2017-07-12
16:00,30°C,33°C,270°11 Km/h,,62%,22°C,1009.0mb,,"document.write(Icons.GetShortDescription(2, 'CurrentWeather'));  Scattered Clouds at 760m",2017-07-12
17:00,30°C,33°C,260°15 Km/h,,59%,21°C,1009.0mb,,"document.write(Icons.GetShortDescription(2, 'CurrentWeather'));  Scattered Clouds at 760m",2017-07-12
18:00,29°C,31°C,250°11 Km/h,,58%,20°C,1009.0mb,,"document.write(Icons.GetShortDescription(2, 'CurrentWeather'));  Scattered Clouds at 760m",2017-07-12
19:00,27°C,29°C,310°13 Km/h,,70%,21°C,1009.0mb,,"document.write(Icons.GetShortDescription(2, 'CurrentWeather'));  Few Clouds at 760m",2017-07-12
20:00,26°C,27°C,310°9 Km/h,,74%,21°C,1009.0mb,,"document.write(Icons.GetShortDescription(1, 'CurrentWeather'));",2017-07-12
21:00,26°C,27°C,270°2 Km/h,,74%,21°C,1009.0mb,,"document.write(Icons.GetShortDescription(1, 'CurrentWeather'));",2017-07-12
22:00,24°C,25°C,320°7 Km/h,,83%,21°C,1010.0mb,,"document.write(Icons.GetShortDescription(1, 'CurrentWeather'));",2017-07-12
23:00,23°C,24°C,340°7 Km/h,,89%,21°C,1009.0mb,,"document.write(Icons.GetShortDescription(1, 'CurrentWeather'));",2017-07-12
