Time,Temperature,Relative Temperature,Wind,Wind Gust,Rel. humidity,Dew Point,Pressure,Icon,DescriptionDetails,date
00:00,26°C,28°C,170°6 Km/h,,79%,22°C,1008.0mb,,"document.write(Icons.GetShortDescription(3, 'CurrentWeather'));  Broken Clouds at 910m",2017-07-09
01:00,26°C,28°C,190°7 Km/h,,79%,22°C,1008.0mb,,"document.write(Icons.GetShortDescription(3, 'CurrentWeather'));  Broken Clouds at 910m",2017-07-09
02:00,26°C,28°C,190°9 Km/h,,79%,22°C,1008.0mb,,"document.write(Icons.GetShortDescription(7, 'CurrentWeather'));  Broken Clouds at 610m, Cloudy at 3000m Light Rain",2017-07-09
03:00,25°C,26°C,140°6 Km/h,,89%,23°C,1008.0mb,,"document.write(Icons.GetShortDescription(4, 'CurrentWeather'));  Broken Clouds at 1100m, Cloudy at 3000m",2017-07-09
04:00,25°C,26°C,150°6 Km/h,,89%,23°C,1008.0mb,,"document.write(Icons.GetShortDescription(3, 'CurrentWeather'));  Broken Clouds at 760m Haze",2017-07-09
05:00,25°C,26°C,150°6 Km/h,,89%,23°C,1008.0mb,,"document.write(Icons.GetShortDescription(3, 'CurrentWeather'));  Broken Clouds at 760m",2017-07-09
06:00,25°C,26°C,190°7 Km/h,,83%,22°C,1008.0mb,,"document.write(Icons.GetShortDescription(3, 'CurrentWeather'));  Broken Clouds at 760m",2017-07-09
07:00,25°C,26°C,160°7 Km/h,,83%,22°C,1007.0mb,,"document.write(Icons.GetShortDescription(3, 'CurrentWeather'));  Broken Clouds at 610m",2017-07-09
08:00,26°C,28°C,160°11 Km/h,,79%,22°C,1008.0mb,,"document.write(Icons.GetShortDescription(3, 'CurrentWeather'));  Few Clouds at 300m, Broken Clouds at 610m",2017-07-09
09:00,26°C,28°C,170°9 Km/h,,79%,22°C,1008.0mb,,"document.write(Icons.GetShortDescription(3, 'CurrentWeather'));  Few Clouds at 300m, Broken Clouds at 760m",2017-07-09
10:00,28°C,31°C,160°9 Km/h,,74%,23°C,1007.0mb,,"document.write(Icons.GetShortDescription(3, 'CurrentWeather'));  Few Clouds at 460m, Broken Clouds at 760m",2017-07-09
11:00,28°C,31°C,230°9 Km/h,,74%,23°C,1007.0mb,,"document.write(Icons.GetShortDescription(3, 'CurrentWeather'));  Few Clouds at 460m, Broken Clouds at 760m",2017-07-09
12:00,30°C,34°C,200°9 Km/h,,66%,23°C,1007.0mb,,"document.write(Icons.GetShortDescription(3, 'CurrentWeather'));  Broken Clouds at 760m",2017-07-09
13:00,30°C,35°C,230°9 Km/h,,70%,24°C,1006.0mb,,"document.write(Icons.GetShortDescription(3, 'CurrentWeather'));  Broken Clouds at 760m, Broken Clouds at 2400m",2017-07-09
14:00,31°C,35°C,220°9 Km/h,,62%,23°C,1006.0mb,,"document.write(Icons.GetShortDescription(3, 'CurrentWeather'));  Broken Clouds at 910m, Broken Clouds at 3700m",2017-07-09
15:00,30°C,34°C,300°11 Km/h,,66%,23°C,1005.0mb,,"document.write(Icons.GetShortDescription(3, 'CurrentWeather'));  Broken Clouds at 910m, Broken Clouds at 3700m",2017-07-09
16:00,29°C,34°C,300°19 Km/h,,74%,24°C,1005.0mb,,"document.write(Icons.GetShortDescription(3, 'CurrentWeather'));  Broken Clouds at 910m, Broken Clouds at 4600m",2017-07-09
17:00,29°C,34°C,330°11 Km/h,,74%,24°C,1005.0mb,,"document.write(Icons.GetShortDescription(4, 'CurrentWeather'));  Few Clouds at 460m, Broken Clouds at 760m, Cloudy at 3700m",2017-07-09
18:00,26°C,28°C,60°13 Km/h,,79%,22°C,1004.0mb,,"document.write(Icons.GetShortDescription(4, 'CurrentWeather'));  Few Clouds at 460m, Broken Clouds at 760m, Cloudy at 3000m",2017-07-09
19:00,27°C,30°C,50°7 Km/h,,79%,23°C,1004.0mb,,"document.write(Icons.GetShortDescription(3, 'CurrentWeather'));  Scattered Clouds at 910m, Broken Clouds at 4600m",2017-07-09
20:00,26°C,28°C,50°6 Km/h,,79%,22°C,1004.0mb,,"document.write(Icons.GetShortDescription(4, 'CurrentWeather'));  Broken Clouds at 760m, Cloudy at 3700m",2017-07-09
20:33,26°C,28°C,290°4 Km/h,,84%,23°C,1005.0mb,,"document.write(Icons.GetShortDescription(10, 'CurrentWeather'));  Few Cumulonimbus Clouds at 300m, Broken Clouds at 610m, Cloudy at 2400m Light Rain with Thunderstorm, Partial Fog",2017-07-09
20:43,25°C,26°C,160°28 Km/h,,83%,22°C,1005.0mb,,"document.write(Icons.GetShortDescription(10, 'CurrentWeather'));  Few Cumulonimbus Clouds at 300m, Broken Clouds at 610m, Cloudy at 2400m Rain with Thunderstorm, Partial Fog",2017-07-09
20:48,24°C,25°C,180°30 Km/h,,89%,22°C,1005.0mb,,"document.write(Icons.GetShortDescription(10, 'CurrentWeather'));  Few Cumulonimbus Clouds at 300m, Broken Clouds at 610m, Cloudy at 2400m Heavy Rain with Thunderstorm, Partial Fog",2017-07-09
21:00,24°C,25°C,210°17 Km/h,,89%,22°C,1005.0mb,,"document.write(Icons.GetShortDescription(10, 'CurrentWeather'));  Few Cumulonimbus Clouds at 300m, Broken Clouds at 610m, Cloudy at 2400m Heavy Rain with Thunderstorm",2017-07-09
21:30,24°C,25°C,140°13 Km/h,,89%,22°C,1005.0mb,,"document.write(Icons.GetShortDescription(7, 'CurrentWeather'));  Few Clouds at 300m, Broken Clouds at 610m, Cloudy at 2400m Heavy Rain",2017-07-09
22:00,24°C,25°C,130°9 Km/h,,89%,22°C,1004.0mb,,"document.write(Icons.GetShortDescription(7, 'CurrentWeather'));  Few Clouds at 300m, Broken Clouds at 610m, Cloudy at 2400m Light Rain",2017-07-09
23:00,24°C,25°C,150°15 Km/h,,89%,22°C,1004.0mb,,"document.write(Icons.GetShortDescription(7, 'CurrentWeather'));  Few Clouds at 300m, Broken Clouds at 610m, Cloudy at 2400m Rain",2017-07-09
23:33,24°C,25°C,140°13 Km/h,,89%,22°C,1003.0mb,,"document.write(Icons.GetShortDescription(7, 'CurrentWeather'));  Few Clouds at 300m, Broken Clouds at 610m, Cloudy at 2400m Rain",2017-07-09
