Time,Temperature,Relative Temperature,Wind,Wind Gust,Rel. humidity,Dew Point,Pressure,Icon,DescriptionDetails,date
00:00,4°C,4°C,310°4 Km/h,,61%,-3°C,1024.0mb,,"document.write(Icons.GetShortDescription(1, 'CurrentWeather'));",2017-03-18
01:00,4°C,4°C,Calm,,61%,-3°C,1024.0mb,,"document.write(Icons.GetShortDescription(1, 'CurrentWeather'));",2017-03-18
02:00,4°C,4°C,330°4 Km/h,,61%,-3°C,1024.0mb,,"document.write(Icons.GetShortDescription(1, 'CurrentWeather'));",2017-03-18
03:00,4°C,3°C,310°6 Km/h,,56%,-4°C,1024.0mb,,"document.write(Icons.GetShortDescription(1, 'CurrentWeather'));",2017-03-18
04:00,4°C,4°C,30°2 Km/h,,56%,-4°C,1024.0mb,,"document.write(Icons.GetShortDescription(1, 'CurrentWeather'));",2017-03-18
05:00,4°C,4°C,320°4 Km/h,,52%,-5°C,1024.0mb,,"document.write(Icons.GetShortDescription(1, 'CurrentWeather'));",2017-03-18
06:00,4°C,4°C,Calm,,52%,-5°C,1024.0mb,,"document.write(Icons.GetShortDescription(1, 'CurrentWeather'));",2017-03-18
07:00,4°C,4°C,60°4 Km/h,,61%,-3°C,1025.0mb,,"document.write(Icons.GetShortDescription(1, 'CurrentWeather'));  Haze",2017-03-18
07:57,5°C,5°C,150°2 Km/h,,66%,-1°C,1025.0mb,,"document.write(Icons.GetShortDescription(1, 'CurrentWeather'));  Haze",2017-03-18
08:00,6°C,6°C,140°4 Km/h,,61%,-1°C,1025.0mb,,"document.write(Icons.GetShortDescription(1, 'CurrentWeather'));  Haze",2017-03-18
09:00,8°C,7°C,170°6 Km/h,,46%,-3°C,1025.0mb,,"document.write(Icons.GetShortDescription(1, 'CurrentWeather'));  Haze",2017-03-18
10:00,11°C,11°C,270°9 Km/h,,44%,-1°C,1025.0mb,,"document.write(Icons.GetShortDescription(1, 'CurrentWeather'));  Haze",2017-03-18
11:00,13°C,13°C,210°9 Km/h,,28%,-5°C,1025.0mb,,"document.write(Icons.GetShortDescription(1, 'CurrentWeather'));",2017-03-18
12:00,15°C,15°C,220°11 Km/h,,21%,-7°C,1024.0mb,,"document.write(Icons.GetShortDescription(1, 'CurrentWeather'));",2017-03-18
13:00,14°C,14°C,310°20 Km/h,,20%,-9°C,1024.0mb,,"document.write(Icons.GetShortDescription(1, 'CurrentWeather'));",2017-03-18
14:00,14°C,14°C,290°20 Km/h,,18%,-10°C,1024.0mb,,"document.write(Icons.GetShortDescription(1, 'CurrentWeather'));",2017-03-18
15:00,14°C,14°C,290°24 Km/h,,17%,-11°C,1023.0mb,,"document.write(Icons.GetShortDescription(1, 'CurrentWeather'));",2017-03-18
16:00,13°C,13°C,280°24 Km/h,,18%,-11°C,1024.0mb,,"document.write(Icons.GetShortDescription(1, 'CurrentWeather'));",2017-03-18
17:00,12°C,12°C,280°19 Km/h,,21%,-10°C,1024.0mb,,"document.write(Icons.GetShortDescription(1, 'CurrentWeather'));",2017-03-18
18:00,11°C,11°C,270°9 Km/h,,24%,-9°C,1024.0mb,,"document.write(Icons.GetShortDescription(1, 'CurrentWeather'));",2017-03-18
19:00,9°C,9°C,210°4 Km/h,,27%,-9°C,1024.0mb,,"document.write(Icons.GetShortDescription(1, 'CurrentWeather'));",2017-03-18
20:00,7°C,7°C,180°4 Km/h,,37%,-7°C,1024.0mb,,"document.write(Icons.GetShortDescription(1, 'CurrentWeather'));",2017-03-18
21:00,7°C,6°C,270°6 Km/h,,46%,-4°C,1024.0mb,,"document.write(Icons.GetShortDescription(1, 'CurrentWeather'));",2017-03-18
22:00,4°C,4°C,280°2 Km/h,,56%,-4°C,1025.0mb,,"document.write(Icons.GetShortDescription(1, 'CurrentWeather'));",2017-03-18
23:00,4°C,3°C,360°6 Km/h,,61%,-3°C,1025.0mb,,"document.write(Icons.GetShortDescription(1, 'CurrentWeather'));",2017-03-18
