Time,Temperature,Relative Temperature,Wind,Wind Gust,Rel. humidity,Dew Point,Pressure,Icon,DescriptionDetails,date
00:00,-3°C,-7°C,290°11 Km/h,,54%,-11°C,1021.0mb,,"document.write(Icons.GetShortDescription(1, 'CurrentWeather'));",2017-01-10
01:00,-4°C,-8°C,300°9 Km/h,,54%,-12°C,1021.0mb,,"document.write(Icons.GetShortDescription(1, 'CurrentWeather'));",2017-01-10
02:00,-4°C,-6°C,260°6 Km/h,,54%,-12°C,1022.0mb,,"document.write(Icons.GetShortDescription(1, 'CurrentWeather'));",2017-01-10
03:00,-4°C,-7°C,270°7 Km/h,,54%,-12°C,1022.0mb,,"document.write(Icons.GetShortDescription(1, 'CurrentWeather'));",2017-01-10
04:00,-5°C,-5°C,60°2 Km/h,,58%,-12°C,1022.0mb,,"document.write(Icons.GetShortDescription(1, 'CurrentWeather'));",2017-01-10
05:00,-7°C,-7°C,220°4 Km/h,,63%,-13°C,1023.0mb,,"document.write(Icons.GetShortDescription(1, 'CurrentWeather'));",2017-01-10
06:00,-6°C,-6°C,220°2 Km/h,,63%,-12°C,1023.0mb,,"document.write(Icons.GetShortDescription(1, 'CurrentWeather'));",2017-01-10
07:00,-7°C,-7°C,250°2 Km/h,,68%,-12°C,1023.0mb,,"document.write(Icons.GetShortDescription(1, 'CurrentWeather'));",2017-01-10
08:00,-7°C,-7°C,150°2 Km/h,,58%,-14°C,1024.0mb,,"document.write(Icons.GetShortDescription(1, 'CurrentWeather'));",2017-01-10
09:00,-2°C,-2°C,70°2 Km/h,,51%,-11°C,1023.0mb,,"document.write(Icons.GetShortDescription(1, 'CurrentWeather'));",2017-01-10
10:00,-1°C,-3°C,310°6 Km/h,,47%,-11°C,1024.0mb,,"document.write(Icons.GetShortDescription(3, 'CurrentWeather'));  Scattered Clouds at 1200m, Broken Clouds at 5500m",2017-01-10
11:00,1°C,-3°C,300°17 Km/h,,48%,-9°C,1024.0mb,,"document.write(Icons.GetShortDescription(2, 'CurrentWeather'));  Few Clouds at 1200m, Scattered Clouds at 6100m",2017-01-10
12:00,1°C,-4°C,320°20 Km/h,,44%,-10°C,1024.0mb,,"document.write(Icons.GetShortDescription(2, 'CurrentWeather'));  Scattered Clouds at 1200m",2017-01-10
13:00,1°C,-5°C,330°24 Km/h,,41%,-11°C,1023.0mb,,"document.write(Icons.GetShortDescription(2, 'CurrentWeather'));  Scattered Clouds at 1200m",2017-01-10
14:00,2°C,-4°C,330°31 Km/h,,25%,-16°C,1023.0mb,,"document.write(Icons.GetShortDescription(2, 'CurrentWeather'));  Few Clouds at 1200m",2017-01-10
15:00,1°C,-4°C,290°22 Km/h,,27%,-16°C,1023.0mb,,"document.write(Icons.GetShortDescription(1, 'CurrentWeather'));",2017-01-10
16:00,1°C,-5°C,300°24 Km/h,,27%,-16°C,1023.0mb,,"document.write(Icons.GetShortDescription(1, 'CurrentWeather'));",2017-01-10
17:00,-1°C,-7°C,330°20 Km/h,,31%,-16°C,1024.0mb,,"document.write(Icons.GetShortDescription(2, 'CurrentWeather'));  Few Clouds at 1200m",2017-01-10
18:00,-4°C,-9°C,340°13 Km/h,,39%,-16°C,1025.0mb,,"document.write(Icons.GetShortDescription(1, 'CurrentWeather'));",2017-01-10
19:00,-5°C,-10°C,320°13 Km/h,,42%,-16°C,1025.0mb,,"document.write(Icons.GetShortDescription(1, 'CurrentWeather'));",2017-01-10
20:00,-4°C,-11°C,320°24 Km/h,,30%,-19°C,1026.0mb,,"document.write(Icons.GetShortDescription(1, 'CurrentWeather'));",2017-01-10
21:00,-6°C,-12°C,310°17 Km/h,,35%,-19°C,1026.0mb,,"document.write(Icons.GetShortDescription(1, 'CurrentWeather'));",2017-01-10
22:00,-6°C,-13°C,310°19 Km/h,,35%,-19°C,1027.0mb,,"document.write(Icons.GetShortDescription(1, 'CurrentWeather'));",2017-01-10
23:00,-6°C,-13°C,310°22 Km/h,,32%,-20°C,1028.0mb,,"document.write(Icons.GetShortDescription(1, 'CurrentWeather'));",2017-01-10
