Time,Temperature,Relative Temperature,Wind,Wind Gust,Rel. humidity,Dew Point,Pressure,Icon,DescriptionDetails,date
00:00,17°C,17°C,330°4 Km/h,,68%,11°C,1020.0mb,,"document.write(Icons.GetShortDescription(1, 'CurrentWeather'));",2017-09-14
01:00,16°C,16°C,310°9 Km/h,,68%,10°C,1020.0mb,,"document.write(Icons.GetShortDescription(1, 'CurrentWeather'));",2017-09-14
02:00,15°C,15°C,320°13 Km/h,,72%,10°C,1020.0mb,,"document.write(Icons.GetShortDescription(1, 'CurrentWeather'));",2017-09-14
03:00,16°C,16°C,330°7 Km/h,,68%,10°C,1020.0mb,,"document.write(Icons.GetShortDescription(1, 'CurrentWeather'));",2017-09-14
04:00,14°C,14°C,320°4 Km/h,,77%,10°C,1020.0mb,,"document.write(Icons.GetShortDescription(1, 'CurrentWeather'));",2017-09-14
05:00,13°C,13°C,350°9 Km/h,,77%,9°C,1020.0mb,,"document.write(Icons.GetShortDescription(1, 'CurrentWeather'));",2017-09-14
06:00,14°C,14°C,Calm,,72%,9°C,1020.0mb,,"document.write(Icons.GetShortDescription(1, 'CurrentWeather'));",2017-09-14
07:00,15°C,15°C,340°7 Km/h,,72%,10°C,1021.0mb,,"document.write(Icons.GetShortDescription(1, 'CurrentWeather'));",2017-09-14
08:00,17°C,17°C,30°6 Km/h,,77%,13°C,1021.0mb,,"document.write(Icons.GetShortDescription(1, 'CurrentWeather'));",2017-09-14
09:00,20°C,20°C,20°4 Km/h,,69%,14°C,1021.0mb,,"document.write(Icons.GetShortDescription(1, 'CurrentWeather'));",2017-09-14
10:00,23°C,23°C,360°9 Km/h,,53%,13°C,1021.0mb,,"document.write(Icons.GetShortDescription(1, 'CurrentWeather'));",2017-09-14
11:00,25°C,25°C,30°6 Km/h,,44%,12°C,1020.0mb,,"document.write(Icons.GetShortDescription(1, 'CurrentWeather'));",2017-09-14
12:00,27°C,27°C,260°4 Km/h,,39%,12°C,1020.0mb,,"document.write(Icons.GetShortDescription(1, 'CurrentWeather'));",2017-09-14
13:00,27°C,27°C,10°11 Km/h,,37%,11°C,1019.0mb,,"document.write(Icons.GetShortDescription(1, 'CurrentWeather'));",2017-09-14
14:00,27°C,27°C,360°13 Km/h,,37%,11°C,1018.0mb,,"document.write(Icons.GetShortDescription(1, 'CurrentWeather'));",2017-09-14
15:00,27°C,27°C,310°13 Km/h,,37%,11°C,1018.0mb,,"document.write(Icons.GetShortDescription(1, 'CurrentWeather'));",2017-09-14
16:00,27°C,27°C,320°17 Km/h,,34%,10°C,1017.0mb,,"document.write(Icons.GetShortDescription(1, 'CurrentWeather'));",2017-09-14
17:00,27°C,27°C,330°17 Km/h,,34%,10°C,1017.0mb,,"document.write(Icons.GetShortDescription(1, 'CurrentWeather'));",2017-09-14
18:00,25°C,25°C,30°9 Km/h,,36%,9°C,1018.0mb,,"document.write(Icons.GetShortDescription(1, 'CurrentWeather'));",2017-09-14
19:00,22°C,21°C,360°7 Km/h,,41%,8°C,1018.0mb,,"document.write(Icons.GetShortDescription(1, 'CurrentWeather'));",2017-09-14
20:00,22°C,22°C,310°6 Km/h,,50%,11°C,1019.0mb,,"document.write(Icons.GetShortDescription(1, 'CurrentWeather'));",2017-09-14
21:00,21°C,21°C,300°4 Km/h,,53%,11°C,1019.0mb,,"document.write(Icons.GetShortDescription(1, 'CurrentWeather'));",2017-09-14
22:00,19°C,19°C,350°7 Km/h,,60%,11°C,1019.0mb,,"document.write(Icons.GetShortDescription(1, 'CurrentWeather'));",2017-09-14
23:00,20°C,20°C,360°9 Km/h,,56%,11°C,1019.0mb,,"document.write(Icons.GetShortDescription(1, 'CurrentWeather'));",2017-09-14
