Time,Temperature,Relative Temperature,Wind,Wind Gust,Rel. humidity,Dew Point,Pressure,Icon,DescriptionDetails,date
00:00,0°C,0°C,310°2 Km/h,,60%,-7°C,1028.0mb,,"document.write(Icons.GetShortDescription(3, 'CurrentWeather'));  Broken Clouds at 610m",2017-12-29
01:00,0°C,0°C,60°2 Km/h,,60%,-7°C,1028.0mb,,"document.write(Icons.GetShortDescription(3, 'CurrentWeather'));  Broken Clouds at 580m",2017-12-29
02:00,0°C,-3°C,140°7 Km/h,,60%,-7°C,1027.0mb,,"document.write(Icons.GetShortDescription(3, 'CurrentWeather'));  Scattered Clouds at 490m, Broken Clouds at 610m",2017-12-29
02:32,0°C,-3°C,160°7 Km/h,,60%,-7°C,1027.0mb,,"document.write(Icons.GetShortDescription(26, 'CurrentWeather'));  Scattered Clouds at 490m, Broken Clouds at 610m Light Snowfall",2017-12-29
02:49,0°C,-3°C,150°7 Km/h,,60%,-7°C,1027.0mb,,"document.write(Icons.GetShortDescription(3, 'CurrentWeather'));  Scattered Clouds at 490m, Broken Clouds at 610m",2017-12-29
03:00,0°C,-3°C,140°7 Km/h,,60%,-7°C,1027.0mb,,"document.write(Icons.GetShortDescription(3, 'CurrentWeather'));  Scattered Clouds at 490m, Broken Clouds at 610m",2017-12-29
04:00,0°C,-3°C,140°7 Km/h,,60%,-7°C,1027.0mb,,"document.write(Icons.GetShortDescription(3, 'CurrentWeather'));  Scattered Clouds at 490m, Broken Clouds at 610m",2017-12-29
05:00,0°C,-4°C,150°11 Km/h,,60%,-7°C,1027.0mb,,"document.write(Icons.GetShortDescription(3, 'CurrentWeather'));  Scattered Clouds at 490m, Broken Clouds at 610m",2017-12-29
06:00,1°C,-1°C,180°6 Km/h,,60%,-6°C,1027.0mb,,"document.write(Icons.GetShortDescription(3, 'CurrentWeather'));  Broken Clouds at 910m",2017-12-29
07:00,1°C,-1°C,140°6 Km/h,,60%,-6°C,1027.0mb,,"document.write(Icons.GetShortDescription(3, 'CurrentWeather'));  Broken Clouds at 910m",2017-12-29
08:00,1°C,1°C,200°4 Km/h,,60%,-6°C,1027.0mb,,"document.write(Icons.GetShortDescription(3, 'CurrentWeather'));  Broken Clouds at 1400m, Scattered Clouds at 1400m",2017-12-29
09:00,1°C,1°C,310°4 Km/h,,65%,-5°C,1027.0mb,,"document.write(Icons.GetShortDescription(3, 'CurrentWeather'));  Broken Clouds at 1400m",2017-12-29
10:00,2°C,0°C,40°6 Km/h,,60%,-5°C,1028.0mb,,"document.write(Icons.GetShortDescription(3, 'CurrentWeather'));  Broken Clouds at 1200m",2017-12-29
11:00,3°C,3°C,300°4 Km/h,,56%,-5°C,1028.0mb,,"document.write(Icons.GetShortDescription(3, 'CurrentWeather'));  Broken Clouds at 1200m",2017-12-29
12:00,4°C,4°C,260°4 Km/h,,56%,-4°C,1027.0mb,,"document.write(Icons.GetShortDescription(3, 'CurrentWeather'));  Broken Clouds at 1200m Haze",2017-12-29
13:00,5°C,2°C,310°11 Km/h,,53%,-4°C,1026.0mb,,"document.write(Icons.GetShortDescription(2, 'CurrentWeather'));  Few Clouds at 1200m Haze",2017-12-29
14:00,6°C,4°C,10°7 Km/h,,49%,-4°C,1026.0mb,,"document.write(Icons.GetShortDescription(2, 'CurrentWeather'));  Scattered Clouds at 910m Haze",2017-12-29
15:00,5°C,2°C,330°11 Km/h,,53%,-4°C,1026.0mb,,"document.write(Icons.GetShortDescription(3, 'CurrentWeather'));  Broken Clouds at 910m Haze",2017-12-29
16:00,5°C,3°C,330°7 Km/h,,53%,-4°C,1026.0mb,,"document.write(Icons.GetShortDescription(2, 'CurrentWeather'));  Few Clouds at 910m Haze",2017-12-29
17:00,3°C,0°C,300°11 Km/h,,60%,-4°C,1027.0mb,,"document.write(Icons.GetShortDescription(2, 'CurrentWeather'));  Few Clouds at 910m Haze",2017-12-29
18:00,2°C,-1°C,280°9 Km/h,,65%,-4°C,1027.0mb,,"document.write(Icons.GetShortDescription(2, 'CurrentWeather'));  Scattered Clouds at 910m Haze",2017-12-29
19:00,0°C,-2°C,320°6 Km/h,,69%,-5°C,1027.0mb,,"document.write(Icons.GetShortDescription(2, 'CurrentWeather'));  Few Clouds at 910m Haze",2017-12-29
20:00,-1°C,-1°C,10°4 Km/h,,69%,-6°C,1027.0mb,,"document.write(Icons.GetShortDescription(1, 'CurrentWeather'));  Haze",2017-12-29
21:00,-1°C,-1°C,10°2 Km/h,,69%,-6°C,1027.0mb,,"document.write(Icons.GetShortDescription(1, 'CurrentWeather'));  Haze",2017-12-29
22:00,-2°C,-4°C,330°6 Km/h,,74%,-6°C,1028.0mb,,"document.write(Icons.GetShortDescription(1, 'CurrentWeather'));  Haze",2017-12-29
23:00,-3°C,-5°C,20°6 Km/h,,80%,-6°C,1027.0mb,,"document.write(Icons.GetShortDescription(1, 'CurrentWeather'));  Haze",2017-12-29
