Time,Temperature,Relative Temperature,Wind,Wind Gust,Rel. humidity,Dew Point,Pressure,Icon,DescriptionDetails,date
00:00,28°C,31°C,330°4 Km/h,,74%,23°C,1004.0mb,,"document.write(Icons.GetShortDescription(1, 'CurrentWeather'));",2017-08-05
01:00,27°C,30°C,330°9 Km/h,,79%,23°C,1005.0mb,,"document.write(Icons.GetShortDescription(1, 'CurrentWeather'));",2017-08-05
02:00,26°C,28°C,330°7 Km/h,,84%,23°C,1004.0mb,,"document.write(Icons.GetShortDescription(1, 'CurrentWeather'));",2017-08-05
03:00,26°C,28°C,340°7 Km/h,,84%,23°C,1004.0mb,,"document.write(Icons.GetShortDescription(1, 'CurrentWeather'));",2017-08-05
04:00,26°C,28°C,320°4 Km/h,,84%,23°C,1004.0mb,,"document.write(Icons.GetShortDescription(1, 'CurrentWeather'));",2017-08-05
05:00,26°C,28°C,280°4 Km/h,,84%,23°C,1004.0mb,,"document.write(Icons.GetShortDescription(1, 'CurrentWeather'));",2017-08-05
06:00,26°C,28°C,330°4 Km/h,,84%,23°C,1004.0mb,,"document.write(Icons.GetShortDescription(1, 'CurrentWeather'));",2017-08-05
07:00,28°C,33°C,360°2 Km/h,,84%,25°C,1004.0mb,,"document.write(Icons.GetShortDescription(1, 'CurrentWeather'));",2017-08-05
08:00,30°C,36°C,40°6 Km/h,,75%,25°C,1004.0mb,,"document.write(Icons.GetShortDescription(1, 'CurrentWeather'));",2017-08-05
09:00,31°C,37°C,160°9 Km/h,,66%,24°C,1004.0mb,,"document.write(Icons.GetShortDescription(1, 'CurrentWeather'));",2017-08-05
10:00,33°C,41°C,190°11 Km/h,,63%,25°C,1004.0mb,,"document.write(Icons.GetShortDescription(2, 'CurrentWeather'));  Few Clouds at 910m, Scattered Clouds at 6100m",2017-08-05
11:00,34°C,42°C,210°7 Km/h,,59%,25°C,1004.0mb,,"document.write(Icons.GetShortDescription(2, 'CurrentWeather'));  Few Clouds at 910m",2017-08-05
12:00,35°C,43°C,220°6 Km/h,,56%,25°C,1004.0mb,,"document.write(Icons.GetShortDescription(3, 'CurrentWeather'));  Few Clouds at 910m, Broken Clouds at 6100m",2017-08-05
13:00,34°C,43°C,300°17 Km/h,,63%,26°C,1003.0mb,,"document.write(Icons.GetShortDescription(3, 'CurrentWeather'));  Scattered Clouds at 910m, Broken Clouds at 6100m",2017-08-05
14:00,33°C,39°C,340°26 Km/h,,59%,24°C,1003.0mb,,"document.write(Icons.GetShortDescription(3, 'CurrentWeather'));  Scattered Clouds at 910m, Broken Clouds at 6100m",2017-08-05
15:00,33°C,39°C,350°22 Km/h,,59%,24°C,1003.0mb,,"document.write(Icons.GetShortDescription(2, 'CurrentWeather'));  Few Clouds at 910m, Scattered Clouds at 6100m",2017-08-05
16:00,34°C,42°C,330°17 Km/h,,59%,25°C,1002.0mb,,"document.write(Icons.GetShortDescription(2, 'CurrentWeather'));  Few Clouds at 910m",2017-08-05
17:00,33°C,41°C,330°15 Km/h,,63%,25°C,1002.0mb,,"document.write(Icons.GetShortDescription(2, 'CurrentWeather'));  Few Clouds at 910m, Scattered Clouds at 6100m",2017-08-05
18:00,33°C,42°C,30°11 Km/h,,67%,26°C,1001.0mb,,"document.write(Icons.GetShortDescription(2, 'CurrentWeather'));  Few Clouds at 910m, Scattered Clouds at 6100m",2017-08-05
19:00,32°C,38°C,30°9 Km/h,,63%,24°C,1000.0mb,,"document.write(Icons.GetShortDescription(1, 'CurrentWeather'));",2017-08-05
20:00,32°C,38°C,360°11 Km/h,,63%,24°C,1001.0mb,,"document.write(Icons.GetShortDescription(1, 'CurrentWeather'));",2017-08-05
21:00,30°C,34°C,340°7 Km/h,,66%,23°C,1001.0mb,,"document.write(Icons.GetShortDescription(1, 'CurrentWeather'));",2017-08-05
22:00,30°C,35°C,30°6 Km/h,,70%,24°C,1002.0mb,,"document.write(Icons.GetShortDescription(1, 'CurrentWeather'));",2017-08-05
23:00,29°C,34°C,330°7 Km/h,,74%,24°C,1002.0mb,,"document.write(Icons.GetShortDescription(1, 'CurrentWeather'));",2017-08-05
