Time,Temperature,Relative Temperature,Wind,Wind Gust,Rel. humidity,Dew Point,Pressure,Icon,DescriptionDetails,date
00:00,-1°C,-1°C,320°4 Km/h,,59%,-8°C,1025.0mb,,"document.write(Icons.GetShortDescription(1, 'CurrentWeather'));",2017-02-22
01:00,-1°C,-3°C,330°6 Km/h,,64%,-7°C,1024.0mb,,"document.write(Icons.GetShortDescription(1, 'CurrentWeather'));",2017-02-22
02:00,0°C,-3°C,330°9 Km/h,,60%,-7°C,1024.0mb,,"document.write(Icons.GetShortDescription(1, 'CurrentWeather'));",2017-02-22
03:00,0°C,-3°C,330°9 Km/h,,55%,-8°C,1024.0mb,,"document.write(Icons.GetShortDescription(1, 'CurrentWeather'));",2017-02-22
04:00,0°C,0°C,360°4 Km/h,,51%,-9°C,1022.0mb,,"document.write(Icons.GetShortDescription(1, 'CurrentWeather'));",2017-02-22
05:00,0°C,0°C,240°4 Km/h,,55%,-8°C,1022.0mb,,"document.write(Icons.GetShortDescription(4, 'CurrentWeather'));  Few Clouds at 910m, Cloudy at 3400m",2017-02-22
06:00,0°C,0°C,270°2 Km/h,,60%,-7°C,1021.0mb,,"document.write(Icons.GetShortDescription(4, 'CurrentWeather'));  Few Clouds at 910m, Cloudy at 2700m",2017-02-22
07:00,1°C,-1°C,270°6 Km/h,,56%,-7°C,1021.0mb,,"document.write(Icons.GetShortDescription(26, 'CurrentWeather'));  Broken Clouds at 1200m, Cloudy at 2700m Light Rain and Snowfall",2017-02-22
08:00,2°C,-1°C,290°11 Km/h,,48%,-8°C,1021.0mb,,"document.write(Icons.GetShortDescription(26, 'CurrentWeather'));  Broken Clouds at 1100m, Cloudy at 2700m Light Rain and Snowfall",2017-02-22
09:00,3°C,0°C,140°9 Km/h,,56%,-5°C,1021.0mb,,"document.write(Icons.GetShortDescription(7, 'CurrentWeather'));  Broken Clouds at 760m, Cloudy at 2700m Light Rain",2017-02-22
09:10,3°C,1°C,140°7 Km/h,,60%,-4°C,1021.0mb,,"document.write(Icons.GetShortDescription(7, 'CurrentWeather'));  Broken Clouds at 610m, Cloudy at 2700m Light Rain",2017-02-22
09:57,2°C,-1°C,150°9 Km/h,,75%,-2°C,1020.0mb,,"document.write(Icons.GetShortDescription(26, 'CurrentWeather'));  Few Clouds at 460m, Broken Clouds at 760m, Cloudy at 2100m Light Rain and Snowfall",2017-02-22
10:00,2°C,-1°C,130°9 Km/h,,75%,-2°C,1020.0mb,,"document.write(Icons.GetShortDescription(26, 'CurrentWeather'));  Few Clouds at 460m, Broken Clouds at 760m, Cloudy at 2100m Light Rain and Snowfall",2017-02-22
11:00,2°C,-2°C,110°13 Km/h,,81%,-1°C,1018.0mb,,"document.write(Icons.GetShortDescription(26, 'CurrentWeather'));  Few Clouds at 460m, Broken Clouds at 760m, Cloudy at 2100m Light Rain and Snowfall",2017-02-22
12:00,3°C,-1°C,90°15 Km/h,,75%,-1°C,1016.0mb,,"document.write(Icons.GetShortDescription(7, 'CurrentWeather'));  Scattered Clouds at 300m, Broken Clouds at 760m, Cloudy at 2100m Light Rain",2017-02-22
13:00,3°C,0°C,60°11 Km/h,,75%,-1°C,1014.0mb,,"document.write(Icons.GetShortDescription(7, 'CurrentWeather'));  Scattered Clouds at 300m, Broken Clouds at 760m, Cloudy at 2100m Light Rain",2017-02-22
13:27,2°C,-2°C,350°13 Km/h,,81%,-1°C,1014.0mb,,"document.write(Icons.GetShortDescription(7, 'CurrentWeather'));  Scattered Clouds at 150m, Broken Clouds at 610m, Cloudy at 2100m Light Rain",2017-02-22
13:37,1°C,-3°C,340°17 Km/h,,81%,-2°C,1014.0mb,,"document.write(Icons.GetShortDescription(7, 'CurrentWeather'));  Scattered Clouds at 150m, Broken Clouds at 610m, Cloudy at 2100m Light Rain",2017-02-22
14:00,1°C,-3°C,340°15 Km/h,,87%,-1°C,1013.0mb,,"document.write(Icons.GetShortDescription(7, 'CurrentWeather'));  Scattered Clouds at 150m, Broken Clouds at 610m, Cloudy at 2100m Light Rain",2017-02-22
15:00,1°C,-4°C,360°19 Km/h,,81%,-2°C,1012.0mb,,"document.write(Icons.GetShortDescription(7, 'CurrentWeather'));  Scattered Clouds at 150m, Broken Clouds at 610m, Cloudy at 2100m Light Rain",2017-02-22
16:00,1°C,-3°C,350°13 Km/h,,81%,-2°C,1012.0mb,,"document.write(Icons.GetShortDescription(7, 'CurrentWeather'));  Scattered Clouds at 150m, Broken Clouds at 610m, Cloudy at 2100m Light Rain",2017-02-22
17:00,2°C,-1°C,10°9 Km/h,,81%,-1°C,1011.0mb,,"document.write(Icons.GetShortDescription(7, 'CurrentWeather'));  Scattered Clouds at 150m, Broken Clouds at 610m, Cloudy at 2100m Light Rain",2017-02-22
18:00,1°C,-3°C,330°13 Km/h,,87%,-1°C,1011.0mb,,"document.write(Icons.GetShortDescription(4, 'CurrentWeather'));  Broken Clouds at 760m, Cloudy at 2700m Haze",2017-02-22
19:00,1°C,-3°C,330°13 Km/h,,81%,-2°C,1011.0mb,,"document.write(Icons.GetShortDescription(7, 'CurrentWeather'));  Broken Clouds at 610m, Cloudy at 2400m Light Rain, Haze",2017-02-22
20:00,1°C,-3°C,330°17 Km/h,,81%,-2°C,1012.0mb,,"document.write(Icons.GetShortDescription(4, 'CurrentWeather'));  Scattered Clouds at 760m, Cloudy at 3000m Haze",2017-02-22
21:00,1°C,-4°C,330°20 Km/h,,81%,-2°C,1012.0mb,,"document.write(Icons.GetShortDescription(4, 'CurrentWeather'));  Few Clouds at 300m, Scattered Clouds at 760m, Cloudy at 3000m Haze",2017-02-22
22:00,0°C,-5°C,320°19 Km/h,,75%,-4°C,1013.0mb,,"document.write(Icons.GetShortDescription(4, 'CurrentWeather'));  Few Clouds at 300m, Scattered Clouds at 610m, Cloudy at 3400m Haze",2017-02-22
23:00,0°C,-6°C,320°22 Km/h,,75%,-4°C,1013.0mb,,"document.write(Icons.GetShortDescription(3, 'CurrentWeather'));  Scattered Clouds at 910m, Broken Clouds at 4600m",2017-02-22
