Time,Temperature,Relative Temperature,Wind,Wind Gust,Rel. humidity,Dew Point,Pressure,Icon,DescriptionDetails,date
00:00,21°C,21°C,280°6 Km/h,,78%,17°C,1003.0mb,,"document.write(Icons.GetShortDescription(4, 'CurrentWeather'));  Scattered Clouds at 910m, Cloudy at 2400m",2017-06-25
01:00,21°C,21°C,340°6 Km/h,,78%,17°C,1002.0mb,,"document.write(Icons.GetShortDescription(4, 'CurrentWeather'));  Scattered Clouds at 910m, Cloudy at 2400m",2017-06-25
02:00,21°C,21°C,310°2 Km/h,,78%,17°C,1002.0mb,,"document.write(Icons.GetShortDescription(4, 'CurrentWeather'));  Scattered Clouds at 910m, Cloudy at 2400m",2017-06-25
03:00,20°C,20°C,300°4 Km/h,,83%,17°C,1002.0mb,,"document.write(Icons.GetShortDescription(4, 'CurrentWeather'));  Few Clouds at 910m, Scattered Clouds at 2100m, Cloudy at 3700m",2017-06-25
04:00,20°C,20°C,50°4 Km/h,,83%,17°C,1001.0mb,,"document.write(Icons.GetShortDescription(3, 'CurrentWeather'));  Few Clouds at 910m, Scattered Clouds at 2100m, Broken Clouds at 3700m",2017-06-25
05:00,20°C,20°C,300°4 Km/h,,88%,18°C,1002.0mb,,"document.write(Icons.GetShortDescription(3, 'CurrentWeather'));  Few Clouds at 910m, Scattered Clouds at 2100m, Broken Clouds at 3700m",2017-06-25
06:00,20°C,20°C,350°4 Km/h,,83%,17°C,1002.0mb,,"document.write(Icons.GetShortDescription(3, 'CurrentWeather'));  Few Clouds at 910m, Broken Clouds at 3400m",2017-06-25
07:00,22°C,22°C,320°2 Km/h,,73%,17°C,1002.0mb,,"document.write(Icons.GetShortDescription(1, 'CurrentWeather'));",2017-06-25
08:00,24°C,24°C,280°2 Km/h,,61%,16°C,1002.0mb,,"document.write(Icons.GetShortDescription(1, 'CurrentWeather'));",2017-06-25
09:00,25°C,25°C,290°7 Km/h,,57%,16°C,1002.0mb,,"document.write(Icons.GetShortDescription(2, 'CurrentWeather'));  Scattered Clouds at 910m",2017-06-25
10:00,26°C,26°C,270°4 Km/h,,54%,16°C,1002.0mb,,"document.write(Icons.GetShortDescription(2, 'CurrentWeather'));  Scattered Clouds at 910m",2017-06-25
11:00,27°C,27°C,310°9 Km/h,,48%,15°C,1002.0mb,,"document.write(Icons.GetShortDescription(2, 'CurrentWeather'));  Scattered Clouds at 910m",2017-06-25
12:00,28°C,28°C,20°9 Km/h,,48%,16°C,1002.0mb,,"document.write(Icons.GetShortDescription(3, 'CurrentWeather'));  Broken Clouds at 910m",2017-06-25
13:00,28°C,28°C,360°7 Km/h,,45%,15°C,1002.0mb,,"document.write(Icons.GetShortDescription(3, 'CurrentWeather'));  Broken Clouds at 910m",2017-06-25
14:00,29°C,29°C,320°6 Km/h,,43%,15°C,1001.0mb,,"document.write(Icons.GetShortDescription(3, 'CurrentWeather'));  Scattered Clouds at 910m, Broken Clouds at 3400m",2017-06-25
15:00,28°C,28°C,310°13 Km/h,,45%,15°C,1001.0mb,,"document.write(Icons.GetShortDescription(3, 'CurrentWeather'));  Scattered Clouds at 910m, Broken Clouds at 3400m",2017-06-25
16:00,28°C,28°C,320°9 Km/h,,45%,15°C,1001.0mb,,"document.write(Icons.GetShortDescription(4, 'CurrentWeather'));  Broken Clouds at 910m, Cloudy at 3400m",2017-06-25
17:00,27°C,27°C,100°11 Km/h,,51%,16°C,1001.0mb,,"document.write(Icons.GetShortDescription(2, 'CurrentWeather'));  Few Clouds at 910m, Scattered Clouds at 3400m",2017-06-25
18:00,27°C,27°C,300°20 Km/h,,45%,14°C,1002.0mb,,"document.write(Icons.GetShortDescription(3, 'CurrentWeather'));  Scattered Clouds at 910m, Broken Clouds at 3400m",2017-06-25
19:00,25°C,25°C,30°13 Km/h,,57%,16°C,1003.0mb,,"document.write(Icons.GetShortDescription(3, 'CurrentWeather'));  Few Cumulus Clouds at 300m, Scattered Clouds at 910m, Broken Clouds at 3400m",2017-06-25
20:00,23°C,23°C,10°6 Km/h,,69%,17°C,1003.0mb,,"document.write(Icons.GetShortDescription(3, 'CurrentWeather'));  Few Clouds at 910m, Broken Clouds at 3400m",2017-06-25
21:00,22°C,22°C,340°6 Km/h,,73%,17°C,1003.0mb,,"document.write(Icons.GetShortDescription(1, 'CurrentWeather'));",2017-06-25
22:00,21°C,21°C,30°7 Km/h,,78%,17°C,1004.0mb,,"document.write(Icons.GetShortDescription(1, 'CurrentWeather'));",2017-06-25
23:00,21°C,21°C,20°7 Km/h,,78%,17°C,1005.0mb,,"document.write(Icons.GetShortDescription(1, 'CurrentWeather'));",2017-06-25
