Time,Temperature,Relative Temperature,Wind,Wind Gust,Rel. humidity,Dew Point,Pressure,Icon,DescriptionDetails,date
00:00,18°C,18°C,310°6 Km/h,,83%,15°C,1011.0mb,,"document.write(Icons.GetShortDescription(1, 'CurrentWeather'));",2017-06-18
01:00,18°C,18°C,Calm,,83%,15°C,1011.0mb,,"document.write(Icons.GetShortDescription(1, 'CurrentWeather'));",2017-06-18
02:00,18°C,18°C,Calm,,83%,15°C,1010.0mb,,"document.write(Icons.GetShortDescription(1, 'CurrentWeather'));  Haze",2017-06-18
03:00,17°C,17°C,320°6 Km/h,,88%,15°C,1010.0mb,,"document.write(Icons.GetShortDescription(1, 'CurrentWeather'));  Haze",2017-06-18
04:00,17°C,17°C,350°4 Km/h,,83%,14°C,1011.0mb,,"document.write(Icons.GetShortDescription(1, 'CurrentWeather'));  Haze",2017-06-18
05:00,17°C,17°C,360°2 Km/h,,88%,15°C,1011.0mb,,"document.write(Icons.GetShortDescription(1, 'CurrentWeather'));  Haze",2017-06-18
06:00,17°C,17°C,20°2 Km/h,,88%,15°C,1011.0mb,,"document.write(Icons.GetShortDescription(1, 'CurrentWeather'));  Haze",2017-06-18
07:00,21°C,21°C,Calm,,78%,17°C,1011.0mb,,"document.write(Icons.GetShortDescription(1, 'CurrentWeather'));",2017-06-18
08:00,22°C,22°C,200°6 Km/h,,65%,15°C,1012.0mb,,"document.write(Icons.GetShortDescription(1, 'CurrentWeather'));",2017-06-18
09:00,24°C,24°C,140°4 Km/h,,57%,15°C,1012.0mb,,"document.write(Icons.GetShortDescription(1, 'CurrentWeather'));",2017-06-18
10:00,25°C,25°C,310°9 Km/h,,54%,15°C,1011.0mb,,"document.write(Icons.GetShortDescription(1, 'CurrentWeather'));",2017-06-18
11:00,27°C,27°C,320°11 Km/h,,34%,10°C,1011.0mb,,"document.write(Icons.GetShortDescription(1, 'CurrentWeather'));",2017-06-18
12:00,28°C,27°C,320°9 Km/h,,32%,10°C,1010.0mb,,"document.write(Icons.GetShortDescription(1, 'CurrentWeather'));",2017-06-18
13:00,29°C,28°C,320°11 Km/h,,27%,8°C,1010.0mb,,"document.write(Icons.GetShortDescription(1, 'CurrentWeather'));",2017-06-18
14:00,29°C,28°C,300°19 Km/h,,33%,11°C,1009.0mb,,"document.write(Icons.GetShortDescription(1, 'CurrentWeather'));",2017-06-18
15:00,28°C,27°C,300°20 Km/h,,37%,12°C,1009.0mb,,"document.write(Icons.GetShortDescription(1, 'CurrentWeather'));",2017-06-18
16:00,28°C,27°C,270°17 Km/h,,35%,11°C,1009.0mb,,"document.write(Icons.GetShortDescription(1, 'CurrentWeather'));",2017-06-18
17:00,26°C,26°C,310°19 Km/h,,42%,12°C,1009.0mb,,"document.write(Icons.GetShortDescription(1, 'CurrentWeather'));",2017-06-18
18:00,26°C,26°C,300°15 Km/h,,45%,13°C,1009.0mb,,"document.write(Icons.GetShortDescription(1, 'CurrentWeather'));",2017-06-18
19:00,24°C,24°C,310°11 Km/h,,54%,14°C,1009.0mb,,"document.write(Icons.GetShortDescription(1, 'CurrentWeather'));",2017-06-18
20:00,23°C,23°C,280°9 Km/h,,53%,13°C,1009.0mb,,"document.write(Icons.GetShortDescription(1, 'CurrentWeather'));",2017-06-18
21:00,21°C,21°C,300°7 Km/h,,69%,15°C,1010.0mb,,"document.write(Icons.GetShortDescription(1, 'CurrentWeather'));",2017-06-18
22:00,20°C,20°C,300°13 Km/h,,78%,16°C,1011.0mb,,"document.write(Icons.GetShortDescription(1, 'CurrentWeather'));  Haze",2017-06-18
23:00,19°C,19°C,260°2 Km/h,,83%,16°C,1011.0mb,,"document.write(Icons.GetShortDescription(1, 'CurrentWeather'));  Haze",2017-06-18
