Time,Temperature,Relative Temperature,Wind,Wind Gust,Rel. humidity,Dew Point,Pressure,Icon,DescriptionDetails,date
00:00,-6°C,-11°C,290°13 Km/h,,45%,-16°C,1017.0mb,,"document.write(Icons.GetShortDescription(2, 'CurrentWeather'));  Few Clouds at 1100m",2017-02-10
01:00,-6°C,-13°C,300°19 Km/h,,42%,-17°C,1017.0mb,,"document.write(Icons.GetShortDescription(2, 'CurrentWeather'));  Few Clouds at 1100m",2017-02-10
02:00,-7°C,-13°C,310°15 Km/h,,45%,-17°C,1017.0mb,,"document.write(Icons.GetShortDescription(1, 'CurrentWeather'));",2017-02-10
03:00,-7°C,-13°C,290°13 Km/h,,45%,-17°C,1018.0mb,,"document.write(Icons.GetShortDescription(1, 'CurrentWeather'));",2017-02-10
04:00,-8°C,-13°C,300°11 Km/h,,49%,-17°C,1017.0mb,,"document.write(Icons.GetShortDescription(1, 'CurrentWeather'));",2017-02-10
05:00,-8°C,-15°C,310°17 Km/h,,45%,-18°C,1017.0mb,,"document.write(Icons.GetShortDescription(1, 'CurrentWeather'));",2017-02-10
06:00,-9°C,-15°C,310°15 Km/h,,41%,-20°C,1018.0mb,,"document.write(Icons.GetShortDescription(2, 'CurrentWeather'));  Few Clouds at 1100m",2017-02-10
07:00,-9°C,-15°C,310°15 Km/h,,41%,-20°C,1018.0mb,,"document.write(Icons.GetShortDescription(2, 'CurrentWeather'));  Few Clouds at 1100m",2017-02-10
08:00,-8°C,-15°C,310°19 Km/h,,41%,-19°C,1018.0mb,,"document.write(Icons.GetShortDescription(1, 'CurrentWeather'));",2017-02-10
09:00,-7°C,-15°C,310°26 Km/h,,38%,-19°C,1019.0mb,,"document.write(Icons.GetShortDescription(1, 'CurrentWeather'));",2017-02-10
10:00,-5°C,-12°C,320°22 Km/h,,36%,-18°C,1019.0mb,,"document.write(Icons.GetShortDescription(1, 'CurrentWeather'));",2017-02-10
11:00,-6°C,-13°C,330°22 Km/h,,32%,-20°C,1019.0mb,,"document.write(Icons.GetShortDescription(2, 'CurrentWeather'));  Few Clouds at 760m",2017-02-10
12:00,-4°C,-11°C,310°22 Km/h,,28%,-20°C,1019.0mb,,"document.write(Icons.GetShortDescription(2, 'CurrentWeather'));  Few Clouds at 760m",2017-02-10
13:00,-3°C,-9°C,300°22 Km/h,,28%,-19°C,1018.0mb,,"document.write(Icons.GetShortDescription(2, 'CurrentWeather'));  Few Clouds at 760m",2017-02-10
14:00,-3°C,-10°C,290°24 Km/h,,26%,-20°C,1018.0mb,,"document.write(Icons.GetShortDescription(2, 'CurrentWeather'));  Few Clouds at 910m",2017-02-10
15:00,-2°C,-8°C,290°22 Km/h,,26%,-19°C,1018.0mb,,"document.write(Icons.GetShortDescription(2, 'CurrentWeather'));  Few Clouds at 910m",2017-02-10
16:00,-2°C,-8°C,290°24 Km/h,,29%,-18°C,1017.0mb,,"document.write(Icons.GetShortDescription(2, 'CurrentWeather'));  Few Clouds at 910m",2017-02-10
17:00,-3°C,-9°C,310°22 Km/h,,28%,-19°C,1018.0mb,,"document.write(Icons.GetShortDescription(2, 'CurrentWeather'));  Few Clouds at 910m",2017-02-10
18:00,-5°C,-12°C,320°26 Km/h,,36%,-18°C,1018.0mb,,"document.write(Icons.GetShortDescription(2, 'CurrentWeather'));  Scattered Clouds at 1200m",2017-02-10
19:00,-6°C,-13°C,320°22 Km/h,,38%,-18°C,1019.0mb,,"document.write(Icons.GetShortDescription(2, 'CurrentWeather'));  Scattered Clouds at 1200m",2017-02-10
20:00,-6°C,-13°C,310°22 Km/h,,38%,-18°C,1020.0mb,,"document.write(Icons.GetShortDescription(2, 'CurrentWeather'));  Few Clouds at 1200m",2017-02-10
21:00,-7°C,-13°C,300°17 Km/h,,42%,-18°C,1021.0mb,,"document.write(Icons.GetShortDescription(2, 'CurrentWeather'));  Few Clouds at 1200m",2017-02-10
22:00,-7°C,-12°C,290°11 Km/h,,45%,-17°C,1021.0mb,,"document.write(Icons.GetShortDescription(1, 'CurrentWeather'));",2017-02-10
23:00,-7°C,-13°C,310°17 Km/h,,45%,-17°C,1021.0mb,,"document.write(Icons.GetShortDescription(1, 'CurrentWeather'));",2017-02-10
