Time,Temperature,Relative Temperature,Wind,Wind Gust,Rel. humidity,Dew Point,Pressure,Icon,DescriptionDetails,date
00:00,1°C,1°C,190°2 Km/h,,56%,-7°C,1020.0mb,,"document.write(Icons.GetShortDescription(2, 'CurrentWeather'));  Scattered Clouds at 910m",2017-11-15
01:00,2°C,0°C,160°7 Km/h,,56%,-6°C,1020.0mb,,"document.write(Icons.GetShortDescription(2, 'CurrentWeather'));  Scattered Clouds at 910m",2017-11-15
02:00,1°C,1°C,10°2 Km/h,,60%,-6°C,1020.0mb,,"document.write(Icons.GetShortDescription(3, 'CurrentWeather'));  Broken Clouds at 910m",2017-11-15
03:00,3°C,0°C,320°9 Km/h,,60%,-4°C,1020.0mb,,"document.write(Icons.GetShortDescription(7, 'CurrentWeather'));  Few Clouds at 300m, Broken Clouds at 910m Light Rain",2017-11-15
04:00,1°C,-2°C,340°9 Km/h,,65%,-5°C,1020.0mb,,"document.write(Icons.GetShortDescription(3, 'CurrentWeather'));  Broken Clouds at 910m",2017-11-15
05:00,1°C,-2°C,320°9 Km/h,,70%,-4°C,1021.0mb,,"document.write(Icons.GetShortDescription(2, 'CurrentWeather'));  Scattered Clouds at 910m",2017-11-15
06:00,1°C,1°C,330°2 Km/h,,70%,-4°C,1020.0mb,,"document.write(Icons.GetShortDescription(3, 'CurrentWeather'));  Broken Clouds at 910m",2017-11-15
07:00,0°C,0°C,240°4 Km/h,,75%,-4°C,1020.0mb,,"document.write(Icons.GetShortDescription(2, 'CurrentWeather'));  Scattered Clouds at 910m",2017-11-15
08:00,0°C,0°C,320°4 Km/h,,75%,-4°C,1021.0mb,,"document.write(Icons.GetShortDescription(2, 'CurrentWeather'));  Few Clouds at 910m",2017-11-15
09:00,4°C,2°C,330°9 Km/h,,61%,-3°C,1022.0mb,,"document.write(Icons.GetShortDescription(2, 'CurrentWeather'));  Scattered Clouds at 910m",2017-11-15
10:00,4°C,0°C,340°20 Km/h,,45%,-7°C,1022.0mb,,"document.write(Icons.GetShortDescription(2, 'CurrentWeather'));  Few Clouds at 1200m",2017-11-15
11:00,6°C,3°C,320°19 Km/h,,42%,-6°C,1022.0mb,,"document.write(Icons.GetShortDescription(2, 'CurrentWeather'));  Few Clouds at 1200m",2017-11-15
12:00,7°C,3°C,320°26 Km/h,,29%,-10°C,1022.0mb,,"document.write(Icons.GetShortDescription(2, 'CurrentWeather'));  Few Clouds at 1200m",2017-11-15
13:00,7°C,3°C,300°22 Km/h,,29%,-10°C,1022.0mb,,"document.write(Icons.GetShortDescription(2, 'CurrentWeather'));  Scattered Clouds at 1200m",2017-11-15
14:00,6°C,1°C,290°33 Km/h,,31%,-10°C,1022.0mb,,"document.write(Icons.GetShortDescription(2, 'CurrentWeather'));  Few Clouds at 1200m",2017-11-15
15:00,6°C,2°C,290°26 Km/h,,29%,-11°C,1022.0mb,,"document.write(Icons.GetShortDescription(2, 'CurrentWeather'));  Few Clouds at 1200m",2017-11-15
16:00,6°C,1°C,310°30 Km/h,,29%,-11°C,1022.0mb,,"document.write(Icons.GetShortDescription(2, 'CurrentWeather'));  Few Clouds at 1200m",2017-11-15
17:00,5°C,0°C,310°26 Km/h,,26%,-13°C,1022.0mb,,"document.write(Icons.GetShortDescription(2, 'CurrentWeather'));  Few Clouds at 1200m",2017-11-15
18:00,4°C,0°C,310°17 Km/h,,30%,-12°C,1022.0mb,,"document.write(Icons.GetShortDescription(2, 'CurrentWeather'));  Few Clouds at 1200m",2017-11-15
19:00,2°C,-1°C,310°11 Km/h,,35%,-12°C,1023.0mb,,"document.write(Icons.GetShortDescription(2, 'CurrentWeather'));  Few Clouds at 1200m",2017-11-15
20:00,1°C,-3°C,350°17 Km/h,,44%,-10°C,1023.0mb,,"document.write(Icons.GetShortDescription(2, 'CurrentWeather'));  Few Clouds at 1200m",2017-11-15
21:00,0°C,-4°C,350°13 Km/h,,44%,-11°C,1024.0mb,,"document.write(Icons.GetShortDescription(2, 'CurrentWeather'));  Few Clouds at 1200m",2017-11-15
22:00,-1°C,-5°C,350°13 Km/h,,47%,-11°C,1025.0mb,,"document.write(Icons.GetShortDescription(2, 'CurrentWeather'));  Few Clouds at 1200m",2017-11-15
23:00,-1°C,-5°C,350°13 Km/h,,43%,-12°C,1025.0mb,,"document.write(Icons.GetShortDescription(2, 'CurrentWeather'));  Few Clouds at 1200m",2017-11-15
