Time,Temperature,Relative Temperature,Wind,Wind Gust,Rel. humidity,Dew Point,Pressure,Icon,DescriptionDetails,date
00:00,5°C,2°C,310°13 Km/h,,66%,-1°C,1013.0mb,,"document.write(Icons.GetShortDescription(3, 'CurrentWeather'));  Few Clouds at 460m, Broken Clouds at 1100m",2017-01-09
01:00,4°C,1°C,280°13 Km/h,,70%,-1°C,1014.0mb,,"document.write(Icons.GetShortDescription(3, 'CurrentWeather'));  Few Clouds at 460m, Broken Clouds at 1100m",2017-01-09
02:00,4°C,2°C,280°7 Km/h,,70%,-1°C,1013.0mb,,"document.write(Icons.GetShortDescription(3, 'CurrentWeather'));  Broken Clouds at 910m",2017-01-09
03:00,4°C,1°C,280°11 Km/h,,70%,-1°C,1014.0mb,,"document.write(Icons.GetShortDescription(3, 'CurrentWeather'));  Broken Clouds at 910m",2017-01-09
04:00,4°C,1°C,320°13 Km/h,,70%,-1°C,1014.0mb,,"document.write(Icons.GetShortDescription(3, 'CurrentWeather'));  Broken Clouds at 910m Haze",2017-01-09
05:00,4°C,1°C,300°13 Km/h,,65%,-2°C,1014.0mb,,"document.write(Icons.GetShortDescription(3, 'CurrentWeather'));  Broken Clouds at 910m Haze",2017-01-09
06:00,3°C,0°C,310°13 Km/h,,70%,-2°C,1014.0mb,,"document.write(Icons.GetShortDescription(3, 'CurrentWeather'));  Few Clouds at 460m, Broken Clouds at 1100m",2017-01-09
07:00,2°C,-2°C,310°13 Km/h,,65%,-4°C,1015.0mb,,"document.write(Icons.GetShortDescription(3, 'CurrentWeather'));  Few Clouds at 460m, Broken Clouds at 1100m",2017-01-09
08:00,2°C,-2°C,320°13 Km/h,,75%,-2°C,1016.0mb,,"document.write(Icons.GetShortDescription(2, 'CurrentWeather'));  Few Clouds at 460m, Scattered Clouds at 1100m",2017-01-09
08:31,2°C,-3°C,350°20 Km/h,,70%,-3°C,1017.0mb,,"document.write(Icons.GetShortDescription(3, 'CurrentWeather'));  Scattered Clouds at 460m, Broken Clouds at 1100m Haze",2017-01-09
09:00,2°C,-4°C,330°28 Km/h,,60%,-5°C,1017.0mb,,"document.write(Icons.GetShortDescription(3, 'CurrentWeather'));  Scattered Clouds at 460m, Broken Clouds at 1100m Haze",2017-01-09
10:00,3°C,-2°C,320°20 Km/h,,56%,-5°C,1018.0mb,,"document.write(Icons.GetShortDescription(2, 'CurrentWeather'));  Few Clouds at 910m",2017-01-09
11:00,3°C,-1°C,310°15 Km/h,,52%,-6°C,1018.0mb,,"document.write(Icons.GetShortDescription(2, 'CurrentWeather'));  Few Clouds at 910m",2017-01-09
12:00,5°C,1°C,280°19 Km/h,,49%,-5°C,1018.0mb,,"document.write(Icons.GetShortDescription(2, 'CurrentWeather'));  Few Clouds at 910m",2017-01-09
13:00,5°C,1°C,330°24 Km/h,,42%,-7°C,1018.0mb,,"document.write(Icons.GetShortDescription(2, 'CurrentWeather'));  Few Clouds at 910m",2017-01-09
14:00,4°C,0°C,330°22 Km/h,,42%,-8°C,1017.0mb,,"document.write(Icons.GetShortDescription(2, 'CurrentWeather'));  Few Clouds at 910m",2017-01-09
15:00,5°C,1°C,320°19 Km/h,,33%,-10°C,1017.0mb,,"document.write(Icons.GetShortDescription(2, 'CurrentWeather'));  Few Clouds at 910m",2017-01-09
16:00,4°C,0°C,320°19 Km/h,,36%,-10°C,1018.0mb,,"document.write(Icons.GetShortDescription(1, 'CurrentWeather'));",2017-01-09
17:00,2°C,-2°C,320°17 Km/h,,41%,-10°C,1018.0mb,,"document.write(Icons.GetShortDescription(1, 'CurrentWeather'));",2017-01-09
18:00,1°C,-2°C,300°9 Km/h,,44%,-10°C,1019.0mb,,"document.write(Icons.GetShortDescription(1, 'CurrentWeather'));",2017-01-09
19:00,0°C,-3°C,280°7 Km/h,,51%,-9°C,1019.0mb,,"document.write(Icons.GetShortDescription(1, 'CurrentWeather'));",2017-01-09
20:00,-1°C,-5°C,310°13 Km/h,,47%,-11°C,1020.0mb,,"document.write(Icons.GetShortDescription(1, 'CurrentWeather'));",2017-01-09
21:00,-2°C,-6°C,320°13 Km/h,,55%,-10°C,1020.0mb,,"document.write(Icons.GetShortDescription(1, 'CurrentWeather'));",2017-01-09
22:00,-3°C,-7°C,330°11 Km/h,,54%,-11°C,1020.0mb,,"document.write(Icons.GetShortDescription(1, 'CurrentWeather'));",2017-01-09
23:00,-3°C,-7°C,310°9 Km/h,,50%,-12°C,1020.0mb,,"document.write(Icons.GetShortDescription(1, 'CurrentWeather'));",2017-01-09
