Time,Temperature,Relative Temperature,Wind,Wind Gust,Rel. humidity,Dew Point,Pressure,Icon,DescriptionDetails,date
00:00,10°C,8°C,160°13 Km/h,,76%,6°C,1023.0mb,,"document.write(Icons.GetShortDescription(2, 'CurrentWeather'));  Few Clouds at 910m, Scattered Clouds at 5500m",2017-11-01
01:00,10°C,8°C,150°11 Km/h,,76%,6°C,1023.0mb,,"document.write(Icons.GetShortDescription(3, 'CurrentWeather'));  Scattered Clouds at 910m, Broken Clouds at 5500m",2017-11-01
02:00,10°C,9°C,180°7 Km/h,,82%,7°C,1022.0mb,,"document.write(Icons.GetShortDescription(3, 'CurrentWeather'));  Scattered Clouds at 910m, Broken Clouds at 4900m",2017-11-01
03:00,10°C,9°C,200°7 Km/h,,82%,7°C,1022.0mb,,"document.write(Icons.GetShortDescription(3, 'CurrentWeather'));  Scattered Clouds at 910m, Broken Clouds at 4900m",2017-11-01
04:00,11°C,11°C,200°4 Km/h,,77%,7°C,1022.0mb,,"document.write(Icons.GetShortDescription(3, 'CurrentWeather'));  Scattered Clouds at 910m, Broken Clouds at 4900m",2017-11-01
05:00,10°C,10°C,220°6 Km/h,,82%,7°C,1022.0mb,,"document.write(Icons.GetShortDescription(3, 'CurrentWeather'));  Scattered Clouds at 1200m, Broken Clouds at 4600m",2017-11-01
06:00,8°C,7°C,200°7 Km/h,,82%,5°C,1022.0mb,,"document.write(Icons.GetShortDescription(3, 'CurrentWeather'));  Few Clouds at 1200m, Broken Clouds at 4600m",2017-11-01
07:00,10°C,9°C,170°9 Km/h,,82%,7°C,1021.0mb,,"document.write(Icons.GetShortDescription(3, 'CurrentWeather'));  Scattered Clouds at 1200m, Broken Clouds at 5500m",2017-11-01
08:00,12°C,12°C,170°9 Km/h,,77%,8°C,1022.0mb,,"document.write(Icons.GetShortDescription(3, 'CurrentWeather'));  Scattered Clouds at 1200m, Broken Clouds at 5500m",2017-11-01
09:00,13°C,13°C,180°11 Km/h,,72%,8°C,1022.0mb,,"document.write(Icons.GetShortDescription(3, 'CurrentWeather'));  Broken Clouds at 1200m, Broken Clouds at 5500m",2017-11-01
10:00,15°C,15°C,210°13 Km/h,,68%,9°C,1022.0mb,,"document.write(Icons.GetShortDescription(3, 'CurrentWeather'));  Scattered Clouds at 1200m, Broken Clouds at 5500m",2017-11-01
11:00,17°C,17°C,200°15 Km/h,,64%,10°C,1021.0mb,,"document.write(Icons.GetShortDescription(3, 'CurrentWeather'));  Broken Clouds at 1200m, Broken Clouds at 5500m",2017-11-01
12:00,17°C,17°C,230°13 Km/h,,59%,9°C,1021.0mb,,"document.write(Icons.GetShortDescription(3, 'CurrentWeather'));  Broken Clouds at 1200m, Broken Clouds at 5500m",2017-11-01
13:00,17°C,17°C,260°11 Km/h,,59%,9°C,1020.0mb,,"document.write(Icons.GetShortDescription(3, 'CurrentWeather'));  Broken Clouds at 1200m, Broken Clouds at 5500m",2017-11-01
14:00,18°C,18°C,280°17 Km/h,,56%,9°C,1019.0mb,,"document.write(Icons.GetShortDescription(3, 'CurrentWeather'));  Scattered Clouds at 1200m, Broken Clouds at 5500m",2017-11-01
15:00,18°C,18°C,260°15 Km/h,,52%,8°C,1019.0mb,,"document.write(Icons.GetShortDescription(3, 'CurrentWeather'));  Scattered Clouds at 1200m, Broken Clouds at 4600m, Broken Clouds at 5500m",2017-11-01
16:00,17°C,17°C,230°17 Km/h,,59%,9°C,1019.0mb,,"document.write(Icons.GetShortDescription(3, 'CurrentWeather'));  Few Clouds at 1200m, Broken Clouds at 5500m",2017-11-01
17:00,16°C,16°C,230°13 Km/h,,63%,9°C,1019.0mb,,"document.write(Icons.GetShortDescription(2, 'CurrentWeather'));  Few Clouds at 1200m, Scattered Clouds at 4600m",2017-11-01
18:00,16°C,16°C,240°6 Km/h,,68%,10°C,1020.0mb,,"document.write(Icons.GetShortDescription(2, 'CurrentWeather'));  Few Clouds at 1200m, Scattered Clouds at 4600m",2017-11-01
19:00,16°C,16°C,220°9 Km/h,,68%,10°C,1020.0mb,,"document.write(Icons.GetShortDescription(3, 'CurrentWeather'));  Few Clouds at 1200m, Broken Clouds at 5500m",2017-11-01
20:00,15°C,15°C,220°9 Km/h,,72%,10°C,1020.0mb,,"document.write(Icons.GetShortDescription(3, 'CurrentWeather'));  Few Clouds at 610m, Broken Clouds at 5500m",2017-11-01
21:00,15°C,15°C,210°9 Km/h,,72%,10°C,1020.0mb,,"document.write(Icons.GetShortDescription(3, 'CurrentWeather'));  Few Clouds at 460m, Scattered Clouds at 760m, Broken Clouds at 5500m",2017-11-01
22:00,15°C,15°C,190°13 Km/h,,72%,10°C,1020.0mb,,"document.write(Icons.GetShortDescription(3, 'CurrentWeather'));  Few Clouds at 460m, Scattered Clouds at 760m, Broken Clouds at 5500m",2017-11-01
23:00,14°C,14°C,190°9 Km/h,,77%,10°C,1020.0mb,,"document.write(Icons.GetShortDescription(3, 'CurrentWeather'));  Few Clouds at 460m, Scattered Clouds at 760m, Broken Clouds at 5500m",2017-11-01
