Time,Temperature,Relative Temperature,Wind,Wind Gust,Rel. humidity,Dew Point,Pressure,Icon,DescriptionDetails,date
00:00,7°C,7°C,280°2 Km/h,,76%,3°C,1024.0mb,,"document.write(Icons.GetShortDescription(2, 'CurrentWeather'));  Few Clouds at 1200m, Scattered Clouds at 5500m",2017-11-07
01:00,9°C,8°C,130°7 Km/h,,76%,5°C,1024.0mb,,"document.write(Icons.GetShortDescription(2, 'CurrentWeather'));  Few Clouds at 1200m, Scattered Clouds at 5500m",2017-11-07
02:00,10°C,8°C,140°11 Km/h,,76%,6°C,1024.0mb,,"document.write(Icons.GetShortDescription(3, 'CurrentWeather'));  Broken Clouds at 1200m",2017-11-07
03:00,10°C,8°C,160°15 Km/h,,76%,6°C,1024.0mb,,"document.write(Icons.GetShortDescription(3, 'CurrentWeather'));  Broken Clouds at 1100m",2017-11-07
04:00,10°C,9°C,180°7 Km/h,,71%,5°C,1023.0mb,,"document.write(Icons.GetShortDescription(3, 'CurrentWeather'));  Broken Clouds at 1100m",2017-11-07
05:00,10°C,8°C,190°11 Km/h,,71%,5°C,1023.0mb,,"document.write(Icons.GetShortDescription(3, 'CurrentWeather'));  Broken Clouds at 1100m",2017-11-07
06:00,10°C,9°C,170°7 Km/h,,71%,5°C,1023.0mb,,"document.write(Icons.GetShortDescription(3, 'CurrentWeather'));  Broken Clouds at 1100m",2017-11-07
07:00,11°C,11°C,180°7 Km/h,,67%,5°C,1023.0mb,,"document.write(Icons.GetShortDescription(3, 'CurrentWeather'));  Broken Clouds at 1100m",2017-11-07
08:00,11°C,11°C,180°9 Km/h,,72%,6°C,1023.0mb,,"document.write(Icons.GetShortDescription(3, 'CurrentWeather'));  Broken Clouds at 1200m",2017-11-07
09:00,12°C,12°C,210°7 Km/h,,67%,6°C,1024.0mb,,"document.write(Icons.GetShortDescription(3, 'CurrentWeather'));  Broken Clouds at 1200m",2017-11-07
10:00,13°C,13°C,80°7 Km/h,,63%,6°C,1023.0mb,,"document.write(Icons.GetShortDescription(3, 'CurrentWeather'));  Broken Clouds at 1200m",2017-11-07
11:00,14°C,14°C,150°4 Km/h,,59%,6°C,1023.0mb,,"document.write(Icons.GetShortDescription(3, 'CurrentWeather'));  Broken Clouds at 1400m",2017-11-07
12:00,16°C,16°C,150°9 Km/h,,52%,6°C,1022.0mb,,"document.write(Icons.GetShortDescription(3, 'CurrentWeather'));  Scattered Clouds at 1400m, Broken Clouds at 5500m",2017-11-07
13:00,17°C,17°C,110°9 Km/h,,49%,6°C,1020.0mb,,"document.write(Icons.GetShortDescription(3, 'CurrentWeather'));  Few Clouds at 1400m, Broken Clouds at 5500m",2017-11-07
14:00,18°C,18°C,110°9 Km/h,,46%,6°C,1019.0mb,,"document.write(Icons.GetShortDescription(1, 'CurrentWeather'));",2017-11-07
15:00,19°C,19°C,170°7 Km/h,,43%,6°C,1019.0mb,,"document.write(Icons.GetShortDescription(3, 'CurrentWeather'));  Scattered Clouds at 1400m, Broken Clouds at 5500m",2017-11-07
16:00,19°C,19°C,190°9 Km/h,,46%,7°C,1019.0mb,,"document.write(Icons.GetShortDescription(3, 'CurrentWeather'));  Scattered Clouds at 1400m, Broken Clouds at 5500m",2017-11-07
17:00,18°C,18°C,200°6 Km/h,,49%,7°C,1018.0mb,,"document.write(Icons.GetShortDescription(3, 'CurrentWeather'));  Scattered Clouds at 1200m, Broken Clouds at 5500m",2017-11-07
18:00,18°C,18°C,190°2 Km/h,,49%,7°C,1018.0mb,,"document.write(Icons.GetShortDescription(3, 'CurrentWeather'));  Scattered Clouds at 1100m, Broken Clouds at 5500m",2017-11-07
19:00,16°C,16°C,310°7 Km/h,,55%,7°C,1018.0mb,,"document.write(Icons.GetShortDescription(3, 'CurrentWeather'));  Broken Clouds at 1100m, Broken Clouds at 4600m",2017-11-07
20:00,16°C,16°C,340°4 Km/h,,59%,8°C,1018.0mb,,"document.write(Icons.GetShortDescription(3, 'CurrentWeather'));  Broken Clouds at 1100m, Broken Clouds at 4600m",2017-11-07
21:00,16°C,16°C,350°2 Km/h,,59%,8°C,1018.0mb,,"document.write(Icons.GetShortDescription(4, 'CurrentWeather'));  Broken Clouds at 910m, Cloudy at 4300m",2017-11-07
22:00,16°C,16°C,140°4 Km/h,,59%,8°C,1018.0mb,,"document.write(Icons.GetShortDescription(4, 'CurrentWeather'));  Broken Clouds at 760m, Cloudy at 4300m",2017-11-07
23:00,15°C,15°C,10°4 Km/h,,68%,9°C,1018.0mb,,"document.write(Icons.GetShortDescription(4, 'CurrentWeather'));  Few Clouds at 460m, Broken Clouds at 760m, Cloudy at 4000m",2017-11-07
