Time,Temperature,Relative Temperature,Wind,Wind Gust,Rel. humidity,Dew Point,Pressure,Icon,DescriptionDetails,date
00:00,6°C,6°C,270°4 Km/h,,71%,1°C,1019.0mb,,"document.write(Icons.GetShortDescription(3, 'CurrentWeather'));  Few Clouds at 300m, Scattered Clouds at 910m, Broken Clouds at 3400m Haze",2017-03-27
01:00,6°C,4°C,260°7 Km/h,,71%,1°C,1019.0mb,,"document.write(Icons.GetShortDescription(3, 'CurrentWeather'));  Few Clouds at 300m, Scattered Clouds at 910m, Broken Clouds at 3400m Haze",2017-03-27
02:00,6°C,4°C,250°7 Km/h,,66%,0°C,1019.0mb,,"document.write(Icons.GetShortDescription(3, 'CurrentWeather'));  Few Clouds at 300m, Scattered Clouds at 910m, Broken Clouds at 3400m Haze",2017-03-27
03:00,5°C,2°C,280°13 Km/h,,70%,0°C,1019.0mb,,"document.write(Icons.GetShortDescription(3, 'CurrentWeather'));  Few Clouds at 300m, Scattered Clouds at 910m, Broken Clouds at 3400m Haze",2017-03-27
04:00,6°C,4°C,270°11 Km/h,,66%,0°C,1019.0mb,,"document.write(Icons.GetShortDescription(3, 'CurrentWeather'));  Few Clouds at 300m, Scattered Clouds at 910m, Broken Clouds at 3400m Haze",2017-03-27
05:00,5°C,3°C,290°7 Km/h,,70%,0°C,1019.0mb,,"document.write(Icons.GetShortDescription(3, 'CurrentWeather'));  Few Clouds at 300m, Scattered Clouds at 910m, Broken Clouds at 3400m Haze",2017-03-27
06:00,5°C,5°C,300°4 Km/h,,70%,0°C,1019.0mb,,"document.write(Icons.GetShortDescription(3, 'CurrentWeather'));  Few Clouds at 460m, Scattered Clouds at 2400m, Broken Clouds at 4900m Haze",2017-03-27
07:00,4°C,4°C,220°4 Km/h,,75%,0°C,1019.0mb,,"document.write(Icons.GetShortDescription(1, 'CurrentWeather'));  Haze",2017-03-27
08:00,6°C,4°C,260°7 Km/h,,66%,0°C,1020.0mb,,"document.write(Icons.GetShortDescription(3, 'CurrentWeather'));  Broken Clouds at 610m, Broken Clouds at 3700m Haze",2017-03-27
09:00,7°C,6°C,240°7 Km/h,,61%,0°C,1020.0mb,,"document.write(Icons.GetShortDescription(3, 'CurrentWeather'));  Scattered Clouds at 760m, Broken Clouds at 2400m Haze",2017-03-27
10:00,8°C,6°C,240°11 Km/h,,57%,0°C,1020.0mb,,"document.write(Icons.GetShortDescription(3, 'CurrentWeather'));  Scattered Clouds at 610m, Broken Clouds at 2400m Haze",2017-03-27
11:00,9°C,8°C,280°9 Km/h,,50%,-1°C,1020.0mb,,"document.write(Icons.GetShortDescription(3, 'CurrentWeather'));  Scattered Clouds at 760m, Broken Clouds at 2400m Haze",2017-03-27
12:00,10°C,8°C,310°17 Km/h,,37%,-4°C,1020.0mb,,"document.write(Icons.GetShortDescription(3, 'CurrentWeather'));  Scattered Clouds at 1100m, Broken Clouds at 2400m",2017-03-27
13:00,10°C,8°C,290°17 Km/h,,43%,-2°C,1019.0mb,,"document.write(Icons.GetShortDescription(3, 'CurrentWeather'));  Scattered Clouds at 910m, Broken Clouds at 2400m",2017-03-27
14:00,11°C,11°C,290°22 Km/h,,35%,-4°C,1019.0mb,,"document.write(Icons.GetShortDescription(3, 'CurrentWeather'));  Scattered Clouds at 910m, Broken Clouds at 2400m",2017-03-27
15:00,6°C,1°C,320°37 Km/h,,57%,-2°C,1019.0mb,,"document.write(Icons.GetShortDescription(7, 'CurrentWeather'));  Broken Clouds at 1100m, Cloudy at 2400m Light Rain, Haze",2017-03-27
16:00,5°C,0°C,290°26 Km/h,,70%,0°C,1020.0mb,,"document.write(Icons.GetShortDescription(7, 'CurrentWeather'));  Broken Clouds at 1100m, Cloudy at 2400m Light Rain",2017-03-27
17:00,8°C,6°C,290°11 Km/h,,50%,-2°C,1019.0mb,,"document.write(Icons.GetShortDescription(3, 'CurrentWeather'));  Scattered Clouds at 1100m, Broken Clouds at 2400m",2017-03-27
18:00,7°C,7°C,340°4 Km/h,,57%,-1°C,1020.0mb,,"document.write(Icons.GetShortDescription(2, 'CurrentWeather'));  Few Clouds at 1100m, Scattered Clouds at 2400m",2017-03-27
19:00,7°C,5°C,280°9 Km/h,,53%,-2°C,1020.0mb,,"document.write(Icons.GetShortDescription(2, 'CurrentWeather'));  Few Clouds at 1200m",2017-03-27
20:00,6°C,4°C,240°7 Km/h,,61%,-1°C,1020.0mb,,"document.write(Icons.GetShortDescription(1, 'CurrentWeather'));",2017-03-27
21:00,5°C,5°C,240°4 Km/h,,61%,-2°C,1021.0mb,,"document.write(Icons.GetShortDescription(1, 'CurrentWeather'));  Haze",2017-03-27
22:00,3°C,3°C,70°4 Km/h,,70%,-2°C,1021.0mb,,"document.write(Icons.GetShortDescription(1, 'CurrentWeather'));  Haze",2017-03-27
23:00,3°C,3°C,230°2 Km/h,,75%,-1°C,1022.0mb,,"document.write(Icons.GetShortDescription(1, 'CurrentWeather'));  Haze",2017-03-27
