Time,Temperature,Relative Temperature,Wind,Wind Gust,Rel. humidity,Dew Point,Pressure,Icon,DescriptionDetails,date
00:00,4°C,1°C,320°15 Km/h,,70%,-1°C,1020.0mb,,"document.write(Icons.GetShortDescription(2, 'CurrentWeather'));  Scattered Clouds at 760m Haze",2017-03-13
01:00,4°C,4°C,340°4 Km/h,,70%,-1°C,1020.0mb,,"document.write(Icons.GetShortDescription(2, 'CurrentWeather'));  Scattered Clouds at 760m Haze",2017-03-13
02:00,4°C,2°C,290°9 Km/h,,65%,-2°C,1020.0mb,,"document.write(Icons.GetShortDescription(2, 'CurrentWeather'));  Scattered Clouds at 760m Haze",2017-03-13
03:00,2°C,2°C,350°4 Km/h,,65%,-4°C,1020.0mb,,"document.write(Icons.GetShortDescription(2, 'CurrentWeather'));  Few Clouds at 910m Haze",2017-03-13
04:00,2°C,0°C,330°7 Km/h,,65%,-4°C,1020.0mb,,"document.write(Icons.GetShortDescription(1, 'CurrentWeather'));  Haze",2017-03-13
05:00,1°C,1°C,340°4 Km/h,,70%,-4°C,1020.0mb,,"document.write(Icons.GetShortDescription(1, 'CurrentWeather'));  Haze",2017-03-13
06:00,0°C,0°C,130°4 Km/h,,75%,-4°C,1020.0mb,,"document.write(Icons.GetShortDescription(1, 'CurrentWeather'));  Haze",2017-03-13
07:00,1°C,-2°C,330°9 Km/h,,65%,-5°C,1020.0mb,,"document.write(Icons.GetShortDescription(1, 'CurrentWeather'));",2017-03-13
08:00,2°C,0°C,320°6 Km/h,,70%,-3°C,1020.0mb,,"document.write(Icons.GetShortDescription(1, 'CurrentWeather'));",2017-03-13
09:00,4°C,2°C,350°9 Km/h,,56%,-4°C,1021.0mb,,"document.write(Icons.GetShortDescription(1, 'CurrentWeather'));",2017-03-13
10:00,6°C,4°C,360°11 Km/h,,46%,-5°C,1021.0mb,,"document.write(Icons.GetShortDescription(1, 'CurrentWeather'));",2017-03-13
11:00,7°C,5°C,330°11 Km/h,,39%,-6°C,1021.0mb,,"document.write(Icons.GetShortDescription(1, 'CurrentWeather'));",2017-03-13
12:00,9°C,8°C,330°6 Km/h,,34%,-6°C,1021.0mb,,"document.write(Icons.GetShortDescription(1, 'CurrentWeather'));",2017-03-13
13:00,9°C,7°C,350°11 Km/h,,32%,-7°C,1019.0mb,,"document.write(Icons.GetShortDescription(1, 'CurrentWeather'));",2017-03-13
14:00,10°C,8°C,330°19 Km/h,,25%,-9°C,1018.0mb,,"document.write(Icons.GetShortDescription(1, 'CurrentWeather'));",2017-03-13
15:00,10°C,8°C,320°17 Km/h,,30%,-7°C,1017.0mb,,"document.write(Icons.GetShortDescription(1, 'CurrentWeather'));",2017-03-13
16:00,11°C,11°C,330°15 Km/h,,28%,-7°C,1017.0mb,,"document.write(Icons.GetShortDescription(1, 'CurrentWeather'));",2017-03-13
17:00,11°C,11°C,320°17 Km/h,,28%,-7°C,1016.0mb,,"document.write(Icons.GetShortDescription(1, 'CurrentWeather'));",2017-03-13
18:00,10°C,8°C,310°17 Km/h,,32%,-6°C,1016.0mb,,"document.write(Icons.GetShortDescription(1, 'CurrentWeather'));",2017-03-13
19:00,8°C,6°C,300°13 Km/h,,37%,-6°C,1016.0mb,,"document.write(Icons.GetShortDescription(1, 'CurrentWeather'));",2017-03-13
20:00,6°C,3°C,320°13 Km/h,,46%,-5°C,1016.0mb,,"document.write(Icons.GetShortDescription(1, 'CurrentWeather'));",2017-03-13
21:00,6°C,3°C,330°19 Km/h,,46%,-5°C,1017.0mb,,"document.write(Icons.GetShortDescription(1, 'CurrentWeather'));",2017-03-13
22:00,5°C,1°C,330°19 Km/h,,49%,-5°C,1017.0mb,,"document.write(Icons.GetShortDescription(1, 'CurrentWeather'));",2017-03-13
23:00,3°C,0°C,350°13 Km/h,,52%,-6°C,1018.0mb,,"document.write(Icons.GetShortDescription(1, 'CurrentWeather'));",2017-03-13
