Time,Temperature,Relative Temperature,Wind,Wind Gust,Rel. humidity,Dew Point,Pressure,Icon,DescriptionDetails,date
00:00,16°C,16°C,350°4 Km/h,,68%,10°C,1008.0mb,,"document.write(Icons.GetShortDescription(1, 'CurrentWeather'));",2017-05-25
01:00,15°C,15°C,Calm,,77%,11°C,1008.0mb,,"document.write(Icons.GetShortDescription(1, 'CurrentWeather'));",2017-05-25
02:00,15°C,15°C,320°2 Km/h,,82%,12°C,1008.0mb,,"document.write(Icons.GetShortDescription(1, 'CurrentWeather'));",2017-05-25
03:00,14°C,14°C,Calm,,82%,11°C,1007.0mb,,"document.write(Icons.GetShortDescription(1, 'CurrentWeather'));",2017-05-25
04:00,12°C,12°C,210°4 Km/h,,82%,9°C,1007.0mb,,"document.write(Icons.GetShortDescription(1, 'CurrentWeather'));",2017-05-25
05:00,15°C,15°C,170°11 Km/h,,77%,11°C,1007.0mb,,"document.write(Icons.GetShortDescription(1, 'CurrentWeather'));",2017-05-25
06:00,15°C,15°C,160°7 Km/h,,72%,10°C,1007.0mb,,"document.write(Icons.GetShortDescription(1, 'CurrentWeather'));",2017-05-25
07:00,17°C,17°C,190°11 Km/h,,68%,11°C,1006.0mb,,"document.write(Icons.GetShortDescription(1, 'CurrentWeather'));",2017-05-25
08:00,19°C,19°C,180°19 Km/h,,60%,11°C,1006.0mb,,"document.write(Icons.GetShortDescription(1, 'CurrentWeather'));",2017-05-25
09:00,22°C,21°C,200°19 Km/h,,47%,10°C,1004.0mb,,"document.write(Icons.GetShortDescription(1, 'CurrentWeather'));",2017-05-25
10:00,22°C,21°C,260°20 Km/h,,44%,9°C,1005.0mb,,"document.write(Icons.GetShortDescription(1, 'CurrentWeather'));",2017-05-25
11:00,22°C,21°C,210°17 Km/h,,47%,10°C,1004.0mb,,"document.write(Icons.GetShortDescription(3, 'CurrentWeather'));  Scattered Clouds at 910m, Broken Clouds at 5500m",2017-05-25
12:00,22°C,21°C,280°17 Km/h,,47%,10°C,1003.0mb,,"document.write(Icons.GetShortDescription(1, 'CurrentWeather'));",2017-05-25
13:00,24°C,24°C,270°19 Km/h,,44%,11°C,1003.0mb,,"document.write(Icons.GetShortDescription(2, 'CurrentWeather'));  Scattered Clouds at 1200m",2017-05-25
14:00,25°C,24°C,320°28 Km/h,,17%,-2°C,1003.0mb,,"document.write(Icons.GetShortDescription(2, 'CurrentWeather'));  Few Clouds at 1200m",2017-05-25
15:00,24°C,23°C,310°28 Km/h,,22%,1°C,1003.0mb,,"document.write(Icons.GetShortDescription(1, 'CurrentWeather'));",2017-05-25
16:00,23°C,22°C,310°28 Km/h,,25%,2°C,1003.0mb,,"document.write(Icons.GetShortDescription(1, 'CurrentWeather'));",2017-05-25
17:00,22°C,21°C,310°26 Km/h,,29%,3°C,1003.0mb,,"document.write(Icons.GetShortDescription(1, 'CurrentWeather'));",2017-05-25
18:00,21°C,21°C,310°30 Km/h,,31%,3°C,1003.0mb,,"document.write(Icons.GetShortDescription(1, 'CurrentWeather'));",2017-05-25
19:00,19°C,19°C,320°31 Km/h,,32%,2°C,1004.0mb,,"document.write(Icons.GetShortDescription(1, 'CurrentWeather'));",2017-05-25
20:00,18°C,18°C,320°26 Km/h,,34%,2°C,1004.0mb,,"document.write(Icons.GetShortDescription(1, 'CurrentWeather'));",2017-05-25
21:00,17°C,17°C,330°28 Km/h,,34%,1°C,1005.0mb,,"document.write(Icons.GetShortDescription(1, 'CurrentWeather'));",2017-05-25
22:00,16°C,16°C,330°28 Km/h,,36%,1°C,1006.0mb,,"document.write(Icons.GetShortDescription(1, 'CurrentWeather'));",2017-05-25
23:00,15°C,15°C,330°20 Km/h,,39%,1°C,1007.0mb,,"document.write(Icons.GetShortDescription(1, 'CurrentWeather'));",2017-05-25
