Time,Temperature,Relative Temperature,Wind,Wind Gust,Rel. humidity,Dew Point,Pressure,Icon,DescriptionDetails,date
00:00,1°C,1°C,350°2 Km/h,,60%,-6°C,1022.0mb,,"document.write(Icons.GetShortDescription(1, 'CurrentWeather'));",2017-03-11
01:00,-2°C,-2°C,290°2 Km/h,,74%,-6°C,1022.0mb,,"document.write(Icons.GetShortDescription(1, 'CurrentWeather'));",2017-03-11
02:00,-2°C,-2°C,40°4 Km/h,,74%,-6°C,1023.0mb,,"document.write(Icons.GetShortDescription(1, 'CurrentWeather'));",2017-03-11
03:00,-2°C,-2°C,350°2 Km/h,,74%,-6°C,1022.0mb,,"document.write(Icons.GetShortDescription(1, 'CurrentWeather'));",2017-03-11
04:00,-3°C,-3°C,140°2 Km/h,,74%,-7°C,1022.0mb,,"document.write(Icons.GetShortDescription(1, 'CurrentWeather'));",2017-03-11
05:00,-3°C,-3°C,130°4 Km/h,,74%,-7°C,1023.0mb,,"document.write(Icons.GetShortDescription(1, 'CurrentWeather'));",2017-03-11
06:00,-3°C,-3°C,320°4 Km/h,,80%,-6°C,1023.0mb,,"document.write(Icons.GetShortDescription(1, 'CurrentWeather'));",2017-03-11
07:00,-2°C,-5°C,320°7 Km/h,,74%,-6°C,1023.0mb,,"document.write(Icons.GetShortDescription(1, 'CurrentWeather'));",2017-03-11
08:00,0°C,-2°C,350°6 Km/h,,75%,-4°C,1024.0mb,,"document.write(Icons.GetShortDescription(1, 'CurrentWeather'));",2017-03-11
09:00,4°C,4°C,270°2 Km/h,,52%,-5°C,1024.0mb,,"document.write(Icons.GetShortDescription(1, 'CurrentWeather'));",2017-03-11
10:00,9°C,9°C,180°4 Km/h,,29%,-8°C,1024.0mb,,"document.write(Icons.GetShortDescription(1, 'CurrentWeather'));",2017-03-11
11:00,10°C,9°C,210°7 Km/h,,28%,-8°C,1024.0mb,,"document.write(Icons.GetShortDescription(1, 'CurrentWeather'));",2017-03-11
12:00,12°C,12°C,170°7 Km/h,,24%,-8°C,1024.0mb,,"document.write(Icons.GetShortDescription(1, 'CurrentWeather'));",2017-03-11
13:00,14°C,14°C,190°7 Km/h,,23%,-7°C,1023.0mb,,"document.write(Icons.GetShortDescription(1, 'CurrentWeather'));",2017-03-11
14:00,14°C,14°C,200°9 Km/h,,20%,-9°C,1022.0mb,,"document.write(Icons.GetShortDescription(1, 'CurrentWeather'));",2017-03-11
15:00,14°C,14°C,260°15 Km/h,,20%,-9°C,1022.0mb,,"document.write(Icons.GetShortDescription(1, 'CurrentWeather'));",2017-03-11
16:00,13°C,13°C,300°22 Km/h,,33%,-3°C,1022.0mb,,"document.write(Icons.GetShortDescription(1, 'CurrentWeather'));",2017-03-11
17:00,10°C,8°C,300°13 Km/h,,43%,-2°C,1022.0mb,,"document.write(Icons.GetShortDescription(1, 'CurrentWeather'));",2017-03-11
18:00,8°C,7°C,300°7 Km/h,,46%,-3°C,1022.0mb,,"document.write(Icons.GetShortDescription(1, 'CurrentWeather'));",2017-03-11
19:00,6°C,5°C,20°6 Km/h,,53%,-3°C,1023.0mb,,"document.write(Icons.GetShortDescription(1, 'CurrentWeather'));",2017-03-11
20:00,5°C,3°C,340°9 Km/h,,57%,-3°C,1023.0mb,,"document.write(Icons.GetShortDescription(1, 'CurrentWeather'));",2017-03-11
21:00,4°C,3°C,290°6 Km/h,,61%,-3°C,1023.0mb,,"document.write(Icons.GetShortDescription(1, 'CurrentWeather'));",2017-03-11
22:00,3°C,1°C,330°7 Km/h,,65%,-3°C,1023.0mb,,"document.write(Icons.GetShortDescription(1, 'CurrentWeather'));",2017-03-11
23:00,2°C,2°C,40°2 Km/h,,65%,-4°C,1023.0mb,,"document.write(Icons.GetShortDescription(1, 'CurrentWeather'));",2017-03-11
