Time,Temperature,Relative Temperature,Wind,Wind Gust,Rel. humidity,Dew Point,Pressure,Icon,DescriptionDetails,date
00:00,3°C,2°C,10°6 Km/h,,75%,-1°C,1023.0mb,,"document.write(Icons.GetShortDescription(1, 'CurrentWeather'));",2017-03-30
01:00,2°C,2°C,290°2 Km/h,,81%,-1°C,1023.0mb,,"document.write(Icons.GetShortDescription(1, 'CurrentWeather'));  Haze",2017-03-30
02:00,2°C,2°C,340°2 Km/h,,81%,-1°C,1022.0mb,,"document.write(Icons.GetShortDescription(1, 'CurrentWeather'));  Haze",2017-03-30
03:00,3°C,3°C,340°4 Km/h,,81%,0°C,1022.0mb,,"document.write(Icons.GetShortDescription(1, 'CurrentWeather'));  Haze",2017-03-30
04:00,2°C,0°C,330°7 Km/h,,81%,-1°C,1022.0mb,,"document.write(Icons.GetShortDescription(1, 'CurrentWeather'));  Haze",2017-03-30
05:00,2°C,0°C,330°6 Km/h,,81%,-1°C,1022.0mb,,"document.write(Icons.GetShortDescription(1, 'CurrentWeather'));  Haze",2017-03-30
06:00,2°C,2°C,30°4 Km/h,,81%,-1°C,1023.0mb,,"document.write(Icons.GetShortDescription(1, 'CurrentWeather'));  Haze",2017-03-30
07:00,3°C,3°C,40°2 Km/h,,81%,0°C,1023.0mb,,"document.write(Icons.GetShortDescription(1, 'CurrentWeather'));  Haze",2017-03-30
08:00,5°C,5°C,340°4 Km/h,,76%,1°C,1024.0mb,,"document.write(Icons.GetShortDescription(2, 'CurrentWeather'));  Few Clouds at 910m, Scattered Clouds at 6100m Haze",2017-03-30
09:00,8°C,7°C,330°7 Km/h,,62%,1°C,1024.0mb,,"document.write(Icons.GetShortDescription(1, 'CurrentWeather'));",2017-03-30
10:00,11°C,11°C,350°4 Km/h,,41%,-2°C,1024.0mb,,"document.write(Icons.GetShortDescription(1, 'CurrentWeather'));",2017-03-30
11:00,13°C,13°C,300°7 Km/h,,36%,-2°C,1023.0mb,,"document.write(Icons.GetShortDescription(1, 'CurrentWeather'));",2017-03-30
12:00,14°C,14°C,350°15 Km/h,,31%,-3°C,1023.0mb,,"document.write(Icons.GetShortDescription(1, 'CurrentWeather'));",2017-03-30
13:00,15°C,15°C,310°9 Km/h,,31%,-2°C,1022.0mb,,"document.write(Icons.GetShortDescription(1, 'CurrentWeather'));",2017-03-30
14:00,16°C,16°C,290°15 Km/h,,31%,-1°C,1021.0mb,,"document.write(Icons.GetShortDescription(1, 'CurrentWeather'));",2017-03-30
15:00,16°C,16°C,340°11 Km/h,,31%,-1°C,1020.0mb,,"document.write(Icons.GetShortDescription(1, 'CurrentWeather'));",2017-03-30
16:00,16°C,16°C,280°13 Km/h,,34%,0°C,1020.0mb,,"document.write(Icons.GetShortDescription(1, 'CurrentWeather'));",2017-03-30
17:00,15°C,15°C,290°13 Km/h,,39%,1°C,1019.0mb,,"document.write(Icons.GetShortDescription(1, 'CurrentWeather'));",2017-03-30
18:00,13°C,13°C,300°13 Km/h,,44%,1°C,1020.0mb,,"document.write(Icons.GetShortDescription(1, 'CurrentWeather'));",2017-03-30
19:00,11°C,11°C,280°7 Km/h,,50%,1°C,1020.0mb,,"document.write(Icons.GetShortDescription(1, 'CurrentWeather'));",2017-03-30
20:00,9°C,7°C,320°11 Km/h,,54%,0°C,1020.0mb,,"document.write(Icons.GetShortDescription(1, 'CurrentWeather'));",2017-03-30
21:00,8°C,7°C,320°6 Km/h,,62%,1°C,1021.0mb,,"document.write(Icons.GetShortDescription(1, 'CurrentWeather'));",2017-03-30
22:00,8°C,8°C,360°4 Km/h,,66%,2°C,1021.0mb,,"document.write(Icons.GetShortDescription(1, 'CurrentWeather'));",2017-03-30
23:00,7°C,6°C,330°6 Km/h,,71%,2°C,1020.0mb,,"document.write(Icons.GetShortDescription(1, 'CurrentWeather'));",2017-03-30
