Time,Temperature,Relative Temperature,Wind,Wind Gust,Rel. humidity,Dew Point,Pressure,Icon,DescriptionDetails,date
00:00,21°C,21°C,240°15 Km/h,,83%,18°C,1015.0mb,,"document.write(Icons.GetShortDescription(7, 'CurrentWeather'));  Scattered Clouds at 240m, Broken Clouds at 760m, Cloudy at 2400m Light Rain, Haze",2017-10-11
01:00,21°C,21°C,270°11 Km/h,,83%,18°C,1015.0mb,,"document.write(Icons.GetShortDescription(7, 'CurrentWeather'));  Scattered Clouds at 240m, Broken Clouds at 760m, Cloudy at 2400m Light Rain, Haze",2017-10-11
02:00,19°C,19°C,290°15 Km/h,,88%,17°C,1015.0mb,,"document.write(Icons.GetShortDescription(7, 'CurrentWeather'));  Scattered Clouds at 300m, Broken Clouds at 760m, Cloudy at 2400m Light Rain",2017-10-11
03:00,18°C,18°C,340°19 Km/h,,83%,15°C,1015.0mb,,"document.write(Icons.GetShortDescription(7, 'CurrentWeather'));  Scattered Clouds at 300m, Broken Clouds at 760m, Cloudy at 2400m Light Rain",2017-10-11
04:00,16°C,16°C,20°17 Km/h,,83%,13°C,1016.0mb,,"document.write(Icons.GetShortDescription(7, 'CurrentWeather'));  Scattered Clouds at 300m, Broken Clouds at 760m, Cloudy at 2400m Rain",2017-10-11
05:00,15°C,15°C,330°9 Km/h,,88%,13°C,1017.0mb,,"document.write(Icons.GetShortDescription(7, 'CurrentWeather'));  Scattered Clouds at 300m, Broken Clouds at 760m, Cloudy at 2400m Light Rain",2017-10-11
06:00,15°C,15°C,320°11 Km/h,,88%,13°C,1017.0mb,,"document.write(Icons.GetShortDescription(7, 'CurrentWeather'));  Scattered Clouds at 300m, Broken Clouds at 760m, Cloudy at 2400m Light Rain",2017-10-11
07:00,15°C,15°C,330°13 Km/h,,82%,12°C,1017.0mb,,"document.write(Icons.GetShortDescription(7, 'CurrentWeather'));  Scattered Clouds at 300m, Broken Clouds at 760m, Cloudy at 2400m Light Rain",2017-10-11
08:00,15°C,15°C,330°9 Km/h,,82%,12°C,1018.0mb,,"document.write(Icons.GetShortDescription(7, 'CurrentWeather'));  Scattered Clouds at 300m, Broken Clouds at 760m, Cloudy at 2400m Light Rain",2017-10-11
09:00,15°C,15°C,290°9 Km/h,,82%,12°C,1018.0mb,,"document.write(Icons.GetShortDescription(7, 'CurrentWeather'));  Scattered Clouds at 300m, Broken Clouds at 760m, Cloudy at 2400m Light Rain",2017-10-11
10:00,15°C,15°C,320°11 Km/h,,82%,12°C,1019.0mb,,"document.write(Icons.GetShortDescription(4, 'CurrentWeather'));  Few Clouds at 300m, Broken Clouds at 760m, Cloudy at 3000m",2017-10-11
11:00,16°C,16°C,350°11 Km/h,,83%,13°C,1018.0mb,,"document.write(Icons.GetShortDescription(4, 'CurrentWeather'));  Few Clouds at 300m, Broken Clouds at 760m, Cloudy at 3000m",2017-10-11
12:00,16°C,16°C,290°13 Km/h,,77%,12°C,1018.0mb,,"document.write(Icons.GetShortDescription(4, 'CurrentWeather'));  Broken Clouds at 760m, Cloudy at 3000m",2017-10-11
13:00,16°C,16°C,290°15 Km/h,,77%,12°C,1018.0mb,,"document.write(Icons.GetShortDescription(4, 'CurrentWeather'));  Broken Clouds at 760m, Cloudy at 3000m",2017-10-11
14:00,17°C,17°C,280°13 Km/h,,68%,11°C,1018.0mb,,"document.write(Icons.GetShortDescription(3, 'CurrentWeather'));  Broken Clouds at 760m, Broken Clouds at 3400m",2017-10-11
15:00,16°C,16°C,330°17 Km/h,,72%,11°C,1018.0mb,,"document.write(Icons.GetShortDescription(3, 'CurrentWeather'));  Broken Clouds at 910m, Broken Clouds at 3400m",2017-10-11
16:00,17°C,17°C,320°15 Km/h,,64%,10°C,1018.0mb,,"document.write(Icons.GetShortDescription(3, 'CurrentWeather'));  Scattered Clouds at 910m, Broken Clouds at 5500m",2017-10-11
17:00,16°C,16°C,350°19 Km/h,,63%,9°C,1019.0mb,,"document.write(Icons.GetShortDescription(3, 'CurrentWeather'));  Scattered Clouds at 910m, Broken Clouds at 5500m",2017-10-11
18:00,14°C,14°C,330°17 Km/h,,63%,7°C,1019.0mb,,"document.write(Icons.GetShortDescription(3, 'CurrentWeather'));  Few Clouds at 910m, Broken Clouds at 5500m",2017-10-11
19:00,13°C,13°C,330°17 Km/h,,67%,7°C,1020.0mb,,"document.write(Icons.GetShortDescription(3, 'CurrentWeather'));  Few Clouds at 910m, Broken Clouds at 5500m",2017-10-11
20:00,13°C,13°C,340°20 Km/h,,63%,6°C,1020.0mb,,"document.write(Icons.GetShortDescription(3, 'CurrentWeather'));  Few Clouds at 910m, Broken Clouds at 5500m",2017-10-11
21:00,13°C,13°C,340°17 Km/h,,63%,6°C,1021.0mb,,"document.write(Icons.GetShortDescription(3, 'CurrentWeather'));  Few Clouds at 910m, Broken Clouds at 5500m",2017-10-11
22:00,12°C,12°C,330°13 Km/h,,67%,6°C,1022.0mb,,"document.write(Icons.GetShortDescription(3, 'CurrentWeather'));  Few Clouds at 910m, Broken Clouds at 5500m",2017-10-11
23:00,12°C,12°C,330°9 Km/h,,67%,6°C,1022.0mb,,"document.write(Icons.GetShortDescription(3, 'CurrentWeather'));  Few Clouds at 910m, Broken Clouds at 5500m",2017-10-11
