Time,Temperature,Relative Temperature,Wind,Wind Gust,Rel. humidity,Dew Point,Pressure,Icon,DescriptionDetails,date
00:00,16°C,16°C,190°9 Km/h,,68%,10°C,1010.0mb,,"document.write(Icons.GetShortDescription(1, 'CurrentWeather'));",2017-05-27
01:00,15°C,15°C,190°7 Km/h,,68%,9°C,1010.0mb,,"document.write(Icons.GetShortDescription(1, 'CurrentWeather'));",2017-05-27
02:00,14°C,14°C,170°6 Km/h,,72%,9°C,1010.0mb,,"document.write(Icons.GetShortDescription(1, 'CurrentWeather'));",2017-05-27
03:00,12°C,12°C,160°6 Km/h,,72%,7°C,1010.0mb,,"document.write(Icons.GetShortDescription(1, 'CurrentWeather'));",2017-05-27
04:00,11°C,11°C,150°7 Km/h,,77%,7°C,1011.0mb,,"document.write(Icons.GetShortDescription(1, 'CurrentWeather'));",2017-05-27
05:00,12°C,12°C,150°9 Km/h,,77%,8°C,1011.0mb,,"document.write(Icons.GetShortDescription(1, 'CurrentWeather'));",2017-05-27
06:00,12°C,12°C,150°11 Km/h,,82%,9°C,1012.0mb,,"document.write(Icons.GetShortDescription(1, 'CurrentWeather'));",2017-05-27
07:00,15°C,15°C,160°9 Km/h,,72%,10°C,1012.0mb,,"document.write(Icons.GetShortDescription(1, 'CurrentWeather'));",2017-05-27
08:00,17°C,17°C,210°7 Km/h,,64%,10°C,1013.0mb,,"document.write(Icons.GetShortDescription(1, 'CurrentWeather'));",2017-05-27
09:00,19°C,19°C,220°7 Km/h,,52%,9°C,1013.0mb,,"document.write(Icons.GetShortDescription(1, 'CurrentWeather'));",2017-05-27
10:00,21°C,21°C,220°6 Km/h,,43%,8°C,1013.0mb,,"document.write(Icons.GetShortDescription(1, 'CurrentWeather'));",2017-05-27
11:00,22°C,21°C,220°11 Km/h,,38%,7°C,1013.0mb,,"document.write(Icons.GetShortDescription(1, 'CurrentWeather'));",2017-05-27
12:00,24°C,23°C,210°13 Km/h,,36%,8°C,1013.0mb,,"document.write(Icons.GetShortDescription(1, 'CurrentWeather'));",2017-05-27
13:00,24°C,23°C,250°13 Km/h,,29%,5°C,1012.0mb,,"document.write(Icons.GetShortDescription(1, 'CurrentWeather'));",2017-05-27
14:00,24°C,23°C,270°11 Km/h,,31%,6°C,1012.0mb,,"document.write(Icons.GetShortDescription(1, 'CurrentWeather'));",2017-05-27
15:00,25°C,24°C,290°19 Km/h,,28%,5°C,1012.0mb,,"document.write(Icons.GetShortDescription(1, 'CurrentWeather'));",2017-05-27
16:00,23°C,22°C,280°20 Km/h,,31%,5°C,1011.0mb,,"document.write(Icons.GetShortDescription(1, 'CurrentWeather'));",2017-05-27
17:00,23°C,22°C,280°13 Km/h,,27%,3°C,1011.0mb,,"document.write(Icons.GetShortDescription(1, 'CurrentWeather'));",2017-05-27
18:00,22°C,21°C,290°11 Km/h,,27%,2°C,1011.0mb,,"document.write(Icons.GetShortDescription(1, 'CurrentWeather'));",2017-05-27
19:00,19°C,19°C,310°13 Km/h,,32%,2°C,1012.0mb,,"document.write(Icons.GetShortDescription(1, 'CurrentWeather'));",2017-05-27
20:00,16°C,16°C,320°9 Km/h,,39%,2°C,1012.0mb,,"document.write(Icons.GetShortDescription(1, 'CurrentWeather'));",2017-05-27
21:00,16°C,16°C,330°9 Km/h,,42%,3°C,1012.0mb,,"document.write(Icons.GetShortDescription(1, 'CurrentWeather'));",2017-05-27
22:00,15°C,15°C,310°7 Km/h,,51%,5°C,1013.0mb,,"document.write(Icons.GetShortDescription(1, 'CurrentWeather'));",2017-05-27
23:00,15°C,15°C,310°7 Km/h,,51%,5°C,1013.0mb,,"document.write(Icons.GetShortDescription(1, 'CurrentWeather'));",2017-05-27
