Time,Temperature,Relative Temperature,Wind,Wind Gust,Rel. humidity,Dew Point,Pressure,Icon,DescriptionDetails,date
00:00,24°C,25°C,330°4 Km/h,,83%,21°C,1012.0mb,,"document.write(Icons.GetShortDescription(2, 'CurrentWeather'));  Few Clouds at 1200m",2017-08-19
01:00,24°C,25°C,30°2 Km/h,,78%,20°C,1012.0mb,,"document.write(Icons.GetShortDescription(2, 'CurrentWeather'));  Few Clouds at 1200m",2017-08-19
02:00,23°C,24°C,360°2 Km/h,,83%,20°C,1012.0mb,,"document.write(Icons.GetShortDescription(1, 'CurrentWeather'));",2017-08-19
03:00,23°C,24°C,10°2 Km/h,,83%,20°C,1012.0mb,,"document.write(Icons.GetShortDescription(3, 'CurrentWeather'));  Few Clouds at 910m, Broken Clouds at 6100m",2017-08-19
04:00,23°C,24°C,130°2 Km/h,,83%,20°C,1012.0mb,,"document.write(Icons.GetShortDescription(3, 'CurrentWeather'));  Few Clouds at 910m, Broken Clouds at 6100m",2017-08-19
05:00,23°C,24°C,100°9 Km/h,,89%,21°C,1012.0mb,,"document.write(Icons.GetShortDescription(1, 'CurrentWeather'));",2017-08-19
06:00,23°C,24°C,90°7 Km/h,,83%,20°C,1012.0mb,,"document.write(Icons.GetShortDescription(1, 'CurrentWeather'));",2017-08-19
07:00,24°C,25°C,130°9 Km/h,,83%,21°C,1012.0mb,,"document.write(Icons.GetShortDescription(1, 'CurrentWeather'));",2017-08-19
08:00,25°C,26°C,120°11 Km/h,,79%,21°C,1013.0mb,,"document.write(Icons.GetShortDescription(1, 'CurrentWeather'));",2017-08-19
09:00,26°C,27°C,110°13 Km/h,,74%,21°C,1013.0mb,,"document.write(Icons.GetShortDescription(1, 'CurrentWeather'));",2017-08-19
10:00,27°C,29°C,120°11 Km/h,,70%,21°C,1013.0mb,,"document.write(Icons.GetShortDescription(1, 'CurrentWeather'));",2017-08-19
11:00,27°C,29°C,140°7 Km/h,,70%,21°C,1013.0mb,,"document.write(Icons.GetShortDescription(3, 'CurrentWeather'));  Few Clouds at 1200m, Broken Clouds at 5500m",2017-08-19
12:00,28°C,30°C,130°9 Km/h,,66%,21°C,1013.0mb,,"document.write(Icons.GetShortDescription(3, 'CurrentWeather'));  Few Clouds at 1200m, Broken Clouds at 4600m",2017-08-19
13:00,28°C,30°C,100°9 Km/h,,66%,21°C,1012.0mb,,"document.write(Icons.GetShortDescription(4, 'CurrentWeather'));  Few Clouds at 1200m, Cloudy at 5500m",2017-08-19
14:00,28°C,30°C,110°6 Km/h,,66%,21°C,1012.0mb,,"document.write(Icons.GetShortDescription(4, 'CurrentWeather'));  Few Clouds at 910m, Cloudy at 5500m",2017-08-19
15:00,28°C,30°C,70°11 Km/h,,66%,21°C,1011.0mb,,"document.write(Icons.GetShortDescription(4, 'CurrentWeather'));  Scattered Clouds at 910m, Cloudy at 4900m",2017-08-19
16:00,29°C,31°C,110°9 Km/h,,62%,21°C,1011.0mb,,"document.write(Icons.GetShortDescription(3, 'CurrentWeather'));  Scattered Clouds at 910m, Broken Clouds at 3700m",2017-08-19
17:00,28°C,30°C,120°9 Km/h,,62%,20°C,1011.0mb,,"document.write(Icons.GetShortDescription(3, 'CurrentWeather'));  Scattered Clouds at 910m, Broken Clouds at 3700m",2017-08-19
18:00,28°C,30°C,110°11 Km/h,,62%,20°C,1010.0mb,,"document.write(Icons.GetShortDescription(7, 'CurrentWeather'));  Scattered Clouds at 910m, Cloudy at 3700m Light Rain",2017-08-19
19:00,28°C,30°C,110°9 Km/h,,62%,20°C,1010.0mb,,"document.write(Icons.GetShortDescription(3, 'CurrentWeather'));  Few Clouds at 910m, Broken Clouds at 3700m",2017-08-19
20:00,27°C,29°C,160°6 Km/h,,66%,20°C,1011.0mb,,"document.write(Icons.GetShortDescription(3, 'CurrentWeather'));  Few Clouds at 910m, Broken Clouds at 3700m",2017-08-19
21:00,27°C,29°C,130°2 Km/h,,70%,21°C,1011.0mb,,"document.write(Icons.GetShortDescription(3, 'CurrentWeather'));  Few Clouds at 910m, Broken Clouds at 3700m",2017-08-19
22:00,26°C,27°C,60°7 Km/h,,74%,21°C,1011.0mb,,"document.write(Icons.GetShortDescription(3, 'CurrentWeather'));  Few Clouds at 910m, Broken Clouds at 3700m",2017-08-19
23:00,26°C,27°C,90°7 Km/h,,74%,21°C,1011.0mb,,"document.write(Icons.GetShortDescription(7, 'CurrentWeather'));  Few Clouds at 910m, Broken Clouds at 3700m Light Rain",2017-08-19
