Time,Temperature,Relative Temperature,Wind,Wind Gust,Rel. humidity,Dew Point,Pressure,Icon,DescriptionDetails,date
00:00,11°C,11°C,290°15 Km/h,,72%,6°C,1001.0mb,,"document.write(Icons.GetShortDescription(2, 'CurrentWeather'));  Few Clouds at 1200m, Scattered Clouds at 6100m",2017-04-18
01:00,10°C,10°C,330°4 Km/h,,76%,6°C,1001.0mb,,"document.write(Icons.GetShortDescription(3, 'CurrentWeather'));  Few Clouds at 1200m, Broken Clouds at 6100m",2017-04-18
02:00,10°C,10°C,160°2 Km/h,,76%,6°C,1001.0mb,,"document.write(Icons.GetShortDescription(3, 'CurrentWeather'));  Scattered Clouds at 1200m, Broken Clouds at 6100m",2017-04-18
03:00,9°C,9°C,60°4 Km/h,,76%,5°C,1001.0mb,,"document.write(Icons.GetShortDescription(3, 'CurrentWeather'));  Scattered Clouds at 1200m, Broken Clouds at 6100m",2017-04-18
04:00,8°C,8°C,220°2 Km/h,,87%,6°C,1000.0mb,,"document.write(Icons.GetShortDescription(3, 'CurrentWeather'));  Scattered Clouds at 1200m, Broken Clouds at 6100m",2017-04-18
05:00,9°C,9°C,220°2 Km/h,,82%,6°C,1000.0mb,,"document.write(Icons.GetShortDescription(3, 'CurrentWeather'));  Scattered Clouds at 1100m, Broken Clouds at 6100m",2017-04-18
06:00,8°C,6°C,160°11 Km/h,,82%,5°C,999.0mb,,"document.write(Icons.GetShortDescription(3, 'CurrentWeather'));  Scattered Clouds at 1100m, Broken Clouds at 6100m Haze",2017-04-18
06:21,10°C,8°C,150°15 Km/h,,82%,7°C,999.0mb,,"document.write(Icons.GetShortDescription(3, 'CurrentWeather'));  Scattered Clouds at 1100m, Broken Clouds at 6100m Haze",2017-04-18
07:00,10°C,8°C,160°11 Km/h,,82%,7°C,1000.0mb,,"document.write(Icons.GetShortDescription(3, 'CurrentWeather'));  Scattered Clouds at 1100m, Broken Clouds at 5500m Haze",2017-04-18
08:00,12°C,12°C,160°15 Km/h,,77%,8°C,999.0mb,,"document.write(Icons.GetShortDescription(3, 'CurrentWeather'));  Scattered Clouds at 1100m, Broken Clouds at 5500m",2017-04-18
09:00,15°C,15°C,170°20 Km/h,,63%,8°C,998.0mb,,"document.write(Icons.GetShortDescription(3, 'CurrentWeather'));  Scattered Clouds at 1100m, Broken Clouds at 5500m",2017-04-18
10:00,16°C,16°C,180°22 Km/h,,55%,7°C,998.0mb,,"document.write(Icons.GetShortDescription(3, 'CurrentWeather'));  Scattered Clouds at 910m, Broken Clouds at 2400m",2017-04-18
11:00,18°C,18°C,180°26 Km/h,,52%,8°C,996.0mb,,"document.write(Icons.GetShortDescription(3, 'CurrentWeather'));  Scattered Clouds at 910m, Broken Clouds at 4600m",2017-04-18
11:55,17°C,17°C,210°30 Km/h,,52%,7°C,996.0mb,,"document.write(Icons.GetShortDescription(10, 'CurrentWeather'));  Scattered Cumulonimbus Clouds at 520m, Broken Clouds at 910m, Cloudy at 2400m Light Rain with Thunderstorm",2017-04-18
12:00,16°C,16°C,210°31 Km/h,,55%,7°C,996.0mb,,"document.write(Icons.GetShortDescription(10, 'CurrentWeather'));  Scattered Cumulonimbus Clouds at 520m, Broken Clouds at 910m, Cloudy at 2400m Light Rain with Thunderstorm",2017-04-18
12:31,14°C,14°C,250°17 Km/h,,67%,8°C,996.0mb,,"document.write(Icons.GetShortDescription(7, 'CurrentWeather'));  Broken Clouds at 910m, Cloudy at 3400m Light Rain",2017-04-18
13:00,14°C,14°C,230°20 Km/h,,67%,8°C,996.0mb,,"document.write(Icons.GetShortDescription(7, 'CurrentWeather'));  Broken Clouds at 910m, Cloudy at 3400m Light Rain",2017-04-18
13:44,12°C,12°C,250°26 Km/h,,77%,8°C,996.0mb,,"document.write(Icons.GetShortDescription(7, 'CurrentWeather'));  Broken Clouds at 910m, Cloudy at 3400m Light Rain, Haze",2017-04-18
14:00,12°C,12°C,250°22 Km/h,,77%,8°C,996.0mb,,"document.write(Icons.GetShortDescription(7, 'CurrentWeather'));  Broken Clouds at 910m, Cloudy at 3400m Light Rain, Haze",2017-04-18
15:00,11°C,11°C,250°19 Km/h,,82%,8°C,996.0mb,,"document.write(Icons.GetShortDescription(7, 'CurrentWeather'));  Broken Clouds at 910m, Cloudy at 3400m Light Rain, Haze",2017-04-18
16:00,12°C,12°C,250°17 Km/h,,82%,9°C,996.0mb,,"document.write(Icons.GetShortDescription(4, 'CurrentWeather'));  Few Clouds at 210m, Scattered Clouds at 910m, Cloudy at 3400m Haze",2017-04-18
17:00,12°C,12°C,280°17 Km/h,,82%,9°C,997.0mb,,"document.write(Icons.GetShortDescription(3, 'CurrentWeather'));  Few Clouds at 210m, Broken Clouds at 760m Haze",2017-04-18
17:32,12°C,12°C,270°13 Km/h,,77%,8°C,998.0mb,,"document.write(Icons.GetShortDescription(3, 'CurrentWeather'));  Few Clouds at 210m, Broken Clouds at 760m Haze",2017-04-18
17:57,12°C,12°C,270°13 Km/h,,72%,7°C,998.0mb,,"document.write(Icons.GetShortDescription(3, 'CurrentWeather'));  Broken Clouds at 760m Haze",2017-04-18
18:00,12°C,12°C,270°17 Km/h,,72%,7°C,998.0mb,,"document.write(Icons.GetShortDescription(3, 'CurrentWeather'));  Broken Clouds at 760m Haze",2017-04-18
19:00,11°C,11°C,250°17 Km/h,,72%,6°C,998.0mb,,"document.write(Icons.GetShortDescription(1, 'CurrentWeather'));",2017-04-18
20:00,11°C,11°C,280°22 Km/h,,62%,4°C,999.0mb,,"document.write(Icons.GetShortDescription(1, 'CurrentWeather'));",2017-04-18
21:00,10°C,8°C,280°19 Km/h,,62%,3°C,1001.0mb,,"document.write(Icons.GetShortDescription(1, 'CurrentWeather'));",2017-04-18
22:00,10°C,8°C,280°17 Km/h,,62%,3°C,1002.0mb,,"document.write(Icons.GetShortDescription(1, 'CurrentWeather'));",2017-04-18
