Time,Temperature,Relative Temperature,Wind,Wind Gust,Rel. humidity,Dew Point,Pressure,Icon,DescriptionDetails,date
00:00,-9°C,-13°C,330°7 Km/h,,53%,-17°C,1031.0mb,,"document.write(Icons.GetShortDescription(1, 'CurrentWeather'));",2017-01-31
01:00,-10°C,-13°C,290°6 Km/h,,57%,-17°C,1031.0mb,,"document.write(Icons.GetShortDescription(1, 'CurrentWeather'));",2017-01-31
02:00,-10°C,-10°C,300°4 Km/h,,62%,-16°C,1031.0mb,,"document.write(Icons.GetShortDescription(1, 'CurrentWeather'));",2017-01-31
03:00,-11°C,-14°C,330°6 Km/h,,62%,-17°C,1031.0mb,,"document.write(Icons.GetShortDescription(1, 'CurrentWeather'));",2017-01-31
04:00,-10°C,-13°C,80°6 Km/h,,57%,-17°C,1030.0mb,,"document.write(Icons.GetShortDescription(1, 'CurrentWeather'));",2017-01-31
05:00,-12°C,-12°C,310°4 Km/h,,72%,-16°C,1031.0mb,,"document.write(Icons.GetShortDescription(1, 'CurrentWeather'));",2017-01-31
06:00,-11°C,-11°C,40°4 Km/h,,67%,-16°C,1030.0mb,,"document.write(Icons.GetShortDescription(1, 'CurrentWeather'));",2017-01-31
07:00,-11°C,-15°C,320°7 Km/h,,67%,-16°C,1031.0mb,,"document.write(Icons.GetShortDescription(1, 'CurrentWeather'));",2017-01-31
08:00,-11°C,-14°C,350°6 Km/h,,67%,-16°C,1031.0mb,,"document.write(Icons.GetShortDescription(1, 'CurrentWeather'));",2017-01-31
09:00,-9°C,-13°C,340°7 Km/h,,67%,-14°C,1032.0mb,,"document.write(Icons.GetShortDescription(1, 'CurrentWeather'));",2017-01-31
10:00,-7°C,-11°C,20°7 Km/h,,53%,-15°C,1031.0mb,,"document.write(Icons.GetShortDescription(1, 'CurrentWeather'));",2017-01-31
11:00,-5°C,-5°C,320°4 Km/h,,42%,-16°C,1031.0mb,,"document.write(Icons.GetShortDescription(1, 'CurrentWeather'));",2017-01-31
12:00,-4°C,-7°C,330°7 Km/h,,36%,-17°C,1030.0mb,,"document.write(Icons.GetShortDescription(1, 'CurrentWeather'));",2017-01-31
13:00,-4°C,-8°C,310°9 Km/h,,28%,-20°C,1029.0mb,,"document.write(Icons.GetShortDescription(1, 'CurrentWeather'));",2017-01-31
14:00,-2°C,-5°C,360°9 Km/h,,34%,-16°C,1028.0mb,,"document.write(Icons.GetShortDescription(1, 'CurrentWeather'));",2017-01-31
15:00,-2°C,-5°C,340°9 Km/h,,34%,-16°C,1028.0mb,,"document.write(Icons.GetShortDescription(1, 'CurrentWeather'));",2017-01-31
16:00,-2°C,-6°C,350°11 Km/h,,34%,-16°C,1027.0mb,,"document.write(Icons.GetShortDescription(1, 'CurrentWeather'));",2017-01-31
17:00,-2°C,-6°C,330°11 Km/h,,31%,-17°C,1028.0mb,,"document.write(Icons.GetShortDescription(1, 'CurrentWeather'));",2017-01-31
18:00,-4°C,-8°C,330°9 Km/h,,39%,-16°C,1028.0mb,,"document.write(Icons.GetShortDescription(1, 'CurrentWeather'));",2017-01-31
19:00,-3°C,-6°C,320°7 Km/h,,31%,-18°C,1028.0mb,,"document.write(Icons.GetShortDescription(1, 'CurrentWeather'));",2017-01-31
20:00,-4°C,-4°C,30°4 Km/h,,39%,-16°C,1028.0mb,,"document.write(Icons.GetShortDescription(1, 'CurrentWeather'));",2017-01-31
21:00,-5°C,-5°C,290°4 Km/h,,50%,-14°C,1028.0mb,,"document.write(Icons.GetShortDescription(1, 'CurrentWeather'));",2017-01-31
22:00,-7°C,-11°C,310°9 Km/h,,58%,-14°C,1028.0mb,,"document.write(Icons.GetShortDescription(1, 'CurrentWeather'));",2017-01-31
23:00,-6°C,-6°C,10°4 Km/h,,49%,-15°C,1028.0mb,,"document.write(Icons.GetShortDescription(1, 'CurrentWeather'));",2017-01-31
