Time,Temperature,Relative Temperature,Wind,Wind Gust,Rel. humidity,Dew Point,Pressure,Icon,DescriptionDetails,date
00:00,-9°C,-15°C,330°13 Km/h,,41%,-20°C,1031.0mb,,"document.write(Icons.GetShortDescription(1, 'CurrentWeather'));",2017-12-17
01:00,-10°C,-15°C,340°9 Km/h,,44%,-20°C,1031.0mb,,"document.write(Icons.GetShortDescription(1, 'CurrentWeather'));",2017-12-17
02:00,-9°C,-15°C,330°13 Km/h,,41%,-20°C,1032.0mb,,"document.write(Icons.GetShortDescription(1, 'CurrentWeather'));",2017-12-17
03:00,-11°C,-16°C,350°9 Km/h,,48%,-20°C,1032.0mb,,"document.write(Icons.GetShortDescription(1, 'CurrentWeather'));",2017-12-17
04:00,-11°C,-11°C,280°4 Km/h,,48%,-20°C,1032.0mb,,"document.write(Icons.GetShortDescription(1, 'CurrentWeather'));",2017-12-17
05:00,-11°C,-11°C,340°2 Km/h,,48%,-20°C,1032.0mb,,"document.write(Icons.GetShortDescription(1, 'CurrentWeather'));",2017-12-17
06:00,-12°C,-12°C,280°2 Km/h,,52%,-20°C,1031.0mb,,"document.write(Icons.GetShortDescription(1, 'CurrentWeather'));",2017-12-17
07:00,-11°C,-15°C,330°7 Km/h,,48%,-20°C,1032.0mb,,"document.write(Icons.GetShortDescription(1, 'CurrentWeather'));",2017-12-17
08:00,-13°C,-13°C,290°2 Km/h,,56%,-20°C,1032.0mb,,"document.write(Icons.GetShortDescription(1, 'CurrentWeather'));",2017-12-17
09:00,-8°C,-8°C,280°4 Km/h,,45%,-18°C,1032.0mb,,"document.write(Icons.GetShortDescription(1, 'CurrentWeather'));",2017-12-17
10:00,-8°C,-14°C,340°15 Km/h,,38%,-20°C,1033.0mb,,"document.write(Icons.GetShortDescription(1, 'CurrentWeather'));",2017-12-17
11:00,-6°C,-9°C,360°6 Km/h,,32%,-20°C,1033.0mb,,"document.write(Icons.GetShortDescription(1, 'CurrentWeather'));",2017-12-17
12:00,-5°C,-11°C,350°15 Km/h,,28%,-21°C,1032.0mb,,"document.write(Icons.GetShortDescription(1, 'CurrentWeather'));",2017-12-17
13:00,-4°C,-8°C,340°9 Km/h,,28%,-20°C,1031.0mb,,"document.write(Icons.GetShortDescription(1, 'CurrentWeather'));",2017-12-17
14:00,-3°C,-7°C,320°9 Km/h,,26%,-20°C,1030.0mb,,"document.write(Icons.GetShortDescription(1, 'CurrentWeather'));",2017-12-17
15:00,-3°C,-6°C,360°7 Km/h,,26%,-20°C,1030.0mb,,"document.write(Icons.GetShortDescription(1, 'CurrentWeather'));",2017-12-17
16:00,-3°C,-7°C,360°11 Km/h,,28%,-19°C,1030.0mb,,"document.write(Icons.GetShortDescription(1, 'CurrentWeather'));",2017-12-17
17:00,-4°C,-9°C,340°13 Km/h,,30%,-19°C,1030.0mb,,"document.write(Icons.GetShortDescription(1, 'CurrentWeather'));",2017-12-17
18:00,-5°C,-8°C,330°6 Km/h,,36%,-18°C,1030.0mb,,"document.write(Icons.GetShortDescription(1, 'CurrentWeather'));",2017-12-17
19:00,-6°C,-6°C,270°2 Km/h,,38%,-18°C,1030.0mb,,"document.write(Icons.GetShortDescription(1, 'CurrentWeather'));",2017-12-17
20:00,-6°C,-6°C,270°4 Km/h,,45%,-16°C,1031.0mb,,"document.write(Icons.GetShortDescription(1, 'CurrentWeather'));",2017-12-17
21:00,-7°C,-7°C,40°2 Km/h,,45%,-17°C,1030.0mb,,"document.write(Icons.GetShortDescription(1, 'CurrentWeather'));",2017-12-17
22:00,-9°C,-12°C,160°6 Km/h,,48%,-18°C,1030.0mb,,"document.write(Icons.GetShortDescription(2, 'CurrentWeather'));  Few Clouds at 910m",2017-12-17
23:00,-6°C,-10°C,140°7 Km/h,,54%,-14°C,1030.0mb,,"document.write(Icons.GetShortDescription(3, 'CurrentWeather'));  Scattered Clouds at 910m, Broken Clouds at 3700m",2017-12-17
