Time,Temperature,Relative Temperature,Wind,Wind Gust,Rel. humidity,Dew Point,Pressure,Icon,DescriptionDetails,date
00:00,-2°C,-5°C,310°7 Km/h,,74%,-6°C,1031.0mb,,"document.write(Icons.GetShortDescription(1, 'CurrentWeather'));  Haze",2017-02-14
01:00,-1°C,-3°C,350°6 Km/h,,64%,-7°C,1031.0mb,,"document.write(Icons.GetShortDescription(1, 'CurrentWeather'));",2017-02-14
02:00,-4°C,-6°C,330°6 Km/h,,63%,-10°C,1031.0mb,,"document.write(Icons.GetShortDescription(1, 'CurrentWeather'));",2017-02-14
03:00,-4°C,-8°C,310°9 Km/h,,63%,-10°C,1031.0mb,,"document.write(Icons.GetShortDescription(1, 'CurrentWeather'));",2017-02-14
04:00,-5°C,-8°C,340°6 Km/h,,58%,-12°C,1031.0mb,,"document.write(Icons.GetShortDescription(1, 'CurrentWeather'));",2017-02-14
05:00,-6°C,-9°C,270°6 Km/h,,68%,-11°C,1032.0mb,,"document.write(Icons.GetShortDescription(1, 'CurrentWeather'));",2017-02-14
06:00,-6°C,-10°C,350°7 Km/h,,63%,-12°C,1032.0mb,,"document.write(Icons.GetShortDescription(1, 'CurrentWeather'));",2017-02-14
07:00,-6°C,-6°C,330°2 Km/h,,58%,-13°C,1033.0mb,,"document.write(Icons.GetShortDescription(1, 'CurrentWeather'));",2017-02-14
08:00,-5°C,-5°C,340°4 Km/h,,68%,-10°C,1033.0mb,,"document.write(Icons.GetShortDescription(1, 'CurrentWeather'));",2017-02-14
09:00,-2°C,-2°C,340°4 Km/h,,64%,-8°C,1034.0mb,,"document.write(Icons.GetShortDescription(1, 'CurrentWeather'));",2017-02-14
10:00,0°C,-3°C,340°9 Km/h,,40%,-12°C,1034.0mb,,"document.write(Icons.GetShortDescription(1, 'CurrentWeather'));",2017-02-14
11:00,2°C,-1°C,20°9 Km/h,,32%,-13°C,1034.0mb,,"document.write(Icons.GetShortDescription(1, 'CurrentWeather'));",2017-02-14
12:00,4°C,1°C,350°15 Km/h,,26%,-14°C,1034.0mb,,"document.write(Icons.GetShortDescription(1, 'CurrentWeather'));",2017-02-14
13:00,4°C,1°C,330°11 Km/h,,22%,-16°C,1033.0mb,,"document.write(Icons.GetShortDescription(1, 'CurrentWeather'));",2017-02-14
14:00,5°C,3°C,330°9 Km/h,,20%,-16°C,1033.0mb,,"document.write(Icons.GetShortDescription(1, 'CurrentWeather'));",2017-02-14
15:00,5°C,2°C,310°11 Km/h,,24%,-14°C,1032.0mb,,"document.write(Icons.GetShortDescription(1, 'CurrentWeather'));",2017-02-14
16:00,5°C,3°C,330°7 Km/h,,20%,-16°C,1032.0mb,,"document.write(Icons.GetShortDescription(1, 'CurrentWeather'));",2017-02-14
17:00,5°C,2°C,300°13 Km/h,,26%,-13°C,1032.0mb,,"document.write(Icons.GetShortDescription(1, 'CurrentWeather'));",2017-02-14
18:00,2°C,-1°C,290°11 Km/h,,38%,-11°C,1032.0mb,,"document.write(Icons.GetShortDescription(1, 'CurrentWeather'));",2017-02-14
19:00,1°C,-2°C,260°9 Km/h,,38%,-12°C,1033.0mb,,"document.write(Icons.GetShortDescription(1, 'CurrentWeather'));",2017-02-14
20:00,0°C,0°C,220°4 Km/h,,51%,-9°C,1033.0mb,,"document.write(Icons.GetShortDescription(1, 'CurrentWeather'));",2017-02-14
21:00,-1°C,-1°C,90°4 Km/h,,51%,-10°C,1033.0mb,,"document.write(Icons.GetShortDescription(1, 'CurrentWeather'));",2017-02-14
22:00,-2°C,-4°C,110°6 Km/h,,59%,-9°C,1033.0mb,,"document.write(Icons.GetShortDescription(1, 'CurrentWeather'));",2017-02-14
23:00,-4°C,-4°C,170°4 Km/h,,59%,-11°C,1033.0mb,,"document.write(Icons.GetShortDescription(1, 'CurrentWeather'));",2017-02-14
