Time,Temperature,Relative Temperature,Wind,Wind Gust,Rel. humidity,Dew Point,Pressure,Icon,DescriptionDetails,date
00:00,23°C,23°C,320°7 Km/h,,53%,13°C,1003.0mb,,"document.write(Icons.GetShortDescription(4, 'CurrentWeather'));  Few Clouds at 1200m, Broken Clouds at 3400m, Cloudy at 6100m",2017-06-21
01:00,23°C,23°C,280°4 Km/h,,53%,13°C,1003.0mb,,"document.write(Icons.GetShortDescription(3, 'CurrentWeather'));  Few Clouds at 1200m, Broken Clouds at 3400m",2017-06-21
02:00,21°C,21°C,260°2 Km/h,,69%,15°C,1003.0mb,,"document.write(Icons.GetShortDescription(1, 'CurrentWeather'));",2017-06-21
03:00,22°C,22°C,290°9 Km/h,,61%,14°C,1003.0mb,,"document.write(Icons.GetShortDescription(1, 'CurrentWeather'));",2017-06-21
04:00,21°C,21°C,Calm,,64%,14°C,1003.0mb,,"document.write(Icons.GetShortDescription(1, 'CurrentWeather'));",2017-06-21
05:00,21°C,21°C,330°6 Km/h,,73%,16°C,1004.0mb,,"document.write(Icons.GetShortDescription(3, 'CurrentWeather'));  Few Clouds at 910m, Broken Clouds at 3400m",2017-06-21
06:00,21°C,21°C,320°7 Km/h,,73%,16°C,1004.0mb,,"document.write(Icons.GetShortDescription(3, 'CurrentWeather'));  Scattered Clouds at 910m, Broken Clouds at 3400m",2017-06-21
07:00,22°C,22°C,290°4 Km/h,,69%,16°C,1005.0mb,,"document.write(Icons.GetShortDescription(3, 'CurrentWeather'));  Scattered Clouds at 910m, Broken Clouds at 3400m",2017-06-21
08:00,23°C,23°C,200°4 Km/h,,61%,15°C,1005.0mb,,"document.write(Icons.GetShortDescription(1, 'CurrentWeather'));",2017-06-21
09:00,25°C,25°C,310°6 Km/h,,47%,13°C,1005.0mb,,"document.write(Icons.GetShortDescription(1, 'CurrentWeather'));",2017-06-21
10:00,27°C,27°C,300°4 Km/h,,42%,13°C,1006.0mb,,"document.write(Icons.GetShortDescription(1, 'CurrentWeather'));",2017-06-21
11:00,28°C,28°C,320°15 Km/h,,42%,14°C,1006.0mb,,"document.write(Icons.GetShortDescription(1, 'CurrentWeather'));",2017-06-21
12:00,29°C,28°C,290°13 Km/h,,37%,13°C,1005.0mb,,"document.write(Icons.GetShortDescription(1, 'CurrentWeather'));",2017-06-21
13:00,29°C,28°C,310°17 Km/h,,35%,12°C,1005.0mb,,"document.write(Icons.GetShortDescription(1, 'CurrentWeather'));",2017-06-21
14:00,29°C,28°C,260°11 Km/h,,35%,12°C,1004.0mb,,"document.write(Icons.GetShortDescription(1, 'CurrentWeather'));",2017-06-21
15:00,28°C,27°C,230°24 Km/h,,37%,12°C,1005.0mb,,"document.write(Icons.GetShortDescription(1, 'CurrentWeather'));",2017-06-21
16:00,28°C,27°C,250°19 Km/h,,37%,12°C,1005.0mb,,"document.write(Icons.GetShortDescription(1, 'CurrentWeather'));",2017-06-21
17:00,27°C,27°C,280°20 Km/h,,45%,14°C,1005.0mb,,"document.write(Icons.GetShortDescription(1, 'CurrentWeather'));",2017-06-21
18:00,25°C,25°C,260°15 Km/h,,51%,14°C,1006.0mb,,"document.write(Icons.GetShortDescription(1, 'CurrentWeather'));",2017-06-21
19:00,24°C,24°C,290°15 Km/h,,50%,13°C,1006.0mb,,"document.write(Icons.GetShortDescription(1, 'CurrentWeather'));",2017-06-21
20:00,22°C,22°C,290°9 Km/h,,61%,14°C,1007.0mb,,"document.write(Icons.GetShortDescription(1, 'CurrentWeather'));",2017-06-21
21:00,21°C,21°C,310°7 Km/h,,69%,15°C,1008.0mb,,"document.write(Icons.GetShortDescription(1, 'CurrentWeather'));",2017-06-21
22:00,21°C,21°C,250°4 Km/h,,69%,15°C,1008.0mb,,"document.write(Icons.GetShortDescription(1, 'CurrentWeather'));",2017-06-21
23:00,21°C,21°C,250°6 Km/h,,73%,16°C,1008.0mb,,"document.write(Icons.GetShortDescription(1, 'CurrentWeather'));",2017-06-21
