Time,Temperature,Relative Temperature,Wind,Wind Gust,Rel. humidity,Dew Point,Pressure,Icon,DescriptionDetails,date
00:00,3°C,3°C,150°4 Km/h,,65%,-3°C,1018.0mb,,"document.write(Icons.GetShortDescription(1, 'CurrentWeather'));",2017-04-02
01:00,3°C,2°C,60°6 Km/h,,75%,-1°C,1018.0mb,,"document.write(Icons.GetShortDescription(1, 'CurrentWeather'));",2017-04-02
02:00,3°C,3°C,330°4 Km/h,,75%,-1°C,1018.0mb,,"document.write(Icons.GetShortDescription(1, 'CurrentWeather'));",2017-04-02
03:00,2°C,0°C,320°6 Km/h,,75%,-2°C,1017.0mb,,"document.write(Icons.GetShortDescription(1, 'CurrentWeather'));",2017-04-02
04:00,2°C,2°C,350°4 Km/h,,81%,-1°C,1017.0mb,,"document.write(Icons.GetShortDescription(1, 'CurrentWeather'));",2017-04-02
05:00,1°C,-1°C,330°7 Km/h,,87%,-1°C,1018.0mb,,"document.write(Icons.GetShortDescription(1, 'CurrentWeather'));  Haze",2017-04-02
06:00,1°C,1°C,320°4 Km/h,,81%,-2°C,1018.0mb,,"document.write(Icons.GetShortDescription(1, 'CurrentWeather'));  Haze",2017-04-02
07:00,1°C,1°C,Calm,,81%,-2°C,1019.0mb,,"document.write(Icons.GetShortDescription(1, 'CurrentWeather'));  Haze",2017-04-02
07:22,2°C,2°C,Calm,,87%,0°C,1019.0mb,,"document.write(Icons.GetShortDescription(1, 'CurrentWeather'));",2017-04-02
08:00,5°C,5°C,260°2 Km/h,,81%,2°C,1019.0mb,,"document.write(Icons.GetShortDescription(1, 'CurrentWeather'));",2017-04-02
09:00,10°C,10°C,190°4 Km/h,,58%,2°C,1019.0mb,,"document.write(Icons.GetShortDescription(1, 'CurrentWeather'));",2017-04-02
10:00,12°C,12°C,270°4 Km/h,,44%,0°C,1019.0mb,,"document.write(Icons.GetShortDescription(1, 'CurrentWeather'));",2017-04-02
11:00,13°C,13°C,260°6 Km/h,,38%,-1°C,1020.0mb,,"document.write(Icons.GetShortDescription(1, 'CurrentWeather'));",2017-04-02
12:00,14°C,14°C,280°17 Km/h,,27%,-5°C,1019.0mb,,"document.write(Icons.GetShortDescription(1, 'CurrentWeather'));",2017-04-02
13:00,14°C,14°C,270°19 Km/h,,29%,-4°C,1019.0mb,,"document.write(Icons.GetShortDescription(1, 'CurrentWeather'));",2017-04-02
14:00,14°C,14°C,300°19 Km/h,,27%,-5°C,1018.0mb,,"document.write(Icons.GetShortDescription(1, 'CurrentWeather'));",2017-04-02
15:00,15°C,15°C,260°13 Km/h,,23%,-6°C,1018.0mb,,"document.write(Icons.GetShortDescription(1, 'CurrentWeather'));",2017-04-02
16:00,14°C,14°C,250°20 Km/h,,31%,-3°C,1017.0mb,,"document.write(Icons.GetShortDescription(1, 'CurrentWeather'));",2017-04-02
17:00,14°C,14°C,260°15 Km/h,,29%,-4°C,1017.0mb,,"document.write(Icons.GetShortDescription(1, 'CurrentWeather'));",2017-04-02
18:00,12°C,12°C,250°13 Km/h,,41%,-1°C,1018.0mb,,"document.write(Icons.GetShortDescription(1, 'CurrentWeather'));",2017-04-02
19:00,10°C,8°C,230°11 Km/h,,43%,-2°C,1018.0mb,,"document.write(Icons.GetShortDescription(1, 'CurrentWeather'));",2017-04-02
20:00,8°C,6°C,190°9 Km/h,,53%,-1°C,1018.0mb,,"document.write(Icons.GetShortDescription(1, 'CurrentWeather'));",2017-04-02
21:00,8°C,8°C,100°2 Km/h,,50%,-2°C,1019.0mb,,"document.write(Icons.GetShortDescription(1, 'CurrentWeather'));",2017-04-02
22:00,8°C,8°C,150°4 Km/h,,50%,-2°C,1019.0mb,,"document.write(Icons.GetShortDescription(1, 'CurrentWeather'));",2017-04-02
23:00,6°C,6°C,240°4 Km/h,,57%,-2°C,1019.0mb,,"document.write(Icons.GetShortDescription(1, 'CurrentWeather'));",2017-04-02
