Time,Temperature,Relative Temperature,Wind,Wind Gust,Rel. humidity,Dew Point,Pressure,Icon,DescriptionDetails,date
00:00,26°C,28°C,30°4 Km/h,,79%,22°C,1007.0mb,,"document.write(Icons.GetShortDescription(1, 'CurrentWeather'));",2017-07-27
01:00,25°C,26°C,280°4 Km/h,,83%,22°C,1007.0mb,,"document.write(Icons.GetShortDescription(1, 'CurrentWeather'));",2017-07-27
02:00,25°C,26°C,330°2 Km/h,,83%,22°C,1007.0mb,,"document.write(Icons.GetShortDescription(1, 'CurrentWeather'));",2017-07-27
03:00,25°C,26°C,Calm,,79%,21°C,1008.0mb,,"document.write(Icons.GetShortDescription(1, 'CurrentWeather'));",2017-07-27
04:00,25°C,25°C,120°7 Km/h,,69%,19°C,1008.0mb,,"document.write(Icons.GetShortDescription(3, 'CurrentWeather'));  Few Clouds at 1200m, Broken Clouds at 6100m",2017-07-27
05:00,25°C,25°C,180°7 Km/h,,69%,19°C,1008.0mb,,"document.write(Icons.GetShortDescription(3, 'CurrentWeather'));  Scattered Clouds at 1200m, Broken Clouds at 6100m",2017-07-27
06:00,25°C,25°C,140°4 Km/h,,69%,19°C,1008.0mb,,"document.write(Icons.GetShortDescription(3, 'CurrentWeather'));  Few Clouds at 1200m, Scattered Clouds at 2100m, Broken Clouds at 6100m",2017-07-27
07:00,26°C,27°C,180°7 Km/h,,61%,18°C,1008.0mb,,"document.write(Icons.GetShortDescription(3, 'CurrentWeather'));  Few Clouds at 1200m, Scattered Clouds at 2100m, Broken Clouds at 6100m",2017-07-27
08:00,27°C,28°C,180°11 Km/h,,58%,18°C,1008.0mb,,"document.write(Icons.GetShortDescription(3, 'CurrentWeather'));  Few Clouds at 1200m, Broken Clouds at 6100m",2017-07-27
09:00,27°C,28°C,180°9 Km/h,,58%,18°C,1008.0mb,,"document.write(Icons.GetShortDescription(3, 'CurrentWeather'));  Few Clouds at 1200m, Broken Clouds at 3700m, Broken Clouds at 6100m",2017-07-27
10:00,28°C,29°C,190°13 Km/h,,55%,18°C,1008.0mb,,"document.write(Icons.GetShortDescription(3, 'CurrentWeather'));  Few Clouds at 1200m, Broken Clouds at 3700m, Broken Clouds at 6100m",2017-07-27
11:00,28°C,29°C,170°11 Km/h,,55%,18°C,1008.0mb,,"document.write(Icons.GetShortDescription(3, 'CurrentWeather'));  Few Clouds at 1200m, Broken Clouds at 3700m, Broken Clouds at 6100m",2017-07-27
12:00,28°C,29°C,170°9 Km/h,,55%,18°C,1008.0mb,,"document.write(Icons.GetShortDescription(3, 'CurrentWeather'));  Scattered Clouds at 1200m, Broken Clouds at 6100m",2017-07-27
13:00,29°C,30°C,190°9 Km/h,,55%,19°C,1008.0mb,,"document.write(Icons.GetShortDescription(3, 'CurrentWeather'));  Few Clouds at 1200m, Broken Clouds at 5500m",2017-07-27
14:00,29°C,31°C,190°9 Km/h,,62%,21°C,1007.0mb,,"document.write(Icons.GetShortDescription(3, 'CurrentWeather'));  Scattered Clouds at 1100m, Broken Clouds at 5500m",2017-07-27
15:00,30°C,33°C,140°4 Km/h,,59%,21°C,1007.0mb,,"document.write(Icons.GetShortDescription(3, 'CurrentWeather'));  Scattered Clouds at 1100m, Broken Clouds at 5500m",2017-07-27
16:00,30°C,34°C,160°2 Km/h,,66%,23°C,1007.0mb,,"document.write(Icons.GetShortDescription(3, 'CurrentWeather'));  Scattered Clouds at 1100m, Broken Clouds at 5500m",2017-07-27
17:00,29°C,31°C,150°6 Km/h,,62%,21°C,1007.0mb,,"document.write(Icons.GetShortDescription(4, 'CurrentWeather'));  Scattered Clouds at 1100m, Cloudy at 4600m",2017-07-27
18:00,29°C,31°C,360°6 Km/h,,58%,20°C,1007.0mb,,"document.write(Icons.GetShortDescription(4, 'CurrentWeather'));  Scattered Clouds at 1100m, Cloudy at 4600m",2017-07-27
19:00,28°C,30°C,330°9 Km/h,,66%,21°C,1007.0mb,,"document.write(Icons.GetShortDescription(4, 'CurrentWeather'));  Scattered Clouds at 1100m, Cloudy at 3400m",2017-07-27
20:00,27°C,29°C,320°9 Km/h,,74%,22°C,1007.0mb,,"document.write(Icons.GetShortDescription(4, 'CurrentWeather'));  Scattered Clouds at 1100m, Cloudy at 3400m",2017-07-27
21:00,27°C,29°C,300°11 Km/h,,74%,22°C,1008.0mb,,"document.write(Icons.GetShortDescription(7, 'CurrentWeather'));  Broken Clouds at 1100m, Cloudy at 3400m Light Rain",2017-07-27
21:41,26°C,28°C,340°7 Km/h,,79%,22°C,1008.0mb,,"document.write(Icons.GetShortDescription(7, 'CurrentWeather'));  Few Clouds at 460m, Broken Clouds at 910m, Cloudy at 2400m Light Rain, Haze",2017-07-27
22:00,25°C,26°C,320°9 Km/h,,83%,22°C,1008.0mb,,"document.write(Icons.GetShortDescription(7, 'CurrentWeather'));  Few Clouds at 460m, Broken Clouds at 760m, Cloudy at 2400m Light Rain, Haze",2017-07-27
23:00,25°C,26°C,320°9 Km/h,,83%,22°C,1009.0mb,,"document.write(Icons.GetShortDescription(7, 'CurrentWeather'));  Few Clouds at 150m, Broken Clouds at 760m, Cloudy at 2400m Rain, Haze",2017-07-27
