Time,Temperature,Relative Temperature,Wind,Wind Gust,Rel. humidity,Dew Point,Pressure,Icon,DescriptionDetails,date
00:00,-1°C,-4°C,320°7 Km/h,,43%,-12°C,1025.0mb,,"document.write(Icons.GetShortDescription(2, 'CurrentWeather'));  Few Clouds at 1200m",2017-11-16
01:00,-2°C,-5°C,330°7 Km/h,,47%,-12°C,1026.0mb,,"document.write(Icons.GetShortDescription(2, 'CurrentWeather'));  Few Clouds at 1200m",2017-11-16
02:00,-3°C,-3°C,280°2 Km/h,,54%,-11°C,1026.0mb,,"document.write(Icons.GetShortDescription(1, 'CurrentWeather'));",2017-11-16
03:00,-3°C,-3°C,320°4 Km/h,,54%,-11°C,1026.0mb,,"document.write(Icons.GetShortDescription(1, 'CurrentWeather'));",2017-11-16
04:00,-4°C,-4°C,310°4 Km/h,,59%,-11°C,1026.0mb,,"document.write(Icons.GetShortDescription(1, 'CurrentWeather'));",2017-11-16
05:00,-4°C,-4°C,330°4 Km/h,,63%,-10°C,1026.0mb,,"document.write(Icons.GetShortDescription(1, 'CurrentWeather'));",2017-11-16
06:00,-5°C,-5°C,310°2 Km/h,,68%,-10°C,1026.0mb,,"document.write(Icons.GetShortDescription(1, 'CurrentWeather'));",2017-11-16
07:00,-4°C,-4°C,320°4 Km/h,,69%,-9°C,1027.0mb,,"document.write(Icons.GetShortDescription(1, 'CurrentWeather'));",2017-11-16
08:00,-3°C,-3°C,320°4 Km/h,,64%,-9°C,1027.0mb,,"document.write(Icons.GetShortDescription(1, 'CurrentWeather'));",2017-11-16
09:00,0°C,0°C,30°4 Km/h,,47%,-10°C,1027.0mb,,"document.write(Icons.GetShortDescription(1, 'CurrentWeather'));",2017-11-16
10:00,2°C,2°C,20°2 Km/h,,38%,-11°C,1027.0mb,,"document.write(Icons.GetShortDescription(1, 'CurrentWeather'));",2017-11-16
11:00,3°C,2°C,30°6 Km/h,,30%,-13°C,1027.0mb,,"document.write(Icons.GetShortDescription(1, 'CurrentWeather'));",2017-11-16
12:00,3°C,0°C,360°9 Km/h,,28%,-14°C,1026.0mb,,"document.write(Icons.GetShortDescription(1, 'CurrentWeather'));",2017-11-16
13:00,4°C,1°C,350°11 Km/h,,26%,-14°C,1025.0mb,,"document.write(Icons.GetShortDescription(1, 'CurrentWeather'));",2017-11-16
14:00,5°C,3°C,360°9 Km/h,,22%,-15°C,1024.0mb,,"document.write(Icons.GetShortDescription(1, 'CurrentWeather'));",2017-11-16
15:00,5°C,3°C,360°9 Km/h,,20%,-16°C,1024.0mb,,"document.write(Icons.GetShortDescription(1, 'CurrentWeather'));",2017-11-16
16:00,5°C,3°C,360°9 Km/h,,22%,-15°C,1024.0mb,,"document.write(Icons.GetShortDescription(1, 'CurrentWeather'));",2017-11-16
17:00,3°C,0°C,310°11 Km/h,,30%,-13°C,1024.0mb,,"document.write(Icons.GetShortDescription(1, 'CurrentWeather'));",2017-11-16
18:00,3°C,0°C,300°9 Km/h,,33%,-12°C,1025.0mb,,"document.write(Icons.GetShortDescription(1, 'CurrentWeather'));",2017-11-16
19:00,1°C,1°C,300°4 Km/h,,41%,-11°C,1025.0mb,,"document.write(Icons.GetShortDescription(1, 'CurrentWeather'));",2017-11-16
20:00,0°C,0°C,310°2 Km/h,,44%,-11°C,1025.0mb,,"document.write(Icons.GetShortDescription(1, 'CurrentWeather'));",2017-11-16
21:00,-1°C,-1°C,310°4 Km/h,,51%,-10°C,1025.0mb,,"document.write(Icons.GetShortDescription(1, 'CurrentWeather'));",2017-11-16
22:00,-1°C,-1°C,330°4 Km/h,,51%,-10°C,1025.0mb,,"document.write(Icons.GetShortDescription(1, 'CurrentWeather'));",2017-11-16
23:00,-1°C,-4°C,320°7 Km/h,,51%,-10°C,1025.0mb,,"document.write(Icons.GetShortDescription(1, 'CurrentWeather'));",2017-11-16
