Time,Temperature,Relative Temperature,Wind,Wind Gust,Rel. humidity,Dew Point,Pressure,Icon,DescriptionDetails,date
00:00,4°C,2°C,200°7 Km/h,,75%,0°C,1023.0mb,,"document.write(Icons.GetShortDescription(1, 'CurrentWeather'));  Haze",2017-03-29
01:00,2°C,0°C,250°6 Km/h,,70%,-3°C,1024.0mb,,"document.write(Icons.GetShortDescription(1, 'CurrentWeather'));  Haze",2017-03-29
02:00,5°C,3°C,290°7 Km/h,,76%,1°C,1024.0mb,,"document.write(Icons.GetShortDescription(1, 'CurrentWeather'));  Haze",2017-03-29
03:00,4°C,4°C,330°2 Km/h,,75%,0°C,1024.0mb,,"document.write(Icons.GetShortDescription(1, 'CurrentWeather'));  Haze",2017-03-29
04:00,2°C,2°C,350°4 Km/h,,87%,0°C,1023.0mb,,"document.write(Icons.GetShortDescription(1, 'CurrentWeather'));  Haze",2017-03-29
05:00,1°C,1°C,360°2 Km/h,,81%,-2°C,1024.0mb,,"document.write(Icons.GetShortDescription(2, 'CurrentWeather'));  Few Clouds at 760m Haze",2017-03-29
06:00,2°C,2°C,330°2 Km/h,,81%,-1°C,1024.0mb,,"document.write(Icons.GetShortDescription(2, 'CurrentWeather'));  Few Clouds at 760m Partial Fog",2017-03-29
07:00,2°C,2°C,350°4 Km/h,,87%,0°C,1024.0mb,,"document.write(Icons.GetShortDescription(2, 'CurrentWeather'));  Scattered Clouds at 760m Haze",2017-03-29
08:00,6°C,6°C,100°4 Km/h,,76%,2°C,1024.0mb,,"document.write(Icons.GetShortDescription(2, 'CurrentWeather'));  Few Clouds at 760m",2017-03-29
09:00,7°C,6°C,30°6 Km/h,,61%,0°C,1024.0mb,,"document.write(Icons.GetShortDescription(2, 'CurrentWeather'));  Few Clouds at 760m",2017-03-29
10:00,9°C,9°C,320°4 Km/h,,50%,-1°C,1024.0mb,,"document.write(Icons.GetShortDescription(2, 'CurrentWeather'));  Few Clouds at 760m",2017-03-29
11:00,10°C,9°C,290°7 Km/h,,43%,-2°C,1024.0mb,,"document.write(Icons.GetShortDescription(2, 'CurrentWeather'));  Few Clouds at 760m",2017-03-29
12:00,12°C,12°C,360°9 Km/h,,38%,-2°C,1023.0mb,,"document.write(Icons.GetShortDescription(2, 'CurrentWeather'));  Few Clouds at 760m",2017-03-29
13:00,12°C,12°C,330°9 Km/h,,35%,-3°C,1023.0mb,,"document.write(Icons.GetShortDescription(2, 'CurrentWeather'));  Few Clouds at 760m",2017-03-29
14:00,13°C,13°C,300°9 Km/h,,33%,-3°C,1022.0mb,,"document.write(Icons.GetShortDescription(2, 'CurrentWeather'));  Few Clouds at 760m, Scattered Clouds at 6100m",2017-03-29
15:00,13°C,13°C,300°13 Km/h,,31%,-4°C,1021.0mb,,"document.write(Icons.GetShortDescription(2, 'CurrentWeather'));  Few Clouds at 760m, Scattered Clouds at 6100m",2017-03-29
16:00,13°C,13°C,290°17 Km/h,,36%,-2°C,1021.0mb,,"document.write(Icons.GetShortDescription(2, 'CurrentWeather'));  Few Clouds at 760m, Scattered Clouds at 6100m",2017-03-29
17:00,13°C,13°C,280°17 Km/h,,28%,-5°C,1021.0mb,,"document.write(Icons.GetShortDescription(2, 'CurrentWeather'));  Few Clouds at 760m, Scattered Clouds at 6100m",2017-03-29
18:00,11°C,11°C,290°15 Km/h,,35%,-4°C,1021.0mb,,"document.write(Icons.GetShortDescription(2, 'CurrentWeather'));  Few Clouds at 760m, Scattered Clouds at 6100m",2017-03-29
19:00,9°C,7°C,290°11 Km/h,,50%,-1°C,1021.0mb,,"document.write(Icons.GetShortDescription(1, 'CurrentWeather'));",2017-03-29
20:00,7°C,6°C,310°7 Km/h,,57%,-1°C,1021.0mb,,"document.write(Icons.GetShortDescription(1, 'CurrentWeather'));",2017-03-29
21:00,6°C,5°C,310°6 Km/h,,57%,-2°C,1022.0mb,,"document.write(Icons.GetShortDescription(1, 'CurrentWeather'));",2017-03-29
22:00,5°C,4°C,30°6 Km/h,,66%,-1°C,1022.0mb,,"document.write(Icons.GetShortDescription(1, 'CurrentWeather'));",2017-03-29
23:00,4°C,3°C,330°6 Km/h,,65%,-2°C,1023.0mb,,"document.write(Icons.GetShortDescription(1, 'CurrentWeather'));",2017-03-29
