Time,Temperature,Relative Temperature,Wind,Wind Gust,Rel. humidity,Dew Point,Pressure,Icon,DescriptionDetails,date
00:00,28°C,32°C,200°4 Km/h,,79%,24°C,1007.0mb,,"document.write(Icons.GetShortDescription(4, 'CurrentWeather'));  Few Clouds at 300m, Broken Clouds at 760m, Cloudy at 3000m Haze",2017-07-23
01:00,27°C,30°C,180°7 Km/h,,84%,24°C,1007.0mb,,"document.write(Icons.GetShortDescription(7, 'CurrentWeather'));  Few Clouds at 300m, Broken Clouds at 760m, Cloudy at 2400m Light Rain, Haze",2017-07-23
02:00,27°C,30°C,200°9 Km/h,,84%,24°C,1006.0mb,,"document.write(Icons.GetShortDescription(4, 'CurrentWeather'));  Few Clouds at 300m, Broken Clouds at 760m, Cloudy at 3000m Haze",2017-07-23
03:00,27°C,30°C,190°7 Km/h,,84%,24°C,1006.0mb,,"document.write(Icons.GetShortDescription(4, 'CurrentWeather'));  Few Clouds at 300m, Broken Clouds at 760m, Cloudy at 3000m Haze",2017-07-23
04:00,27°C,30°C,210°15 Km/h,,84%,24°C,1005.0mb,,"document.write(Icons.GetShortDescription(4, 'CurrentWeather'));  Few Clouds at 300m, Broken Clouds at 760m, Cloudy at 3000m Haze",2017-07-23
05:00,27°C,30°C,190°13 Km/h,,84%,24°C,1005.0mb,,"document.write(Icons.GetShortDescription(4, 'CurrentWeather'));  Few Clouds at 300m, Broken Clouds at 760m, Cloudy at 3000m Haze",2017-07-23
06:00,27°C,30°C,200°15 Km/h,,84%,24°C,1005.0mb,,"document.write(Icons.GetShortDescription(4, 'CurrentWeather'));  Few Clouds at 300m, Scattered Clouds at 760m, Cloudy at 3700m Haze",2017-07-23
06:17,27°C,30°C,190°11 Km/h,,84%,24°C,1005.0mb,,"document.write(Icons.GetShortDescription(4, 'CurrentWeather'));  Few Clouds at 300m, Scattered Clouds at 760m, Cloudy at 3700m Haze",2017-07-23
07:00,27°C,30°C,190°17 Km/h,,84%,24°C,1005.0mb,,"document.write(Icons.GetShortDescription(10, 'CurrentWeather'));  Few Clouds at 300m, Broken Clouds at 760m, Cloudy at 2400m Light Rain, Haze, Rain with Thunderstorm",2017-07-23
07:29,27°C,30°C,190°15 Km/h,,84%,24°C,1005.0mb,,"document.write(Icons.GetShortDescription(7, 'CurrentWeather'));  Few Clouds at 300m, Broken Clouds at 760m, Cloudy at 2400m Light Rain",2017-07-23
07:53,27°C,30°C,230°6 Km/h,,84%,24°C,1005.0mb,,"document.write(Icons.GetShortDescription(10, 'CurrentWeather'));  Few Cumulonimbus Clouds at 300m, Broken Clouds at 760m, Cloudy at 2400m Rain with Thunderstorm, Haze",2017-07-23
08:00,27°C,30°C,230°6 Km/h,,84%,24°C,1005.0mb,,"document.write(Icons.GetShortDescription(10, 'CurrentWeather'));  Few Cumulonimbus Clouds at 300m, Broken Clouds at 760m, Cloudy at 2400m Rain with Thunderstorm, Haze",2017-07-23
08:32,26°C,28°C,270°6 Km/h,,94%,25°C,1005.0mb,,"document.write(Icons.GetShortDescription(10, 'CurrentWeather'));  Few Cumulonimbus Clouds at 300m, Broken Clouds at 760m, Cloudy at 2400m Heavy Rain with Thunderstorm, Fog",2017-07-23
08:45,26°C,28°C,310°13 Km/h,,89%,24°C,1006.0mb,,"document.write(Icons.GetShortDescription(10, 'CurrentWeather'));  Few Clouds at 120m, Scattered Cumulonimbus Clouds at 300m, Broken Clouds at 610m, Cloudy at 2100m Heavy Rain with Thunderstorm, Fog",2017-07-23
09:00,25°C,26°C,250°13 Km/h,,94%,24°C,1006.0mb,,"document.write(Icons.GetShortDescription(10, 'CurrentWeather'));  Few Clouds at 120m, Broken Cumulonimbus Clouds at 300m, Broken Clouds at 610m, Cloudy at 2100m Heavy Rain with Thunderstorm, Fog",2017-07-23
09:07,25°C,26°C,210°13 Km/h,,94%,24°C,1006.0mb,,"document.write(Icons.GetShortDescription(10, 'CurrentWeather'));  Few Clouds at 120m, Broken Cumulonimbus Clouds at 300m, Broken Clouds at 610m, Cloudy at 2100m Heavy Rain with Thunderstorm, Partial Fog",2017-07-23
09:20,25°C,26°C,190°9 Km/h,,94%,24°C,1005.0mb,,"document.write(Icons.GetShortDescription(10, 'CurrentWeather'));  Few Clouds at 120m, Scattered Cumulonimbus Clouds at 300m, Broken Clouds at 610m, Cloudy at 2100m Light Rain with Thunderstorm, Haze",2017-07-23
10:00,26°C,28°C,80°4 Km/h,,89%,24°C,1005.0mb,,"document.write(Icons.GetShortDescription(7, 'CurrentWeather'));  Scattered Clouds at 240m, Broken Clouds at 610m, Cloudy at 2100m Light Rain",2017-07-23
10:33,26°C,28°C,180°11 Km/h,,94%,25°C,1005.0mb,,"document.write(Icons.GetShortDescription(7, 'CurrentWeather'));  Scattered Clouds at 240m, Broken Clouds at 610m, Cloudy at 2100m Light Rain, Haze",2017-07-23
10:44,26°C,28°C,190°6 Km/h,,94%,25°C,1005.0mb,,"document.write(Icons.GetShortDescription(7, 'CurrentWeather'));  Scattered Clouds at 240m, Broken Clouds at 610m, Cloudy at 2100m Rain, Haze",2017-07-23
11:00,26°C,28°C,80°2 Km/h,,94%,25°C,1005.0mb,,"document.write(Icons.GetShortDescription(7, 'CurrentWeather'));  Scattered Clouds at 180m, Broken Clouds at 610m, Cloudy at 2100m Light Rain, Haze",2017-07-23
11:09,26°C,28°C,200°6 Km/h,,94%,25°C,1005.0mb,,"document.write(Icons.GetShortDescription(7, 'CurrentWeather'));  Scattered Clouds at 120m, Broken Clouds at 610m, Cloudy at 2100m Light Rain, Haze",2017-07-23
11:27,27°C,31°C,300°7 Km/h,,89%,25°C,1005.0mb,,"document.write(Icons.GetShortDescription(7, 'CurrentWeather'));  Scattered Clouds at 90m, Broken Clouds at 610m, Cloudy at 2100m Light Drizzle, Haze",2017-07-23
12:00,27°C,31°C,260°6 Km/h,,89%,25°C,1005.0mb,,"document.write(Icons.GetShortDescription(7, 'CurrentWeather'));  Scattered Clouds at 90m, Broken Clouds at 610m, Cloudy at 2100m Light Drizzle, Haze",2017-07-23
13:00,28°C,34°C,220°11 Km/h,,89%,26°C,1004.0mb,,"document.write(Icons.GetShortDescription(4, 'CurrentWeather'));  Scattered Clouds at 120m, Broken Clouds at 610m, Cloudy at 2400m Haze",2017-07-23
14:00,28°C,33°C,220°11 Km/h,,84%,25°C,1004.0mb,,"document.write(Icons.GetShortDescription(4, 'CurrentWeather'));  Scattered Clouds at 180m, Broken Clouds at 610m, Cloudy at 2400m Haze",2017-07-23
15:00,29°C,35°C,210°13 Km/h,,79%,25°C,1004.0mb,,"document.write(Icons.GetShortDescription(4, 'CurrentWeather'));  Scattered Clouds at 300m, Broken Clouds at 610m, Cloudy at 3000m Haze",2017-07-23
16:00,29°C,35°C,220°13 Km/h,,79%,25°C,1003.0mb,,"document.write(Icons.GetShortDescription(4, 'CurrentWeather'));  Scattered Clouds at 300m, Broken Clouds at 760m, Cloudy at 3700m Haze",2017-07-23
17:00,29°C,35°C,240°11 Km/h,,79%,25°C,1003.0mb,,"document.write(Icons.GetShortDescription(4, 'CurrentWeather'));  Few Clouds at 300m, Broken Clouds at 760m, Cloudy at 3700m Haze",2017-07-23
18:00,29°C,34°C,250°9 Km/h,,74%,24°C,1003.0mb,,"document.write(Icons.GetShortDescription(4, 'CurrentWeather'));  Few Clouds at 460m, Broken Clouds at 760m, Cloudy at 3700m",2017-07-23
19:00,28°C,32°C,250°7 Km/h,,79%,24°C,1003.0mb,,"document.write(Icons.GetShortDescription(3, 'CurrentWeather'));  Few Clouds at 460m, Scattered Clouds at 760m, Broken Clouds at 3700m",2017-07-23
20:00,27°C,30°C,220°6 Km/h,,84%,24°C,1003.0mb,,"document.write(Icons.GetShortDescription(3, 'CurrentWeather'));  Few Clouds at 460m, Scattered Clouds at 760m, Broken Clouds at 3700m Haze",2017-07-23
21:00,27°C,30°C,210°7 Km/h,,79%,23°C,1004.0mb,,"document.write(Icons.GetShortDescription(3, 'CurrentWeather'));  Few Clouds at 460m, Scattered Clouds at 760m, Broken Clouds at 3700m Haze",2017-07-23
22:00,27°C,30°C,240°6 Km/h,,79%,23°C,1004.0mb,,"document.write(Icons.GetShortDescription(2, 'CurrentWeather'));  Few Clouds at 1200m, Scattered Clouds at 4600m Haze",2017-07-23
23:00,26°C,28°C,190°4 Km/h,,84%,23°C,1004.0mb,,"document.write(Icons.GetShortDescription(2, 'CurrentWeather'));  Few Clouds at 910m, Scattered Clouds at 5500m Haze",2017-07-23
