Time,Temperature,Relative Temperature,Wind,Wind Gust,Rel. humidity,Dew Point,Pressure,Icon,DescriptionDetails,date
00:00,9°C,7°C,260°13 Km/h,,82%,6°C,1015.0mb,,"document.write(Icons.GetShortDescription(7, 'CurrentWeather'));  Scattered Clouds at 150m, Broken Clouds at 760m, Cloudy at 2100m Light Rain, Haze",2017-02-17
01:00,8°C,7°C,220°6 Km/h,,82%,5°C,1015.0mb,,"document.write(Icons.GetShortDescription(7, 'CurrentWeather'));  Scattered Clouds at 150m, Broken Clouds at 760m, Cloudy at 2100m Light Rain, Haze",2017-02-17
02:00,7°C,6°C,250°7 Km/h,,81%,4°C,1015.0mb,,"document.write(Icons.GetShortDescription(7, 'CurrentWeather'));  Scattered Clouds at 150m, Broken Clouds at 760m, Cloudy at 2100m Light Rain, Haze",2017-02-17
02:23,7°C,5°C,270°9 Km/h,,81%,4°C,1015.0mb,,"document.write(Icons.GetShortDescription(7, 'CurrentWeather'));  Scattered Clouds at 210m, Broken Clouds at 760m, Cloudy at 2100m Light Rain, Haze",2017-02-17
03:00,6°C,4°C,280°11 Km/h,,81%,3°C,1015.0mb,,"document.write(Icons.GetShortDescription(7, 'CurrentWeather'));  Scattered Clouds at 210m, Broken Clouds at 760m, Cloudy at 2100m Light Rain, Haze",2017-02-17
04:00,5°C,2°C,330°11 Km/h,,87%,3°C,1016.0mb,,"document.write(Icons.GetShortDescription(4, 'CurrentWeather'));  Scattered Clouds at 210m, Broken Clouds at 760m, Cloudy at 2400m Haze",2017-02-17
05:00,4°C,0°C,320°20 Km/h,,75%,0°C,1017.0mb,,"document.write(Icons.GetShortDescription(4, 'CurrentWeather'));  Broken Clouds at 760m, Cloudy at 2700m Haze",2017-02-17
06:00,2°C,-3°C,320°26 Km/h,,70%,-3°C,1018.0mb,,"document.write(Icons.GetShortDescription(4, 'CurrentWeather'));  Broken Clouds at 760m, Cloudy at 2700m",2017-02-17
07:00,1°C,-5°C,310°28 Km/h,,65%,-5°C,1019.0mb,,"document.write(Icons.GetShortDescription(4, 'CurrentWeather'));  Scattered Clouds at 910m, Cloudy at 3400m",2017-02-17
08:00,0°C,-5°C,320°20 Km/h,,60%,-7°C,1020.0mb,,"document.write(Icons.GetShortDescription(3, 'CurrentWeather'));  Scattered Clouds at 910m, Broken Clouds at 3700m",2017-02-17
09:00,0°C,-6°C,320°28 Km/h,,55%,-8°C,1022.0mb,,"document.write(Icons.GetShortDescription(3, 'CurrentWeather'));  Scattered Clouds at 910m, Broken Clouds at 3700m",2017-02-17
10:00,0°C,-6°C,330°30 Km/h,,47%,-10°C,1023.0mb,,"document.write(Icons.GetShortDescription(2, 'CurrentWeather'));  Few Clouds at 910m",2017-02-17
11:00,1°C,-4°C,320°22 Km/h,,41%,-11°C,1023.0mb,,"document.write(Icons.GetShortDescription(2, 'CurrentWeather'));  Few Clouds at 910m",2017-02-17
12:00,2°C,-3°C,320°20 Km/h,,38%,-11°C,1023.0mb,,"document.write(Icons.GetShortDescription(1, 'CurrentWeather'));",2017-02-17
13:00,3°C,-2°C,330°20 Km/h,,35%,-11°C,1023.0mb,,"document.write(Icons.GetShortDescription(1, 'CurrentWeather'));",2017-02-17
14:00,3°C,-2°C,310°24 Km/h,,30%,-13°C,1023.0mb,,"document.write(Icons.GetShortDescription(1, 'CurrentWeather'));",2017-02-17
15:00,3°C,-2°C,320°20 Km/h,,30%,-13°C,1022.0mb,,"document.write(Icons.GetShortDescription(1, 'CurrentWeather'));",2017-02-17
16:00,3°C,-2°C,340°20 Km/h,,30%,-13°C,1023.0mb,,"document.write(Icons.GetShortDescription(1, 'CurrentWeather'));",2017-02-17
17:00,2°C,-3°C,330°19 Km/h,,32%,-13°C,1023.0mb,,"document.write(Icons.GetShortDescription(1, 'CurrentWeather'));",2017-02-17
18:00,0°C,-4°C,320°15 Km/h,,37%,-13°C,1023.0mb,,"document.write(Icons.GetShortDescription(1, 'CurrentWeather'));",2017-02-17
19:00,-1°C,-7°C,340°20 Km/h,,43%,-12°C,1024.0mb,,"document.write(Icons.GetShortDescription(1, 'CurrentWeather'));",2017-02-17
20:00,-3°C,-9°C,330°19 Km/h,,46%,-13°C,1024.0mb,,"document.write(Icons.GetShortDescription(1, 'CurrentWeather'));",2017-02-17
21:00,-4°C,-11°C,330°24 Km/h,,46%,-14°C,1025.0mb,,"document.write(Icons.GetShortDescription(1, 'CurrentWeather'));",2017-02-17
22:00,-4°C,-10°C,320°17 Km/h,,46%,-14°C,1025.0mb,,"document.write(Icons.GetShortDescription(1, 'CurrentWeather'));",2017-02-17
23:00,-5°C,-12°C,320°22 Km/h,,46%,-15°C,1026.0mb,,"document.write(Icons.GetShortDescription(1, 'CurrentWeather'));",2017-02-17
