Time,Temperature,Relative Temperature,Wind,Wind Gust,Rel. humidity,Dew Point,Pressure,Icon,DescriptionDetails,date
00:00,21°C,21°C,180°6 Km/h,,73%,16°C,1009.0mb,,"document.write(Icons.GetShortDescription(1, 'CurrentWeather'));",2017-06-16
01:00,19°C,19°C,150°11 Km/h,,78%,15°C,1009.0mb,,"document.write(Icons.GetShortDescription(1, 'CurrentWeather'));",2017-06-16
02:00,19°C,19°C,150°11 Km/h,,78%,15°C,1009.0mb,,"document.write(Icons.GetShortDescription(1, 'CurrentWeather'));  Haze",2017-06-16
03:00,20°C,20°C,180°9 Km/h,,78%,16°C,1009.0mb,,"document.write(Icons.GetShortDescription(1, 'CurrentWeather'));  Haze",2017-06-16
04:00,19°C,19°C,170°7 Km/h,,83%,16°C,1009.0mb,,"document.write(Icons.GetShortDescription(1, 'CurrentWeather'));  Haze",2017-06-16
05:00,18°C,18°C,150°7 Km/h,,83%,15°C,1009.0mb,,"document.write(Icons.GetShortDescription(3, 'CurrentWeather'));  Few Clouds at 300m, Scattered Clouds at 760m, Broken Clouds at 6100m Haze",2017-06-16
06:00,20°C,20°C,170°11 Km/h,,78%,16°C,1009.0mb,,"document.write(Icons.GetShortDescription(2, 'CurrentWeather'));  Few Clouds at 300m, Scattered Clouds at 6100m Haze",2017-06-16
07:00,21°C,21°C,180°11 Km/h,,73%,16°C,1010.0mb,,"document.write(Icons.GetShortDescription(2, 'CurrentWeather'));  Few Clouds at 300m, Scattered Clouds at 6100m Haze",2017-06-16
07:45,22°C,22°C,180°13 Km/h,,69%,16°C,1010.0mb,,"document.write(Icons.GetShortDescription(2, 'CurrentWeather'));  Few Clouds at 300m, Scattered Clouds at 6100m",2017-06-16
08:00,23°C,23°C,180°11 Km/h,,65%,16°C,1010.0mb,,"document.write(Icons.GetShortDescription(2, 'CurrentWeather'));  Few Clouds at 300m, Scattered Clouds at 6100m",2017-06-16
09:00,24°C,24°C,150°9 Km/h,,57%,15°C,1010.0mb,,"document.write(Icons.GetShortDescription(2, 'CurrentWeather'));  Few Clouds at 910m",2017-06-16
10:00,27°C,27°C,180°9 Km/h,,48%,15°C,1010.0mb,,"document.write(Icons.GetShortDescription(1, 'CurrentWeather'));",2017-06-16
11:00,27°C,27°C,90°11 Km/h,,48%,15°C,1010.0mb,,"document.write(Icons.GetShortDescription(1, 'CurrentWeather'));",2017-06-16
12:00,28°C,28°C,230°7 Km/h,,42%,14°C,1009.0mb,,"document.write(Icons.GetShortDescription(1, 'CurrentWeather'));",2017-06-16
13:00,30°C,30°C,240°6 Km/h,,40%,15°C,1008.0mb,,"document.write(Icons.GetShortDescription(1, 'CurrentWeather'));",2017-06-16
14:00,30°C,30°C,300°17 Km/h,,46%,17°C,1008.0mb,,"document.write(Icons.GetShortDescription(1, 'CurrentWeather'));",2017-06-16
15:00,30°C,30°C,260°15 Km/h,,43%,16°C,1008.0mb,,"document.write(Icons.GetShortDescription(1, 'CurrentWeather'));",2017-06-16
16:00,29°C,30°C,290°19 Km/h,,51%,18°C,1008.0mb,,"document.write(Icons.GetShortDescription(1, 'CurrentWeather'));",2017-06-16
17:00,28°C,29°C,250°17 Km/h,,51%,17°C,1008.0mb,,"document.write(Icons.GetShortDescription(1, 'CurrentWeather'));",2017-06-16
18:00,28°C,28°C,220°17 Km/h,,40%,13°C,1008.0mb,,"document.write(Icons.GetShortDescription(1, 'CurrentWeather'));",2017-06-16
19:00,27°C,27°C,240°13 Km/h,,39%,12°C,1008.0mb,,"document.write(Icons.GetShortDescription(1, 'CurrentWeather'));",2017-06-16
20:00,23°C,23°C,300°15 Km/h,,57%,14°C,1009.0mb,,"document.write(Icons.GetShortDescription(1, 'CurrentWeather'));",2017-06-16
21:00,22°C,22°C,310°7 Km/h,,61%,14°C,1010.0mb,,"document.write(Icons.GetShortDescription(1, 'CurrentWeather'));",2017-06-16
22:00,22°C,22°C,230°9 Km/h,,61%,14°C,1010.0mb,,"document.write(Icons.GetShortDescription(1, 'CurrentWeather'));",2017-06-16
23:00,21°C,21°C,230°6 Km/h,,69%,15°C,1010.0mb,,"document.write(Icons.GetShortDescription(1, 'CurrentWeather'));",2017-06-16
