Time,Temperature,Relative Temperature,Wind,Wind Gust,Rel. humidity,Dew Point,Pressure,Icon,DescriptionDetails,date
00:00,21°C,21°C,270°7 Km/h,,73%,16°C,1009.0mb,,"document.write(Icons.GetShortDescription(1, 'CurrentWeather'));",2017-06-22
01:00,21°C,21°C,230°4 Km/h,,73%,16°C,1009.0mb,,"document.write(Icons.GetShortDescription(1, 'CurrentWeather'));",2017-06-22
02:00,21°C,21°C,280°6 Km/h,,73%,16°C,1009.0mb,,"document.write(Icons.GetShortDescription(2, 'CurrentWeather'));  Scattered Clouds at 460m",2017-06-22
03:00,21°C,21°C,270°6 Km/h,,78%,17°C,1009.0mb,,"document.write(Icons.GetShortDescription(2, 'CurrentWeather'));  Scattered Clouds at 460m",2017-06-22
04:00,21°C,21°C,270°6 Km/h,,73%,16°C,1009.0mb,,"document.write(Icons.GetShortDescription(2, 'CurrentWeather'));  Scattered Clouds at 610m",2017-06-22
05:00,21°C,21°C,270°6 Km/h,,73%,16°C,1009.0mb,,"document.write(Icons.GetShortDescription(2, 'CurrentWeather'));  Scattered Clouds at 610m",2017-06-22
06:00,21°C,21°C,290°7 Km/h,,73%,16°C,1010.0mb,,"document.write(Icons.GetShortDescription(3, 'CurrentWeather'));  Broken Clouds at 610m",2017-06-22
07:00,22°C,22°C,280°7 Km/h,,69%,16°C,1010.0mb,,"document.write(Icons.GetShortDescription(3, 'CurrentWeather'));  Broken Clouds at 760m",2017-06-22
08:00,23°C,23°C,300°9 Km/h,,65%,16°C,1010.0mb,,"document.write(Icons.GetShortDescription(2, 'CurrentWeather'));  Scattered Clouds at 760m",2017-06-22
09:00,24°C,24°C,220°7 Km/h,,57%,15°C,1009.0mb,,"document.write(Icons.GetShortDescription(2, 'CurrentWeather'));  Scattered Clouds at 760m",2017-06-22
10:00,27°C,27°C,180°6 Km/h,,48%,15°C,1009.0mb,,"document.write(Icons.GetShortDescription(2, 'CurrentWeather'));  Scattered Clouds at 760m",2017-06-22
11:00,26°C,26°C,350°9 Km/h,,51%,15°C,1009.0mb,,"document.write(Icons.GetShortDescription(2, 'CurrentWeather'));  Scattered Clouds at 910m",2017-06-22
12:00,28°C,28°C,290°11 Km/h,,48%,16°C,1009.0mb,,"document.write(Icons.GetShortDescription(2, 'CurrentWeather'));  Scattered Clouds at 910m",2017-06-22
13:00,27°C,27°C,310°19 Km/h,,51%,16°C,1009.0mb,,"document.write(Icons.GetShortDescription(2, 'CurrentWeather'));  Scattered Clouds at 910m",2017-06-22
14:00,28°C,29°C,280°15 Km/h,,51%,17°C,1009.0mb,,"document.write(Icons.GetShortDescription(2, 'CurrentWeather'));  Scattered Clouds at 910m",2017-06-22
15:00,28°C,28°C,300°20 Km/h,,48%,16°C,1008.0mb,,"document.write(Icons.GetShortDescription(2, 'CurrentWeather'));  Few Clouds at 1200m",2017-06-22
16:00,29°C,29°C,300°19 Km/h,,43%,15°C,1008.0mb,,"document.write(Icons.GetShortDescription(1, 'CurrentWeather'));",2017-06-22
17:00,28°C,27°C,300°20 Km/h,,37%,12°C,1007.0mb,,"document.write(Icons.GetShortDescription(1, 'CurrentWeather'));",2017-06-22
18:00,27°C,27°C,280°15 Km/h,,45%,14°C,1007.0mb,,"document.write(Icons.GetShortDescription(1, 'CurrentWeather'));",2017-06-22
19:00,25°C,25°C,260°13 Km/h,,57%,16°C,1008.0mb,,"document.write(Icons.GetShortDescription(1, 'CurrentWeather'));",2017-06-22
20:00,23°C,23°C,290°9 Km/h,,65%,16°C,1008.0mb,,"document.write(Icons.GetShortDescription(1, 'CurrentWeather'));",2017-06-22
21:00,22°C,22°C,300°4 Km/h,,69%,16°C,1008.0mb,,"document.write(Icons.GetShortDescription(1, 'CurrentWeather'));",2017-06-22
22:00,21°C,21°C,320°7 Km/h,,73%,16°C,1009.0mb,,"document.write(Icons.GetShortDescription(1, 'CurrentWeather'));",2017-06-22
23:00,21°C,21°C,330°4 Km/h,,78%,17°C,1009.0mb,,"document.write(Icons.GetShortDescription(1, 'CurrentWeather'));",2017-06-22
