Time,Temperature,Relative Temperature,Wind,Wind Gust,Rel. humidity,Dew Point,Pressure,Icon,DescriptionDetails,date
00:00,25°C,26°C,340°2 Km/h,,79%,21°C,1008.0mb,,"document.write(Icons.GetShortDescription(1, 'CurrentWeather'));",2017-07-31
01:00,25°C,26°C,20°4 Km/h,,79%,21°C,1008.0mb,,"document.write(Icons.GetShortDescription(1, 'CurrentWeather'));",2017-07-31
02:00,25°C,26°C,340°4 Km/h,,79%,21°C,1007.0mb,,"document.write(Icons.GetShortDescription(1, 'CurrentWeather'));",2017-07-31
03:00,25°C,26°C,330°6 Km/h,,79%,21°C,1007.0mb,,"document.write(Icons.GetShortDescription(3, 'CurrentWeather'));  Few Clouds at 1100m, Broken Clouds at 4600m",2017-07-31
04:00,25°C,26°C,360°4 Km/h,,83%,22°C,1007.0mb,,"document.write(Icons.GetShortDescription(3, 'CurrentWeather'));  Few Clouds at 1100m, Broken Clouds at 4600m",2017-07-31
05:00,25°C,26°C,350°4 Km/h,,83%,22°C,1007.0mb,,"document.write(Icons.GetShortDescription(3, 'CurrentWeather'));  Few Clouds at 1100m, Broken Clouds at 3700m",2017-07-31
06:00,25°C,26°C,340°6 Km/h,,83%,22°C,1007.0mb,,"document.write(Icons.GetShortDescription(4, 'CurrentWeather'));  Scattered Clouds at 1100m, Cloudy at 3400m",2017-07-31
06:45,25°C,26°C,270°4 Km/h,,83%,22°C,1008.0mb,,"document.write(Icons.GetShortDescription(7, 'CurrentWeather'));  Scattered Clouds at 1100m, Cloudy at 3400m Light Rain, Haze",2017-07-31
07:00,25°C,26°C,160°6 Km/h,,83%,22°C,1008.0mb,,"document.write(Icons.GetShortDescription(7, 'CurrentWeather'));  Few Clouds at 300m, Broken Clouds at 910m, Cloudy at 3000m Light Rain, Haze",2017-07-31
08:00,25°C,26°C,180°4 Km/h,,83%,22°C,1008.0mb,,"document.write(Icons.GetShortDescription(4, 'CurrentWeather'));  Few Clouds at 300m, Broken Clouds at 910m, Cloudy at 3000m",2017-07-31
09:00,25°C,26°C,30°7 Km/h,,83%,22°C,1009.0mb,,"document.write(Icons.GetShortDescription(7, 'CurrentWeather'));  Few Clouds at 300m, Broken Clouds at 910m, Cloudy at 3000m Light Rain",2017-07-31
10:00,25°C,26°C,180°9 Km/h,,83%,22°C,1009.0mb,,"document.write(Icons.GetShortDescription(7, 'CurrentWeather'));  Few Clouds at 300m, Broken Clouds at 910m, Cloudy at 2400m Light Rain",2017-07-31
10:29,25°C,26°C,180°9 Km/h,,83%,22°C,1009.0mb,,"document.write(Icons.GetShortDescription(7, 'CurrentWeather'));  Few Clouds at 300m, Broken Clouds at 910m, Cloudy at 2400m Rain, Haze",2017-07-31
10:40,25°C,26°C,180°13 Km/h,,83%,22°C,1009.0mb,,"document.write(Icons.GetShortDescription(7, 'CurrentWeather'));  Scattered Clouds at 300m, Broken Clouds at 760m, Cloudy at 2400m Rain, Haze",2017-07-31
11:00,25°C,26°C,190°11 Km/h,,83%,22°C,1009.0mb,,"document.write(Icons.GetShortDescription(7, 'CurrentWeather'));  Few Clouds at 150m, Scattered Cumulonimbus Clouds at 300m, Broken Clouds at 760m, Cloudy at 2400m Rain, Haze",2017-07-31
11:14,25°C,26°C,190°7 Km/h,,83%,22°C,1009.0mb,,"document.write(Icons.GetShortDescription(10, 'CurrentWeather'));  Few Clouds at 150m, Scattered Cumulonimbus Clouds at 300m, Broken Clouds at 760m, Cloudy at 2400m Light Rain with Thunderstorm, Haze",2017-07-31
11:24,25°C,26°C,180°6 Km/h,,89%,23°C,1009.0mb,,"document.write(Icons.GetShortDescription(7, 'CurrentWeather'));  Few Clouds at 150m, Scattered Cumulonimbus Clouds at 300m, Broken Clouds at 760m, Cloudy at 2400m Light Rain, Haze",2017-07-31
12:00,25°C,26°C,180°11 Km/h,,89%,23°C,1009.0mb,,"document.write(Icons.GetShortDescription(7, 'CurrentWeather'));  Few Clouds at 150m, Broken Clouds at 760m, Cloudy at 3000m Light Rain",2017-07-31
13:00,26°C,28°C,160°15 Km/h,,84%,23°C,1009.0mb,,"document.write(Icons.GetShortDescription(7, 'CurrentWeather'));  Few Clouds at 460m, Broken Clouds at 760m, Cloudy at 3000m Light Rain",2017-07-31
14:00,26°C,28°C,200°11 Km/h,,84%,23°C,1009.0mb,,"document.write(Icons.GetShortDescription(4, 'CurrentWeather'));  Few Clouds at 460m, Broken Clouds at 760m, Cloudy at 3000m",2017-07-31
15:00,26°C,28°C,190°7 Km/h,,79%,22°C,1009.0mb,,"document.write(Icons.GetShortDescription(7, 'CurrentWeather'));  Scattered Clouds at 460m, Broken Clouds at 760m, Cloudy at 3000m Light Rain",2017-07-31
16:00,25°C,26°C,210°13 Km/h,,83%,22°C,1009.0mb,,"document.write(Icons.GetShortDescription(7, 'CurrentWeather'));  Scattered Clouds at 460m, Broken Clouds at 760m, Cloudy at 3000m Light Rain",2017-07-31
17:00,26°C,28°C,180°7 Km/h,,79%,22°C,1009.0mb,,"document.write(Icons.GetShortDescription(4, 'CurrentWeather'));  Few Clouds at 460m, Broken Clouds at 760m, Cloudy at 3000m",2017-07-31
18:00,26°C,28°C,120°4 Km/h,,79%,22°C,1009.0mb,,"document.write(Icons.GetShortDescription(4, 'CurrentWeather'));  Few Clouds at 460m, Broken Clouds at 760m, Cloudy at 3000m",2017-07-31
19:00,26°C,28°C,130°2 Km/h,,79%,22°C,1008.0mb,,"document.write(Icons.GetShortDescription(4, 'CurrentWeather'));  Few Clouds at 460m, Scattered Clouds at 910m, Cloudy at 3000m",2017-07-31
20:00,25°C,26°C,70°11 Km/h,,83%,22°C,1008.0mb,,"document.write(Icons.GetShortDescription(4, 'CurrentWeather'));  Scattered Clouds at 910m, Cloudy at 3000m",2017-07-31
21:00,25°C,26°C,100°4 Km/h,,83%,22°C,1009.0mb,,"document.write(Icons.GetShortDescription(4, 'CurrentWeather'));  Few Clouds at 910m, Cloudy at 3000m",2017-07-31
22:00,25°C,26°C,310°6 Km/h,,83%,22°C,1010.0mb,,"document.write(Icons.GetShortDescription(4, 'CurrentWeather'));  Broken Clouds at 910m, Cloudy at 3000m",2017-07-31
23:00,25°C,26°C,140°7 Km/h,,83%,22°C,1010.0mb,,"document.write(Icons.GetShortDescription(4, 'CurrentWeather'));  Broken Clouds at 760m, Cloudy at 3000m",2017-07-31
