Time,Temperature,Relative Temperature,Wind,Wind Gust,Rel. humidity,Dew Point,Pressure,Icon,DescriptionDetails,date
00:00,24°C,25°C,230°9 Km/h,,83%,21°C,1006.0mb,,"document.write(Icons.GetShortDescription(4, 'CurrentWeather'));  Scattered Clouds at 300m, Broken Clouds at 760m, Cloudy at 2400m Haze",2017-07-04
01:00,24°C,25°C,360°4 Km/h,,83%,21°C,1006.0mb,,"document.write(Icons.GetShortDescription(4, 'CurrentWeather'));  Scattered Clouds at 300m, Broken Clouds at 760m, Cloudy at 2400m Haze",2017-07-04
02:00,24°C,25°C,220°4 Km/h,,83%,21°C,1005.0mb,,"document.write(Icons.GetShortDescription(4, 'CurrentWeather'));  Scattered Clouds at 240m, Broken Clouds at 760m, Cloudy at 2400m Haze",2017-07-04
03:00,24°C,25°C,280°4 Km/h,,83%,21°C,1005.0mb,,"document.write(Icons.GetShortDescription(7, 'CurrentWeather'));  Scattered Clouds at 240m, Broken Clouds at 760m, Cloudy at 2400m Light Rain, Haze",2017-07-04
04:00,24°C,25°C,350°4 Km/h,,89%,22°C,1005.0mb,,"document.write(Icons.GetShortDescription(7, 'CurrentWeather'));  Scattered Clouds at 240m, Broken Clouds at 760m, Cloudy at 2400m Light Rain, Haze",2017-07-04
05:00,24°C,25°C,310°7 Km/h,,89%,22°C,1005.0mb,,"document.write(Icons.GetShortDescription(7, 'CurrentWeather'));  Scattered Clouds at 150m, Broken Clouds at 760m, Cloudy at 2400m Light Rain, Haze",2017-07-04
05:23,24°C,25°C,310°6 Km/h,,89%,22°C,1005.0mb,,"document.write(Icons.GetShortDescription(4, 'CurrentWeather'));  Broken Clouds at 90m, Cloudy at 760m Haze",2017-07-04
06:00,23°C,24°C,290°6 Km/h,,94%,22°C,1005.0mb,,"document.write(Icons.GetShortDescription(4, 'CurrentWeather'));  Broken Clouds at 90m, Cloudy at 760m Haze",2017-07-04
06:35,24°C,25°C,330°4 Km/h,,89%,22°C,1005.0mb,,"document.write(Icons.GetShortDescription(4, 'CurrentWeather'));  Scattered Clouds at 90m, Cloudy at 760m Haze",2017-07-04
07:00,24°C,25°C,330°4 Km/h,,89%,22°C,1005.0mb,,"document.write(Icons.GetShortDescription(4, 'CurrentWeather'));  Scattered Clouds at 300m, Cloudy at 760m Haze",2017-07-04
08:00,25°C,26°C,50°2 Km/h,,83%,22°C,1005.0mb,,"document.write(Icons.GetShortDescription(3, 'CurrentWeather'));  Few Clouds at 150m, Broken Clouds at 760m Haze",2017-07-04
09:00,27°C,29°C,40°4 Km/h,,74%,22°C,1005.0mb,,"document.write(Icons.GetShortDescription(3, 'CurrentWeather'));  Few Clouds at 150m, Broken Clouds at 760m Haze",2017-07-04
09:35,28°C,30°C,280°4 Km/h,,66%,21°C,1005.0mb,,"document.write(Icons.GetShortDescription(2, 'CurrentWeather'));  Few Clouds at 150m, Scattered Clouds at 760m",2017-07-04
09:57,28°C,30°C,310°4 Km/h,,66%,21°C,1005.0mb,,"document.write(Icons.GetShortDescription(2, 'CurrentWeather'));  Few Clouds at 150m, Scattered Clouds at 760m",2017-07-04
10:00,27°C,29°C,310°6 Km/h,,70%,21°C,1005.0mb,,"document.write(Icons.GetShortDescription(2, 'CurrentWeather'));  Few Clouds at 150m, Scattered Clouds at 760m",2017-07-04
11:00,29°C,31°C,290°7 Km/h,,58%,20°C,1005.0mb,,"document.write(Icons.GetShortDescription(2, 'CurrentWeather'));  Few Clouds at 150m, Scattered Clouds at 760m",2017-07-04
12:00,30°C,33°C,310°9 Km/h,,59%,21°C,1005.0mb,,"document.write(Icons.GetShortDescription(2, 'CurrentWeather'));  Scattered Clouds at 910m",2017-07-04
13:00,30°C,33°C,290°13 Km/h,,59%,21°C,1005.0mb,,"document.write(Icons.GetShortDescription(2, 'CurrentWeather'));  Scattered Clouds at 1200m",2017-07-04
14:00,31°C,34°C,290°17 Km/h,,55%,21°C,1005.0mb,,"document.write(Icons.GetShortDescription(2, 'CurrentWeather'));  Scattered Clouds at 1200m",2017-07-04
15:00,31°C,33°C,270°15 Km/h,,52%,20°C,1005.0mb,,"document.write(Icons.GetShortDescription(2, 'CurrentWeather'));  Few Clouds at 1200m",2017-07-04
16:00,30°C,33°C,290°19 Km/h,,59%,21°C,1005.0mb,,"document.write(Icons.GetShortDescription(2, 'CurrentWeather'));  Few Clouds at 910m, Scattered Clouds at 5500m",2017-07-04
17:00,29°C,31°C,290°17 Km/h,,62%,21°C,1005.0mb,,"document.write(Icons.GetShortDescription(3, 'CurrentWeather'));  Few Clouds at 910m, Broken Clouds at 5500m",2017-07-04
18:00,28°C,30°C,290°17 Km/h,,66%,21°C,1005.0mb,,"document.write(Icons.GetShortDescription(3, 'CurrentWeather'));  Few Clouds at 910m, Broken Clouds at 5500m",2017-07-04
19:00,26°C,27°C,300°11 Km/h,,74%,21°C,1005.0mb,,"document.write(Icons.GetShortDescription(3, 'CurrentWeather'));  Few Clouds at 910m, Broken Clouds at 5500m",2017-07-04
20:00,25°C,25°C,280°6 Km/h,,74%,20°C,1006.0mb,,"document.write(Icons.GetShortDescription(1, 'CurrentWeather'));",2017-07-04
21:00,25°C,25°C,240°6 Km/h,,74%,20°C,1007.0mb,,"document.write(Icons.GetShortDescription(1, 'CurrentWeather'));",2017-07-04
22:00,24°C,25°C,230°9 Km/h,,78%,20°C,1008.0mb,,"document.write(Icons.GetShortDescription(1, 'CurrentWeather'));",2017-07-04
23:00,24°C,25°C,260°4 Km/h,,78%,20°C,1008.0mb,,"document.write(Icons.GetShortDescription(1, 'CurrentWeather'));",2017-07-04
