Time,Temperature,Relative Temperature,Wind,Wind Gust,Rel. humidity,Dew Point,Pressure,Icon,DescriptionDetails,date
00:00,11°C,11°C,280°17 Km/h,,72%,6°C,1016.0mb,,"document.write(Icons.GetShortDescription(2, 'CurrentWeather'));  Scattered Clouds at 910m Haze",2017-11-14
01:00,10°C,8°C,300°19 Km/h,,62%,3°C,1016.0mb,,"document.write(Icons.GetShortDescription(2, 'CurrentWeather'));  Few Clouds at 910m",2017-11-14
02:00,10°C,8°C,290°19 Km/h,,47%,-1°C,1017.0mb,,"document.write(Icons.GetShortDescription(1, 'CurrentWeather'));",2017-11-14
03:00,9°C,7°C,280°13 Km/h,,46%,-2°C,1017.0mb,,"document.write(Icons.GetShortDescription(1, 'CurrentWeather'));",2017-11-14
04:00,9°C,8°C,280°9 Km/h,,46%,-2°C,1017.0mb,,"document.write(Icons.GetShortDescription(1, 'CurrentWeather'));",2017-11-14
05:00,6°C,4°C,320°11 Km/h,,57%,-2°C,1017.0mb,,"document.write(Icons.GetShortDescription(1, 'CurrentWeather'));",2017-11-14
06:00,6°C,4°C,320°9 Km/h,,61%,-1°C,1018.0mb,,"document.write(Icons.GetShortDescription(1, 'CurrentWeather'));",2017-11-14
07:00,6°C,4°C,290°7 Km/h,,57%,-2°C,1019.0mb,,"document.write(Icons.GetShortDescription(1, 'CurrentWeather'));",2017-11-14
08:00,4°C,4°C,300°2 Km/h,,65%,-2°C,1020.0mb,,"document.write(Icons.GetShortDescription(1, 'CurrentWeather'));",2017-11-14
09:00,8°C,7°C,280°6 Km/h,,50%,-2°C,1020.0mb,,"document.write(Icons.GetShortDescription(1, 'CurrentWeather'));",2017-11-14
10:00,10°C,8°C,280°11 Km/h,,35%,-5°C,1020.0mb,,"document.write(Icons.GetShortDescription(1, 'CurrentWeather'));",2017-11-14
11:00,11°C,11°C,290°20 Km/h,,30%,-6°C,1020.0mb,,"document.write(Icons.GetShortDescription(2, 'CurrentWeather'));  Few Clouds at 910m",2017-11-14
12:00,11°C,11°C,280°24 Km/h,,28%,-7°C,1020.0mb,,"document.write(Icons.GetShortDescription(2, 'CurrentWeather'));  Few Clouds at 910m",2017-11-14
13:00,11°C,11°C,280°17 Km/h,,30%,-6°C,1019.0mb,,"document.write(Icons.GetShortDescription(2, 'CurrentWeather'));  Few Clouds at 910m",2017-11-14
14:00,9°C,6°C,330°17 Km/h,,34%,-6°C,1019.0mb,,"document.write(Icons.GetShortDescription(2, 'CurrentWeather'));  Scattered Clouds at 910m",2017-11-14
15:00,9°C,6°C,340°17 Km/h,,34%,-6°C,1019.0mb,,"document.write(Icons.GetShortDescription(2, 'CurrentWeather'));  Scattered Clouds at 910m",2017-11-14
16:00,9°C,6°C,280°17 Km/h,,32%,-7°C,1019.0mb,,"document.write(Icons.GetShortDescription(2, 'CurrentWeather'));  Scattered Clouds at 910m",2017-11-14
17:00,7°C,5°C,330°9 Km/h,,39%,-6°C,1019.0mb,,"document.write(Icons.GetShortDescription(2, 'CurrentWeather'));  Scattered Clouds at 910m",2017-11-14
18:00,6°C,5°C,330°6 Km/h,,42%,-6°C,1019.0mb,,"document.write(Icons.GetShortDescription(2, 'CurrentWeather'));  Scattered Clouds at 910m",2017-11-14
19:00,6°C,6°C,300°4 Km/h,,46%,-5°C,1019.0mb,,"document.write(Icons.GetShortDescription(2, 'CurrentWeather'));  Scattered Clouds at 910m",2017-11-14
20:00,5°C,3°C,320°7 Km/h,,49%,-5°C,1020.0mb,,"document.write(Icons.GetShortDescription(2, 'CurrentWeather'));  Scattered Clouds at 910m",2017-11-14
21:00,4°C,2°C,320°7 Km/h,,48%,-6°C,1020.0mb,,"document.write(Icons.GetShortDescription(2, 'CurrentWeather'));  Few Clouds at 910m",2017-11-14
22:00,4°C,4°C,300°4 Km/h,,45%,-7°C,1021.0mb,,"document.write(Icons.GetShortDescription(2, 'CurrentWeather'));  Few Clouds at 910m",2017-11-14
23:00,3°C,3°C,10°2 Km/h,,48%,-7°C,1020.0mb,,"document.write(Icons.GetShortDescription(2, 'CurrentWeather'));  Scattered Clouds at 910m",2017-11-14
