Time,Temperature,Relative Temperature,Wind,Wind Gust,Rel. humidity,Dew Point,Pressure,Icon,DescriptionDetails,date
00:00,0°C,-3°C,330°7 Km/h,,87%,-2°C,1022.0mb,,"document.write(Icons.GetShortDescription(26, 'CurrentWeather'));  Scattered Clouds at 60m, Broken Clouds at 610m, Cloudy at 2400m Snowfall, Fog",2017-12-31
01:00,0°C,-3°C,310°9 Km/h,,87%,-2°C,1022.0mb,,"document.write(Icons.GetShortDescription(26, 'CurrentWeather'));  Scattered Clouds at 240m, Broken Clouds at 610m, Cloudy at 2400m Light Snowfall, Haze",2017-12-31
02:00,0°C,-3°C,310°9 Km/h,,87%,-2°C,1022.0mb,,"document.write(Icons.GetShortDescription(4, 'CurrentWeather'));  Scattered Clouds at 300m, Broken Clouds at 610m, Cloudy at 2400m Haze",2017-12-31
03:00,0°C,-3°C,310°9 Km/h,,80%,-3°C,1022.0mb,,"document.write(Icons.GetShortDescription(3, 'CurrentWeather'));  Few Clouds at 460m, Broken Clouds at 760m Haze",2017-12-31
04:00,-1°C,-5°C,300°13 Km/h,,80%,-4°C,1022.0mb,,"document.write(Icons.GetShortDescription(3, 'CurrentWeather'));  Broken Clouds at 760m Haze",2017-12-31
05:00,-2°C,-5°C,330°7 Km/h,,80%,-5°C,1022.0mb,,"document.write(Icons.GetShortDescription(2, 'CurrentWeather'));  Few Clouds at 760m Haze",2017-12-31
06:00,-3°C,-3°C,320°4 Km/h,,80%,-6°C,1022.0mb,,"document.write(Icons.GetShortDescription(2, 'CurrentWeather'));  Few Clouds at 760m Haze",2017-12-31
07:00,-3°C,-3°C,220°2 Km/h,,80%,-6°C,1023.0mb,,"document.write(Icons.GetShortDescription(2, 'CurrentWeather'));  Few Clouds at 300m Haze",2017-12-31
08:00,-4°C,-4°C,310°2 Km/h,,80%,-7°C,1023.0mb,,"document.write(Icons.GetShortDescription(1, 'CurrentWeather'));  Haze",2017-12-31
09:00,-3°C,-3°C,330°4 Km/h,,86%,-5°C,1023.0mb,,"document.write(Icons.GetShortDescription(1, 'CurrentWeather'));",2017-12-31
10:00,0°C,-3°C,290°9 Km/h,,69%,-5°C,1024.0mb,,"document.write(Icons.GetShortDescription(1, 'CurrentWeather'));",2017-12-31
11:00,1°C,-3°C,310°13 Km/h,,65%,-5°C,1024.0mb,,"document.write(Icons.GetShortDescription(1, 'CurrentWeather'));",2017-12-31
12:00,2°C,-2°C,310°17 Km/h,,52%,-7°C,1023.0mb,,"document.write(Icons.GetShortDescription(1, 'CurrentWeather'));",2017-12-31
13:00,2°C,-3°C,290°19 Km/h,,44%,-9°C,1023.0mb,,"document.write(Icons.GetShortDescription(1, 'CurrentWeather'));",2017-12-31
14:00,3°C,-1°C,290°17 Km/h,,38%,-10°C,1023.0mb,,"document.write(Icons.GetShortDescription(1, 'CurrentWeather'));",2017-12-31
15:00,3°C,-2°C,300°22 Km/h,,33%,-12°C,1023.0mb,,"document.write(Icons.GetShortDescription(1, 'CurrentWeather'));",2017-12-31
16:00,2°C,-3°C,310°19 Km/h,,32%,-13°C,1023.0mb,,"document.write(Icons.GetShortDescription(1, 'CurrentWeather'));",2017-12-31
17:00,1°C,-3°C,310°17 Km/h,,38%,-12°C,1024.0mb,,"document.write(Icons.GetShortDescription(1, 'CurrentWeather'));",2017-12-31
18:00,0°C,-4°C,300°11 Km/h,,37%,-13°C,1024.0mb,,"document.write(Icons.GetShortDescription(1, 'CurrentWeather'));",2017-12-31
19:00,-2°C,-6°C,320°11 Km/h,,40%,-14°C,1024.0mb,,"document.write(Icons.GetShortDescription(1, 'CurrentWeather'));",2017-12-31
20:00,-1°C,-3°C,280°6 Km/h,,37%,-14°C,1025.0mb,,"document.write(Icons.GetShortDescription(1, 'CurrentWeather'));",2017-12-31
21:00,-2°C,-5°C,300°9 Km/h,,40%,-14°C,1025.0mb,,"document.write(Icons.GetShortDescription(1, 'CurrentWeather'));",2017-12-31
22:00,-3°C,-3°C,290°4 Km/h,,43%,-14°C,1026.0mb,,"document.write(Icons.GetShortDescription(1, 'CurrentWeather'));",2017-12-31
23:00,-3°C,-3°C,310°4 Km/h,,43%,-14°C,1026.0mb,,"document.write(Icons.GetShortDescription(1, 'CurrentWeather'));",2017-12-31
