Time,Temperature,Relative Temperature,Wind,Wind Gust,Rel. humidity,Dew Point,Pressure,Icon,DescriptionDetails,date
00:00,16°C,16°C,350°4 Km/h,,77%,12°C,1021.0mb,,"document.write(Icons.GetShortDescription(1, 'CurrentWeather'));",2017-10-01
01:00,16°C,16°C,350°4 Km/h,,83%,13°C,1021.0mb,,"document.write(Icons.GetShortDescription(1, 'CurrentWeather'));",2017-10-01
02:00,16°C,16°C,200°4 Km/h,,83%,13°C,1020.0mb,,"document.write(Icons.GetShortDescription(1, 'CurrentWeather'));  Haze",2017-10-01
03:00,16°C,16°C,180°2 Km/h,,83%,13°C,1020.0mb,,"document.write(Icons.GetShortDescription(1, 'CurrentWeather'));  Haze",2017-10-01
04:00,15°C,15°C,150°4 Km/h,,88%,13°C,1019.0mb,,"document.write(Icons.GetShortDescription(1, 'CurrentWeather'));  Haze",2017-10-01
05:00,16°C,16°C,170°4 Km/h,,83%,13°C,1019.0mb,,"document.write(Icons.GetShortDescription(1, 'CurrentWeather'));",2017-10-01
06:00,18°C,18°C,130°9 Km/h,,78%,14°C,1018.0mb,,"document.write(Icons.GetShortDescription(1, 'CurrentWeather'));",2017-10-01
07:00,19°C,19°C,110°11 Km/h,,73%,14°C,1018.0mb,,"document.write(Icons.GetShortDescription(1, 'CurrentWeather'));",2017-10-01
08:00,18°C,18°C,120°9 Km/h,,73%,13°C,1019.0mb,,"document.write(Icons.GetShortDescription(1, 'CurrentWeather'));",2017-10-01
09:00,21°C,21°C,130°11 Km/h,,64%,14°C,1019.0mb,,"document.write(Icons.GetShortDescription(1, 'CurrentWeather'));",2017-10-01
10:00,21°C,21°C,210°6 Km/h,,60%,13°C,1019.0mb,,"document.write(Icons.GetShortDescription(1, 'CurrentWeather'));",2017-10-01
11:00,21°C,21°C,170°11 Km/h,,60%,13°C,1018.0mb,,"document.write(Icons.GetShortDescription(1, 'CurrentWeather'));",2017-10-01
12:00,22°C,22°C,190°2 Km/h,,57%,13°C,1019.0mb,,"document.write(Icons.GetShortDescription(7, 'CurrentWeather'));  Scattered Clouds at 1200m, Cloudy at 3000m Light Rain",2017-10-01
13:00,18°C,18°C,220°13 Km/h,,60%,10°C,1019.0mb,,"document.write(Icons.GetShortDescription(7, 'CurrentWeather'));  Broken Clouds at 910m, Cloudy at 2400m Light Rain",2017-10-01
14:00,18°C,18°C,170°9 Km/h,,68%,12°C,1018.0mb,,"document.write(Icons.GetShortDescription(7, 'CurrentWeather'));  Broken Clouds at 910m, Cloudy at 2400m Light Rain",2017-10-01
15:00,19°C,19°C,110°9 Km/h,,68%,13°C,1017.0mb,,"document.write(Icons.GetShortDescription(7, 'CurrentWeather'));  Broken Clouds at 910m, Cloudy at 2400m Light Rain",2017-10-01
16:00,18°C,18°C,130°17 Km/h,,73%,13°C,1014.0mb,,"document.write(Icons.GetShortDescription(7, 'CurrentWeather'));  Broken Clouds at 910m, Cloudy at 3000m Light Rain",2017-10-01
17:00,19°C,19°C,130°11 Km/h,,68%,13°C,1014.0mb,,"document.write(Icons.GetShortDescription(4, 'CurrentWeather'));  Scattered Clouds at 910m, Cloudy at 2700m",2017-10-01
18:00,19°C,19°C,70°9 Km/h,,64%,12°C,1014.0mb,,"document.write(Icons.GetShortDescription(4, 'CurrentWeather'));  Broken Clouds at 910m, Cloudy at 2700m",2017-10-01
19:00,19°C,19°C,130°17 Km/h,,56%,10°C,1015.0mb,,"document.write(Icons.GetShortDescription(4, 'CurrentWeather'));  Broken Clouds at 910m, Cloudy at 2700m",2017-10-01
20:00,17°C,17°C,110°19 Km/h,,64%,10°C,1015.0mb,,"document.write(Icons.GetShortDescription(7, 'CurrentWeather'));  Broken Clouds at 1200m, Cloudy at 2700m Light Rain",2017-10-01
21:00,16°C,16°C,110°17 Km/h,,72%,11°C,1014.0mb,,"document.write(Icons.GetShortDescription(7, 'CurrentWeather'));  Broken Clouds at 1200m, Cloudy at 2700m Light Drizzle",2017-10-01
22:00,16°C,16°C,120°17 Km/h,,72%,11°C,1014.0mb,,"document.write(Icons.GetShortDescription(7, 'CurrentWeather'));  Broken Clouds at 1200m, Cloudy at 2700m Light Drizzle",2017-10-01
23:00,16°C,16°C,110°19 Km/h,,77%,12°C,1013.0mb,,"document.write(Icons.GetShortDescription(7, 'CurrentWeather'));  Broken Clouds at 1100m, Cloudy at 2700m Light Drizzle",2017-10-01
23:39,16°C,16°C,110°13 Km/h,,77%,12°C,1013.0mb,,"document.write(Icons.GetShortDescription(7, 'CurrentWeather'));  Few Clouds at 210m, Broken Clouds at 910m, Cloudy at 2400m Light Drizzle, Haze",2017-10-01
