Time,Temperature,Relative Temperature,Wind,Wind Gust,Rel. humidity,Dew Point,Pressure,Icon,DescriptionDetails,date
00:00,7°C,7°C,40°4 Km/h,,71%,2°C,1013.0mb,,"document.write(Icons.GetShortDescription(1, 'CurrentWeather'));",2017-04-21
01:00,7°C,7°C,60°4 Km/h,,71%,2°C,1013.0mb,,"document.write(Icons.GetShortDescription(1, 'CurrentWeather'));",2017-04-21
02:00,6°C,6°C,Calm,,76%,2°C,1013.0mb,,"document.write(Icons.GetShortDescription(1, 'CurrentWeather'));",2017-04-21
03:00,5°C,5°C,50°4 Km/h,,81%,2°C,1012.0mb,,"document.write(Icons.GetShortDescription(1, 'CurrentWeather'));",2017-04-21
04:00,6°C,6°C,250°4 Km/h,,81%,3°C,1012.0mb,,"document.write(Icons.GetShortDescription(1, 'CurrentWeather'));",2017-04-21
05:00,5°C,5°C,Calm,,87%,3°C,1012.0mb,,"document.write(Icons.GetShortDescription(1, 'CurrentWeather'));",2017-04-21
06:00,5°C,3°C,170°7 Km/h,,76%,1°C,1012.0mb,,"document.write(Icons.GetShortDescription(1, 'CurrentWeather'));",2017-04-21
07:00,8°C,8°C,150°4 Km/h,,76%,4°C,1012.0mb,,"document.write(Icons.GetShortDescription(1, 'CurrentWeather'));",2017-04-21
08:00,12°C,12°C,210°2 Km/h,,58%,4°C,1012.0mb,,"document.write(Icons.GetShortDescription(1, 'CurrentWeather'));",2017-04-21
09:00,13°C,13°C,240°4 Km/h,,51%,3°C,1012.0mb,,"document.write(Icons.GetShortDescription(1, 'CurrentWeather'));",2017-04-21
10:00,14°C,14°C,60°4 Km/h,,51%,4°C,1012.0mb,,"document.write(Icons.GetShortDescription(1, 'CurrentWeather'));",2017-04-21
11:00,17°C,17°C,190°6 Km/h,,42%,4°C,1012.0mb,,"document.write(Icons.GetShortDescription(1, 'CurrentWeather'));",2017-04-21
12:00,17°C,17°C,270°6 Km/h,,39%,3°C,1011.0mb,,"document.write(Icons.GetShortDescription(1, 'CurrentWeather'));",2017-04-21
13:00,17°C,17°C,300°11 Km/h,,42%,4°C,1010.0mb,,"document.write(Icons.GetShortDescription(2, 'CurrentWeather'));  Few Clouds at 910m, Scattered Clouds at 6100m",2017-04-21
14:00,17°C,17°C,300°19 Km/h,,45%,5°C,1010.0mb,,"document.write(Icons.GetShortDescription(3, 'CurrentWeather'));  Few Clouds at 910m, Broken Clouds at 6100m",2017-04-21
15:00,17°C,17°C,270°15 Km/h,,42%,4°C,1010.0mb,,"document.write(Icons.GetShortDescription(1, 'CurrentWeather'));",2017-04-21
16:00,17°C,17°C,300°15 Km/h,,42%,4°C,1009.0mb,,"document.write(Icons.GetShortDescription(1, 'CurrentWeather'));",2017-04-21
17:00,15°C,15°C,290°17 Km/h,,45%,3°C,1009.0mb,,"document.write(Icons.GetShortDescription(1, 'CurrentWeather'));",2017-04-21
18:00,14°C,14°C,320°13 Km/h,,51%,4°C,1010.0mb,,"document.write(Icons.GetShortDescription(1, 'CurrentWeather'));",2017-04-21
19:00,13°C,13°C,240°11 Km/h,,55%,4°C,1010.0mb,,"document.write(Icons.GetShortDescription(1, 'CurrentWeather'));",2017-04-21
20:00,12°C,12°C,230°11 Km/h,,58%,4°C,1011.0mb,,"document.write(Icons.GetShortDescription(1, 'CurrentWeather'));",2017-04-21
21:00,11°C,11°C,240°6 Km/h,,62%,4°C,1012.0mb,,"document.write(Icons.GetShortDescription(1, 'CurrentWeather'));",2017-04-21
22:00,10°C,10°C,270°2 Km/h,,67%,4°C,1012.0mb,,"document.write(Icons.GetShortDescription(1, 'CurrentWeather'));",2017-04-21
23:00,9°C,8°C,330°6 Km/h,,76%,5°C,1012.0mb,,"document.write(Icons.GetShortDescription(1, 'CurrentWeather'));",2017-04-21
