Time,Temperature,Relative Temperature,Wind,Wind Gust,Rel. humidity,Dew Point,Pressure,Icon,DescriptionDetails,date
00:00,1°C,1°C,360°4 Km/h,,70%,-4°C,1023.0mb,,"document.write(Icons.GetShortDescription(1, 'CurrentWeather'));",2017-11-12
01:00,1°C,1°C,210°2 Km/h,,65%,-5°C,1023.0mb,,"document.write(Icons.GetShortDescription(1, 'CurrentWeather'));",2017-11-12
02:00,-1°C,-3°C,320°6 Km/h,,69%,-6°C,1023.0mb,,"document.write(Icons.GetShortDescription(1, 'CurrentWeather'));",2017-11-12
03:00,0°C,-3°C,350°7 Km/h,,75%,-4°C,1023.0mb,,"document.write(Icons.GetShortDescription(1, 'CurrentWeather'));",2017-11-12
04:00,-1°C,-3°C,340°6 Km/h,,75%,-5°C,1023.0mb,,"document.write(Icons.GetShortDescription(1, 'CurrentWeather'));",2017-11-12
05:00,-1°C,-1°C,340°4 Km/h,,75%,-5°C,1023.0mb,,"document.write(Icons.GetShortDescription(1, 'CurrentWeather'));",2017-11-12
06:00,0°C,0°C,330°4 Km/h,,75%,-4°C,1023.0mb,,"document.write(Icons.GetShortDescription(1, 'CurrentWeather'));",2017-11-12
07:00,-1°C,-1°C,80°2 Km/h,,80%,-4°C,1022.0mb,,"document.write(Icons.GetShortDescription(1, 'CurrentWeather'));",2017-11-12
07:57,0°C,0°C,350°4 Km/h,,80%,-3°C,1023.0mb,,"document.write(Icons.GetShortDescription(1, 'CurrentWeather'));",2017-11-12
08:00,0°C,0°C,360°4 Km/h,,80%,-3°C,1023.0mb,,"document.write(Icons.GetShortDescription(1, 'CurrentWeather'));",2017-11-12
09:00,4°C,4°C,230°4 Km/h,,75%,0°C,1023.0mb,,"document.write(Icons.GetShortDescription(1, 'CurrentWeather'));",2017-11-12
10:00,7°C,7°C,100°2 Km/h,,61%,0°C,1023.0mb,,"document.write(Icons.GetShortDescription(1, 'CurrentWeather'));",2017-11-12
11:00,8°C,8°C,330°4 Km/h,,50%,-2°C,1023.0mb,,"document.write(Icons.GetShortDescription(1, 'CurrentWeather'));",2017-11-12
12:00,9°C,9°C,10°4 Km/h,,40%,-4°C,1022.0mb,,"document.write(Icons.GetShortDescription(1, 'CurrentWeather'));",2017-11-12
13:00,9°C,9°C,270°4 Km/h,,43%,-3°C,1021.0mb,,"document.write(Icons.GetShortDescription(1, 'CurrentWeather'));",2017-11-12
14:00,11°C,11°C,190°6 Km/h,,38%,-3°C,1021.0mb,,"document.write(Icons.GetShortDescription(1, 'CurrentWeather'));",2017-11-12
15:00,10°C,8°C,310°11 Km/h,,37%,-4°C,1021.0mb,,"document.write(Icons.GetShortDescription(1, 'CurrentWeather'));",2017-11-12
16:00,10°C,8°C,290°13 Km/h,,40%,-3°C,1021.0mb,,"document.write(Icons.GetShortDescription(1, 'CurrentWeather'));",2017-11-12
17:00,9°C,8°C,280°7 Km/h,,46%,-2°C,1021.0mb,,"document.write(Icons.GetShortDescription(1, 'CurrentWeather'));",2017-11-12
18:00,7°C,5°C,290°9 Km/h,,53%,-2°C,1021.0mb,,"document.write(Icons.GetShortDescription(1, 'CurrentWeather'));",2017-11-12
19:00,6°C,6°C,300°4 Km/h,,53%,-3°C,1022.0mb,,"document.write(Icons.GetShortDescription(1, 'CurrentWeather'));",2017-11-12
20:00,5°C,5°C,120°2 Km/h,,66%,-1°C,1022.0mb,,"document.write(Icons.GetShortDescription(1, 'CurrentWeather'));",2017-11-12
21:00,3°C,3°C,80°4 Km/h,,70%,-2°C,1022.0mb,,"document.write(Icons.GetShortDescription(1, 'CurrentWeather'));",2017-11-12
22:00,4°C,4°C,330°4 Km/h,,75%,0°C,1021.0mb,,"document.write(Icons.GetShortDescription(1, 'CurrentWeather'));",2017-11-12
23:00,3°C,3°C,Calm,,75%,-1°C,1021.0mb,,"document.write(Icons.GetShortDescription(1, 'CurrentWeather'));",2017-11-12
