Time,Temperature,Relative Temperature,Wind,Wind Gust,Rel. humidity,Dew Point,Pressure,Icon,DescriptionDetails,date
00:00,-6°C,-10°C,320°9 Km/h,,45%,-16°C,1027.0mb,,"document.write(Icons.GetShortDescription(1, 'CurrentWeather'));",2017-01-16
01:00,-7°C,-7°C,40°4 Km/h,,49%,-16°C,1027.0mb,,"document.write(Icons.GetShortDescription(1, 'CurrentWeather'));",2017-01-16
02:00,-8°C,-11°C,300°6 Km/h,,53%,-16°C,1028.0mb,,"document.write(Icons.GetShortDescription(1, 'CurrentWeather'));",2017-01-16
03:00,-9°C,-13°C,340°7 Km/h,,57%,-16°C,1028.0mb,,"document.write(Icons.GetShortDescription(1, 'CurrentWeather'));",2017-01-16
04:00,-11°C,-11°C,350°4 Km/h,,67%,-16°C,1028.0mb,,"document.write(Icons.GetShortDescription(1, 'CurrentWeather'));",2017-01-16
05:00,-9°C,-9°C,350°4 Km/h,,57%,-16°C,1029.0mb,,"document.write(Icons.GetShortDescription(1, 'CurrentWeather'));",2017-01-16
06:00,-10°C,-10°C,340°2 Km/h,,57%,-17°C,1029.0mb,,"document.write(Icons.GetShortDescription(1, 'CurrentWeather'));",2017-01-16
07:00,-11°C,-14°C,20°6 Km/h,,67%,-16°C,1029.0mb,,"document.write(Icons.GetShortDescription(1, 'CurrentWeather'));",2017-01-16
08:00,-10°C,-10°C,360°4 Km/h,,62%,-16°C,1029.0mb,,"document.write(Icons.GetShortDescription(1, 'CurrentWeather'));",2017-01-16
09:00,-6°C,-6°C,80°2 Km/h,,54%,-14°C,1030.0mb,,"document.write(Icons.GetShortDescription(1, 'CurrentWeather'));",2017-01-16
10:00,-5°C,-8°C,10°6 Km/h,,46%,-15°C,1030.0mb,,"document.write(Icons.GetShortDescription(1, 'CurrentWeather'));",2017-01-16
11:00,-3°C,-3°C,260°4 Km/h,,36%,-16°C,1030.0mb,,"document.write(Icons.GetShortDescription(1, 'CurrentWeather'));",2017-01-16
12:00,-1°C,-1°C,30°4 Km/h,,29%,-17°C,1030.0mb,,"document.write(Icons.GetShortDescription(1, 'CurrentWeather'));",2017-01-16
13:00,0°C,0°C,30°2 Km/h,,27%,-17°C,1029.0mb,,"document.write(Icons.GetShortDescription(1, 'CurrentWeather'));",2017-01-16
14:00,1°C,-1°C,210°7 Km/h,,19%,-20°C,1029.0mb,,"document.write(Icons.GetShortDescription(1, 'CurrentWeather'));",2017-01-16
15:00,3°C,3°C,230°4 Km/h,,17%,-20°C,1029.0mb,,"document.write(Icons.GetShortDescription(1, 'CurrentWeather'));",2017-01-16
16:00,3°C,3°C,250°4 Km/h,,17%,-20°C,1029.0mb,,"document.write(Icons.GetShortDescription(1, 'CurrentWeather'));",2017-01-16
17:00,2°C,2°C,330°2 Km/h,,18%,-20°C,1029.0mb,,"document.write(Icons.GetShortDescription(1, 'CurrentWeather'));",2017-01-16
18:00,-1°C,-4°C,280°7 Km/h,,34%,-15°C,1030.0mb,,"document.write(Icons.GetShortDescription(1, 'CurrentWeather'));",2017-01-16
19:00,-2°C,-5°C,280°9 Km/h,,47%,-12°C,1030.0mb,,"document.write(Icons.GetShortDescription(1, 'CurrentWeather'));",2017-01-16
20:00,-3°C,-5°C,30°6 Km/h,,54%,-11°C,1030.0mb,,"document.write(Icons.GetShortDescription(1, 'CurrentWeather'));",2017-01-16
21:00,-5°C,-5°C,260°4 Km/h,,58%,-12°C,1031.0mb,,"document.write(Icons.GetShortDescription(1, 'CurrentWeather'));",2017-01-16
22:00,-6°C,-6°C,20°4 Km/h,,68%,-11°C,1031.0mb,,"document.write(Icons.GetShortDescription(1, 'CurrentWeather'));",2017-01-16
23:00,-6°C,-9°C,340°6 Km/h,,63%,-12°C,1031.0mb,,"document.write(Icons.GetShortDescription(1, 'CurrentWeather'));",2017-01-16
