Time,Temperature,Relative Temperature,Wind,Wind Gust,Rel. humidity,Dew Point,Pressure,Icon,DescriptionDetails,date
00:00,19°C,19°C,320°4 Km/h,,83%,16°C,1011.0mb,,"document.write(Icons.GetShortDescription(1, 'CurrentWeather'));  Haze",2017-06-19
01:00,18°C,18°C,290°2 Km/h,,88%,16°C,1010.0mb,,"document.write(Icons.GetShortDescription(1, 'CurrentWeather'));  Haze",2017-06-19
02:00,18°C,18°C,10°4 Km/h,,88%,16°C,1010.0mb,,"document.write(Icons.GetShortDescription(1, 'CurrentWeather'));  Haze",2017-06-19
03:00,18°C,18°C,320°6 Km/h,,88%,16°C,1010.0mb,,"document.write(Icons.GetShortDescription(1, 'CurrentWeather'));  Haze",2017-06-19
04:00,18°C,18°C,300°4 Km/h,,83%,15°C,1010.0mb,,"document.write(Icons.GetShortDescription(1, 'CurrentWeather'));  Haze",2017-06-19
05:00,18°C,18°C,30°2 Km/h,,83%,15°C,1010.0mb,,"document.write(Icons.GetShortDescription(2, 'CurrentWeather'));  Scattered Clouds at 300m Haze",2017-06-19
06:00,19°C,19°C,110°4 Km/h,,83%,16°C,1011.0mb,,"document.write(Icons.GetShortDescription(2, 'CurrentWeather'));  Scattered Clouds at 300m Haze",2017-06-19
07:00,20°C,20°C,170°4 Km/h,,83%,17°C,1011.0mb,,"document.write(Icons.GetShortDescription(2, 'CurrentWeather'));  Scattered Clouds at 300m Haze",2017-06-19
07:21,20°C,20°C,340°2 Km/h,,78%,16°C,1011.0mb,,"document.write(Icons.GetShortDescription(2, 'CurrentWeather'));  Few Clouds at 300m, Scattered Clouds at 6100m Haze",2017-06-19
08:00,21°C,21°C,350°4 Km/h,,73%,16°C,1011.0mb,,"document.write(Icons.GetShortDescription(2, 'CurrentWeather'));  Few Clouds at 460m, Scattered Clouds at 6100m Haze",2017-06-19
09:00,23°C,23°C,260°4 Km/h,,65%,16°C,1011.0mb,,"document.write(Icons.GetShortDescription(3, 'CurrentWeather'));  Few Clouds at 460m, Broken Clouds at 6100m Haze",2017-06-19
10:00,25°C,25°C,220°6 Km/h,,54%,15°C,1010.0mb,,"document.write(Icons.GetShortDescription(1, 'CurrentWeather'));  Haze",2017-06-19
11:00,27°C,27°C,200°6 Km/h,,48%,15°C,1010.0mb,,"document.write(Icons.GetShortDescription(1, 'CurrentWeather'));",2017-06-19
12:00,27°C,28°C,320°15 Km/h,,54%,17°C,1010.0mb,,"document.write(Icons.GetShortDescription(1, 'CurrentWeather'));",2017-06-19
13:00,28°C,27°C,270°13 Km/h,,35%,11°C,1010.0mb,,"document.write(Icons.GetShortDescription(1, 'CurrentWeather'));",2017-06-19
14:00,27°C,27°C,300°17 Km/h,,42%,13°C,1009.0mb,,"document.write(Icons.GetShortDescription(1, 'CurrentWeather'));",2017-06-19
15:00,27°C,27°C,320°13 Km/h,,39%,12°C,1009.0mb,,"document.write(Icons.GetShortDescription(1, 'CurrentWeather'));",2017-06-19
16:00,29°C,28°C,300°15 Km/h,,25%,7°C,1008.0mb,,"document.write(Icons.GetShortDescription(1, 'CurrentWeather'));",2017-06-19
17:00,29°C,28°C,310°11 Km/h,,29%,9°C,1008.0mb,,"document.write(Icons.GetShortDescription(1, 'CurrentWeather'));",2017-06-19
18:00,27°C,27°C,300°15 Km/h,,32%,9°C,1008.0mb,,"document.write(Icons.GetShortDescription(1, 'CurrentWeather'));",2017-06-19
19:00,26°C,26°C,280°6 Km/h,,39%,11°C,1008.0mb,,"document.write(Icons.GetShortDescription(1, 'CurrentWeather'));",2017-06-19
20:00,23°C,23°C,320°7 Km/h,,53%,13°C,1008.0mb,,"document.write(Icons.GetShortDescription(1, 'CurrentWeather'));",2017-06-19
21:00,22°C,22°C,320°7 Km/h,,57%,13°C,1008.0mb,,"document.write(Icons.GetShortDescription(1, 'CurrentWeather'));",2017-06-19
22:00,21°C,21°C,360°7 Km/h,,57%,12°C,1008.0mb,,"document.write(Icons.GetShortDescription(1, 'CurrentWeather'));",2017-06-19
23:00,20°C,20°C,320°11 Km/h,,64%,13°C,1009.0mb,,"document.write(Icons.GetShortDescription(1, 'CurrentWeather'));",2017-06-19
