Time,Temperature,Relative Temperature,Wind,Wind Gust,Rel. humidity,Dew Point,Pressure,Icon,DescriptionDetails,date
00:00,3°C,3°C,150°4 Km/h,,38%,-10°C,1021.0mb,,"document.write(Icons.GetShortDescription(1, 'CurrentWeather'));",2017-03-22
01:00,4°C,4°C,340°2 Km/h,,39%,-9°C,1020.0mb,,"document.write(Icons.GetShortDescription(1, 'CurrentWeather'));",2017-03-22
02:00,3°C,3°C,350°2 Km/h,,45%,-8°C,1020.0mb,,"document.write(Icons.GetShortDescription(1, 'CurrentWeather'));",2017-03-22
03:00,0°C,0°C,40°2 Km/h,,55%,-8°C,1020.0mb,,"document.write(Icons.GetShortDescription(1, 'CurrentWeather'));",2017-03-22
04:00,0°C,0°C,10°2 Km/h,,55%,-8°C,1021.0mb,,"document.write(Icons.GetShortDescription(1, 'CurrentWeather'));",2017-03-22
05:00,-1°C,-1°C,80°2 Km/h,,64%,-7°C,1021.0mb,,"document.write(Icons.GetShortDescription(1, 'CurrentWeather'));",2017-03-22
06:00,0°C,0°C,10°4 Km/h,,64%,-6°C,1021.0mb,,"document.write(Icons.GetShortDescription(1, 'CurrentWeather'));",2017-03-22
07:00,-1°C,-1°C,10°4 Km/h,,69%,-6°C,1021.0mb,,"document.write(Icons.GetShortDescription(1, 'CurrentWeather'));",2017-03-22
08:00,3°C,3°C,340°2 Km/h,,60%,-4°C,1021.0mb,,"document.write(Icons.GetShortDescription(1, 'CurrentWeather'));",2017-03-22
09:00,7°C,7°C,240°2 Km/h,,42%,-5°C,1022.0mb,,"document.write(Icons.GetShortDescription(1, 'CurrentWeather'));",2017-03-22
10:00,10°C,10°C,330°4 Km/h,,35%,-5°C,1022.0mb,,"document.write(Icons.GetShortDescription(1, 'CurrentWeather'));",2017-03-22
11:00,10°C,8°C,300°15 Km/h,,25%,-9°C,1022.0mb,,"document.write(Icons.GetShortDescription(1, 'CurrentWeather'));",2017-03-22
12:00,12°C,12°C,340°11 Km/h,,19%,-11°C,1021.0mb,,"document.write(Icons.GetShortDescription(1, 'CurrentWeather'));",2017-03-22
13:00,13°C,13°C,280°13 Km/h,,21%,-9°C,1021.0mb,,"document.write(Icons.GetShortDescription(1, 'CurrentWeather'));",2017-03-22
14:00,13°C,13°C,290°13 Km/h,,21%,-9°C,1020.0mb,,"document.write(Icons.GetShortDescription(1, 'CurrentWeather'));",2017-03-22
15:00,13°C,13°C,270°17 Km/h,,21%,-9°C,1020.0mb,,"document.write(Icons.GetShortDescription(1, 'CurrentWeather'));",2017-03-22
16:00,12°C,12°C,290°20 Km/h,,22%,-9°C,1020.0mb,,"document.write(Icons.GetShortDescription(1, 'CurrentWeather'));",2017-03-22
17:00,11°C,11°C,270°17 Km/h,,22%,-10°C,1020.0mb,,"document.write(Icons.GetShortDescription(1, 'CurrentWeather'));",2017-03-22
18:00,9°C,7°C,290°11 Km/h,,27%,-9°C,1021.0mb,,"document.write(Icons.GetShortDescription(1, 'CurrentWeather'));",2017-03-22
19:00,7°C,6°C,330°7 Km/h,,34%,-8°C,1020.0mb,,"document.write(Icons.GetShortDescription(1, 'CurrentWeather'));",2017-03-22
20:00,6°C,5°C,50°6 Km/h,,39%,-7°C,1021.0mb,,"document.write(Icons.GetShortDescription(1, 'CurrentWeather'));",2017-03-22
21:00,6°C,6°C,300°2 Km/h,,42%,-6°C,1021.0mb,,"document.write(Icons.GetShortDescription(1, 'CurrentWeather'));",2017-03-22
22:00,6°C,5°C,330°6 Km/h,,42%,-6°C,1021.0mb,,"document.write(Icons.GetShortDescription(1, 'CurrentWeather'));",2017-03-22
23:00,6°C,6°C,360°2 Km/h,,42%,-6°C,1021.0mb,,"document.write(Icons.GetShortDescription(1, 'CurrentWeather'));",2017-03-22
