Time,Temperature,Relative Temperature,Wind,Wind Gust,Rel. humidity,Dew Point,Pressure,Icon,DescriptionDetails,date
00:00,27°C,29°C,150°9 Km/h,,66%,20°C,1005.0mb,,"document.write(Icons.GetShortDescription(1, 'CurrentWeather'));",2017-08-04
01:00,28°C,30°C,130°7 Km/h,,62%,20°C,1005.0mb,,"document.write(Icons.GetShortDescription(1, 'CurrentWeather'));",2017-08-04
02:00,28°C,30°C,130°9 Km/h,,62%,20°C,1005.0mb,,"document.write(Icons.GetShortDescription(2, 'CurrentWeather'));  Few Clouds at 1200m, Scattered Clouds at 5500m",2017-08-04
03:00,27°C,28°C,140°9 Km/h,,62%,19°C,1005.0mb,,"document.write(Icons.GetShortDescription(2, 'CurrentWeather'));  Few Clouds at 1200m, Scattered Clouds at 5500m",2017-08-04
04:00,27°C,29°C,130°11 Km/h,,66%,20°C,1005.0mb,,"document.write(Icons.GetShortDescription(2, 'CurrentWeather'));  Few Clouds at 1200m, Scattered Clouds at 5500m",2017-08-04
05:00,26°C,27°C,160°7 Km/h,,65%,19°C,1005.0mb,,"document.write(Icons.GetShortDescription(2, 'CurrentWeather'));  Few Clouds at 1200m, Scattered Clouds at 5500m",2017-08-04
06:00,25°C,25°C,170°4 Km/h,,74%,20°C,1006.0mb,,"document.write(Icons.GetShortDescription(1, 'CurrentWeather'));",2017-08-04
07:00,27°C,29°C,140°13 Km/h,,70%,21°C,1006.0mb,,"document.write(Icons.GetShortDescription(1, 'CurrentWeather'));",2017-08-04
08:00,29°C,31°C,130°9 Km/h,,62%,21°C,1006.0mb,,"document.write(Icons.GetShortDescription(1, 'CurrentWeather'));",2017-08-04
09:00,30°C,33°C,140°7 Km/h,,62%,22°C,1006.0mb,,"document.write(Icons.GetShortDescription(1, 'CurrentWeather'));",2017-08-04
10:00,31°C,35°C,130°11 Km/h,,59%,22°C,1006.0mb,,"document.write(Icons.GetShortDescription(1, 'CurrentWeather'));",2017-08-04
11:00,31°C,35°C,150°9 Km/h,,59%,22°C,1006.0mb,,"document.write(Icons.GetShortDescription(3, 'CurrentWeather'));  Scattered Clouds at 910m, Broken Clouds at 6100m",2017-08-04
12:00,33°C,37°C,230°4 Km/h,,52%,22°C,1006.0mb,,"document.write(Icons.GetShortDescription(3, 'CurrentWeather'));  Scattered Clouds at 910m, Broken Clouds at 6100m",2017-08-04
13:00,33°C,36°C,180°6 Km/h,,49%,21°C,1006.0mb,,"document.write(Icons.GetShortDescription(3, 'CurrentWeather'));  Scattered Clouds at 910m, Broken Clouds at 6100m",2017-08-04
14:00,33°C,38°C,310°7 Km/h,,56%,23°C,1005.0mb,,"document.write(Icons.GetShortDescription(3, 'CurrentWeather'));  Scattered Clouds at 910m, Broken Clouds at 6100m",2017-08-04
15:00,34°C,38°C,300°6 Km/h,,49%,22°C,1004.0mb,,"document.write(Icons.GetShortDescription(3, 'CurrentWeather'));  Few Clouds at 910m, Broken Clouds at 6100m",2017-08-04
16:00,34°C,37°C,250°6 Km/h,,47%,21°C,1004.0mb,,"document.write(Icons.GetShortDescription(2, 'CurrentWeather'));  Few Clouds at 910m, Scattered Clouds at 6100m",2017-08-04
17:00,32°C,35°C,310°15 Km/h,,52%,21°C,1004.0mb,,"document.write(Icons.GetShortDescription(2, 'CurrentWeather'));  Few Clouds at 910m, Scattered Clouds at 6100m",2017-08-04
18:00,31°C,35°C,350°17 Km/h,,59%,22°C,1004.0mb,,"document.write(Icons.GetShortDescription(2, 'CurrentWeather'));  Few Clouds at 910m, Scattered Clouds at 6100m",2017-08-04
19:00,30°C,33°C,340°15 Km/h,,62%,22°C,1004.0mb,,"document.write(Icons.GetShortDescription(1, 'CurrentWeather'));",2017-08-04
20:00,28°C,31°C,330°9 Km/h,,70%,22°C,1004.0mb,,"document.write(Icons.GetShortDescription(1, 'CurrentWeather'));",2017-08-04
21:00,28°C,31°C,320°4 Km/h,,74%,23°C,1005.0mb,,"document.write(Icons.GetShortDescription(1, 'CurrentWeather'));",2017-08-04
22:00,28°C,31°C,310°7 Km/h,,74%,23°C,1005.0mb,,"document.write(Icons.GetShortDescription(1, 'CurrentWeather'));",2017-08-04
23:00,27°C,30°C,330°7 Km/h,,79%,23°C,1004.0mb,,"document.write(Icons.GetShortDescription(1, 'CurrentWeather'));",2017-08-04
