Time,Temperature,Relative Temperature,Wind,Wind Gust,Rel. humidity,Dew Point,Pressure,Icon,DescriptionDetails,date
00:00,21°C,21°C,330°6 Km/h,,69%,15°C,1015.0mb,,"document.write(Icons.GetShortDescription(1, 'CurrentWeather'));",2017-09-05
01:00,21°C,21°C,310°4 Km/h,,73%,16°C,1014.0mb,,"document.write(Icons.GetShortDescription(1, 'CurrentWeather'));",2017-09-05
02:00,20°C,20°C,10°4 Km/h,,73%,15°C,1014.0mb,,"document.write(Icons.GetShortDescription(1, 'CurrentWeather'));",2017-09-05
03:00,19°C,19°C,330°4 Km/h,,78%,15°C,1014.0mb,,"document.write(Icons.GetShortDescription(1, 'CurrentWeather'));",2017-09-05
04:00,19°C,19°C,340°4 Km/h,,78%,15°C,1013.0mb,,"document.write(Icons.GetShortDescription(1, 'CurrentWeather'));",2017-09-05
05:00,19°C,19°C,330°4 Km/h,,83%,16°C,1013.0mb,,"document.write(Icons.GetShortDescription(1, 'CurrentWeather'));",2017-09-05
06:00,20°C,20°C,120°6 Km/h,,78%,16°C,1013.0mb,,"document.write(Icons.GetShortDescription(1, 'CurrentWeather'));",2017-09-05
07:00,21°C,21°C,120°11 Km/h,,69%,15°C,1013.0mb,,"document.write(Icons.GetShortDescription(1, 'CurrentWeather'));",2017-09-05
08:00,22°C,22°C,120°11 Km/h,,61%,14°C,1013.0mb,,"document.write(Icons.GetShortDescription(1, 'CurrentWeather'));",2017-09-05
09:00,22°C,22°C,110°17 Km/h,,61%,14°C,1012.0mb,,"document.write(Icons.GetShortDescription(1, 'CurrentWeather'));",2017-09-05
10:00,24°C,24°C,100°9 Km/h,,54%,14°C,1013.0mb,,"document.write(Icons.GetShortDescription(1, 'CurrentWeather'));",2017-09-05
11:00,24°C,24°C,50°9 Km/h,,54%,14°C,1013.0mb,,"document.write(Icons.GetShortDescription(1, 'CurrentWeather'));",2017-09-05
12:00,24°C,24°C,100°7 Km/h,,50%,13°C,1012.0mb,,"document.write(Icons.GetShortDescription(1, 'CurrentWeather'));",2017-09-05
13:00,24°C,24°C,70°7 Km/h,,54%,14°C,1012.0mb,,"document.write(Icons.GetShortDescription(1, 'CurrentWeather'));",2017-09-05
14:00,24°C,24°C,60°7 Km/h,,54%,14°C,1011.0mb,,"document.write(Icons.GetShortDescription(1, 'CurrentWeather'));",2017-09-05
15:00,24°C,24°C,140°9 Km/h,,54%,14°C,1010.0mb,,"document.write(Icons.GetShortDescription(1, 'CurrentWeather'));",2017-09-05
16:00,24°C,24°C,180°9 Km/h,,54%,14°C,1010.0mb,,"document.write(Icons.GetShortDescription(1, 'CurrentWeather'));",2017-09-05
17:00,23°C,23°C,180°6 Km/h,,61%,15°C,1010.0mb,,"document.write(Icons.GetShortDescription(1, 'CurrentWeather'));",2017-09-05
18:00,23°C,23°C,190°6 Km/h,,61%,15°C,1010.0mb,,"document.write(Icons.GetShortDescription(1, 'CurrentWeather'));",2017-09-05
19:00,23°C,23°C,190°4 Km/h,,61%,15°C,1010.0mb,,"document.write(Icons.GetShortDescription(1, 'CurrentWeather'));",2017-09-05
20:00,22°C,22°C,300°6 Km/h,,65%,15°C,1010.0mb,,"document.write(Icons.GetShortDescription(1, 'CurrentWeather'));",2017-09-05
21:00,22°C,22°C,330°6 Km/h,,69%,16°C,1011.0mb,,"document.write(Icons.GetShortDescription(1, 'CurrentWeather'));",2017-09-05
22:00,22°C,22°C,40°2 Km/h,,69%,16°C,1010.0mb,,"document.write(Icons.GetShortDescription(1, 'CurrentWeather'));",2017-09-05
23:00,21°C,21°C,300°6 Km/h,,73%,16°C,1011.0mb,,"document.write(Icons.GetShortDescription(1, 'CurrentWeather'));",2017-09-05
