Time,Temperature,Relative Temperature,Wind,Wind Gust,Rel. humidity,Dew Point,Pressure,Icon,DescriptionDetails,date
00:00,-6°C,-12°C,320°17 Km/h,,42%,-17°C,1021.0mb,,"document.write(Icons.GetShortDescription(1, 'CurrentWeather'));",2017-02-11
01:00,-6°C,-13°C,320°19 Km/h,,42%,-17°C,1021.0mb,,"document.write(Icons.GetShortDescription(1, 'CurrentWeather'));",2017-02-11
02:00,-7°C,-14°C,320°20 Km/h,,45%,-17°C,1022.0mb,,"document.write(Icons.GetShortDescription(1, 'CurrentWeather'));",2017-02-11
03:00,-7°C,-14°C,320°20 Km/h,,42%,-18°C,1022.0mb,,"document.write(Icons.GetShortDescription(1, 'CurrentWeather'));",2017-02-11
04:00,-8°C,-14°C,320°15 Km/h,,49%,-17°C,1023.0mb,,"document.write(Icons.GetShortDescription(1, 'CurrentWeather'));",2017-02-11
05:00,-8°C,-15°C,320°19 Km/h,,45%,-18°C,1023.0mb,,"document.write(Icons.GetShortDescription(1, 'CurrentWeather'));",2017-02-11
06:00,-8°C,-14°C,300°13 Km/h,,45%,-18°C,1023.0mb,,"document.write(Icons.GetShortDescription(1, 'CurrentWeather'));",2017-02-11
07:00,-8°C,-13°C,290°9 Km/h,,45%,-18°C,1024.0mb,,"document.write(Icons.GetShortDescription(1, 'CurrentWeather'));",2017-02-11
08:00,-8°C,-13°C,300°9 Km/h,,49%,-17°C,1024.0mb,,"document.write(Icons.GetShortDescription(1, 'CurrentWeather'));",2017-02-11
09:00,-6°C,-12°C,310°15 Km/h,,42%,-17°C,1025.0mb,,"document.write(Icons.GetShortDescription(1, 'CurrentWeather'));",2017-02-11
10:00,-5°C,-13°C,320°28 Km/h,,39%,-17°C,1025.0mb,,"document.write(Icons.GetShortDescription(1, 'CurrentWeather'));",2017-02-11
11:00,-3°C,-9°C,330°20 Km/h,,36%,-16°C,1025.0mb,,"document.write(Icons.GetShortDescription(1, 'CurrentWeather'));",2017-02-11
12:00,-2°C,-8°C,330°19 Km/h,,31%,-17°C,1025.0mb,,"document.write(Icons.GetShortDescription(1, 'CurrentWeather'));",2017-02-11
13:00,-1°C,-6°C,310°19 Km/h,,31%,-16°C,1025.0mb,,"document.write(Icons.GetShortDescription(1, 'CurrentWeather'));",2017-02-11
14:00,0°C,-5°C,300°19 Km/h,,29%,-16°C,1024.0mb,,"document.write(Icons.GetShortDescription(2, 'CurrentWeather'));  Few Clouds at 910m",2017-02-11
15:00,0°C,-5°C,270°19 Km/h,,32%,-15°C,1024.0mb,,"document.write(Icons.GetShortDescription(2, 'CurrentWeather'));  Few Clouds at 910m",2017-02-11
16:00,0°C,-5°C,260°17 Km/h,,34%,-14°C,1024.0mb,,"document.write(Icons.GetShortDescription(2, 'CurrentWeather'));  Few Clouds at 910m",2017-02-11
17:00,0°C,-5°C,260°19 Km/h,,34%,-14°C,1024.0mb,,"document.write(Icons.GetShortDescription(2, 'CurrentWeather'));  Few Clouds at 910m",2017-02-11
18:00,-1°C,-6°C,260°15 Km/h,,37%,-14°C,1024.0mb,,"document.write(Icons.GetShortDescription(2, 'CurrentWeather'));  Few Clouds at 910m",2017-02-11
19:00,-2°C,-6°C,270°13 Km/h,,40%,-14°C,1025.0mb,,"document.write(Icons.GetShortDescription(1, 'CurrentWeather'));",2017-02-11
20:00,-3°C,-7°C,290°11 Km/h,,46%,-13°C,1025.0mb,,"document.write(Icons.GetShortDescription(1, 'CurrentWeather'));",2017-02-11
21:00,-4°C,-8°C,300°9 Km/h,,46%,-14°C,1026.0mb,,"document.write(Icons.GetShortDescription(1, 'CurrentWeather'));",2017-02-11
22:00,-4°C,-8°C,300°9 Km/h,,46%,-14°C,1027.0mb,,"document.write(Icons.GetShortDescription(1, 'CurrentWeather'));",2017-02-11
23:00,-4°C,-7°C,300°7 Km/h,,46%,-14°C,1027.0mb,,"document.write(Icons.GetShortDescription(1, 'CurrentWeather'));",2017-02-11
