Time,Temperature,Relative Temperature,Wind,Wind Gust,Rel. humidity,Dew Point,Pressure,Icon,DescriptionDetails,date
09:06,25°C,26°C,160°15 Km/h,,89%,23°C,1012.0mb,,"document.write(Icons.GetShortDescription(7, 'CurrentWeather'));  Broken Clouds at 760m, Cloudy at 2400m Light Rain, Haze",2017-08-23
10:00,26°C,28°C,170°9 Km/h,,89%,24°C,1012.0mb,,"document.write(Icons.GetShortDescription(7, 'CurrentWeather'));  Few Clouds at 300m, Broken Clouds at 760m, Cloudy at 2400m Light Rain",2017-08-23
11:00,28°C,33°C,200°9 Km/h,,84%,25°C,1011.0mb,,"document.write(Icons.GetShortDescription(7, 'CurrentWeather'));  Few Clouds at 300m, Broken Clouds at 760m, Cloudy at 2400m Light Rain",2017-08-23
11:57,28°C,33°C,230°17 Km/h,,84%,25°C,1011.0mb,,"document.write(Icons.GetShortDescription(7, 'CurrentWeather'));  Few Clouds at 300m, Broken Clouds at 760m, Cloudy at 2400m Light Rain, Haze",2017-08-23
12:00,28°C,33°C,230°17 Km/h,,84%,25°C,1011.0mb,,"document.write(Icons.GetShortDescription(7, 'CurrentWeather'));  Few Clouds at 300m, Broken Clouds at 760m, Cloudy at 2400m Light Rain, Haze",2017-08-23
13:00,30°C,37°C,240°22 Km/h,,79%,26°C,1010.0mb,,"document.write(Icons.GetShortDescription(4, 'CurrentWeather'));  Few Clouds at 300m, Cloudy at 760m",2017-08-23
14:00,30°C,37°C,240°24 Km/h,,79%,26°C,1010.0mb,,"document.write(Icons.GetShortDescription(3, 'CurrentWeather'));  Few Clouds at 300m, Broken Clouds at 760m",2017-08-23
15:00,30°C,36°C,240°22 Km/h,,75%,25°C,1010.0mb,,"document.write(Icons.GetShortDescription(7, 'CurrentWeather'));  Few Clouds at 300m, Broken Clouds at 760m Light Rain",2017-08-23
16:00,29°C,35°C,240°26 Km/h,,79%,25°C,1010.0mb,,"document.write(Icons.GetShortDescription(3, 'CurrentWeather'));  Few Clouds at 460m, Broken Clouds at 610m, Broken Clouds at 3700m",2017-08-23
17:00,29°C,35°C,230°24 Km/h,,79%,25°C,1010.0mb,,"document.write(Icons.GetShortDescription(3, 'CurrentWeather'));  Few Clouds at 460m, Broken Clouds at 610m, Broken Clouds at 3700m",2017-08-23
18:00,29°C,34°C,240°22 Km/h,,74%,24°C,1010.0mb,,"document.write(Icons.GetShortDescription(3, 'CurrentWeather'));  Few Clouds at 460m, Broken Clouds at 610m, Broken Clouds at 3000m",2017-08-23
19:00,28°C,33°C,230°20 Km/h,,84%,25°C,1010.0mb,,"document.write(Icons.GetShortDescription(3, 'CurrentWeather'));  Few Clouds at 460m, Broken Clouds at 610m, Broken Clouds at 2700m",2017-08-23
20:00,28°C,33°C,230°20 Km/h,,84%,25°C,1010.0mb,,"document.write(Icons.GetShortDescription(3, 'CurrentWeather'));  Few Clouds at 300m, Broken Clouds at 610m",2017-08-23
21:00,28°C,33°C,230°26 Km/h,,84%,25°C,1010.0mb,,"document.write(Icons.GetShortDescription(3, 'CurrentWeather'));  Few Clouds at 300m, Broken Clouds at 610m",2017-08-23
22:00,28°C,32°C,230°20 Km/h,,79%,24°C,1010.0mb,,"document.write(Icons.GetShortDescription(3, 'CurrentWeather'));  Few Clouds at 300m, Broken Clouds at 610m",2017-08-23
23:00,28°C,32°C,220°20 Km/h,,79%,24°C,1010.0mb,,"document.write(Icons.GetShortDescription(7, 'CurrentWeather'));  Few Clouds at 300m, Broken Clouds at 610m, Cloudy at 1800m Light Rain",2017-08-23
