Time,Temperature,Relative Temperature,Wind,Wind Gust,Rel. humidity,Dew Point,Pressure,Icon,DescriptionDetails,date
00:00,11°C,11°C,330°6 Km/h,,72%,6°C,1024.0mb,,"document.write(Icons.GetShortDescription(1, 'CurrentWeather'));",2017-10-26
01:00,10°C,10°C,300°2 Km/h,,76%,6°C,1024.0mb,,"document.write(Icons.GetShortDescription(1, 'CurrentWeather'));",2017-10-26
02:00,10°C,10°C,320°6 Km/h,,76%,6°C,1023.0mb,,"document.write(Icons.GetShortDescription(1, 'CurrentWeather'));  Haze",2017-10-26
03:00,9°C,9°C,290°2 Km/h,,82%,6°C,1023.0mb,,"document.write(Icons.GetShortDescription(1, 'CurrentWeather'));  Haze",2017-10-26
03:51,9°C,9°C,360°4 Km/h,,82%,6°C,1023.0mb,,"document.write(Icons.GetShortDescription(1, 'CurrentWeather'));  Haze",2017-10-26
04:00,9°C,9°C,310°4 Km/h,,82%,6°C,1023.0mb,,"document.write(Icons.GetShortDescription(1, 'CurrentWeather'));  Haze",2017-10-26
05:00,10°C,10°C,330°6 Km/h,,82%,7°C,1023.0mb,,"document.write(Icons.GetShortDescription(1, 'CurrentWeather'));  Haze",2017-10-26
05:36,10°C,10°C,330°6 Km/h,,82%,7°C,1023.0mb,,"document.write(Icons.GetShortDescription(1, 'CurrentWeather'));",2017-10-26
06:00,10°C,10°C,330°6 Km/h,,82%,7°C,1023.0mb,,"document.write(Icons.GetShortDescription(1, 'CurrentWeather'));",2017-10-26
07:00,10°C,10°C,320°4 Km/h,,82%,7°C,1023.0mb,,"document.write(Icons.GetShortDescription(1, 'CurrentWeather'));",2017-10-26
08:00,11°C,11°C,10°2 Km/h,,82%,8°C,1023.0mb,,"document.write(Icons.GetShortDescription(1, 'CurrentWeather'));",2017-10-26
09:00,13°C,13°C,220°2 Km/h,,77%,9°C,1023.0mb,,"document.write(Icons.GetShortDescription(1, 'CurrentWeather'));",2017-10-26
10:00,15°C,15°C,250°2 Km/h,,72%,10°C,1024.0mb,,"document.write(Icons.GetShortDescription(1, 'CurrentWeather'));",2017-10-26
11:00,16°C,16°C,70°2 Km/h,,63%,9°C,1023.0mb,,"document.write(Icons.GetShortDescription(3, 'CurrentWeather'));  Few Clouds at 1100m, Broken Clouds at 4600m",2017-10-26
12:00,17°C,17°C,30°4 Km/h,,56%,8°C,1022.0mb,,"document.write(Icons.GetShortDescription(3, 'CurrentWeather'));  Few Clouds at 1100m, Broken Clouds at 4600m",2017-10-26
13:00,17°C,17°C,10°6 Km/h,,49%,6°C,1021.0mb,,"document.write(Icons.GetShortDescription(3, 'CurrentWeather'));  Few Clouds at 1100m, Broken Clouds at 4000m",2017-10-26
14:00,17°C,17°C,330°9 Km/h,,45%,5°C,1021.0mb,,"document.write(Icons.GetShortDescription(1, 'CurrentWeather'));",2017-10-26
15:00,17°C,17°C,360°9 Km/h,,39%,3°C,1020.0mb,,"document.write(Icons.GetShortDescription(1, 'CurrentWeather'));",2017-10-26
16:00,17°C,17°C,280°7 Km/h,,42%,4°C,1021.0mb,,"document.write(Icons.GetShortDescription(1, 'CurrentWeather'));",2017-10-26
17:00,16°C,16°C,30°2 Km/h,,39%,2°C,1020.0mb,,"document.write(Icons.GetShortDescription(1, 'CurrentWeather'));",2017-10-26
18:00,15°C,15°C,290°9 Km/h,,55%,6°C,1020.0mb,,"document.write(Icons.GetShortDescription(1, 'CurrentWeather'));",2017-10-26
19:00,15°C,15°C,300°6 Km/h,,51%,5°C,1020.0mb,,"document.write(Icons.GetShortDescription(1, 'CurrentWeather'));",2017-10-26
20:00,14°C,14°C,320°6 Km/h,,55%,5°C,1021.0mb,,"document.write(Icons.GetShortDescription(1, 'CurrentWeather'));",2017-10-26
21:00,14°C,14°C,360°2 Km/h,,59%,6°C,1020.0mb,,"document.write(Icons.GetShortDescription(1, 'CurrentWeather'));",2017-10-26
22:00,13°C,13°C,360°4 Km/h,,63%,6°C,1020.0mb,,"document.write(Icons.GetShortDescription(1, 'CurrentWeather'));",2017-10-26
23:00,13°C,13°C,340°6 Km/h,,67%,7°C,1020.0mb,,"document.write(Icons.GetShortDescription(1, 'CurrentWeather'));",2017-10-26
