Time,Temperature,Relative Temperature,Wind,Wind Gust,Rel. humidity,Dew Point,Pressure,Icon,DescriptionDetails,date
00:00,18°C,18°C,300°11 Km/h,,43%,5°C,1006.0mb,,"document.write(Icons.GetShortDescription(1, 'CurrentWeather'));",2017-06-03
01:00,18°C,18°C,290°11 Km/h,,46%,6°C,1006.0mb,,"document.write(Icons.GetShortDescription(1, 'CurrentWeather'));",2017-06-03
02:00,17°C,17°C,270°9 Km/h,,49%,6°C,1007.0mb,,"document.write(Icons.GetShortDescription(1, 'CurrentWeather'));",2017-06-03
03:00,18°C,18°C,280°13 Km/h,,43%,5°C,1007.0mb,,"document.write(Icons.GetShortDescription(1, 'CurrentWeather'));",2017-06-03
04:00,17°C,17°C,290°11 Km/h,,45%,5°C,1007.0mb,,"document.write(Icons.GetShortDescription(1, 'CurrentWeather'));",2017-06-03
05:00,15°C,15°C,320°13 Km/h,,59%,7°C,1007.0mb,,"document.write(Icons.GetShortDescription(1, 'CurrentWeather'));",2017-06-03
06:00,16°C,16°C,20°2 Km/h,,55%,7°C,1008.0mb,,"document.write(Icons.GetShortDescription(1, 'CurrentWeather'));",2017-06-03
07:00,17°C,17°C,310°9 Km/h,,52%,7°C,1008.0mb,,"document.write(Icons.GetShortDescription(1, 'CurrentWeather'));",2017-06-03
08:00,18°C,18°C,330°13 Km/h,,46%,6°C,1008.0mb,,"document.write(Icons.GetShortDescription(1, 'CurrentWeather'));",2017-06-03
09:00,19°C,19°C,300°11 Km/h,,46%,7°C,1008.0mb,,"document.write(Icons.GetShortDescription(1, 'CurrentWeather'));",2017-06-03
10:00,21°C,21°C,310°6 Km/h,,40%,7°C,1008.0mb,,"document.write(Icons.GetShortDescription(1, 'CurrentWeather'));",2017-06-03
11:00,22°C,21°C,320°15 Km/h,,38%,7°C,1008.0mb,,"document.write(Icons.GetShortDescription(2, 'CurrentWeather'));  Few Clouds at 910m",2017-06-03
12:00,23°C,22°C,330°13 Km/h,,31%,5°C,1007.0mb,,"document.write(Icons.GetShortDescription(2, 'CurrentWeather'));  Few Clouds at 910m",2017-06-03
13:00,25°C,24°C,360°17 Km/h,,28%,5°C,1007.0mb,,"document.write(Icons.GetShortDescription(2, 'CurrentWeather'));  Few Clouds at 910m",2017-06-03
14:00,25°C,24°C,270°13 Km/h,,30%,6°C,1007.0mb,,"document.write(Icons.GetShortDescription(2, 'CurrentWeather'));  Scattered Clouds at 910m",2017-06-03
15:00,25°C,24°C,280°20 Km/h,,28%,5°C,1006.0mb,,"document.write(Icons.GetShortDescription(1, 'CurrentWeather'));",2017-06-03
16:00,24°C,23°C,270°24 Km/h,,27%,4°C,1007.0mb,,"document.write(Icons.GetShortDescription(1, 'CurrentWeather'));",2017-06-03
17:00,23°C,22°C,270°20 Km/h,,29%,4°C,1006.0mb,,"document.write(Icons.GetShortDescription(1, 'CurrentWeather'));",2017-06-03
18:00,22°C,21°C,270°22 Km/h,,33%,5°C,1007.0mb,,"document.write(Icons.GetShortDescription(1, 'CurrentWeather'));",2017-06-03
19:00,21°C,21°C,270°15 Km/h,,38%,6°C,1007.0mb,,"document.write(Icons.GetShortDescription(1, 'CurrentWeather'));",2017-06-03
20:00,20°C,20°C,220°9 Km/h,,43%,7°C,1008.0mb,,"document.write(Icons.GetShortDescription(1, 'CurrentWeather'));",2017-06-03
21:00,19°C,19°C,240°9 Km/h,,52%,9°C,1009.0mb,,"document.write(Icons.GetShortDescription(1, 'CurrentWeather'));",2017-06-03
22:00,19°C,19°C,290°7 Km/h,,52%,9°C,1009.0mb,,"document.write(Icons.GetShortDescription(1, 'CurrentWeather'));",2017-06-03
23:00,18°C,18°C,310°11 Km/h,,49%,7°C,1010.0mb,,"document.write(Icons.GetShortDescription(1, 'CurrentWeather'));",2017-06-03
