Time,Temperature,Relative Temperature,Wind,Wind Gust,Rel. humidity,Dew Point,Pressure,Icon,DescriptionDetails,date
18:00,15°C,15°C,260°13 Km/h,,29%,-3°C,1012.0mb,,"document.write(Icons.GetShortDescription(1, 'CurrentWeather'));",2017-04-19
19:00,13°C,13°C,250°11 Km/h,,33%,-3°C,1012.0mb,,"document.write(Icons.GetShortDescription(2, 'CurrentWeather'));  Few Clouds at 910m, Scattered Clouds at 5500m",2017-04-19
20:00,12°C,12°C,340°7 Km/h,,41%,-1°C,1013.0mb,,"document.write(Icons.GetShortDescription(1, 'CurrentWeather'));",2017-04-19
21:00,11°C,11°C,360°6 Km/h,,44%,-1°C,1013.0mb,,"document.write(Icons.GetShortDescription(1, 'CurrentWeather'));",2017-04-19
22:00,10°C,10°C,320°6 Km/h,,50%,0°C,1014.0mb,,"document.write(Icons.GetShortDescription(1, 'CurrentWeather'));",2017-04-19
23:00,11°C,11°C,280°4 Km/h,,47%,0°C,1014.0mb,,"document.write(Icons.GetShortDescription(1, 'CurrentWeather'));",2017-04-19
