Time,Temperature,Relative Temperature,Wind,Wind Gust,Rel. humidity,Dew Point,Pressure,Icon,DescriptionDetails,date
00:00,5°C,3°C,150°7 Km/h,,66%,-1°C,1024.0mb,,"document.write(Icons.GetShortDescription(4, 'CurrentWeather'));  Broken Clouds at 1100m, Cloudy at 3700m Haze",2017-01-02
01:00,5°C,3°C,140°9 Km/h,,66%,-1°C,1024.0mb,,"document.write(Icons.GetShortDescription(4, 'CurrentWeather'));  Broken Clouds at 1100m, Cloudy at 3700m Haze",2017-01-02
02:00,5°C,3°C,170°9 Km/h,,66%,-1°C,1023.0mb,,"document.write(Icons.GetShortDescription(4, 'CurrentWeather'));  Broken Clouds at 1100m, Cloudy at 3700m Haze",2017-01-02
03:00,4°C,2°C,160°9 Km/h,,70%,-1°C,1024.0mb,,"document.write(Icons.GetShortDescription(3, 'CurrentWeather'));  Broken Clouds at 1100m, Broken Clouds at 3700m Haze",2017-01-02
04:00,4°C,2°C,160°9 Km/h,,75%,0°C,1023.0mb,,"document.write(Icons.GetShortDescription(7, 'CurrentWeather'));  Broken Clouds at 760m, Cloudy at 2400m Light Rain, Haze",2017-01-02
05:00,4°C,2°C,140°7 Km/h,,81%,1°C,1023.0mb,,"document.write(Icons.GetShortDescription(7, 'CurrentWeather'));  Few Clouds at 460m, Broken Clouds at 760m, Cloudy at 2400m Light Rain, Haze",2017-01-02
06:00,4°C,1°C,160°13 Km/h,,81%,1°C,1022.0mb,,"document.write(Icons.GetShortDescription(4, 'CurrentWeather'));  Scattered Clouds at 460m, Cloudy at 910m Haze",2017-01-02
07:00,5°C,3°C,190°9 Km/h,,76%,1°C,1022.0mb,,"document.write(Icons.GetShortDescription(4, 'CurrentWeather'));  Scattered Clouds at 460m, Cloudy at 910m Haze",2017-01-02
08:00,5°C,3°C,180°9 Km/h,,76%,1°C,1022.0mb,,"document.write(Icons.GetShortDescription(4, 'CurrentWeather'));  Scattered Clouds at 300m, Cloudy at 910m Haze",2017-01-02
09:00,5°C,3°C,200°9 Km/h,,81%,2°C,1022.0mb,,"document.write(Icons.GetShortDescription(4, 'CurrentWeather'));  Scattered Clouds at 300m, Cloudy at 910m Haze",2017-01-02
09:21,6°C,4°C,200°9 Km/h,,76%,2°C,1022.0mb,,"document.write(Icons.GetShortDescription(3, 'CurrentWeather'));  Broken Clouds at 1100m Haze",2017-01-02
10:00,7°C,5°C,210°9 Km/h,,76%,3°C,1022.0mb,,"document.write(Icons.GetShortDescription(3, 'CurrentWeather'));  Broken Clouds at 910m Haze",2017-01-02
11:00,7°C,5°C,290°11 Km/h,,76%,3°C,1023.0mb,,"document.write(Icons.GetShortDescription(3, 'CurrentWeather'));  Broken Clouds at 910m Haze",2017-01-02
12:00,9°C,7°C,300°13 Km/h,,62%,2°C,1022.0mb,,"document.write(Icons.GetShortDescription(2, 'CurrentWeather'));  Scattered Clouds at 910m Haze",2017-01-02
13:00,9°C,7°C,290°15 Km/h,,54%,0°C,1022.0mb,,"document.write(Icons.GetShortDescription(2, 'CurrentWeather'));  Scattered Clouds at 910m Haze",2017-01-02
14:00,8°C,6°C,270°11 Km/h,,62%,1°C,1021.0mb,,"document.write(Icons.GetShortDescription(2, 'CurrentWeather'));  Scattered Clouds at 910m Haze",2017-01-02
15:00,8°C,6°C,270°13 Km/h,,62%,1°C,1021.0mb,,"document.write(Icons.GetShortDescription(2, 'CurrentWeather'));  Scattered Clouds at 910m Haze",2017-01-02
16:00,8°C,5°C,280°15 Km/h,,62%,1°C,1022.0mb,,"document.write(Icons.GetShortDescription(2, 'CurrentWeather'));  Scattered Clouds at 910m Haze",2017-01-02
17:00,7°C,6°C,260°6 Km/h,,66%,1°C,1022.0mb,,"document.write(Icons.GetShortDescription(3, 'CurrentWeather'));  Broken Clouds at 910m Haze",2017-01-02
18:00,6°C,4°C,290°9 Km/h,,71%,1°C,1022.0mb,,"document.write(Icons.GetShortDescription(2, 'CurrentWeather'));  Few Clouds at 910m Haze",2017-01-02
19:00,5°C,4°C,260°6 Km/h,,76%,1°C,1022.0mb,,"document.write(Icons.GetShortDescription(2, 'CurrentWeather'));  Few Clouds at 910m Haze",2017-01-02
20:00,4°C,2°C,300°7 Km/h,,75%,0°C,1023.0mb,,"document.write(Icons.GetShortDescription(2, 'CurrentWeather'));  Few Clouds at 460m Haze",2017-01-02
20:49,2°C,0°C,320°7 Km/h,,81%,-1°C,1023.0mb,,"document.write(Icons.GetShortDescription(2, 'CurrentWeather'));  Scattered Clouds at 460m Partial Fog",2017-01-02
21:00,2°C,-1°C,320°9 Km/h,,87%,0°C,1023.0mb,,"document.write(Icons.GetShortDescription(2, 'CurrentWeather'));  Scattered Clouds at 460m Partial Fog",2017-01-02
22:00,2°C,2°C,340°4 Km/h,,81%,-1°C,1023.0mb,,"document.write(Icons.GetShortDescription(2, 'CurrentWeather'));  Scattered Clouds at 460m Partial Fog",2017-01-02
23:00,1°C,-1°C,310°6 Km/h,,81%,-2°C,1024.0mb,,"document.write(Icons.GetShortDescription(2, 'CurrentWeather'));  Scattered Clouds at 460m Partial Fog",2017-01-02
