Time,Temperature,Relative Temperature,Wind,Wind Gust,Rel. humidity,Dew Point,Pressure,Icon,DescriptionDetails,date
00:00,19°C,19°C,330°6 Km/h,,60%,11°C,1020.0mb,,"document.write(Icons.GetShortDescription(1, 'CurrentWeather'));",2017-09-15
01:00,17°C,17°C,310°7 Km/h,,68%,11°C,1019.0mb,,"document.write(Icons.GetShortDescription(1, 'CurrentWeather'));",2017-09-15
02:00,17°C,17°C,310°6 Km/h,,73%,12°C,1019.0mb,,"document.write(Icons.GetShortDescription(1, 'CurrentWeather'));",2017-09-15
03:00,17°C,17°C,300°6 Km/h,,73%,12°C,1019.0mb,,"document.write(Icons.GetShortDescription(1, 'CurrentWeather'));",2017-09-15
04:00,15°C,15°C,330°7 Km/h,,77%,11°C,1019.0mb,,"document.write(Icons.GetShortDescription(1, 'CurrentWeather'));",2017-09-15
05:00,16°C,16°C,320°7 Km/h,,72%,11°C,1020.0mb,,"document.write(Icons.GetShortDescription(1, 'CurrentWeather'));",2017-09-15
06:00,17°C,17°C,90°9 Km/h,,73%,12°C,1020.0mb,,"document.write(Icons.GetShortDescription(1, 'CurrentWeather'));",2017-09-15
07:00,19°C,19°C,100°17 Km/h,,64%,12°C,1020.0mb,,"document.write(Icons.GetShortDescription(1, 'CurrentWeather'));",2017-09-15
08:00,19°C,19°C,320°9 Km/h,,68%,13°C,1021.0mb,,"document.write(Icons.GetShortDescription(1, 'CurrentWeather'));",2017-09-15
09:00,23°C,23°C,40°7 Km/h,,53%,13°C,1021.0mb,,"document.write(Icons.GetShortDescription(1, 'CurrentWeather'));",2017-09-15
10:00,24°C,24°C,90°19 Km/h,,50%,13°C,1021.0mb,,"document.write(Icons.GetShortDescription(1, 'CurrentWeather'));",2017-09-15
11:00,25°C,25°C,90°20 Km/h,,44%,12°C,1020.0mb,,"document.write(Icons.GetShortDescription(2, 'CurrentWeather'));  Few Clouds at 910m",2017-09-15
12:00,26°C,26°C,90°17 Km/h,,42%,12°C,1020.0mb,,"document.write(Icons.GetShortDescription(2, 'CurrentWeather'));  Few Clouds at 910m",2017-09-15
13:00,27°C,27°C,100°17 Km/h,,39%,12°C,1019.0mb,,"document.write(Icons.GetShortDescription(2, 'CurrentWeather'));  Few Clouds at 910m",2017-09-15
14:00,27°C,27°C,90°17 Km/h,,37%,11°C,1018.0mb,,"document.write(Icons.GetShortDescription(2, 'CurrentWeather'));  Few Clouds at 910m",2017-09-15
15:00,26°C,26°C,70°17 Km/h,,37%,10°C,1018.0mb,,"document.write(Icons.GetShortDescription(2, 'CurrentWeather'));  Few Clouds at 910m",2017-09-15
16:00,27°C,27°C,40°11 Km/h,,34%,10°C,1017.0mb,,"document.write(Icons.GetShortDescription(2, 'CurrentWeather'));  Few Clouds at 910m, Scattered Clouds at 6100m",2017-09-15
17:00,26°C,26°C,70°17 Km/h,,37%,10°C,1017.0mb,,"document.write(Icons.GetShortDescription(3, 'CurrentWeather'));  Few Clouds at 910m, Broken Clouds at 6100m",2017-09-15
18:00,25°C,25°C,50°13 Km/h,,39%,10°C,1017.0mb,,"document.write(Icons.GetShortDescription(3, 'CurrentWeather'));  Few Clouds at 910m, Broken Clouds at 6100m",2017-09-15
19:00,24°C,24°C,70°15 Km/h,,41%,10°C,1017.0mb,,"document.write(Icons.GetShortDescription(3, 'CurrentWeather'));  Few Clouds at 910m, Broken Clouds at 6100m",2017-09-15
20:00,23°C,23°C,70°11 Km/h,,44%,10°C,1018.0mb,,"document.write(Icons.GetShortDescription(1, 'CurrentWeather'));",2017-09-15
21:00,22°C,21°C,80°20 Km/h,,41%,8°C,1018.0mb,,"document.write(Icons.GetShortDescription(1, 'CurrentWeather'));",2017-09-15
22:00,21°C,21°C,90°19 Km/h,,43%,8°C,1018.0mb,,"document.write(Icons.GetShortDescription(1, 'CurrentWeather'));",2017-09-15
23:00,21°C,21°C,110°20 Km/h,,43%,8°C,1018.0mb,,"document.write(Icons.GetShortDescription(1, 'CurrentWeather'));",2017-09-15
