Time,Temperature,Relative Temperature,Wind,Wind Gust,Rel. humidity,Dew Point,Pressure,Icon,DescriptionDetails,date
00:00,5°C,4°C,180°6 Km/h,,53%,-4°C,1022.0mb,,"document.write(Icons.GetShortDescription(1, 'CurrentWeather'));",2017-03-01
01:00,3°C,0°C,150°9 Km/h,,56%,-5°C,1022.0mb,,"document.write(Icons.GetShortDescription(1, 'CurrentWeather'));",2017-03-01
02:00,2°C,-1°C,150°11 Km/h,,56%,-6°C,1022.0mb,,"document.write(Icons.GetShortDescription(1, 'CurrentWeather'));",2017-03-01
03:00,2°C,-1°C,150°11 Km/h,,56%,-6°C,1021.0mb,,"document.write(Icons.GetShortDescription(1, 'CurrentWeather'));",2017-03-01
04:00,3°C,0°C,170°11 Km/h,,60%,-4°C,1020.0mb,,"document.write(Icons.GetShortDescription(3, 'CurrentWeather'));  Few Clouds at 1200m, Broken Clouds at 3700m",2017-03-01
05:00,3°C,0°C,180°9 Km/h,,60%,-4°C,1020.0mb,,"document.write(Icons.GetShortDescription(3, 'CurrentWeather'));  Few Clouds at 1200m, Broken Clouds at 3700m",2017-03-01
06:00,4°C,2°C,170°9 Km/h,,52%,-5°C,1019.0mb,,"document.write(Icons.GetShortDescription(3, 'CurrentWeather'));  Few Clouds at 1200m, Broken Clouds at 3700m",2017-03-01
07:00,1°C,1°C,170°4 Km/h,,60%,-6°C,1019.0mb,,"document.write(Icons.GetShortDescription(3, 'CurrentWeather'));  Few Clouds at 1200m, Broken Clouds at 3700m",2017-03-01
08:00,2°C,2°C,180°2 Km/h,,60%,-5°C,1019.0mb,,"document.write(Icons.GetShortDescription(3, 'CurrentWeather'));  Few Clouds at 1200m, Scattered Clouds at 3700m, Broken Clouds at 5500m",2017-03-01
09:00,5°C,4°C,170°6 Km/h,,53%,-4°C,1019.0mb,,"document.write(Icons.GetShortDescription(3, 'CurrentWeather'));  Few Clouds at 1200m, Broken Clouds at 3700m",2017-03-01
10:00,8°C,5°C,160°15 Km/h,,40%,-5°C,1018.0mb,,"document.write(Icons.GetShortDescription(3, 'CurrentWeather'));  Few Clouds at 1200m, Broken Clouds at 3700m",2017-03-01
11:00,10°C,8°C,170°11 Km/h,,32%,-6°C,1018.0mb,,"document.write(Icons.GetShortDescription(3, 'CurrentWeather'));  Few Clouds at 1200m, Broken Clouds at 3700m",2017-03-01
12:00,11°C,11°C,190°13 Km/h,,26%,-8°C,1017.0mb,,"document.write(Icons.GetShortDescription(3, 'CurrentWeather'));  Few Clouds at 1200m, Broken Clouds at 3700m",2017-03-01
13:00,11°C,11°C,180°13 Km/h,,26%,-8°C,1015.0mb,,"document.write(Icons.GetShortDescription(3, 'CurrentWeather'));  Few Clouds at 1200m, Broken Clouds at 3700m",2017-03-01
14:00,11°C,11°C,200°13 Km/h,,26%,-8°C,1014.0mb,,"document.write(Icons.GetShortDescription(4, 'CurrentWeather'));  Few Clouds at 1200m, Cloudy at 3000m",2017-03-01
15:00,9°C,6°C,300°24 Km/h,,32%,-7°C,1014.0mb,,"document.write(Icons.GetShortDescription(4, 'CurrentWeather'));  Few Clouds at 1200m, Cloudy at 3000m",2017-03-01
16:00,7°C,3°C,280°28 Km/h,,42%,-5°C,1015.0mb,,"document.write(Icons.GetShortDescription(4, 'CurrentWeather'));  Scattered Clouds at 1200m, Cloudy at 2400m",2017-03-01
17:00,4°C,2°C,280°9 Km/h,,70%,-1°C,1015.0mb,,"document.write(Icons.GetShortDescription(7, 'CurrentWeather'));  Broken Clouds at 760m, Cloudy at 2400m Light Rain, Haze",2017-03-01
18:00,3°C,3°C,350°4 Km/h,,81%,0°C,1015.0mb,,"document.write(Icons.GetShortDescription(7, 'CurrentWeather'));  Few Clouds at 460m, Broken Clouds at 760m, Cloudy at 2400m Light Rain, Haze",2017-03-01
18:41,3°C,3°C,20°4 Km/h,,81%,0°C,1015.0mb,,"document.write(Icons.GetShortDescription(7, 'CurrentWeather'));  Scattered Clouds at 460m, Broken Clouds at 760m, Cloudy at 2400m Light Rain, Haze",2017-03-01
19:00,3°C,2°C,30°6 Km/h,,81%,0°C,1015.0mb,,"document.write(Icons.GetShortDescription(7, 'CurrentWeather'));  Scattered Clouds at 150m, Broken Clouds at 610m, Cloudy at 2100m Light Rain, Haze",2017-03-01
20:00,3°C,1°C,30°7 Km/h,,81%,0°C,1014.0mb,,"document.write(Icons.GetShortDescription(7, 'CurrentWeather'));  Scattered Clouds at 150m, Broken Clouds at 610m, Cloudy at 2100m Light Rain, Haze",2017-03-01
21:00,3°C,1°C,10°7 Km/h,,81%,0°C,1014.0mb,,"document.write(Icons.GetShortDescription(7, 'CurrentWeather'));  Scattered Clouds at 150m, Broken Clouds at 610m, Cloudy at 2100m Light Rain, Haze",2017-03-01
22:00,3°C,0°C,10°9 Km/h,,81%,0°C,1014.0mb,,"document.write(Icons.GetShortDescription(7, 'CurrentWeather'));  Scattered Clouds at 150m, Broken Clouds at 610m, Cloudy at 2100m Light Rain, Haze",2017-03-01
23:00,2°C,-1°C,340°9 Km/h,,81%,-1°C,1013.0mb,,"document.write(Icons.GetShortDescription(7, 'CurrentWeather'));  Scattered Clouds at 150m, Broken Clouds at 610m, Cloudy at 2100m Light Rain, Haze",2017-03-01
