Time,Temperature,Relative Temperature,Wind,Wind Gust,Rel. humidity,Dew Point,Pressure,Icon,DescriptionDetails,date
00:00,21°C,21°C,10°4 Km/h,,78%,17°C,1005.0mb,,"document.write(Icons.GetShortDescription(1, 'CurrentWeather'));",2017-06-26
01:00,21°C,21°C,300°4 Km/h,,83%,18°C,1005.0mb,,"document.write(Icons.GetShortDescription(1, 'CurrentWeather'));",2017-06-26
02:00,23°C,23°C,110°13 Km/h,,69%,17°C,1005.0mb,,"document.write(Icons.GetShortDescription(1, 'CurrentWeather'));",2017-06-26
03:00,23°C,23°C,140°15 Km/h,,69%,17°C,1005.0mb,,"document.write(Icons.GetShortDescription(3, 'CurrentWeather'));  Few Clouds at 1100m, Broken Clouds at 3400m",2017-06-26
04:00,23°C,23°C,130°11 Km/h,,69%,17°C,1005.0mb,,"document.write(Icons.GetShortDescription(3, 'CurrentWeather'));  Scattered Clouds at 1100m, Broken Clouds at 3400m",2017-06-26
05:00,22°C,22°C,100°13 Km/h,,73%,17°C,1006.0mb,,"document.write(Icons.GetShortDescription(3, 'CurrentWeather'));  Scattered Clouds at 1100m, Broken Clouds at 3400m",2017-06-26
06:00,22°C,22°C,110°11 Km/h,,73%,17°C,1006.0mb,,"document.write(Icons.GetShortDescription(4, 'CurrentWeather'));  Broken Clouds at 1100m, Cloudy at 3400m",2017-06-26
07:00,22°C,22°C,120°9 Km/h,,73%,17°C,1007.0mb,,"document.write(Icons.GetShortDescription(4, 'CurrentWeather'));  Broken Clouds at 1100m, Cloudy at 3400m",2017-06-26
07:18,21°C,21°C,90°11 Km/h,,78%,17°C,1007.0mb,,"document.write(Icons.GetShortDescription(7, 'CurrentWeather'));  Few Clouds at 460m, Broken Clouds at 1100m, Cloudy at 3400m Rain",2017-06-26
08:00,21°C,21°C,80°13 Km/h,,78%,17°C,1007.0mb,,"document.write(Icons.GetShortDescription(4, 'CurrentWeather'));  Few Clouds at 460m, Broken Clouds at 1100m, Cloudy at 3400m",2017-06-26
09:00,22°C,22°C,110°11 Km/h,,73%,17°C,1008.0mb,,"document.write(Icons.GetShortDescription(4, 'CurrentWeather'));  Broken Clouds at 1100m, Cloudy at 3400m",2017-06-26
10:00,24°C,24°C,100°11 Km/h,,69%,18°C,1008.0mb,,"document.write(Icons.GetShortDescription(3, 'CurrentWeather'));  Scattered Clouds at 1100m, Broken Clouds at 3400m",2017-06-26
11:00,25°C,25°C,90°15 Km/h,,61%,17°C,1007.0mb,,"document.write(Icons.GetShortDescription(2, 'CurrentWeather'));  Few Clouds at 1100m, Scattered Clouds at 3400m",2017-06-26
12:00,27°C,28°C,60°9 Km/h,,58%,18°C,1007.0mb,,"document.write(Icons.GetShortDescription(2, 'CurrentWeather'));  Few Clouds at 1100m, Scattered Clouds at 3400m",2017-06-26
13:00,28°C,29°C,90°13 Km/h,,51%,17°C,1006.0mb,,"document.write(Icons.GetShortDescription(2, 'CurrentWeather'));  Few Clouds at 1100m, Scattered Clouds at 3400m",2017-06-26
14:00,30°C,30°C,70°13 Km/h,,46%,17°C,1006.0mb,,"document.write(Icons.GetShortDescription(2, 'CurrentWeather'));  Few Clouds at 610m, Scattered Clouds at 3400m",2017-06-26
15:00,29°C,29°C,60°15 Km/h,,45%,16°C,1005.0mb,,"document.write(Icons.GetShortDescription(3, 'CurrentWeather'));  Few Clouds at 300m, Scattered Clouds at 910m, Broken Clouds at 3400m",2017-06-26
15:09,29°C,29°C,70°11 Km/h,,45%,16°C,1005.0mb,,"document.write(Icons.GetShortDescription(10, 'CurrentWeather'));  Few Cumulonimbus Clouds at 460m, Scattered Clouds at 910m, Cloudy at 3000m Thunderstorm",2017-06-26
15:33,28°C,28°C,50°9 Km/h,,45%,15°C,1005.0mb,,"document.write(Icons.GetShortDescription(10, 'CurrentWeather'));  Few Cumulonimbus Clouds at 460m, Scattered Clouds at 910m, Cloudy at 2400m Light Rain with Thunderstorm",2017-06-26
16:00,26°C,27°C,250°9 Km/h,,61%,18°C,1006.0mb,,"document.write(Icons.GetShortDescription(10, 'CurrentWeather'));  Few Cumulonimbus Clouds at 460m, Scattered Clouds at 910m, Cloudy at 2400m Light Rain with Thunderstorm",2017-06-26
16:12,25°C,25°C,240°11 Km/h,,69%,19°C,1006.0mb,,"document.write(Icons.GetShortDescription(7, 'CurrentWeather'));  Few Clouds at 300m, Scattered Clouds at 910m, Cloudy at 2400m Light Rain",2017-06-26
16:31,24°C,24°C,190°24 Km/h,,74%,19°C,1006.0mb,,"document.write(Icons.GetShortDescription(10, 'CurrentWeather'));  Few Cumulonimbus Clouds at 300m, Scattered Clouds at 910m, Cloudy at 2400m Light Rain with Thunderstorm",2017-06-26
17:00,23°C,23°C,180°20 Km/h,,69%,17°C,1007.0mb,,"document.write(Icons.GetShortDescription(7, 'CurrentWeather'));  Scattered Clouds at 300m, Broken Clouds at 910m, Cloudy at 2400m Light Rain",2017-06-26
18:00,23°C,23°C,190°4 Km/h,,69%,17°C,1006.0mb,,"document.write(Icons.GetShortDescription(7, 'CurrentWeather'));  Few Clouds at 300m, Scattered Clouds at 910m, Cloudy at 2400m Light Rain",2017-06-26
19:00,23°C,23°C,50°6 Km/h,,69%,17°C,1007.0mb,,"document.write(Icons.GetShortDescription(3, 'CurrentWeather'));  Few Clouds at 910m, Broken Clouds at 3000m",2017-06-26
20:00,22°C,22°C,40°7 Km/h,,78%,18°C,1008.0mb,,"document.write(Icons.GetShortDescription(3, 'CurrentWeather'));  Few Clouds at 910m, Broken Clouds at 3400m",2017-06-26
21:00,22°C,22°C,150°4 Km/h,,78%,18°C,1008.0mb,,"document.write(Icons.GetShortDescription(3, 'CurrentWeather'));  Scattered Clouds at 910m, Broken Clouds at 3400m",2017-06-26
22:00,23°C,23°C,170°2 Km/h,,74%,18°C,1009.0mb,,"document.write(Icons.GetShortDescription(3, 'CurrentWeather'));  Scattered Clouds at 910m, Broken Clouds at 3400m",2017-06-26
23:00,22°C,22°C,190°9 Km/h,,78%,18°C,1009.0mb,,"document.write(Icons.GetShortDescription(7, 'CurrentWeather'));  Broken Clouds at 760m, Cloudy at 2400m Light Rain",2017-06-26
