Time,Temperature,Relative Temperature,Wind,Wind Gust,Rel. humidity,Dew Point,Pressure,Icon,DescriptionDetails,date
00:00,13°C,13°C,330°13 Km/h,,44%,1°C,1007.0mb,,"document.write(Icons.GetShortDescription(1, 'CurrentWeather'));",2017-05-26
01:00,13°C,13°C,330°11 Km/h,,41%,0°C,1007.0mb,,"document.write(Icons.GetShortDescription(1, 'CurrentWeather'));",2017-05-26
02:00,13°C,13°C,350°15 Km/h,,44%,1°C,1007.0mb,,"document.write(Icons.GetShortDescription(1, 'CurrentWeather'));",2017-05-26
03:00,12°C,12°C,340°9 Km/h,,47%,1°C,1007.0mb,,"document.write(Icons.GetShortDescription(1, 'CurrentWeather'));",2017-05-26
04:00,12°C,12°C,340°15 Km/h,,47%,1°C,1007.0mb,,"document.write(Icons.GetShortDescription(1, 'CurrentWeather'));",2017-05-26
05:00,11°C,11°C,310°4 Km/h,,54%,2°C,1007.0mb,,"document.write(Icons.GetShortDescription(1, 'CurrentWeather'));",2017-05-26
06:00,12°C,12°C,280°2 Km/h,,54%,3°C,1007.0mb,,"document.write(Icons.GetShortDescription(1, 'CurrentWeather'));",2017-05-26
07:00,14°C,14°C,290°4 Km/h,,44%,2°C,1007.0mb,,"document.write(Icons.GetShortDescription(1, 'CurrentWeather'));",2017-05-26
08:00,16°C,16°C,340°11 Km/h,,39%,2°C,1008.0mb,,"document.write(Icons.GetShortDescription(1, 'CurrentWeather'));",2017-05-26
09:00,17°C,17°C,340°9 Km/h,,34%,1°C,1008.0mb,,"document.write(Icons.GetShortDescription(1, 'CurrentWeather'));",2017-05-26
10:00,19°C,19°C,340°11 Km/h,,32%,2°C,1008.0mb,,"document.write(Icons.GetShortDescription(1, 'CurrentWeather'));",2017-05-26
11:00,19°C,19°C,350°11 Km/h,,32%,2°C,1008.0mb,,"document.write(Icons.GetShortDescription(2, 'CurrentWeather'));  Few Clouds at 910m",2017-05-26
12:00,20°C,20°C,300°11 Km/h,,30%,2°C,1008.0mb,,"document.write(Icons.GetShortDescription(2, 'CurrentWeather'));  Few Clouds at 910m",2017-05-26
13:00,21°C,21°C,340°15 Km/h,,29%,2°C,1007.0mb,,"document.write(Icons.GetShortDescription(2, 'CurrentWeather'));  Scattered Clouds at 910m",2017-05-26
14:00,22°C,21°C,320°9 Km/h,,27%,2°C,1007.0mb,,"document.write(Icons.GetShortDescription(2, 'CurrentWeather'));  Scattered Clouds at 910m",2017-05-26
15:00,22°C,21°C,240°15 Km/h,,31%,4°C,1007.0mb,,"document.write(Icons.GetShortDescription(2, 'CurrentWeather'));  Scattered Clouds at 1200m",2017-05-26
16:00,22°C,21°C,300°11 Km/h,,33%,5°C,1007.0mb,,"document.write(Icons.GetShortDescription(2, 'CurrentWeather'));  Few Clouds at 1200m",2017-05-26
17:00,22°C,21°C,240°17 Km/h,,33%,5°C,1007.0mb,,"document.write(Icons.GetShortDescription(2, 'CurrentWeather'));  Few Clouds at 1200m",2017-05-26
18:00,22°C,21°C,250°13 Km/h,,33%,5°C,1007.0mb,,"document.write(Icons.GetShortDescription(2, 'CurrentWeather'));  Scattered Clouds at 1200m",2017-05-26
19:00,20°C,20°C,240°9 Km/h,,38%,5°C,1008.0mb,,"document.write(Icons.GetShortDescription(2, 'CurrentWeather'));  Few Clouds at 1200m",2017-05-26
20:00,19°C,19°C,240°7 Km/h,,40%,5°C,1008.0mb,,"document.write(Icons.GetShortDescription(2, 'CurrentWeather'));  Few Clouds at 1200m",2017-05-26
21:00,18°C,18°C,210°11 Km/h,,46%,6°C,1009.0mb,,"document.write(Icons.GetShortDescription(1, 'CurrentWeather'));",2017-05-26
22:00,16°C,16°C,180°11 Km/h,,59%,8°C,1010.0mb,,"document.write(Icons.GetShortDescription(1, 'CurrentWeather'));",2017-05-26
23:00,16°C,16°C,190°11 Km/h,,63%,9°C,1010.0mb,,"document.write(Icons.GetShortDescription(1, 'CurrentWeather'));",2017-05-26
