Time,Temperature,Relative Temperature,Wind,Wind Gust,Rel. humidity,Dew Point,Pressure,Icon,DescriptionDetails,date
00:00,-1°C,-4°C,150°9 Km/h,,75%,-5°C,1029.0mb,,"document.write(Icons.GetShortDescription(2, 'CurrentWeather'));  Scattered Clouds at 910m Haze",2017-01-01
01:00,-2°C,-5°C,160°9 Km/h,,80%,-5°C,1029.0mb,,"document.write(Icons.GetShortDescription(2, 'CurrentWeather'));  Scattered Clouds at 910m Haze",2017-01-01
02:00,-3°C,-6°C,160°7 Km/h,,74%,-7°C,1029.0mb,,"document.write(Icons.GetShortDescription(2, 'CurrentWeather'));  Scattered Clouds at 910m Haze",2017-01-01
03:00,-3°C,-3°C,170°4 Km/h,,80%,-6°C,1029.0mb,,"document.write(Icons.GetShortDescription(2, 'CurrentWeather'));  Scattered Clouds at 910m Haze",2017-01-01
04:00,-3°C,-6°C,160°7 Km/h,,80%,-6°C,1029.0mb,,"document.write(Icons.GetShortDescription(2, 'CurrentWeather'));  Scattered Clouds at 910m Haze",2017-01-01
05:00,-4°C,-6°C,180°6 Km/h,,80%,-7°C,1029.0mb,,"document.write(Icons.GetShortDescription(2, 'CurrentWeather'));  Scattered Clouds at 910m Haze",2017-01-01
06:00,-2°C,-4°C,210°6 Km/h,,74%,-6°C,1029.0mb,,"document.write(Icons.GetShortDescription(2, 'CurrentWeather'));  Scattered Clouds at 760m Haze",2017-01-01
07:00,-1°C,-4°C,170°9 Km/h,,80%,-4°C,1029.0mb,,"document.write(Icons.GetShortDescription(2, 'CurrentWeather'));  Scattered Clouds at 760m Haze",2017-01-01
08:00,-2°C,-2°C,170°4 Km/h,,80%,-5°C,1029.0mb,,"document.write(Icons.GetShortDescription(2, 'CurrentWeather'));  Scattered Clouds at 760m Haze",2017-01-01
09:00,1°C,-1°C,150°7 Km/h,,81%,-2°C,1030.0mb,,"document.write(Icons.GetShortDescription(2, 'CurrentWeather'));  Scattered Clouds at 760m Haze",2017-01-01
10:00,3°C,2°C,160°6 Km/h,,70%,-2°C,1031.0mb,,"document.write(Icons.GetShortDescription(2, 'CurrentWeather'));  Scattered Clouds at 760m Haze",2017-01-01
11:00,5°C,3°C,150°7 Km/h,,66%,-1°C,1030.0mb,,"document.write(Icons.GetShortDescription(2, 'CurrentWeather'));  Scattered Clouds at 910m Haze",2017-01-01
12:00,6°C,4°C,170°11 Km/h,,66%,0°C,1029.0mb,,"document.write(Icons.GetShortDescription(3, 'CurrentWeather'));  Broken Clouds at 910m Haze",2017-01-01
13:00,7°C,5°C,160°9 Km/h,,61%,0°C,1028.0mb,,"document.write(Icons.GetShortDescription(3, 'CurrentWeather'));  Broken Clouds at 910m Haze",2017-01-01
14:00,8°C,6°C,210°9 Km/h,,57%,0°C,1028.0mb,,"document.write(Icons.GetShortDescription(3, 'CurrentWeather'));  Broken Clouds at 910m Haze",2017-01-01
15:00,8°C,7°C,180°6 Km/h,,57%,0°C,1027.0mb,,"document.write(Icons.GetShortDescription(3, 'CurrentWeather'));  Broken Clouds at 910m Haze",2017-01-01
16:00,8°C,8°C,210°2 Km/h,,57%,0°C,1027.0mb,,"document.write(Icons.GetShortDescription(3, 'CurrentWeather'));  Broken Clouds at 910m",2017-01-01
17:00,7°C,7°C,60°2 Km/h,,61%,0°C,1027.0mb,,"document.write(Icons.GetShortDescription(3, 'CurrentWeather'));  Broken Clouds at 910m Haze",2017-01-01
18:00,7°C,6°C,80°6 Km/h,,61%,0°C,1026.0mb,,"document.write(Icons.GetShortDescription(3, 'CurrentWeather'));  Broken Clouds at 910m Haze",2017-01-01
19:00,6°C,6°C,150°4 Km/h,,66%,0°C,1026.0mb,,"document.write(Icons.GetShortDescription(3, 'CurrentWeather'));  Broken Clouds at 910m Haze",2017-01-01
20:00,6°C,4°C,130°9 Km/h,,61%,-1°C,1026.0mb,,"document.write(Icons.GetShortDescription(4, 'CurrentWeather'));  Broken Clouds at 910m, Cloudy at 3700m Haze",2017-01-01
21:00,5°C,3°C,130°9 Km/h,,66%,-1°C,1025.0mb,,"document.write(Icons.GetShortDescription(4, 'CurrentWeather'));  Broken Clouds at 910m, Cloudy at 3700m Haze",2017-01-01
22:00,5°C,4°C,180°6 Km/h,,66%,-1°C,1025.0mb,,"document.write(Icons.GetShortDescription(4, 'CurrentWeather'));  Broken Clouds at 1100m, Cloudy at 3700m Haze",2017-01-01
23:00,5°C,3°C,160°9 Km/h,,66%,-1°C,1024.0mb,,"document.write(Icons.GetShortDescription(4, 'CurrentWeather'));  Broken Clouds at 1100m, Cloudy at 3700m Haze",2017-01-01
