Time,Temperature,Relative Temperature,Wind,Wind Gust,Rel. humidity,Dew Point,Pressure,Icon,DescriptionDetails,date
00:00,2°C,2°C,360°2 Km/h,,70%,-3°C,1022.0mb,,"document.write(Icons.GetShortDescription(1, 'CurrentWeather'));",2017-03-17
01:00,1°C,-1°C,10°6 Km/h,,70%,-4°C,1023.0mb,,"document.write(Icons.GetShortDescription(1, 'CurrentWeather'));  Haze",2017-03-17
02:00,-1°C,-1°C,330°4 Km/h,,80%,-4°C,1023.0mb,,"document.write(Icons.GetShortDescription(1, 'CurrentWeather'));  Haze",2017-03-17
03:00,-1°C,-3°C,340°6 Km/h,,80%,-4°C,1023.0mb,,"document.write(Icons.GetShortDescription(1, 'CurrentWeather'));  Haze",2017-03-17
04:00,-1°C,-1°C,310°4 Km/h,,80%,-4°C,1023.0mb,,"document.write(Icons.GetShortDescription(1, 'CurrentWeather'));  Haze",2017-03-17
05:00,-2°C,-2°C,360°4 Km/h,,80%,-5°C,1023.0mb,,"document.write(Icons.GetShortDescription(2, 'CurrentWeather'));  Few Clouds at 150m Partial Fog",2017-03-17
06:00,-1°C,-1°C,310°2 Km/h,,80%,-4°C,1023.0mb,,"document.write(Icons.GetShortDescription(2, 'CurrentWeather'));  Few Clouds at 150m Partial Fog",2017-03-17
07:00,-3°C,-3°C,310°4 Km/h,,86%,-5°C,1024.0mb,,"document.write(Icons.GetShortDescription(2, 'CurrentWeather'));  Few Clouds at 150m Partial Fog",2017-03-17
08:00,1°C,1°C,360°4 Km/h,,81%,-2°C,1024.0mb,,"document.write(Icons.GetShortDescription(1, 'CurrentWeather'));  Haze",2017-03-17
09:00,6°C,6°C,160°2 Km/h,,66%,0°C,1025.0mb,,"document.write(Icons.GetShortDescription(1, 'CurrentWeather'));  Haze",2017-03-17
10:00,8°C,7°C,130°6 Km/h,,46%,-3°C,1025.0mb,,"document.write(Icons.GetShortDescription(1, 'CurrentWeather'));  Haze",2017-03-17
11:00,10°C,10°C,300°6 Km/h,,35%,-5°C,1025.0mb,,"document.write(Icons.GetShortDescription(1, 'CurrentWeather'));  Haze",2017-03-17
12:00,11°C,11°C,290°7 Km/h,,26%,-8°C,1024.0mb,,"document.write(Icons.GetShortDescription(1, 'CurrentWeather'));",2017-03-17
13:00,13°C,13°C,320°9 Km/h,,26%,-6°C,1023.0mb,,"document.write(Icons.GetShortDescription(1, 'CurrentWeather'));",2017-03-17
14:00,14°C,14°C,20°9 Km/h,,20%,-9°C,1022.0mb,,"document.write(Icons.GetShortDescription(1, 'CurrentWeather'));",2017-03-17
15:00,14°C,14°C,360°9 Km/h,,18%,-10°C,1022.0mb,,"document.write(Icons.GetShortDescription(1, 'CurrentWeather'));",2017-03-17
16:00,14°C,14°C,290°20 Km/h,,31%,-3°C,1022.0mb,,"document.write(Icons.GetShortDescription(1, 'CurrentWeather'));",2017-03-17
17:00,12°C,12°C,290°20 Km/h,,28%,-6°C,1022.0mb,,"document.write(Icons.GetShortDescription(1, 'CurrentWeather'));",2017-03-17
18:00,10°C,8°C,280°15 Km/h,,25%,-9°C,1023.0mb,,"document.write(Icons.GetShortDescription(1, 'CurrentWeather'));",2017-03-17
19:00,8°C,7°C,260°7 Km/h,,25%,-11°C,1024.0mb,,"document.write(Icons.GetShortDescription(1, 'CurrentWeather'));",2017-03-17
20:00,5°C,3°C,320°9 Km/h,,49%,-5°C,1024.0mb,,"document.write(Icons.GetShortDescription(1, 'CurrentWeather'));",2017-03-17
21:00,4°C,3°C,310°6 Km/h,,52%,-5°C,1024.0mb,,"document.write(Icons.GetShortDescription(1, 'CurrentWeather'));",2017-03-17
22:00,3°C,3°C,10°2 Km/h,,60%,-4°C,1024.0mb,,"document.write(Icons.GetShortDescription(1, 'CurrentWeather'));",2017-03-17
23:00,3°C,3°C,10°4 Km/h,,60%,-4°C,1024.0mb,,"document.write(Icons.GetShortDescription(1, 'CurrentWeather'));",2017-03-17
