Time,Temperature,Relative Temperature,Wind,Wind Gust,Rel. humidity,Dew Point,Pressure,Icon,DescriptionDetails,date
00:00,24°C,25°C,40°6 Km/h,,89%,22°C,1011.0mb,,"document.write(Icons.GetShortDescription(7, 'CurrentWeather'));  Few Clouds at 300m, Broken Clouds at 1200m, Cloudy at 3000m Light Rain",2017-07-16
01:00,24°C,25°C,70°7 Km/h,,89%,22°C,1011.0mb,,"document.write(Icons.GetShortDescription(7, 'CurrentWeather'));  Few Clouds at 300m, Broken Clouds at 1200m, Cloudy at 3000m Light Rain",2017-07-16
02:00,24°C,25°C,90°7 Km/h,,89%,22°C,1010.0mb,,"document.write(Icons.GetShortDescription(7, 'CurrentWeather'));  Broken Clouds at 1200m, Cloudy at 3000m Light Rain, Haze",2017-07-16
02:25,24°C,25°C,50°4 Km/h,,89%,22°C,1010.0mb,,"document.write(Icons.GetShortDescription(10, 'CurrentWeather'));  Scattered Cumulonimbus Clouds at 610m, Broken Clouds at 1100m, Cloudy at 2400m Light Rain with Thunderstorm, Haze",2017-07-16
03:00,24°C,25°C,50°7 Km/h,,89%,22°C,1010.0mb,,"document.write(Icons.GetShortDescription(10, 'CurrentWeather'));  Scattered Cumulonimbus Clouds at 300m, Broken Clouds at 1100m, Cloudy at 2400m Rain with Thunderstorm, Haze",2017-07-16
04:00,24°C,25°C,290°6 Km/h,,89%,22°C,1010.0mb,,"document.write(Icons.GetShortDescription(10, 'CurrentWeather'));  Scattered Cumulonimbus Clouds at 300m, Broken Clouds at 610m, Cloudy at 2400m Rain with Thunderstorm, Haze",2017-07-16
04:23,23°C,24°C,340°6 Km/h,,94%,22°C,1010.0mb,,"document.write(Icons.GetShortDescription(7, 'CurrentWeather'));  Scattered Clouds at 300m, Broken Clouds at 760m, Cloudy at 2400m Rain, Haze",2017-07-16
05:00,23°C,24°C,40°11 Km/h,,94%,22°C,1010.0mb,,"document.write(Icons.GetShortDescription(7, 'CurrentWeather'));  Few Clouds at 460m, Broken Clouds at 760m, Cloudy at 2400m Rain, Haze",2017-07-16
06:00,23°C,24°C,40°2 Km/h,,94%,22°C,1011.0mb,,"document.write(Icons.GetShortDescription(7, 'CurrentWeather'));  Few Clouds at 460m, Broken Clouds at 760m, Cloudy at 2400m Light Rain, Haze",2017-07-16
07:00,24°C,25°C,110°4 Km/h,,89%,22°C,1011.0mb,,"document.write(Icons.GetShortDescription(4, 'CurrentWeather'));  Scattered Clouds at 1200m, Cloudy at 2700m",2017-07-16
08:00,24°C,25°C,320°4 Km/h,,89%,22°C,1011.0mb,,"document.write(Icons.GetShortDescription(4, 'CurrentWeather'));  Broken Clouds at 1200m, Cloudy at 2700m",2017-07-16
09:00,26°C,28°C,20°4 Km/h,,79%,22°C,1012.0mb,,"document.write(Icons.GetShortDescription(3, 'CurrentWeather'));  Few Clouds at 300m, Broken Clouds at 1200m, Broken Clouds at 3700m",2017-07-16
10:00,27°C,29°C,10°2 Km/h,,70%,21°C,1012.0mb,,"document.write(Icons.GetShortDescription(3, 'CurrentWeather'));  Few Clouds at 300m, Scattered Clouds at 1200m, Broken Clouds at 3700m",2017-07-16
11:00,28°C,31°C,270°2 Km/h,,70%,22°C,1012.0mb,,"document.write(Icons.GetShortDescription(3, 'CurrentWeather'));  Few Clouds at 300m, Scattered Clouds at 760m, Broken Clouds at 3700m",2017-07-16
12:00,29°C,32°C,230°4 Km/h,,66%,22°C,1012.0mb,,"document.write(Icons.GetShortDescription(3, 'CurrentWeather'));  Few Clouds at 300m, Scattered Clouds at 760m, Broken Clouds at 3000m",2017-07-16
13:00,28°C,31°C,220°11 Km/h,,70%,22°C,1013.0mb,,"document.write(Icons.GetShortDescription(3, 'CurrentWeather'));  Few Clouds at 300m, Scattered Clouds at 610m, Broken Clouds at 3000m",2017-07-16
14:00,29°C,33°C,220°7 Km/h,,70%,23°C,1012.0mb,,"document.write(Icons.GetShortDescription(3, 'CurrentWeather'));  Few Clouds at 300m, Scattered Clouds at 760m, Broken Clouds at 3700m",2017-07-16
15:00,29°C,32°C,200°13 Km/h,,66%,22°C,1012.0mb,,"document.write(Icons.GetShortDescription(4, 'CurrentWeather'));  Scattered Clouds at 760m, Broken Clouds at 3700m, Cloudy at 6100m",2017-07-16
16:00,28°C,30°C,230°15 Km/h,,66%,21°C,1012.0mb,,"document.write(Icons.GetShortDescription(4, 'CurrentWeather'));  Few Clouds at 300m, Scattered Clouds at 760m, Cloudy at 3000m",2017-07-16
17:00,28°C,31°C,210°7 Km/h,,70%,22°C,1010.0mb,,"document.write(Icons.GetShortDescription(4, 'CurrentWeather'));  Few Clouds at 300m, Scattered Clouds at 910m, Cloudy at 3000m",2017-07-16
18:00,27°C,30°C,210°13 Km/h,,79%,23°C,1011.0mb,,"document.write(Icons.GetShortDescription(4, 'CurrentWeather'));  Few Clouds at 300m, Broken Clouds at 760m, Cloudy at 3000m",2017-07-16
19:00,27°C,30°C,250°7 Km/h,,79%,23°C,1011.0mb,,"document.write(Icons.GetShortDescription(4, 'CurrentWeather'));  Few Clouds at 300m, Broken Clouds at 610m, Cloudy at 3000m",2017-07-16
20:00,27°C,30°C,280°7 Km/h,,79%,23°C,1012.0mb,,"document.write(Icons.GetShortDescription(4, 'CurrentWeather'));  Few Clouds at 300m, Scattered Clouds at 910m, Cloudy at 3700m",2017-07-16
21:00,26°C,28°C,10°6 Km/h,,84%,23°C,1012.0mb,,"document.write(Icons.GetShortDescription(4, 'CurrentWeather'));  Scattered Clouds at 910m, Cloudy at 3700m",2017-07-16
22:00,26°C,28°C,360°7 Km/h,,84%,23°C,1013.0mb,,"document.write(Icons.GetShortDescription(4, 'CurrentWeather'));  Few Clouds at 460m, Scattered Clouds at 610m, Cloudy at 3700m",2017-07-16
23:00,26°C,28°C,20°4 Km/h,,84%,23°C,1013.0mb,,"document.write(Icons.GetShortDescription(4, 'CurrentWeather'));  Few Clouds at 460m, Scattered Clouds at 610m, Cloudy at 3700m",2017-07-16
