Time,Temperature,Relative Temperature,Wind,Wind Gust,Rel. humidity,Dew Point,Pressure,Icon,DescriptionDetails,date
00:00,15°C,15°C,310°6 Km/h,,77%,11°C,1008.0mb,,"document.write(Icons.GetShortDescription(3, 'CurrentWeather'));  Broken Clouds at 1100m, Broken Clouds at 3000m Haze",2017-05-10
01:00,15°C,15°C,310°6 Km/h,,82%,12°C,1007.0mb,,"document.write(Icons.GetShortDescription(3, 'CurrentWeather'));  Broken Clouds at 910m, Broken Clouds at 3000m Haze",2017-05-10
02:00,15°C,15°C,320°6 Km/h,,82%,12°C,1007.0mb,,"document.write(Icons.GetShortDescription(3, 'CurrentWeather'));  Broken Clouds at 910m, Broken Clouds at 3000m Haze",2017-05-10
03:00,14°C,14°C,340°9 Km/h,,88%,12°C,1007.0mb,,"document.write(Icons.GetShortDescription(4, 'CurrentWeather'));  Few Clouds at 460m, Broken Clouds at 760m, Cloudy at 2400m Haze",2017-05-10
04:00,14°C,14°C,310°7 Km/h,,88%,12°C,1007.0mb,,"document.write(Icons.GetShortDescription(7, 'CurrentWeather'));  Few Clouds at 300m, Broken Clouds at 760m, Cloudy at 2400m Light Drizzle, Haze",2017-05-10
05:00,14°C,14°C,310°7 Km/h,,88%,12°C,1007.0mb,,"document.write(Icons.GetShortDescription(7, 'CurrentWeather'));  Few Clouds at 150m, Broken Clouds at 760m, Cloudy at 2400m Light Drizzle, Haze",2017-05-10
05:25,14°C,14°C,300°7 Km/h,,88%,12°C,1007.0mb,,"document.write(Icons.GetShortDescription(4, 'CurrentWeather'));  Few Clouds at 150m, Broken Clouds at 610m, Cloudy at 2400m Haze",2017-05-10
06:00,14°C,14°C,330°11 Km/h,,82%,11°C,1008.0mb,,"document.write(Icons.GetShortDescription(7, 'CurrentWeather'));  Few Clouds at 150m, Broken Clouds at 610m, Cloudy at 2400m Light Rain, Haze",2017-05-10
07:00,14°C,14°C,330°9 Km/h,,82%,11°C,1008.0mb,,"document.write(Icons.GetShortDescription(7, 'CurrentWeather'));  Few Clouds at 150m, Broken Clouds at 760m, Cloudy at 2400m Light Rain, Haze",2017-05-10
07:26,14°C,14°C,330°6 Km/h,,82%,11°C,1008.0mb,,"document.write(Icons.GetShortDescription(3, 'CurrentWeather'));  Few Clouds at 150m, Broken Clouds at 1100m Haze",2017-05-10
08:00,14°C,14°C,330°7 Km/h,,88%,12°C,1008.0mb,,"document.write(Icons.GetShortDescription(3, 'CurrentWeather'));  Few Clouds at 300m, Scattered Clouds at 1100m, Broken Clouds at 3400m",2017-05-10
09:00,15°C,15°C,320°13 Km/h,,77%,11°C,1009.0mb,,"document.write(Icons.GetShortDescription(3, 'CurrentWeather'));  Scattered Clouds at 300m, Broken Clouds at 3400m",2017-05-10
10:00,17°C,17°C,350°7 Km/h,,68%,11°C,1009.0mb,,"document.write(Icons.GetShortDescription(2, 'CurrentWeather'));  Scattered Clouds at 610m",2017-05-10
11:00,17°C,17°C,340°15 Km/h,,64%,10°C,1009.0mb,,"document.write(Icons.GetShortDescription(3, 'CurrentWeather'));  Broken Clouds at 610m",2017-05-10
12:00,18°C,18°C,250°17 Km/h,,68%,12°C,1010.0mb,,"document.write(Icons.GetShortDescription(3, 'CurrentWeather'));  Broken Clouds at 760m",2017-05-10
13:00,19°C,19°C,290°20 Km/h,,56%,10°C,1009.0mb,,"document.write(Icons.GetShortDescription(3, 'CurrentWeather'));  Scattered Clouds at 610m, Broken Clouds at 910m",2017-05-10
14:00,19°C,19°C,270°17 Km/h,,56%,10°C,1010.0mb,,"document.write(Icons.GetShortDescription(3, 'CurrentWeather'));  Scattered Clouds at 610m, Broken Clouds at 910m",2017-05-10
15:00,18°C,18°C,280°19 Km/h,,64%,11°C,1010.0mb,,"document.write(Icons.GetShortDescription(3, 'CurrentWeather'));  Broken Clouds at 1100m",2017-05-10
16:00,20°C,20°C,270°15 Km/h,,53%,10°C,1009.0mb,,"document.write(Icons.GetShortDescription(2, 'CurrentWeather'));  Few Clouds at 1100m",2017-05-10
17:00,19°C,19°C,260°19 Km/h,,49%,8°C,1010.0mb,,"document.write(Icons.GetShortDescription(2, 'CurrentWeather'));  Few Clouds at 1100m",2017-05-10
18:00,17°C,17°C,260°17 Km/h,,56%,8°C,1010.0mb,,"document.write(Icons.GetShortDescription(1, 'CurrentWeather'));",2017-05-10
19:00,16°C,16°C,230°11 Km/h,,59%,8°C,1011.0mb,,"document.write(Icons.GetShortDescription(1, 'CurrentWeather'));",2017-05-10
20:00,15°C,15°C,240°7 Km/h,,63%,8°C,1011.0mb,,"document.write(Icons.GetShortDescription(1, 'CurrentWeather'));",2017-05-10
21:00,14°C,14°C,250°4 Km/h,,67%,8°C,1012.0mb,,"document.write(Icons.GetShortDescription(1, 'CurrentWeather'));",2017-05-10
22:00,15°C,15°C,210°9 Km/h,,63%,8°C,1013.0mb,,"document.write(Icons.GetShortDescription(1, 'CurrentWeather'));",2017-05-10
23:00,14°C,14°C,230°7 Km/h,,67%,8°C,1013.0mb,,"document.write(Icons.GetShortDescription(1, 'CurrentWeather'));",2017-05-10
23:58,13°C,13°C,310°6 Km/h,,72%,8°C,1014.0mb,,"document.write(Icons.GetShortDescription(7, 'CurrentWeather'));  Few Clouds at 1200m, Broken Clouds at 3700m Light Rain",2017-05-10
