Time,Temperature,Relative Temperature,Wind,Wind Gust,Rel. humidity,Dew Point,Pressure,Icon,DescriptionDetails,date
00:00,15°C,15°C,120°13 Km/h,,88%,13°C,1007.0mb,,"document.write(Icons.GetShortDescription(7, 'CurrentWeather'));  Scattered Clouds at 300m, Broken Clouds at 760m, Cloudy at 2400m Rain",2017-06-07
01:00,16°C,16°C,120°9 Km/h,,83%,13°C,1006.0mb,,"document.write(Icons.GetShortDescription(7, 'CurrentWeather'));  Scattered Clouds at 180m, Broken Clouds at 760m, Cloudy at 2400m Light Rain",2017-06-07
02:00,16°C,16°C,40°15 Km/h,,88%,14°C,1005.0mb,,"document.write(Icons.GetShortDescription(7, 'CurrentWeather'));  Scattered Clouds at 150m, Broken Clouds at 760m, Cloudy at 2400m Light Rain, Haze",2017-06-07
03:00,16°C,16°C,110°11 Km/h,,88%,14°C,1004.0mb,,"document.write(Icons.GetShortDescription(7, 'CurrentWeather'));  Scattered Clouds at 150m, Broken Clouds at 760m, Cloudy at 2400m Rain, Haze",2017-06-07
04:00,17°C,17°C,140°13 Km/h,,83%,14°C,1004.0mb,,"document.write(Icons.GetShortDescription(7, 'CurrentWeather'));  Scattered Clouds at 210m, Broken Clouds at 760m, Cloudy at 2400m Light Rain, Haze",2017-06-07
05:00,17°C,17°C,150°7 Km/h,,88%,15°C,1003.0mb,,"document.write(Icons.GetShortDescription(7, 'CurrentWeather'));  Scattered Clouds at 210m, Broken Clouds at 760m, Cloudy at 2400m Light Rain, Haze",2017-06-07
06:00,17°C,17°C,190°11 Km/h,,88%,15°C,1004.0mb,,"document.write(Icons.GetShortDescription(7, 'CurrentWeather'));  Scattered Clouds at 210m, Broken Clouds at 760m, Cloudy at 2400m Light Rain, Haze",2017-06-07
07:00,17°C,17°C,170°7 Km/h,,88%,15°C,1003.0mb,,"document.write(Icons.GetShortDescription(7, 'CurrentWeather'));  Scattered Clouds at 180m, Broken Clouds at 760m, Cloudy at 2400m Light Rain, Haze",2017-06-07
08:00,18°C,18°C,160°11 Km/h,,83%,15°C,1003.0mb,,"document.write(Icons.GetShortDescription(7, 'CurrentWeather'));  Scattered Clouds at 300m, Broken Clouds at 760m, Cloudy at 2400m Light Drizzle, Haze",2017-06-07
09:00,18°C,18°C,160°9 Km/h,,88%,16°C,1003.0mb,,"document.write(Icons.GetShortDescription(7, 'CurrentWeather'));  Scattered Clouds at 150m, Broken Clouds at 760m, Cloudy at 2400m Light Drizzle, Haze",2017-06-07
09:09,18°C,18°C,160°9 Km/h,,88%,16°C,1003.0mb,,"document.write(Icons.GetShortDescription(7, 'CurrentWeather'));  Scattered Clouds at 150m, Broken Clouds at 760m, Cloudy at 2400m Light Drizzle, Haze",2017-06-07
10:00,19°C,19°C,180°9 Km/h,,83%,16°C,1003.0mb,,"document.write(Icons.GetShortDescription(7, 'CurrentWeather'));  Scattered Clouds at 150m, Cloudy at 760m Light Rain, Haze",2017-06-07
10:42,19°C,19°C,210°9 Km/h,,88%,17°C,1003.0mb,,"document.write(Icons.GetShortDescription(7, 'CurrentWeather'));  Scattered Clouds at 300m, Cloudy at 760m Light Drizzle, Haze",2017-06-07
11:00,19°C,19°C,220°11 Km/h,,83%,16°C,1003.0mb,,"document.write(Icons.GetShortDescription(4, 'CurrentWeather'));  Scattered Clouds at 300m, Cloudy at 760m Haze",2017-06-07
12:00,19°C,19°C,260°9 Km/h,,83%,16°C,1003.0mb,,"document.write(Icons.GetShortDescription(7, 'CurrentWeather'));  Scattered Clouds at 150m, Cloudy at 760m Light Drizzle, Haze",2017-06-07
13:00,19°C,19°C,290°7 Km/h,,83%,16°C,1003.0mb,,"document.write(Icons.GetShortDescription(4, 'CurrentWeather'));  Scattered Clouds at 300m, Cloudy at 760m Haze",2017-06-07
14:00,18°C,18°C,320°17 Km/h,,83%,15°C,1003.0mb,,"document.write(Icons.GetShortDescription(4, 'CurrentWeather'));  Scattered Clouds at 300m, Cloudy at 760m",2017-06-07
15:00,19°C,19°C,310°17 Km/h,,78%,15°C,1003.0mb,,"document.write(Icons.GetShortDescription(3, 'CurrentWeather'));  Scattered Clouds at 460m, Broken Clouds at 760m",2017-06-07
16:00,19°C,19°C,310°17 Km/h,,73%,14°C,1004.0mb,,"document.write(Icons.GetShortDescription(3, 'CurrentWeather'));  Scattered Clouds at 460m, Broken Clouds at 760m",2017-06-07
17:00,19°C,19°C,310°15 Km/h,,73%,14°C,1004.0mb,,"document.write(Icons.GetShortDescription(3, 'CurrentWeather'));  Broken Clouds at 760m",2017-06-07
18:00,20°C,20°C,310°19 Km/h,,69%,14°C,1005.0mb,,"document.write(Icons.GetShortDescription(3, 'CurrentWeather'));  Broken Clouds at 760m",2017-06-07
19:00,19°C,19°C,320°11 Km/h,,68%,13°C,1005.0mb,,"document.write(Icons.GetShortDescription(3, 'CurrentWeather'));  Broken Clouds at 910m",2017-06-07
20:00,18°C,18°C,300°7 Km/h,,73%,13°C,1006.0mb,,"document.write(Icons.GetShortDescription(2, 'CurrentWeather'));  Scattered Clouds at 910m",2017-06-07
21:00,17°C,17°C,270°7 Km/h,,77%,13°C,1007.0mb,,"document.write(Icons.GetShortDescription(2, 'CurrentWeather'));  Scattered Clouds at 910m",2017-06-07
22:00,18°C,18°C,280°11 Km/h,,73%,13°C,1008.0mb,,"document.write(Icons.GetShortDescription(3, 'CurrentWeather'));  Broken Clouds at 910m",2017-06-07
23:00,17°C,17°C,260°9 Km/h,,73%,12°C,1008.0mb,,"document.write(Icons.GetShortDescription(2, 'CurrentWeather'));  Scattered Clouds at 910m",2017-06-07
