Time,Temperature,Relative Temperature,Wind,Wind Gust,Rel. humidity,Dew Point,Pressure,Icon,DescriptionDetails,date
00:00,11°C,11°C,310°7 Km/h,,72%,6°C,1019.0mb,,"document.write(Icons.GetShortDescription(1, 'CurrentWeather'));",2017-10-29
01:00,11°C,11°C,330°6 Km/h,,77%,7°C,1018.0mb,,"document.write(Icons.GetShortDescription(1, 'CurrentWeather'));",2017-10-29
02:00,10°C,10°C,350°6 Km/h,,76%,6°C,1018.0mb,,"document.write(Icons.GetShortDescription(1, 'CurrentWeather'));",2017-10-29
03:00,9°C,9°C,340°4 Km/h,,76%,5°C,1017.0mb,,"document.write(Icons.GetShortDescription(1, 'CurrentWeather'));",2017-10-29
04:00,8°C,6°C,340°11 Km/h,,76%,4°C,1017.0mb,,"document.write(Icons.GetShortDescription(1, 'CurrentWeather'));",2017-10-29
05:00,9°C,8°C,350°9 Km/h,,76%,5°C,1017.0mb,,"document.write(Icons.GetShortDescription(1, 'CurrentWeather'));",2017-10-29
06:00,9°C,9°C,90°2 Km/h,,71%,4°C,1017.0mb,,"document.write(Icons.GetShortDescription(1, 'CurrentWeather'));",2017-10-29
07:00,8°C,6°C,320°11 Km/h,,76%,4°C,1017.0mb,,"document.write(Icons.GetShortDescription(1, 'CurrentWeather'));",2017-10-29
08:00,10°C,9°C,340°7 Km/h,,76%,6°C,1017.0mb,,"document.write(Icons.GetShortDescription(1, 'CurrentWeather'));",2017-10-29
10:00,14°C,14°C,310°24 Km/h,,67%,8°C,1017.0mb,,"document.write(Icons.GetShortDescription(1, 'CurrentWeather'));",2017-10-29
11:00,16°C,16°C,320°26 Km/h,,48%,5°C,1017.0mb,,"document.write(Icons.GetShortDescription(1, 'CurrentWeather'));",2017-10-29
12:00,17°C,17°C,320°22 Km/h,,42%,4°C,1015.0mb,,"document.write(Icons.GetShortDescription(1, 'CurrentWeather'));",2017-10-29
13:00,17°C,17°C,280°24 Km/h,,42%,4°C,1014.0mb,,"document.write(Icons.GetShortDescription(2, 'CurrentWeather'));  Few Clouds at 1400m",2017-10-29
14:00,16°C,16°C,320°28 Km/h,,34%,0°C,1014.0mb,,"document.write(Icons.GetShortDescription(2, 'CurrentWeather'));  Few Clouds at 1400m",2017-10-29
15:00,14°C,14°C,330°30 Km/h,,31%,-3°C,1015.0mb,,"document.write(Icons.GetShortDescription(1, 'CurrentWeather'));",2017-10-29
16:00,13°C,13°C,310°33 Km/h,,31%,-4°C,1016.0mb,,"document.write(Icons.GetShortDescription(1, 'CurrentWeather'));",2017-10-29
17:00,11°C,11°C,310°37 Km/h,,30%,-6°C,1016.0mb,,"document.write(Icons.GetShortDescription(1, 'CurrentWeather'));",2017-10-29
18:00,9°C,6°C,310°24 Km/h,,32%,-7°C,1018.0mb,,"document.write(Icons.GetShortDescription(1, 'CurrentWeather'));",2017-10-29
19:00,8°C,4°C,320°28 Km/h,,32%,-8°C,1019.0mb,,"document.write(Icons.GetShortDescription(1, 'CurrentWeather'));",2017-10-29
20:00,7°C,4°C,330°17 Km/h,,34%,-8°C,1020.0mb,,"document.write(Icons.GetShortDescription(1, 'CurrentWeather'));",2017-10-29
21:00,7°C,4°C,330°19 Km/h,,31%,-9°C,1020.0mb,,"document.write(Icons.GetShortDescription(1, 'CurrentWeather'));",2017-10-29
22:00,7°C,4°C,320°15 Km/h,,29%,-10°C,1022.0mb,,"document.write(Icons.GetShortDescription(1, 'CurrentWeather'));",2017-10-29
23:00,6°C,3°C,320°17 Km/h,,29%,-11°C,1022.0mb,,"document.write(Icons.GetShortDescription(1, 'CurrentWeather'));",2017-10-29
