Time,Temperature,Relative Temperature,Wind,Wind Gust,Rel. humidity,Dew Point,Pressure,Icon,DescriptionDetails,date
00:00,-3°C,-3°C,180°4 Km/h,,69%,-8°C,1026.0mb,,"document.write(Icons.GetShortDescription(1, 'CurrentWeather'));",2017-02-16
01:00,-3°C,-3°C,280°2 Km/h,,74%,-7°C,1025.0mb,,"document.write(Icons.GetShortDescription(1, 'CurrentWeather'));",2017-02-16
02:00,-3°C,-3°C,30°2 Km/h,,74%,-7°C,1024.0mb,,"document.write(Icons.GetShortDescription(1, 'CurrentWeather'));",2017-02-16
03:00,-3°C,-3°C,350°2 Km/h,,69%,-8°C,1024.0mb,,"document.write(Icons.GetShortDescription(1, 'CurrentWeather'));",2017-02-16
04:00,-3°C,-5°C,170°6 Km/h,,59%,-10°C,1023.0mb,,"document.write(Icons.GetShortDescription(1, 'CurrentWeather'));",2017-02-16
05:00,-4°C,-6°C,230°6 Km/h,,69%,-9°C,1023.0mb,,"document.write(Icons.GetShortDescription(1, 'CurrentWeather'));",2017-02-16
06:00,-3°C,-5°C,190°6 Km/h,,69%,-8°C,1022.0mb,,"document.write(Icons.GetShortDescription(1, 'CurrentWeather'));  Haze",2017-02-16
06:51,-4°C,-8°C,160°9 Km/h,,63%,-10°C,1022.0mb,,"document.write(Icons.GetShortDescription(1, 'CurrentWeather'));  Haze",2017-02-16
07:00,-5°C,-9°C,170°9 Km/h,,68%,-10°C,1022.0mb,,"document.write(Icons.GetShortDescription(1, 'CurrentWeather'));  Haze",2017-02-16
08:00,-2°C,-4°C,130°6 Km/h,,64%,-8°C,1022.0mb,,"document.write(Icons.GetShortDescription(1, 'CurrentWeather'));",2017-02-16
09:00,3°C,0°C,140°13 Km/h,,52%,-6°C,1022.0mb,,"document.write(Icons.GetShortDescription(1, 'CurrentWeather'));",2017-02-16
10:00,7°C,4°C,160°15 Km/h,,39%,-6°C,1022.0mb,,"document.write(Icons.GetShortDescription(2, 'CurrentWeather'));  Scattered Clouds at 910m",2017-02-16
11:00,7°C,4°C,200°20 Km/h,,49%,-3°C,1021.0mb,,"document.write(Icons.GetShortDescription(3, 'CurrentWeather'));  Broken Clouds at 910m",2017-02-16
12:00,8°C,5°C,210°15 Km/h,,50%,-2°C,1020.0mb,,"document.write(Icons.GetShortDescription(3, 'CurrentWeather'));  Broken Clouds at 910m",2017-02-16
13:00,9°C,7°C,200°13 Km/h,,46%,-2°C,1019.0mb,,"document.write(Icons.GetShortDescription(3, 'CurrentWeather'));  Broken Clouds at 760m",2017-02-16
14:00,9°C,7°C,220°11 Km/h,,54%,0°C,1019.0mb,,"document.write(Icons.GetShortDescription(3, 'CurrentWeather'));  Broken Clouds at 760m",2017-02-16
15:00,10°C,7°C,200°20 Km/h,,58%,2°C,1018.0mb,,"document.write(Icons.GetShortDescription(3, 'CurrentWeather'));  Broken Clouds at 1100m",2017-02-16
16:00,11°C,11°C,200°13 Km/h,,54%,2°C,1017.0mb,,"document.write(Icons.GetShortDescription(3, 'CurrentWeather'));  Broken Clouds at 910m",2017-02-16
17:00,11°C,11°C,210°17 Km/h,,58%,3°C,1017.0mb,,"document.write(Icons.GetShortDescription(3, 'CurrentWeather'));  Broken Clouds at 910m",2017-02-16
18:00,10°C,9°C,200°9 Km/h,,62%,3°C,1017.0mb,,"document.write(Icons.GetShortDescription(3, 'CurrentWeather'));  Broken Clouds at 910m",2017-02-16
19:00,10°C,9°C,180°9 Km/h,,67%,4°C,1016.0mb,,"document.write(Icons.GetShortDescription(3, 'CurrentWeather'));  Broken Clouds at 760m",2017-02-16
20:00,10°C,9°C,210°7 Km/h,,67%,4°C,1016.0mb,,"document.write(Icons.GetShortDescription(4, 'CurrentWeather'));  Broken Clouds at 760m, Cloudy at 3000m",2017-02-16
21:00,10°C,8°C,200°15 Km/h,,71%,5°C,1016.0mb,,"document.write(Icons.GetShortDescription(4, 'CurrentWeather'));  Broken Clouds at 760m, Cloudy at 3000m",2017-02-16
22:00,10°C,9°C,210°9 Km/h,,71%,5°C,1016.0mb,,"document.write(Icons.GetShortDescription(4, 'CurrentWeather'));  Few Clouds at 460m, Broken Clouds at 760m, Cloudy at 3000m",2017-02-16
23:00,10°C,8°C,260°13 Km/h,,76%,6°C,1015.0mb,,"document.write(Icons.GetShortDescription(4, 'CurrentWeather'));  Few Clouds at 300m, Broken Clouds at 760m, Cloudy at 3000m Haze",2017-02-16
