Time,Temperature,Relative Temperature,Wind,Wind Gust,Rel. humidity,Dew Point,Pressure,Icon,DescriptionDetails,date
00:00,8°C,8°C,330°4 Km/h,,66%,2°C,1020.0mb,,"document.write(Icons.GetShortDescription(1, 'CurrentWeather'));",2017-03-31
01:00,8°C,7°C,280°6 Km/h,,66%,2°C,1020.0mb,,"document.write(Icons.GetShortDescription(1, 'CurrentWeather'));  Haze",2017-03-31
02:00,8°C,7°C,330°6 Km/h,,66%,2°C,1019.0mb,,"document.write(Icons.GetShortDescription(1, 'CurrentWeather'));  Haze",2017-03-31
03:00,8°C,8°C,180°2 Km/h,,71%,3°C,1019.0mb,,"document.write(Icons.GetShortDescription(1, 'CurrentWeather'));  Haze",2017-03-31
04:00,8°C,8°C,300°2 Km/h,,66%,2°C,1019.0mb,,"document.write(Icons.GetShortDescription(1, 'CurrentWeather'));  Haze",2017-03-31
05:00,8°C,8°C,50°4 Km/h,,71%,3°C,1018.0mb,,"document.write(Icons.GetShortDescription(3, 'CurrentWeather'));  Scattered Clouds at 1100m, Broken Clouds at 3700m Haze",2017-03-31
06:00,8°C,7°C,300°6 Km/h,,76%,4°C,1018.0mb,,"document.write(Icons.GetShortDescription(7, 'CurrentWeather'));  Broken Clouds at 1100m, Cloudy at 3400m Light Rain, Haze",2017-03-31
07:00,7°C,7°C,220°4 Km/h,,81%,4°C,1019.0mb,,"document.write(Icons.GetShortDescription(4, 'CurrentWeather'));  Scattered Clouds at 1100m, Cloudy at 3400m Haze",2017-03-31
08:00,9°C,8°C,190°6 Km/h,,71%,4°C,1019.0mb,,"document.write(Icons.GetShortDescription(4, 'CurrentWeather'));  Scattered Clouds at 1100m, Cloudy at 3400m Haze",2017-03-31
09:00,11°C,11°C,170°15 Km/h,,62%,4°C,1019.0mb,,"document.write(Icons.GetShortDescription(4, 'CurrentWeather'));  Scattered Clouds at 1100m, Cloudy at 3400m",2017-03-31
10:00,12°C,12°C,160°13 Km/h,,51%,2°C,1019.0mb,,"document.write(Icons.GetShortDescription(4, 'CurrentWeather'));  Scattered Clouds at 1100m, Cloudy at 4600m",2017-03-31
11:00,13°C,13°C,220°11 Km/h,,44%,1°C,1019.0mb,,"document.write(Icons.GetShortDescription(4, 'CurrentWeather'));  Scattered Clouds at 1100m, Cloudy at 4600m",2017-03-31
12:00,11°C,11°C,280°11 Km/h,,58%,3°C,1018.0mb,,"document.write(Icons.GetShortDescription(7, 'CurrentWeather'));  Broken Clouds at 760m, Cloudy at 3000m Light Rain, Haze",2017-03-31
13:00,9°C,6°C,340°19 Km/h,,82%,6°C,1018.0mb,,"document.write(Icons.GetShortDescription(7, 'CurrentWeather'));  Few Clouds at 300m, Broken Clouds at 610m, Cloudy at 2700m Light Rain, Haze",2017-03-31
14:00,9°C,7°C,10°15 Km/h,,71%,4°C,1018.0mb,,"document.write(Icons.GetShortDescription(7, 'CurrentWeather'));  Few Clouds at 300m, Broken Clouds at 760m, Cloudy at 3000m Light Rain, Haze",2017-03-31
15:00,9°C,6°C,40°17 Km/h,,76%,5°C,1017.0mb,,"document.write(Icons.GetShortDescription(3, 'CurrentWeather'));  Few Clouds at 300m, Scattered Clouds at 910m, Broken Clouds at 3400m Haze",2017-03-31
16:00,9°C,7°C,50°15 Km/h,,71%,4°C,1017.0mb,,"document.write(Icons.GetShortDescription(3, 'CurrentWeather'));  Few Clouds at 300m, Scattered Clouds at 910m, Broken Clouds at 3700m",2017-03-31
17:00,9°C,7°C,30°15 Km/h,,66%,3°C,1017.0mb,,"document.write(Icons.GetShortDescription(4, 'CurrentWeather'));  Scattered Clouds at 910m, Cloudy at 3700m",2017-03-31
18:00,8°C,7°C,30°7 Km/h,,71%,3°C,1017.0mb,,"document.write(Icons.GetShortDescription(4, 'CurrentWeather'));  Scattered Clouds at 910m, Cloudy at 3700m",2017-03-31
19:00,8°C,6°C,60°9 Km/h,,71%,3°C,1017.0mb,,"document.write(Icons.GetShortDescription(4, 'CurrentWeather'));  Scattered Clouds at 760m, Cloudy at 4000m",2017-03-31
20:00,8°C,6°C,90°13 Km/h,,66%,2°C,1018.0mb,,"document.write(Icons.GetShortDescription(4, 'CurrentWeather'));  Scattered Clouds at 610m, Cloudy at 4000m",2017-03-31
21:00,7°C,5°C,70°9 Km/h,,66%,1°C,1018.0mb,,"document.write(Icons.GetShortDescription(4, 'CurrentWeather'));  Scattered Clouds at 760m, Cloudy at 3700m",2017-03-31
22:00,6°C,4°C,70°9 Km/h,,71%,1°C,1018.0mb,,"document.write(Icons.GetShortDescription(4, 'CurrentWeather'));  Scattered Clouds at 760m, Cloudy at 3700m",2017-03-31
23:00,6°C,4°C,110°9 Km/h,,66%,0°C,1018.0mb,,"document.write(Icons.GetShortDescription(3, 'CurrentWeather'));  Scattered Clouds at 760m, Broken Clouds at 3700m",2017-03-31
