Time,Temperature,Relative Temperature,Wind,Wind Gust,Rel. humidity,Dew Point,Pressure,Icon,DescriptionDetails,date
00:00,-3°C,-10°C,320°26 Km/h,,36%,-16°C,1021.0mb,,"document.write(Icons.GetShortDescription(1, 'CurrentWeather'));",2017-12-11
01:00,-4°C,-9°C,320°13 Km/h,,39%,-16°C,1021.0mb,,"document.write(Icons.GetShortDescription(1, 'CurrentWeather'));",2017-12-11
02:00,-4°C,-9°C,290°13 Km/h,,36%,-17°C,1021.0mb,,"document.write(Icons.GetShortDescription(1, 'CurrentWeather'));",2017-12-11
03:00,-5°C,-11°C,310°15 Km/h,,36%,-18°C,1022.0mb,,"document.write(Icons.GetShortDescription(1, 'CurrentWeather'));",2017-12-11
04:00,-6°C,-10°C,310°9 Km/h,,38%,-18°C,1022.0mb,,"document.write(Icons.GetShortDescription(1, 'CurrentWeather'));",2017-12-11
05:00,-6°C,-11°C,300°11 Km/h,,42%,-17°C,1021.0mb,,"document.write(Icons.GetShortDescription(1, 'CurrentWeather'));",2017-12-11
06:00,-6°C,-12°C,310°17 Km/h,,42%,-17°C,1022.0mb,,"document.write(Icons.GetShortDescription(1, 'CurrentWeather'));",2017-12-11
07:00,-6°C,-11°C,310°11 Km/h,,38%,-18°C,1022.0mb,,"document.write(Icons.GetShortDescription(1, 'CurrentWeather'));",2017-12-11
08:00,-6°C,-13°C,310°19 Km/h,,38%,-18°C,1023.0mb,,"document.write(Icons.GetShortDescription(2, 'CurrentWeather'));  Few Clouds at 910m",2017-12-11
09:00,-5°C,-12°C,300°26 Km/h,,36%,-18°C,1023.0mb,,"document.write(Icons.GetShortDescription(1, 'CurrentWeather'));",2017-12-11
10:00,-5°C,-13°C,300°33 Km/h,,30%,-20°C,1023.0mb,,"document.write(Icons.GetShortDescription(1, 'CurrentWeather'));",2017-12-11
11:00,-5°C,-13°C,310°31 Km/h,,30%,-20°C,1024.0mb,,"document.write(Icons.GetShortDescription(2, 'CurrentWeather'));  Few Clouds at 910m",2017-12-11
12:00,-5°C,-13°C,310°30 Km/h,,30%,-20°C,1023.0mb,,"document.write(Icons.GetShortDescription(2, 'CurrentWeather'));  Few Clouds at 910m",2017-12-11
13:00,-5°C,-12°C,320°24 Km/h,,30%,-20°C,1023.0mb,,"document.write(Icons.GetShortDescription(2, 'CurrentWeather'));  Few Clouds at 910m",2017-12-11
14:00,-5°C,-12°C,310°24 Km/h,,30%,-20°C,1023.0mb,,"document.write(Icons.GetShortDescription(2, 'CurrentWeather'));  Few Clouds at 910m",2017-12-11
15:00,-5°C,-12°C,310°24 Km/h,,30%,-20°C,1023.0mb,,"document.write(Icons.GetShortDescription(2, 'CurrentWeather'));  Few Clouds at 910m",2017-12-11
16:00,-6°C,-13°C,310°22 Km/h,,32%,-20°C,1024.0mb,,"document.write(Icons.GetShortDescription(2, 'CurrentWeather'));  Few Clouds at 910m",2017-12-11
17:00,-7°C,-14°C,310°20 Km/h,,38%,-19°C,1024.0mb,,"document.write(Icons.GetShortDescription(1, 'CurrentWeather'));",2017-12-11
18:00,-8°C,-15°C,310°19 Km/h,,38%,-20°C,1025.0mb,,"document.write(Icons.GetShortDescription(1, 'CurrentWeather'));",2017-12-11
19:00,-9°C,-16°C,340°17 Km/h,,45%,-19°C,1026.0mb,,"document.write(Icons.GetShortDescription(1, 'CurrentWeather'));",2017-12-11
20:00,-10°C,-16°C,320°11 Km/h,,48%,-19°C,1027.0mb,,"document.write(Icons.GetShortDescription(1, 'CurrentWeather'));",2017-12-11
21:00,-10°C,-18°C,330°19 Km/h,,48%,-19°C,1028.0mb,,"document.write(Icons.GetShortDescription(1, 'CurrentWeather'));",2017-12-11
22:00,-10°C,-17°C,330°17 Km/h,,44%,-20°C,1028.0mb,,"document.write(Icons.GetShortDescription(1, 'CurrentWeather'));",2017-12-11
23:00,-11°C,-16°C,360°9 Km/h,,48%,-20°C,1028.0mb,,"document.write(Icons.GetShortDescription(1, 'CurrentWeather'));",2017-12-11
