Time,Temperature,Relative Temperature,Wind,Wind Gust,Rel. humidity,Dew Point,Pressure,Icon,DescriptionDetails,date
00:00,-2°C,-5°C,320°9 Km/h,,64%,-8°C,1025.0mb,,"document.write(Icons.GetShortDescription(1, 'CurrentWeather'));",2017-01-05
01:00,-1°C,-4°C,330°7 Km/h,,59%,-8°C,1026.0mb,,"document.write(Icons.GetShortDescription(1, 'CurrentWeather'));",2017-01-05
02:00,-1°C,-3°C,30°6 Km/h,,59%,-8°C,1026.0mb,,"document.write(Icons.GetShortDescription(1, 'CurrentWeather'));",2017-01-05
03:00,-1°C,-1°C,10°4 Km/h,,64%,-7°C,1026.0mb,,"document.write(Icons.GetShortDescription(1, 'CurrentWeather'));",2017-01-05
04:00,-1°C,-1°C,330°4 Km/h,,64%,-7°C,1026.0mb,,"document.write(Icons.GetShortDescription(1, 'CurrentWeather'));",2017-01-05
05:00,-2°C,-2°C,10°2 Km/h,,74%,-6°C,1026.0mb,,"document.write(Icons.GetShortDescription(1, 'CurrentWeather'));",2017-01-05
06:00,-1°C,-3°C,10°6 Km/h,,69%,-6°C,1026.0mb,,"document.write(Icons.GetShortDescription(1, 'CurrentWeather'));",2017-01-05
07:00,-2°C,-4°C,330°6 Km/h,,69%,-7°C,1026.0mb,,"document.write(Icons.GetShortDescription(1, 'CurrentWeather'));",2017-01-05
08:00,-1°C,-4°C,330°7 Km/h,,64%,-7°C,1027.0mb,,"document.write(Icons.GetShortDescription(1, 'CurrentWeather'));",2017-01-05
09:00,0°C,-3°C,340°9 Km/h,,69%,-5°C,1027.0mb,,"document.write(Icons.GetShortDescription(1, 'CurrentWeather'));",2017-01-05
10:00,1°C,-1°C,340°7 Km/h,,65%,-5°C,1028.0mb,,"document.write(Icons.GetShortDescription(1, 'CurrentWeather'));",2017-01-05
11:00,3°C,1°C,360°7 Km/h,,48%,-7°C,1028.0mb,,"document.write(Icons.GetShortDescription(1, 'CurrentWeather'));",2017-01-05
12:00,5°C,3°C,360°7 Km/h,,42%,-7°C,1027.0mb,,"document.write(Icons.GetShortDescription(1, 'CurrentWeather'));",2017-01-05
13:00,6°C,4°C,40°7 Km/h,,42%,-6°C,1027.0mb,,"document.write(Icons.GetShortDescription(1, 'CurrentWeather'));",2017-01-05
14:00,8°C,5°C,90°15 Km/h,,43%,-4°C,1027.0mb,,"document.write(Icons.GetShortDescription(1, 'CurrentWeather'));",2017-01-05
15:00,8°C,6°C,100°13 Km/h,,43%,-4°C,1027.0mb,,"document.write(Icons.GetShortDescription(1, 'CurrentWeather'));",2017-01-05
16:00,8°C,6°C,100°13 Km/h,,43%,-4°C,1027.0mb,,"document.write(Icons.GetShortDescription(1, 'CurrentWeather'));",2017-01-05
17:00,8°C,5°C,100°15 Km/h,,43%,-4°C,1027.0mb,,"document.write(Icons.GetShortDescription(1, 'CurrentWeather'));",2017-01-05
18:00,7°C,5°C,90°11 Km/h,,46%,-4°C,1027.0mb,,"document.write(Icons.GetShortDescription(1, 'CurrentWeather'));",2017-01-05
19:00,7°C,5°C,80°11 Km/h,,46%,-4°C,1028.0mb,,"document.write(Icons.GetShortDescription(1, 'CurrentWeather'));",2017-01-05
20:00,7°C,5°C,80°9 Km/h,,46%,-4°C,1028.0mb,,"document.write(Icons.GetShortDescription(1, 'CurrentWeather'));",2017-01-05
21:00,7°C,4°C,100°17 Km/h,,46%,-4°C,1028.0mb,,"document.write(Icons.GetShortDescription(1, 'CurrentWeather'));",2017-01-05
22:00,6°C,2°C,100°20 Km/h,,49%,-4°C,1028.0mb,,"document.write(Icons.GetShortDescription(1, 'CurrentWeather'));",2017-01-05
23:00,6°C,4°C,90°11 Km/h,,49%,-4°C,1028.0mb,,"document.write(Icons.GetShortDescription(1, 'CurrentWeather'));",2017-01-05
