Time,Temperature,Relative Temperature,Wind,Wind Gust,Rel. humidity,Dew Point,Pressure,Icon,DescriptionDetails,date
00:00,-2°C,-4°C,320°6 Km/h,,64%,-8°C,1027.0mb,,"document.write(Icons.GetShortDescription(1, 'CurrentWeather'));",2017-02-27
01:00,0°C,0°C,330°4 Km/h,,51%,-9°C,1027.0mb,,"document.write(Icons.GetShortDescription(1, 'CurrentWeather'));",2017-02-27
02:00,-3°C,-3°C,320°4 Km/h,,64%,-9°C,1028.0mb,,"document.write(Icons.GetShortDescription(1, 'CurrentWeather'));",2017-02-27
03:00,-2°C,-2°C,360°4 Km/h,,64%,-8°C,1027.0mb,,"document.write(Icons.GetShortDescription(1, 'CurrentWeather'));",2017-02-27
04:00,-3°C,-3°C,340°4 Km/h,,64%,-9°C,1027.0mb,,"document.write(Icons.GetShortDescription(1, 'CurrentWeather'));",2017-02-27
05:00,-5°C,-8°C,310°6 Km/h,,68%,-10°C,1027.0mb,,"document.write(Icons.GetShortDescription(1, 'CurrentWeather'));",2017-02-27
06:00,-4°C,-4°C,340°4 Km/h,,69%,-9°C,1027.0mb,,"document.write(Icons.GetShortDescription(1, 'CurrentWeather'));",2017-02-27
07:00,-3°C,-3°C,10°4 Km/h,,74%,-7°C,1028.0mb,,"document.write(Icons.GetShortDescription(1, 'CurrentWeather'));",2017-02-27
08:00,-2°C,-4°C,330°6 Km/h,,69%,-7°C,1028.0mb,,"document.write(Icons.GetShortDescription(1, 'CurrentWeather'));",2017-02-27
09:00,1°C,-1°C,320°7 Km/h,,65%,-5°C,1029.0mb,,"document.write(Icons.GetShortDescription(1, 'CurrentWeather'));",2017-02-27
10:00,5°C,5°C,20°2 Km/h,,45%,-6°C,1029.0mb,,"document.write(Icons.GetShortDescription(1, 'CurrentWeather'));",2017-02-27
11:00,6°C,5°C,360°6 Km/h,,34%,-9°C,1028.0mb,,"document.write(Icons.GetShortDescription(1, 'CurrentWeather'));",2017-02-27
12:00,7°C,6°C,20°6 Km/h,,27%,-11°C,1028.0mb,,"document.write(Icons.GetShortDescription(1, 'CurrentWeather'));",2017-02-27
13:00,8°C,7°C,300°7 Km/h,,27%,-10°C,1027.0mb,,"document.write(Icons.GetShortDescription(1, 'CurrentWeather'));",2017-02-27
14:00,9°C,8°C,330°7 Km/h,,25%,-10°C,1026.0mb,,"document.write(Icons.GetShortDescription(1, 'CurrentWeather'));",2017-02-27
15:00,9°C,7°C,280°13 Km/h,,27%,-9°C,1026.0mb,,"document.write(Icons.GetShortDescription(1, 'CurrentWeather'));",2017-02-27
16:00,9°C,8°C,260°9 Km/h,,27%,-9°C,1026.0mb,,"document.write(Icons.GetShortDescription(1, 'CurrentWeather'));",2017-02-27
17:00,8°C,5°C,290°15 Km/h,,27%,-10°C,1026.0mb,,"document.write(Icons.GetShortDescription(1, 'CurrentWeather'));",2017-02-27
18:00,6°C,4°C,290°11 Km/h,,29%,-11°C,1026.0mb,,"document.write(Icons.GetShortDescription(1, 'CurrentWeather'));",2017-02-27
19:00,4°C,2°C,290°9 Km/h,,33%,-11°C,1026.0mb,,"document.write(Icons.GetShortDescription(1, 'CurrentWeather'));",2017-02-27
20:00,3°C,1°C,300°7 Km/h,,30%,-13°C,1027.0mb,,"document.write(Icons.GetShortDescription(1, 'CurrentWeather'));",2017-02-27
21:00,1°C,-1°C,350°6 Km/h,,41%,-11°C,1027.0mb,,"document.write(Icons.GetShortDescription(1, 'CurrentWeather'));",2017-02-27
22:00,1°C,-1°C,360°7 Km/h,,44%,-10°C,1027.0mb,,"document.write(Icons.GetShortDescription(1, 'CurrentWeather'));",2017-02-27
23:00,0°C,0°C,360°4 Km/h,,44%,-11°C,1027.0mb,,"document.write(Icons.GetShortDescription(1, 'CurrentWeather'));",2017-02-27
