Time,Temperature,Relative Temperature,Wind,Wind Gust,Rel. humidity,Dew Point,Pressure,Icon,DescriptionDetails,date
00:00,-8°C,-8°C,330°2 Km/h,,58%,-15°C,1031.0mb,,"document.write(Icons.GetShortDescription(1, 'CurrentWeather'));",2017-12-15
01:00,-9°C,-9°C,350°4 Km/h,,62%,-15°C,1030.0mb,,"document.write(Icons.GetShortDescription(1, 'CurrentWeather'));",2017-12-15
02:00,-10°C,-13°C,290°6 Km/h,,67%,-15°C,1030.0mb,,"document.write(Icons.GetShortDescription(1, 'CurrentWeather'));",2017-12-15
03:00,-10°C,-14°C,330°7 Km/h,,67%,-15°C,1030.0mb,,"document.write(Icons.GetShortDescription(1, 'CurrentWeather'));",2017-12-15
04:00,-9°C,-14°C,340°9 Km/h,,67%,-14°C,1030.0mb,,"document.write(Icons.GetShortDescription(1, 'CurrentWeather'));",2017-12-15
05:00,-10°C,-10°C,360°4 Km/h,,73%,-14°C,1029.0mb,,"document.write(Icons.GetShortDescription(1, 'CurrentWeather'));  Haze",2017-12-15
06:00,-9°C,-12°C,330°6 Km/h,,67%,-14°C,1029.0mb,,"document.write(Icons.GetShortDescription(1, 'CurrentWeather'));",2017-12-15
07:00,-9°C,-13°C,330°7 Km/h,,67%,-14°C,1029.0mb,,"document.write(Icons.GetShortDescription(1, 'CurrentWeather'));",2017-12-15
08:00,-8°C,-8°C,350°2 Km/h,,68%,-13°C,1029.0mb,,"document.write(Icons.GetShortDescription(1, 'CurrentWeather'));",2017-12-15
09:00,-6°C,-6°C,230°4 Km/h,,63%,-12°C,1029.0mb,,"document.write(Icons.GetShortDescription(3, 'CurrentWeather'));  Scattered Clouds at 910m, Broken Clouds at 6100m",2017-12-15
10:00,-5°C,-5°C,10°4 Km/h,,63%,-11°C,1029.0mb,,"document.write(Icons.GetShortDescription(3, 'CurrentWeather'));  Broken Clouds at 1200m, Broken Clouds at 5500m Haze",2017-12-15
11:00,-3°C,-3°C,360°2 Km/h,,59%,-10°C,1029.0mb,,"document.write(Icons.GetShortDescription(3, 'CurrentWeather'));  Broken Clouds at 1200m, Broken Clouds at 5500m",2017-12-15
12:00,-2°C,-2°C,40°2 Km/h,,55%,-10°C,1028.0mb,,"document.write(Icons.GetShortDescription(3, 'CurrentWeather'));  Broken Clouds at 1200m, Broken Clouds at 5500m",2017-12-15
13:00,-1°C,-1°C,170°2 Km/h,,47%,-11°C,1027.0mb,,"document.write(Icons.GetShortDescription(3, 'CurrentWeather'));  Broken Clouds at 910m, Broken Clouds at 4600m",2017-12-15
14:00,0°C,-3°C,160°7 Km/h,,37%,-13°C,1025.0mb,,"document.write(Icons.GetShortDescription(3, 'CurrentWeather'));  Broken Clouds at 910m, Broken Clouds at 4600m",2017-12-15
15:00,1°C,1°C,180°4 Km/h,,32%,-14°C,1024.0mb,,"document.write(Icons.GetShortDescription(3, 'CurrentWeather'));  Broken Clouds at 910m, Broken Clouds at 3700m",2017-12-15
16:00,1°C,1°C,180°4 Km/h,,29%,-15°C,1025.0mb,,"document.write(Icons.GetShortDescription(4, 'CurrentWeather'));  Broken Clouds at 910m, Cloudy at 3400m",2017-12-15
17:00,1°C,-1°C,180°6 Km/h,,32%,-14°C,1024.0mb,,"document.write(Icons.GetShortDescription(4, 'CurrentWeather'));  Broken Clouds at 910m, Cloudy at 3000m",2017-12-15
18:00,1°C,-1°C,180°7 Km/h,,32%,-14°C,1024.0mb,,"document.write(Icons.GetShortDescription(4, 'CurrentWeather'));  Broken Clouds at 910m, Cloudy at 3000m",2017-12-15
19:00,1°C,1°C,150°4 Km/h,,32%,-14°C,1024.0mb,,"document.write(Icons.GetShortDescription(26, 'CurrentWeather'));  Broken Clouds at 910m, Cloudy at 3000m Light Snowfall",2017-12-15
20:00,1°C,-1°C,240°6 Km/h,,41%,-11°C,1025.0mb,,"document.write(Icons.GetShortDescription(26, 'CurrentWeather'));  Broken Clouds at 910m, Cloudy at 3000m Light Snowfall",2017-12-15
21:00,-1°C,-5°C,320°13 Km/h,,55%,-9°C,1025.0mb,,"document.write(Icons.GetShortDescription(3, 'CurrentWeather'));  Broken Clouds at 760m Haze",2017-12-15
22:00,-2°C,-7°C,330°15 Km/h,,59%,-9°C,1026.0mb,,"document.write(Icons.GetShortDescription(3, 'CurrentWeather'));  Few Clouds at 300m, Broken Clouds at 610m Haze",2017-12-15
23:00,-3°C,-6°C,290°7 Km/h,,59%,-10°C,1026.0mb,,"document.write(Icons.GetShortDescription(3, 'CurrentWeather'));  Few Clouds at 300m, Broken Clouds at 760m Haze",2017-12-15
