Time,Temperature,Relative Temperature,Wind,Wind Gust,Rel. humidity,Dew Point,Pressure,Icon,DescriptionDetails,date
00:00,27°C,30°C,300°4 Km/h,,79%,23°C,1006.0mb,,"document.write(Icons.GetShortDescription(1, 'CurrentWeather'));",2017-08-03
01:00,27°C,30°C,310°4 Km/h,,79%,23°C,1005.0mb,,"document.write(Icons.GetShortDescription(1, 'CurrentWeather'));",2017-08-03
02:00,27°C,30°C,270°2 Km/h,,79%,23°C,1005.0mb,,"document.write(Icons.GetShortDescription(1, 'CurrentWeather'));",2017-08-03
03:00,27°C,30°C,160°7 Km/h,,84%,24°C,1005.0mb,,"document.write(Icons.GetShortDescription(2, 'CurrentWeather'));  Few Clouds at 910m, Scattered Clouds at 6100m",2017-08-03
04:00,27°C,30°C,180°4 Km/h,,84%,24°C,1005.0mb,,"document.write(Icons.GetShortDescription(3, 'CurrentWeather'));  Few Clouds at 910m, Broken Clouds at 6100m",2017-08-03
05:00,27°C,30°C,120°6 Km/h,,84%,24°C,1005.0mb,,"document.write(Icons.GetShortDescription(3, 'CurrentWeather'));  Few Clouds at 910m, Broken Clouds at 6100m",2017-08-03
06:00,27°C,30°C,190°6 Km/h,,79%,23°C,1005.0mb,,"document.write(Icons.GetShortDescription(1, 'CurrentWeather'));",2017-08-03
07:00,28°C,32°C,180°9 Km/h,,79%,24°C,1005.0mb,,"document.write(Icons.GetShortDescription(2, 'CurrentWeather'));  Few Clouds at 910m, Scattered Clouds at 6100m",2017-08-03
08:00,29°C,34°C,180°11 Km/h,,74%,24°C,1006.0mb,,"document.write(Icons.GetShortDescription(2, 'CurrentWeather'));  Few Clouds at 760m, Scattered Clouds at 6100m",2017-08-03
09:00,29°C,33°C,110°15 Km/h,,70%,23°C,1006.0mb,,"document.write(Icons.GetShortDescription(2, 'CurrentWeather'));  Few Clouds at 910m, Scattered Clouds at 6100m",2017-08-03
10:00,31°C,35°C,130°17 Km/h,,62%,23°C,1006.0mb,,"document.write(Icons.GetShortDescription(3, 'CurrentWeather'));  Few Clouds at 910m, Broken Clouds at 6100m",2017-08-03
11:00,32°C,36°C,150°11 Km/h,,55%,22°C,1005.0mb,,"document.write(Icons.GetShortDescription(3, 'CurrentWeather'));  Few Clouds at 910m, Broken Clouds at 6100m",2017-08-03
12:00,33°C,36°C,150°7 Km/h,,49%,21°C,1005.0mb,,"document.write(Icons.GetShortDescription(1, 'CurrentWeather'));",2017-08-03
13:00,33°C,35°C,210°9 Km/h,,46%,20°C,1004.0mb,,"document.write(Icons.GetShortDescription(1, 'CurrentWeather'));",2017-08-03
14:00,33°C,36°C,190°11 Km/h,,49%,21°C,1004.0mb,,"document.write(Icons.GetShortDescription(1, 'CurrentWeather'));",2017-08-03
15:00,34°C,37°C,190°11 Km/h,,47%,21°C,1003.0mb,,"document.write(Icons.GetShortDescription(1, 'CurrentWeather'));",2017-08-03
16:00,33°C,35°C,150°11 Km/h,,44%,19°C,1003.0mb,,"document.write(Icons.GetShortDescription(3, 'CurrentWeather'));  Few Clouds at 1200m, Broken Clouds at 5500m",2017-08-03
17:00,33°C,35°C,140°13 Km/h,,46%,20°C,1003.0mb,,"document.write(Icons.GetShortDescription(1, 'CurrentWeather'));",2017-08-03
18:00,32°C,34°C,130°17 Km/h,,49%,20°C,1003.0mb,,"document.write(Icons.GetShortDescription(1, 'CurrentWeather'));",2017-08-03
19:00,30°C,32°C,160°15 Km/h,,55%,20°C,1003.0mb,,"document.write(Icons.GetShortDescription(1, 'CurrentWeather'));",2017-08-03
20:00,29°C,30°C,150°17 Km/h,,55%,19°C,1004.0mb,,"document.write(Icons.GetShortDescription(1, 'CurrentWeather'));",2017-08-03
21:00,28°C,29°C,150°11 Km/h,,58%,19°C,1005.0mb,,"document.write(Icons.GetShortDescription(1, 'CurrentWeather'));",2017-08-03
22:00,29°C,31°C,170°9 Km/h,,58%,20°C,1005.0mb,,"document.write(Icons.GetShortDescription(1, 'CurrentWeather'));",2017-08-03
23:00,28°C,29°C,160°7 Km/h,,58%,19°C,1005.0mb,,"document.write(Icons.GetShortDescription(1, 'CurrentWeather'));",2017-08-03
