Time,Temperature,Relative Temperature,Wind,Wind Gust,Rel. humidity,Dew Point,Pressure,Icon,DescriptionDetails,date
00:00,-5°C,-8°C,330°7 Km/h,,46%,-15°C,1027.0mb,,"document.write(Icons.GetShortDescription(1, 'CurrentWeather'));",2017-02-12
01:00,-6°C,-6°C,110°2 Km/h,,54%,-14°C,1027.0mb,,"document.write(Icons.GetShortDescription(1, 'CurrentWeather'));",2017-02-12
02:00,-9°C,-9°C,190°4 Km/h,,57%,-16°C,1028.0mb,,"document.write(Icons.GetShortDescription(1, 'CurrentWeather'));",2017-02-12
03:00,-8°C,-8°C,210°2 Km/h,,58%,-15°C,1028.0mb,,"document.write(Icons.GetShortDescription(1, 'CurrentWeather'));",2017-02-12
04:00,-9°C,-9°C,60°2 Km/h,,57%,-16°C,1028.0mb,,"document.write(Icons.GetShortDescription(1, 'CurrentWeather'));",2017-02-12
05:00,-8°C,-8°C,50°4 Km/h,,62%,-14°C,1028.0mb,,"document.write(Icons.GetShortDescription(1, 'CurrentWeather'));",2017-02-12
06:00,-9°C,-9°C,350°4 Km/h,,73%,-13°C,1028.0mb,,"document.write(Icons.GetShortDescription(1, 'CurrentWeather'));",2017-02-12
07:00,-8°C,-8°C,20°4 Km/h,,68%,-13°C,1029.0mb,,"document.write(Icons.GetShortDescription(1, 'CurrentWeather'));",2017-02-12
08:00,-8°C,-8°C,300°2 Km/h,,68%,-13°C,1029.0mb,,"document.write(Icons.GetShortDescription(1, 'CurrentWeather'));",2017-02-12
09:00,-2°C,-2°C,Calm,,59%,-9°C,1029.0mb,,"document.write(Icons.GetShortDescription(1, 'CurrentWeather'));",2017-02-12
10:00,-1°C,-1°C,360°4 Km/h,,47%,-11°C,1029.0mb,,"document.write(Icons.GetShortDescription(1, 'CurrentWeather'));",2017-02-12
11:00,1°C,-2°C,280°9 Km/h,,35%,-13°C,1029.0mb,,"document.write(Icons.GetShortDescription(1, 'CurrentWeather'));",2017-02-12
12:00,2°C,-1°C,300°9 Km/h,,35%,-12°C,1029.0mb,,"document.write(Icons.GetShortDescription(1, 'CurrentWeather'));",2017-02-12
13:00,2°C,-2°C,280°15 Km/h,,30%,-14°C,1029.0mb,,"document.write(Icons.GetShortDescription(1, 'CurrentWeather'));",2017-02-12
14:00,3°C,0°C,270°13 Km/h,,30%,-13°C,1028.0mb,,"document.write(Icons.GetShortDescription(1, 'CurrentWeather'));",2017-02-12
15:00,3°C,0°C,260°13 Km/h,,33%,-12°C,1028.0mb,,"document.write(Icons.GetShortDescription(1, 'CurrentWeather'));",2017-02-12
16:00,3°C,-1°C,280°15 Km/h,,33%,-12°C,1028.0mb,,"document.write(Icons.GetShortDescription(1, 'CurrentWeather'));",2017-02-12
17:00,2°C,-1°C,260°11 Km/h,,35%,-12°C,1028.0mb,,"document.write(Icons.GetShortDescription(1, 'CurrentWeather'));",2017-02-12
18:00,0°C,-4°C,280°11 Km/h,,47%,-10°C,1028.0mb,,"document.write(Icons.GetShortDescription(1, 'CurrentWeather'));",2017-02-12
19:00,0°C,0°C,280°4 Km/h,,51%,-9°C,1029.0mb,,"document.write(Icons.GetShortDescription(1, 'CurrentWeather'));",2017-02-12
20:00,-1°C,-4°C,240°7 Km/h,,55%,-9°C,1029.0mb,,"document.write(Icons.GetShortDescription(1, 'CurrentWeather'));",2017-02-12
21:00,-1°C,-1°C,260°4 Km/h,,55%,-9°C,1029.0mb,,"document.write(Icons.GetShortDescription(1, 'CurrentWeather'));",2017-02-12
22:00,-3°C,-3°C,340°4 Km/h,,59%,-10°C,1029.0mb,,"document.write(Icons.GetShortDescription(1, 'CurrentWeather'));",2017-02-12
23:00,-4°C,-4°C,330°4 Km/h,,63%,-10°C,1030.0mb,,"document.write(Icons.GetShortDescription(1, 'CurrentWeather'));",2017-02-12
