Time,Temperature,Relative Temperature,Wind,Wind Gust,Rel. humidity,Dew Point,Pressure,Icon,DescriptionDetails,date
00:00,10°C,10°C,320°4 Km/h,,71%,5°C,1024.0mb,,"document.write(Icons.GetShortDescription(1, 'CurrentWeather'));",2017-10-14
01:00,9°C,8°C,320°6 Km/h,,71%,4°C,1024.0mb,,"document.write(Icons.GetShortDescription(1, 'CurrentWeather'));",2017-10-14
02:00,7°C,7°C,320°4 Km/h,,76%,3°C,1024.0mb,,"document.write(Icons.GetShortDescription(1, 'CurrentWeather'));",2017-10-14
03:00,7°C,6°C,330°7 Km/h,,76%,3°C,1025.0mb,,"document.write(Icons.GetShortDescription(1, 'CurrentWeather'));",2017-10-14
04:00,7°C,7°C,Calm,,81%,4°C,1025.0mb,,"document.write(Icons.GetShortDescription(1, 'CurrentWeather'));",2017-10-14
05:00,6°C,6°C,320°4 Km/h,,81%,3°C,1025.0mb,,"document.write(Icons.GetShortDescription(1, 'CurrentWeather'));",2017-10-14
06:00,6°C,6°C,330°4 Km/h,,81%,3°C,1026.0mb,,"document.write(Icons.GetShortDescription(1, 'CurrentWeather'));",2017-10-14
07:00,6°C,5°C,310°6 Km/h,,81%,3°C,1026.0mb,,"document.write(Icons.GetShortDescription(1, 'CurrentWeather'));",2017-10-14
08:00,10°C,10°C,320°6 Km/h,,82%,7°C,1027.0mb,,"document.write(Icons.GetShortDescription(1, 'CurrentWeather'));",2017-10-14
09:00,12°C,12°C,360°9 Km/h,,77%,8°C,1027.0mb,,"document.write(Icons.GetShortDescription(1, 'CurrentWeather'));",2017-10-14
10:00,15°C,15°C,30°6 Km/h,,72%,10°C,1027.0mb,,"document.write(Icons.GetShortDescription(1, 'CurrentWeather'));",2017-10-14
11:00,16°C,16°C,340°7 Km/h,,63%,9°C,1027.0mb,,"document.write(Icons.GetShortDescription(1, 'CurrentWeather'));",2017-10-14
12:00,18°C,18°C,80°4 Km/h,,46%,6°C,1027.0mb,,"document.write(Icons.GetShortDescription(1, 'CurrentWeather'));",2017-10-14
13:00,19°C,19°C,20°13 Km/h,,35%,3°C,1026.0mb,,"document.write(Icons.GetShortDescription(1, 'CurrentWeather'));",2017-10-14
14:00,19°C,19°C,340°17 Km/h,,28%,0°C,1025.0mb,,"document.write(Icons.GetShortDescription(1, 'CurrentWeather'));",2017-10-14
15:00,19°C,19°C,340°17 Km/h,,30%,1°C,1025.0mb,,"document.write(Icons.GetShortDescription(1, 'CurrentWeather'));",2017-10-14
16:00,18°C,18°C,340°22 Km/h,,30%,0°C,1025.0mb,,"document.write(Icons.GetShortDescription(1, 'CurrentWeather'));",2017-10-14
17:00,18°C,18°C,350°17 Km/h,,26%,-2°C,1025.0mb,,"document.write(Icons.GetShortDescription(1, 'CurrentWeather'));",2017-10-14
18:00,16°C,16°C,20°7 Km/h,,29%,-2°C,1025.0mb,,"document.write(Icons.GetShortDescription(1, 'CurrentWeather'));",2017-10-14
19:00,15°C,15°C,290°6 Km/h,,36%,0°C,1026.0mb,,"document.write(Icons.GetShortDescription(1, 'CurrentWeather'));",2017-10-14
20:00,13°C,13°C,340°9 Km/h,,41%,0°C,1026.0mb,,"document.write(Icons.GetShortDescription(1, 'CurrentWeather'));",2017-10-14
21:00,13°C,13°C,340°9 Km/h,,44%,1°C,1027.0mb,,"document.write(Icons.GetShortDescription(1, 'CurrentWeather'));",2017-10-14
22:00,13°C,13°C,360°9 Km/h,,41%,0°C,1027.0mb,,"document.write(Icons.GetShortDescription(1, 'CurrentWeather'));",2017-10-14
23:00,13°C,13°C,40°4 Km/h,,44%,1°C,1027.0mb,,"document.write(Icons.GetShortDescription(1, 'CurrentWeather'));",2017-10-14
