Time,Temperature,Relative Temperature,Wind,Wind Gust,Rel. humidity,Dew Point,Pressure,Icon,DescriptionDetails,date
00:00,28°C,32°C,320°6 Km/h,,79%,24°C,1002.0mb,,"document.write(Icons.GetShortDescription(1, 'CurrentWeather'));",2017-08-06
01:00,28°C,32°C,360°6 Km/h,,79%,24°C,1001.0mb,,"document.write(Icons.GetShortDescription(1, 'CurrentWeather'));",2017-08-06
02:00,27°C,30°C,330°9 Km/h,,79%,23°C,1001.0mb,,"document.write(Icons.GetShortDescription(1, 'CurrentWeather'));",2017-08-06
03:00,27°C,30°C,330°7 Km/h,,79%,23°C,1001.0mb,,"document.write(Icons.GetShortDescription(3, 'CurrentWeather'));  Few Clouds at 1200m, Broken Clouds at 5500m",2017-08-06
04:00,27°C,30°C,310°6 Km/h,,84%,24°C,1001.0mb,,"document.write(Icons.GetShortDescription(3, 'CurrentWeather'));  Scattered Clouds at 1200m, Broken Clouds at 5500m",2017-08-06
05:00,27°C,30°C,310°6 Km/h,,84%,24°C,1001.0mb,,"document.write(Icons.GetShortDescription(3, 'CurrentWeather'));  Scattered Clouds at 1200m, Broken Clouds at 5500m",2017-08-06
06:00,27°C,30°C,300°4 Km/h,,84%,24°C,1001.0mb,,"document.write(Icons.GetShortDescription(3, 'CurrentWeather'));  Scattered Clouds at 1200m, Broken Clouds at 4600m",2017-08-06
07:00,28°C,33°C,310°4 Km/h,,84%,25°C,1001.0mb,,"document.write(Icons.GetShortDescription(3, 'CurrentWeather'));  Scattered Clouds at 1200m, Broken Clouds at 4600m",2017-08-06
08:00,29°C,36°C,40°2 Km/h,,84%,26°C,1001.0mb,,"document.write(Icons.GetShortDescription(3, 'CurrentWeather'));  Scattered Clouds at 1200m, Broken Clouds at 4600m",2017-08-06
09:00,31°C,38°C,170°7 Km/h,,70%,25°C,1001.0mb,,"document.write(Icons.GetShortDescription(3, 'CurrentWeather'));  Scattered Clouds at 1200m, Broken Clouds at 3700m",2017-08-06
10:00,31°C,37°C,180°13 Km/h,,66%,24°C,1001.0mb,,"document.write(Icons.GetShortDescription(3, 'CurrentWeather'));  Scattered Clouds at 760m, Broken Clouds at 3400m",2017-08-06
10:24,30°C,34°C,190°13 Km/h,,66%,23°C,1002.0mb,,"document.write(Icons.GetShortDescription(7, 'CurrentWeather'));  Few Clouds at 460m, Broken Clouds at 760m, Cloudy at 2400m Rain",2017-08-06
10:47,28°C,31°C,140°13 Km/h,,70%,22°C,1002.0mb,,"document.write(Icons.GetShortDescription(3, 'CurrentWeather'));  Few Clouds at 300m, Broken Clouds at 910m, Broken Clouds at 3000m",2017-08-06
11:00,28°C,31°C,170°9 Km/h,,74%,23°C,1002.0mb,,"document.write(Icons.GetShortDescription(3, 'CurrentWeather'));  Few Clouds at 460m, Broken Clouds at 910m, Broken Clouds at 3400m",2017-08-06
12:00,30°C,34°C,160°11 Km/h,,66%,23°C,1001.0mb,,"document.write(Icons.GetShortDescription(3, 'CurrentWeather'));  Scattered Clouds at 910m, Broken Clouds at 3700m",2017-08-06
13:00,30°C,35°C,180°9 Km/h,,70%,24°C,1000.0mb,,"document.write(Icons.GetShortDescription(3, 'CurrentWeather'));  Broken Clouds at 910m, Broken Clouds at 3700m",2017-08-06
14:00,30°C,35°C,160°9 Km/h,,70%,24°C,1000.0mb,,"document.write(Icons.GetShortDescription(3, 'CurrentWeather'));  Few Clouds at 910m, Broken Clouds at 3700m",2017-08-06
15:00,32°C,38°C,200°9 Km/h,,63%,24°C,999.0mb,,"document.write(Icons.GetShortDescription(1, 'CurrentWeather'));",2017-08-06
16:00,33°C,38°C,230°6 Km/h,,56%,23°C,999.0mb,,"document.write(Icons.GetShortDescription(1, 'CurrentWeather'));",2017-08-06
17:00,32°C,37°C,300°15 Km/h,,59%,23°C,999.0mb,,"document.write(Icons.GetShortDescription(2, 'CurrentWeather'));  Few Clouds at 910m, Scattered Clouds at 4600m",2017-08-06
18:00,30°C,34°C,290°13 Km/h,,66%,23°C,998.0mb,,"document.write(Icons.GetShortDescription(3, 'CurrentWeather'));  Few Clouds at 910m, Broken Clouds at 3700m",2017-08-06
19:00,29°C,33°C,300°9 Km/h,,70%,23°C,999.0mb,,"document.write(Icons.GetShortDescription(2, 'CurrentWeather'));  Few Clouds at 1200m, Scattered Clouds at 3700m",2017-08-06
20:00,28°C,31°C,300°15 Km/h,,74%,23°C,999.0mb,,"document.write(Icons.GetShortDescription(1, 'CurrentWeather'));",2017-08-06
21:00,28°C,31°C,300°7 Km/h,,74%,23°C,1000.0mb,,"document.write(Icons.GetShortDescription(1, 'CurrentWeather'));",2017-08-06
22:00,27°C,30°C,260°2 Km/h,,79%,23°C,1000.0mb,,"document.write(Icons.GetShortDescription(1, 'CurrentWeather'));",2017-08-06
23:00,27°C,30°C,330°6 Km/h,,79%,23°C,1000.0mb,,"document.write(Icons.GetShortDescription(1, 'CurrentWeather'));",2017-08-06
