Time,Temperature,Relative Temperature,Wind,Wind Gust,Rel. humidity,Dew Point,Pressure,Icon,DescriptionDetails,date
00:00,20°C,20°C,300°2 Km/h,,78%,16°C,1010.0mb,,"document.write(Icons.GetShortDescription(1, 'CurrentWeather'));  Haze",2017-09-08
01:00,20°C,20°C,30°2 Km/h,,83%,17°C,1010.0mb,,"document.write(Icons.GetShortDescription(1, 'CurrentWeather'));  Haze",2017-09-08
02:00,20°C,20°C,320°4 Km/h,,88%,18°C,1010.0mb,,"document.write(Icons.GetShortDescription(1, 'CurrentWeather'));  Haze",2017-09-08
02:29,20°C,20°C,Calm,,83%,17°C,1010.0mb,,"document.write(Icons.GetShortDescription(1, 'CurrentWeather'));  Haze",2017-09-08
03:00,20°C,20°C,40°2 Km/h,,83%,17°C,1010.0mb,,"document.write(Icons.GetShortDescription(1, 'CurrentWeather'));  Haze",2017-09-08
04:00,20°C,20°C,140°7 Km/h,,88%,18°C,1010.0mb,,"document.write(Icons.GetShortDescription(1, 'CurrentWeather'));  Haze",2017-09-08
05:00,20°C,20°C,160°2 Km/h,,88%,18°C,1011.0mb,,"document.write(Icons.GetShortDescription(4, 'CurrentWeather'));  Limited visibility at 270m Fog",2017-09-08
05:16,20°C,20°C,140°4 Km/h,,83%,17°C,1011.0mb,,"document.write(Icons.GetShortDescription(2, 'CurrentWeather'));  Scattered Clouds at 300m Fog",2017-09-08
05:54,20°C,20°C,90°2 Km/h,,83%,17°C,1011.0mb,,"document.write(Icons.GetShortDescription(2, 'CurrentWeather'));  Scattered Clouds at 300m Haze",2017-09-08
06:00,20°C,20°C,90°2 Km/h,,88%,18°C,1011.0mb,,"document.write(Icons.GetShortDescription(2, 'CurrentWeather'));  Scattered Clouds at 300m Haze",2017-09-08
07:00,20°C,20°C,310°2 Km/h,,88%,18°C,1012.0mb,,"document.write(Icons.GetShortDescription(2, 'CurrentWeather'));  Scattered Clouds at 300m Fog",2017-09-08
08:00,22°C,23°C,350°2 Km/h,,88%,20°C,1012.0mb,,"document.write(Icons.GetShortDescription(2, 'CurrentWeather'));  Scattered Clouds at 300m Haze",2017-09-08
09:00,23°C,24°C,330°7 Km/h,,83%,20°C,1012.0mb,,"document.write(Icons.GetShortDescription(2, 'CurrentWeather'));  Scattered Clouds at 300m Haze",2017-09-08
10:00,25°C,26°C,310°4 Km/h,,79%,21°C,1012.0mb,,"document.write(Icons.GetShortDescription(2, 'CurrentWeather'));  Scattered Clouds at 610m Haze",2017-09-08
10:14,24°C,25°C,280°4 Km/h,,78%,20°C,1012.0mb,,"document.write(Icons.GetShortDescription(2, 'CurrentWeather'));  Few Clouds at 610m Haze",2017-09-08
11:00,26°C,27°C,350°6 Km/h,,70%,20°C,1012.0mb,,"document.write(Icons.GetShortDescription(2, 'CurrentWeather'));  Few Clouds at 760m",2017-09-08
12:00,27°C,28°C,320°9 Km/h,,54%,17°C,1012.0mb,,"document.write(Icons.GetShortDescription(2, 'CurrentWeather'));  Few Clouds at 910m",2017-09-08
13:00,28°C,28°C,290°7 Km/h,,48%,16°C,1011.0mb,,"document.write(Icons.GetShortDescription(1, 'CurrentWeather'));",2017-09-08
14:00,29°C,29°C,290°7 Km/h,,45%,16°C,1011.0mb,,"document.write(Icons.GetShortDescription(2, 'CurrentWeather'));  Few Clouds at 760m",2017-09-08
15:00,28°C,28°C,310°15 Km/h,,48%,16°C,1010.0mb,,"document.write(Icons.GetShortDescription(2, 'CurrentWeather'));  Few Clouds at 760m",2017-09-08
16:00,28°C,28°C,280°13 Km/h,,42%,14°C,1010.0mb,,"document.write(Icons.GetShortDescription(2, 'CurrentWeather'));  Few Clouds at 760m",2017-09-08
17:00,27°C,27°C,280°17 Km/h,,45%,14°C,1010.0mb,,"document.write(Icons.GetShortDescription(1, 'CurrentWeather'));",2017-09-08
18:00,26°C,26°C,300°9 Km/h,,51%,15°C,1010.0mb,,"document.write(Icons.GetShortDescription(1, 'CurrentWeather'));",2017-09-08
19:00,24°C,24°C,270°6 Km/h,,57%,15°C,1010.0mb,,"document.write(Icons.GetShortDescription(1, 'CurrentWeather'));",2017-09-08
20:00,23°C,23°C,280°9 Km/h,,65%,16°C,1011.0mb,,"document.write(Icons.GetShortDescription(1, 'CurrentWeather'));",2017-09-08
21:00,22°C,22°C,280°7 Km/h,,73%,17°C,1012.0mb,,"document.write(Icons.GetShortDescription(1, 'CurrentWeather'));  Haze",2017-09-08
22:00,22°C,22°C,70°4 Km/h,,78%,18°C,1012.0mb,,"document.write(Icons.GetShortDescription(1, 'CurrentWeather'));  Haze",2017-09-08
23:00,21°C,21°C,20°6 Km/h,,83%,18°C,1012.0mb,,"document.write(Icons.GetShortDescription(1, 'CurrentWeather'));  Haze",2017-09-08
