Time,Temperature,Relative Temperature,Wind,Wind Gust,Rel. humidity,Dew Point,Pressure,Icon,DescriptionDetails,date
00:00,19°C,19°C,Calm,,78%,15°C,1021.0mb,,"document.write(Icons.GetShortDescription(2, 'CurrentWeather'));  Few Clouds at 300m, Scattered Clouds at 4600m Haze",2017-10-10
01:00,18°C,18°C,90°2 Km/h,,83%,15°C,1020.0mb,,"document.write(Icons.GetShortDescription(3, 'CurrentWeather'));  Few Clouds at 300m, Scattered Clouds at 4300m, Broken Clouds at 6100m Haze",2017-10-10
02:00,18°C,18°C,320°4 Km/h,,83%,15°C,1020.0mb,,"document.write(Icons.GetShortDescription(3, 'CurrentWeather'));  Few Clouds at 300m, Scattered Clouds at 4300m, Broken Clouds at 6100m Haze",2017-10-10
03:00,17°C,17°C,310°4 Km/h,,88%,15°C,1020.0mb,,"document.write(Icons.GetShortDescription(3, 'CurrentWeather'));  Few Clouds at 300m, Scattered Clouds at 4300m, Broken Clouds at 6100m Haze",2017-10-10
04:00,17°C,17°C,360°2 Km/h,,88%,15°C,1020.0mb,,"document.write(Icons.GetShortDescription(3, 'CurrentWeather'));  Few Clouds at 300m, Scattered Clouds at 4300m, Broken Clouds at 6100m Haze",2017-10-10
05:00,18°C,18°C,Calm,,83%,15°C,1020.0mb,,"document.write(Icons.GetShortDescription(3, 'CurrentWeather'));  Scattered Clouds at 300m, Broken Clouds at 4300m Haze",2017-10-10
06:00,17°C,17°C,170°6 Km/h,,88%,15°C,1020.0mb,,"document.write(Icons.GetShortDescription(3, 'CurrentWeather'));  Few Clouds at 910m, Broken Clouds at 4300m Haze",2017-10-10
07:00,18°C,18°C,140°6 Km/h,,88%,16°C,1020.0mb,,"document.write(Icons.GetShortDescription(3, 'CurrentWeather'));  Few Clouds at 910m, Broken Clouds at 4300m, Broken Clouds at 6100m Haze",2017-10-10
08:00,19°C,19°C,150°7 Km/h,,88%,17°C,1020.0mb,,"document.write(Icons.GetShortDescription(3, 'CurrentWeather'));  Few Clouds at 910m, Broken Clouds at 4300m, Broken Clouds at 6100m Haze",2017-10-10
09:00,21°C,21°C,200°7 Km/h,,83%,18°C,1020.0mb,,"document.write(Icons.GetShortDescription(4, 'CurrentWeather'));  Scattered Clouds at 910m, Cloudy at 4300m Haze",2017-10-10
10:00,22°C,22°C,170°9 Km/h,,78%,18°C,1020.0mb,,"document.write(Icons.GetShortDescription(3, 'CurrentWeather'));  Scattered Clouds at 910m, Broken Clouds at 4000m",2017-10-10
11:00,23°C,23°C,180°11 Km/h,,69%,17°C,1019.0mb,,"document.write(Icons.GetShortDescription(7, 'CurrentWeather'));  Scattered Clouds at 910m, Cloudy at 4600m Light Rain",2017-10-10
12:00,23°C,23°C,200°7 Km/h,,69%,17°C,1020.0mb,,"document.write(Icons.GetShortDescription(4, 'CurrentWeather'));  Broken Clouds at 760m, Cloudy at 3400m",2017-10-10
13:00,24°C,24°C,200°7 Km/h,,65%,17°C,1019.0mb,,"document.write(Icons.GetShortDescription(4, 'CurrentWeather'));  Broken Clouds at 760m, Cloudy at 3400m",2017-10-10
14:00,24°C,24°C,230°9 Km/h,,61%,16°C,1018.0mb,,"document.write(Icons.GetShortDescription(4, 'CurrentWeather'));  Broken Clouds at 760m, Cloudy at 3700m",2017-10-10
15:00,24°C,24°C,190°9 Km/h,,61%,16°C,1018.0mb,,"document.write(Icons.GetShortDescription(4, 'CurrentWeather'));  Broken Clouds at 760m, Cloudy at 3700m",2017-10-10
16:00,23°C,23°C,210°11 Km/h,,61%,15°C,1018.0mb,,"document.write(Icons.GetShortDescription(4, 'CurrentWeather'));  Broken Clouds at 910m, Cloudy at 3700m",2017-10-10
17:00,23°C,23°C,220°4 Km/h,,61%,15°C,1018.0mb,,"document.write(Icons.GetShortDescription(4, 'CurrentWeather'));  Broken Clouds at 910m, Cloudy at 3700m",2017-10-10
18:00,22°C,22°C,150°9 Km/h,,65%,15°C,1017.0mb,,"document.write(Icons.GetShortDescription(4, 'CurrentWeather'));  Broken Clouds at 1200m, Cloudy at 3700m",2017-10-10
19:00,22°C,22°C,170°7 Km/h,,69%,16°C,1017.0mb,,"document.write(Icons.GetShortDescription(7, 'CurrentWeather'));  Broken Clouds at 910m, Cloudy at 3700m Light Rain",2017-10-10
20:00,22°C,22°C,190°7 Km/h,,69%,16°C,1017.0mb,,"document.write(Icons.GetShortDescription(7, 'CurrentWeather'));  Broken Clouds at 610m, Cloudy at 3000m Light Rain",2017-10-10
21:00,22°C,22°C,210°17 Km/h,,73%,17°C,1016.0mb,,"document.write(Icons.GetShortDescription(7, 'CurrentWeather'));  Broken Clouds at 910m, Cloudy at 3000m Light Rain",2017-10-10
22:00,21°C,21°C,220°11 Km/h,,83%,18°C,1016.0mb,,"document.write(Icons.GetShortDescription(7, 'CurrentWeather'));  Scattered Clouds at 300m, Broken Clouds at 910m, Cloudy at 3000m Light Rain, Haze",2017-10-10
23:00,21°C,21°C,230°15 Km/h,,83%,18°C,1016.0mb,,"document.write(Icons.GetShortDescription(7, 'CurrentWeather'));  Scattered Clouds at 240m, Broken Clouds at 760m, Cloudy at 2400m Light Rain",2017-10-10
