Time,Temperature,Relative Temperature,Wind,Wind Gust,Rel. humidity,Dew Point,Pressure,Icon,DescriptionDetails,date
00:00,18°C,18°C,300°13 Km/h,,46%,6°C,1001.0mb,,"document.write(Icons.GetShortDescription(1, 'CurrentWeather'));",2017-06-02
01:00,16°C,16°C,350°7 Km/h,,52%,6°C,1002.0mb,,"document.write(Icons.GetShortDescription(1, 'CurrentWeather'));",2017-06-02
02:00,15°C,15°C,350°13 Km/h,,55%,6°C,1002.0mb,,"document.write(Icons.GetShortDescription(1, 'CurrentWeather'));",2017-06-02
03:00,16°C,16°C,10°13 Km/h,,55%,7°C,1002.0mb,,"document.write(Icons.GetShortDescription(1, 'CurrentWeather'));",2017-06-02
04:00,14°C,14°C,10°6 Km/h,,67%,8°C,1003.0mb,,"document.write(Icons.GetShortDescription(1, 'CurrentWeather'));",2017-06-02
05:00,14°C,14°C,360°6 Km/h,,72%,9°C,1003.0mb,,"document.write(Icons.GetShortDescription(1, 'CurrentWeather'));",2017-06-02
06:00,14°C,14°C,330°6 Km/h,,72%,9°C,1003.0mb,,"document.write(Icons.GetShortDescription(1, 'CurrentWeather'));",2017-06-02
07:00,17°C,17°C,270°4 Km/h,,64%,10°C,1004.0mb,,"document.write(Icons.GetShortDescription(1, 'CurrentWeather'));",2017-06-02
08:00,19°C,19°C,330°17 Km/h,,40%,5°C,1004.0mb,,"document.write(Icons.GetShortDescription(1, 'CurrentWeather'));",2017-06-02
09:00,21°C,21°C,330°13 Km/h,,35%,5°C,1004.0mb,,"document.write(Icons.GetShortDescription(1, 'CurrentWeather'));",2017-06-02
10:00,22°C,21°C,320°15 Km/h,,29%,3°C,1004.0mb,,"document.write(Icons.GetShortDescription(1, 'CurrentWeather'));",2017-06-02
11:00,22°C,21°C,320°6 Km/h,,23%,0°C,1004.0mb,,"document.write(Icons.GetShortDescription(1, 'CurrentWeather'));",2017-06-02
12:00,23°C,22°C,330°9 Km/h,,23%,1°C,1005.0mb,,"document.write(Icons.GetShortDescription(1, 'CurrentWeather'));",2017-06-02
13:00,24°C,23°C,310°19 Km/h,,25%,3°C,1005.0mb,,"document.write(Icons.GetShortDescription(1, 'CurrentWeather'));",2017-06-02
14:00,25°C,24°C,290°13 Km/h,,26%,4°C,1004.0mb,,"document.write(Icons.GetShortDescription(1, 'CurrentWeather'));",2017-06-02
15:00,24°C,23°C,280°24 Km/h,,27%,4°C,1004.0mb,,"document.write(Icons.GetShortDescription(1, 'CurrentWeather'));",2017-06-02
16:00,24°C,23°C,260°20 Km/h,,31%,6°C,1004.0mb,,"document.write(Icons.GetShortDescription(1, 'CurrentWeather'));",2017-06-02
17:00,23°C,22°C,280°17 Km/h,,31%,5°C,1004.0mb,,"document.write(Icons.GetShortDescription(1, 'CurrentWeather'));",2017-06-02
18:00,23°C,22°C,280°17 Km/h,,31%,5°C,1004.0mb,,"document.write(Icons.GetShortDescription(1, 'CurrentWeather'));",2017-06-02
19:00,21°C,21°C,300°17 Km/h,,33%,4°C,1004.0mb,,"document.write(Icons.GetShortDescription(1, 'CurrentWeather'));",2017-06-02
20:00,20°C,20°C,310°15 Km/h,,35%,4°C,1005.0mb,,"document.write(Icons.GetShortDescription(7, 'CurrentWeather'));  Few Clouds at 910m, Broken Clouds at 3400m Light Rain",2017-06-02
21:00,19°C,19°C,280°13 Km/h,,40%,5°C,1005.0mb,,"document.write(Icons.GetShortDescription(1, 'CurrentWeather'));",2017-06-02
22:00,19°C,19°C,300°9 Km/h,,43%,6°C,1006.0mb,,"document.write(Icons.GetShortDescription(7, 'CurrentWeather'));  Few Clouds at 910m, Broken Clouds at 3400m Light Rain",2017-06-02
23:00,19°C,19°C,300°9 Km/h,,37%,4°C,1006.0mb,,"document.write(Icons.GetShortDescription(1, 'CurrentWeather'));",2017-06-02
