Time,Temperature,Relative Temperature,Wind,Wind Gust,Rel. humidity,Dew Point,Pressure,Icon,DescriptionDetails,date
00:00,6°C,6°C,330°4 Km/h,,71%,1°C,1024.0mb,,"document.write(Icons.GetShortDescription(1, 'CurrentWeather'));  Haze",2017-04-04
01:00,5°C,5°C,310°2 Km/h,,70%,0°C,1024.0mb,,"document.write(Icons.GetShortDescription(1, 'CurrentWeather'));  Haze",2017-04-04
02:00,5°C,5°C,320°2 Km/h,,66%,-1°C,1024.0mb,,"document.write(Icons.GetShortDescription(1, 'CurrentWeather'));  Haze",2017-04-04
03:00,4°C,4°C,360°4 Km/h,,75%,0°C,1024.0mb,,"document.write(Icons.GetShortDescription(1, 'CurrentWeather'));  Haze",2017-04-04
04:00,5°C,5°C,30°2 Km/h,,76%,1°C,1024.0mb,,"document.write(Icons.GetShortDescription(1, 'CurrentWeather'));  Haze",2017-04-04
05:00,2°C,2°C,340°2 Km/h,,75%,-2°C,1024.0mb,,"document.write(Icons.GetShortDescription(1, 'CurrentWeather'));  Haze",2017-04-04
06:00,3°C,3°C,350°4 Km/h,,75%,-1°C,1025.0mb,,"document.write(Icons.GetShortDescription(1, 'CurrentWeather'));  Haze",2017-04-04
07:00,4°C,4°C,330°2 Km/h,,81%,1°C,1025.0mb,,"document.write(Icons.GetShortDescription(1, 'CurrentWeather'));  Haze",2017-04-04
08:00,9°C,9°C,330°2 Km/h,,62%,2°C,1025.0mb,,"document.write(Icons.GetShortDescription(1, 'CurrentWeather'));  Haze",2017-04-04
09:00,13°C,13°C,210°2 Km/h,,41%,0°C,1026.0mb,,"document.write(Icons.GetShortDescription(1, 'CurrentWeather'));",2017-04-04
10:00,16°C,16°C,180°13 Km/h,,29%,-2°C,1025.0mb,,"document.write(Icons.GetShortDescription(1, 'CurrentWeather'));",2017-04-04
11:00,18°C,18°C,200°7 Km/h,,28%,-1°C,1025.0mb,,"document.write(Icons.GetShortDescription(1, 'CurrentWeather'));",2017-04-04
12:00,19°C,19°C,240°11 Km/h,,28%,0°C,1024.0mb,,"document.write(Icons.GetShortDescription(1, 'CurrentWeather'));",2017-04-04
13:00,19°C,19°C,220°11 Km/h,,28%,0°C,1024.0mb,,"document.write(Icons.GetShortDescription(1, 'CurrentWeather'));",2017-04-04
14:00,20°C,20°C,240°17 Km/h,,23%,-2°C,1023.0mb,,"document.write(Icons.GetShortDescription(1, 'CurrentWeather'));",2017-04-04
15:00,19°C,19°C,270°17 Km/h,,26%,-1°C,1022.0mb,,"document.write(Icons.GetShortDescription(1, 'CurrentWeather'));",2017-04-04
16:00,19°C,19°C,290°19 Km/h,,24%,-2°C,1022.0mb,,"document.write(Icons.GetShortDescription(1, 'CurrentWeather'));",2017-04-04
17:00,18°C,18°C,300°20 Km/h,,24%,-3°C,1022.0mb,,"document.write(Icons.GetShortDescription(1, 'CurrentWeather'));",2017-04-04
18:00,15°C,15°C,310°13 Km/h,,34%,-1°C,1022.0mb,,"document.write(Icons.GetShortDescription(1, 'CurrentWeather'));",2017-04-04
19:00,14°C,14°C,310°9 Km/h,,41%,1°C,1022.0mb,,"document.write(Icons.GetShortDescription(1, 'CurrentWeather'));",2017-04-04
20:00,13°C,13°C,10°6 Km/h,,44%,1°C,1022.0mb,,"document.write(Icons.GetShortDescription(1, 'CurrentWeather'));",2017-04-04
21:00,13°C,13°C,360°6 Km/h,,44%,1°C,1022.0mb,,"document.write(Icons.GetShortDescription(1, 'CurrentWeather'));",2017-04-04
22:00,12°C,12°C,360°7 Km/h,,51%,2°C,1022.0mb,,"document.write(Icons.GetShortDescription(1, 'CurrentWeather'));",2017-04-04
23:00,11°C,11°C,230°6 Km/h,,54%,2°C,1022.0mb,,"document.write(Icons.GetShortDescription(1, 'CurrentWeather'));",2017-04-04
