Time,Temperature,Relative Temperature,Wind,Wind Gust,Rel. humidity,Dew Point,Pressure,Icon,DescriptionDetails,date
00:00,23°C,24°C,320°4 Km/h,,89%,21°C,1009.0mb,,"document.write(Icons.GetShortDescription(1, 'CurrentWeather'));",2017-07-13
01:00,23°C,24°C,280°2 Km/h,,89%,21°C,1009.0mb,,"document.write(Icons.GetShortDescription(1, 'CurrentWeather'));",2017-07-13
02:00,23°C,24°C,330°4 Km/h,,83%,20°C,1009.0mb,,"document.write(Icons.GetShortDescription(1, 'CurrentWeather'));",2017-07-13
03:00,23°C,24°C,250°2 Km/h,,89%,21°C,1009.0mb,,"document.write(Icons.GetShortDescription(2, 'CurrentWeather'));  Few Clouds at 460m Haze",2017-07-13
04:00,22°C,23°C,330°4 Km/h,,88%,20°C,1008.0mb,,"document.write(Icons.GetShortDescription(2, 'CurrentWeather'));  Few Clouds at 460m Haze",2017-07-13
05:00,22°C,23°C,340°2 Km/h,,88%,20°C,1009.0mb,,"document.write(Icons.GetShortDescription(2, 'CurrentWeather'));  Few Clouds at 460m Haze",2017-07-13
05:43,22°C,23°C,340°6 Km/h,,88%,20°C,1009.0mb,,"document.write(Icons.GetShortDescription(2, 'CurrentWeather'));  Few Clouds at 460m Haze",2017-07-13
06:00,22°C,23°C,360°2 Km/h,,88%,20°C,1009.0mb,,"document.write(Icons.GetShortDescription(2, 'CurrentWeather'));  Few Clouds at 460m Haze",2017-07-13
07:00,25°C,26°C,180°4 Km/h,,79%,21°C,1009.0mb,,"document.write(Icons.GetShortDescription(2, 'CurrentWeather'));  Scattered Clouds at 1100m Haze",2017-07-13
08:00,26°C,27°C,190°7 Km/h,,74%,21°C,1009.0mb,,"document.write(Icons.GetShortDescription(2, 'CurrentWeather'));  Scattered Clouds at 1100m Haze",2017-07-13
09:00,27°C,29°C,180°6 Km/h,,70%,21°C,1009.0mb,,"document.write(Icons.GetShortDescription(2, 'CurrentWeather'));  Scattered Clouds at 1100m Haze",2017-07-13
10:00,29°C,31°C,200°9 Km/h,,58%,20°C,1009.0mb,,"document.write(Icons.GetShortDescription(2, 'CurrentWeather'));  Scattered Clouds at 1200m",2017-07-13
11:00,30°C,33°C,220°7 Km/h,,59%,21°C,1009.0mb,,"document.write(Icons.GetShortDescription(2, 'CurrentWeather'));  Few Clouds at 1200m Haze",2017-07-13
12:00,30°C,32°C,210°6 Km/h,,55%,20°C,1008.0mb,,"document.write(Icons.GetShortDescription(2, 'CurrentWeather'));  Scattered Clouds at 1200m Haze",2017-07-13
13:00,29°C,32°C,360°13 Km/h,,66%,22°C,1008.0mb,,"document.write(Icons.GetShortDescription(2, 'CurrentWeather'));  Scattered Clouds at 1200m Haze",2017-07-13
14:00,30°C,33°C,300°13 Km/h,,59%,21°C,1008.0mb,,"document.write(Icons.GetShortDescription(2, 'CurrentWeather'));  Scattered Clouds at 1200m",2017-07-13
15:00,31°C,34°C,260°7 Km/h,,55%,21°C,1007.0mb,,"document.write(Icons.GetShortDescription(2, 'CurrentWeather'));  Scattered Clouds at 1200m",2017-07-13
16:00,31°C,34°C,270°11 Km/h,,55%,21°C,1007.0mb,,"document.write(Icons.GetShortDescription(2, 'CurrentWeather'));  Scattered Clouds at 1200m",2017-07-13
17:00,31°C,35°C,280°9 Km/h,,59%,22°C,1007.0mb,,"document.write(Icons.GetShortDescription(2, 'CurrentWeather'));  Scattered Clouds at 1200m",2017-07-13
18:00,31°C,34°C,290°7 Km/h,,55%,21°C,1006.0mb,,"document.write(Icons.GetShortDescription(2, 'CurrentWeather'));  Few Clouds at 1100m",2017-07-13
19:00,30°C,33°C,300°9 Km/h,,59%,21°C,1006.0mb,,"document.write(Icons.GetShortDescription(2, 'CurrentWeather'));  Few Clouds at 1100m",2017-07-13
20:00,27°C,29°C,290°9 Km/h,,74%,22°C,1006.0mb,,"document.write(Icons.GetShortDescription(2, 'CurrentWeather'));  Few Clouds at 1100m",2017-07-13
21:00,26°C,28°C,320°7 Km/h,,79%,22°C,1006.0mb,,"document.write(Icons.GetShortDescription(1, 'CurrentWeather'));",2017-07-13
22:00,25°C,26°C,340°6 Km/h,,79%,21°C,1007.0mb,,"document.write(Icons.GetShortDescription(1, 'CurrentWeather'));",2017-07-13
23:00,25°C,26°C,360°6 Km/h,,83%,22°C,1007.0mb,,"document.write(Icons.GetShortDescription(1, 'CurrentWeather'));  Haze",2017-07-13
