Time,Temperature,Relative Temperature,Wind,Wind Gust,Rel. humidity,Dew Point,Pressure,Icon,DescriptionDetails,date
00:00,22°C,22°C,100°4 Km/h,,65%,15°C,1005.0mb,,"document.write(Icons.GetShortDescription(1, 'CurrentWeather'));",2017-06-24
01:00,22°C,22°C,160°9 Km/h,,57%,13°C,1004.0mb,,"document.write(Icons.GetShortDescription(1, 'CurrentWeather'));",2017-06-24
02:00,23°C,23°C,200°9 Km/h,,61%,15°C,1004.0mb,,"document.write(Icons.GetShortDescription(1, 'CurrentWeather'));",2017-06-24
03:00,23°C,23°C,200°13 Km/h,,57%,14°C,1005.0mb,,"document.write(Icons.GetShortDescription(1, 'CurrentWeather'));",2017-06-24
04:00,22°C,22°C,190°7 Km/h,,61%,14°C,1005.0mb,,"document.write(Icons.GetShortDescription(1, 'CurrentWeather'));",2017-06-24
05:00,20°C,20°C,150°6 Km/h,,64%,13°C,1005.0mb,,"document.write(Icons.GetShortDescription(1, 'CurrentWeather'));",2017-06-24
06:00,21°C,21°C,140°7 Km/h,,64%,14°C,1005.0mb,,"document.write(Icons.GetShortDescription(1, 'CurrentWeather'));",2017-06-24
07:00,23°C,23°C,150°7 Km/h,,57%,14°C,1004.0mb,,"document.write(Icons.GetShortDescription(1, 'CurrentWeather'));",2017-06-24
08:00,24°C,24°C,170°6 Km/h,,54%,14°C,1004.0mb,,"document.write(Icons.GetShortDescription(1, 'CurrentWeather'));",2017-06-24
09:00,25°C,25°C,170°4 Km/h,,51%,14°C,1004.0mb,,"document.write(Icons.GetShortDescription(1, 'CurrentWeather'));",2017-06-24
10:00,26°C,26°C,170°6 Km/h,,45%,13°C,1003.0mb,,"document.write(Icons.GetShortDescription(4, 'CurrentWeather'));  Few Clouds at 910m, Scattered Clouds at 3400m, Cloudy at 5500m",2017-06-24
11:00,27°C,27°C,200°6 Km/h,,45%,14°C,1003.0mb,,"document.write(Icons.GetShortDescription(4, 'CurrentWeather'));  Few Clouds at 910m, Scattered Clouds at 3400m, Cloudy at 5500m",2017-06-24
12:00,26°C,26°C,300°15 Km/h,,45%,13°C,1003.0mb,,"document.write(Icons.GetShortDescription(7, 'CurrentWeather'));  Few Clouds at 910m, Broken Clouds at 3400m, Cloudy at 5500m Light Rain",2017-06-24
13:00,26°C,26°C,320°9 Km/h,,48%,14°C,1003.0mb,,"document.write(Icons.GetShortDescription(7, 'CurrentWeather'));  Few Clouds at 910m, Scattered Clouds at 2400m, Cloudy at 5500m Light Rain",2017-06-24
14:00,25°C,25°C,310°7 Km/h,,51%,14°C,1002.0mb,,"document.write(Icons.GetShortDescription(7, 'CurrentWeather'));  Few Clouds at 910m, Scattered Clouds at 2400m, Cloudy at 5500m Light Rain",2017-06-24
15:00,24°C,24°C,290°11 Km/h,,57%,15°C,1002.0mb,,"document.write(Icons.GetShortDescription(7, 'CurrentWeather'));  Scattered Clouds at 1100m, Broken Clouds at 3400m, Cloudy at 5500m Light Rain",2017-06-24
16:00,23°C,23°C,300°13 Km/h,,65%,16°C,1002.0mb,,"document.write(Icons.GetShortDescription(7, 'CurrentWeather'));  Scattered Clouds at 1100m, Broken Clouds at 3400m, Cloudy at 5500m Light Rain",2017-06-24
17:00,23°C,23°C,270°2 Km/h,,61%,15°C,1002.0mb,,"document.write(Icons.GetShortDescription(4, 'CurrentWeather'));  Few Clouds at 1100m, Broken Clouds at 3400m, Cloudy at 5500m",2017-06-24
18:00,23°C,23°C,340°7 Km/h,,61%,15°C,1001.0mb,,"document.write(Icons.GetShortDescription(4, 'CurrentWeather'));  Few Clouds at 1100m, Broken Clouds at 3400m, Cloudy at 5500m",2017-06-24
19:00,23°C,23°C,280°6 Km/h,,61%,15°C,1002.0mb,,"document.write(Icons.GetShortDescription(3, 'CurrentWeather'));  Few Clouds at 1100m, Broken Clouds at 3400m",2017-06-24
20:00,23°C,23°C,320°4 Km/h,,61%,15°C,1002.0mb,,"document.write(Icons.GetShortDescription(4, 'CurrentWeather'));  Few Clouds at 1100m, Cloudy at 3400m",2017-06-24
21:00,22°C,22°C,360°2 Km/h,,65%,15°C,1002.0mb,,"document.write(Icons.GetShortDescription(7, 'CurrentWeather'));  Few Clouds at 910m, Scattered Clouds at 2100m, Cloudy at 3400m Light Rain",2017-06-24
22:00,21°C,21°C,270°6 Km/h,,73%,16°C,1003.0mb,,"document.write(Icons.GetShortDescription(7, 'CurrentWeather'));  Scattered Clouds at 910m, Cloudy at 2400m Light Rain",2017-06-24
23:00,21°C,21°C,140°13 Km/h,,78%,17°C,1003.0mb,,"document.write(Icons.GetShortDescription(7, 'CurrentWeather'));  Scattered Clouds at 910m, Cloudy at 2400m Light Rain",2017-06-24
