Time,Temperature,Relative Temperature,Wind,Wind Gust,Rel. humidity,Dew Point,Pressure,Icon,DescriptionDetails,date
00:00,25°C,26°C,Calm,,89%,23°C,1013.0mb,,"document.write(Icons.GetShortDescription(4, 'CurrentWeather'));  Few Clouds at 460m, Scattered Clouds at 610m, Cloudy at 3700m",2017-07-17
01:00,25°C,26°C,190°4 Km/h,,89%,23°C,1012.0mb,,"document.write(Icons.GetShortDescription(4, 'CurrentWeather'));  Few Clouds at 460m, Scattered Clouds at 610m, Cloudy at 3700m",2017-07-17
02:00,25°C,26°C,Calm,,89%,23°C,1012.0mb,,"document.write(Icons.GetShortDescription(4, 'CurrentWeather'));  Few Clouds at 460m, Scattered Clouds at 760m, Cloudy at 4000m",2017-07-17
03:00,25°C,26°C,330°2 Km/h,,89%,23°C,1012.0mb,,"document.write(Icons.GetShortDescription(4, 'CurrentWeather'));  Scattered Clouds at 370m, Cloudy at 4000m",2017-07-17
04:00,26°C,28°C,180°7 Km/h,,84%,23°C,1012.0mb,,"document.write(Icons.GetShortDescription(4, 'CurrentWeather'));  Scattered Clouds at 300m, Cloudy at 4300m",2017-07-17
05:00,26°C,28°C,230°2 Km/h,,84%,23°C,1012.0mb,,"document.write(Icons.GetShortDescription(4, 'CurrentWeather'));  Few Clouds at 300m, Broken Clouds at 760m, Cloudy at 4300m",2017-07-17
06:00,26°C,28°C,190°6 Km/h,,84%,23°C,1012.0mb,,"document.write(Icons.GetShortDescription(4, 'CurrentWeather'));  Few Clouds at 300m, Broken Clouds at 760m, Cloudy at 4300m",2017-07-17
07:00,26°C,28°C,210°7 Km/h,,84%,23°C,1012.0mb,,"document.write(Icons.GetShortDescription(3, 'CurrentWeather'));  Scattered Clouds at 910m, Broken Clouds at 4600m",2017-07-17
08:00,27°C,29°C,190°4 Km/h,,74%,22°C,1012.0mb,,"document.write(Icons.GetShortDescription(4, 'CurrentWeather'));  Broken Clouds at 910m, Cloudy at 4300m",2017-07-17
09:00,28°C,31°C,210°6 Km/h,,74%,23°C,1012.0mb,,"document.write(Icons.GetShortDescription(4, 'CurrentWeather'));  Few Clouds at 460m, Broken Clouds at 910m, Cloudy at 4300m",2017-07-17
10:00,29°C,33°C,250°6 Km/h,,70%,23°C,1012.0mb,,"document.write(Icons.GetShortDescription(4, 'CurrentWeather'));  Few Clouds at 460m, Scattered Clouds at 910m, Cloudy at 4300m",2017-07-17
11:00,28°C,31°C,240°7 Km/h,,70%,22°C,1012.0mb,,"document.write(Icons.GetShortDescription(4, 'CurrentWeather'));  Broken Clouds at 760m, Cloudy at 3400m",2017-07-17
12:00,29°C,33°C,250°7 Km/h,,70%,23°C,1012.0mb,,"document.write(Icons.GetShortDescription(4, 'CurrentWeather'));  Scattered Clouds at 910m, Cloudy at 3400m",2017-07-17
13:00,28°C,31°C,270°11 Km/h,,74%,23°C,1012.0mb,,"document.write(Icons.GetShortDescription(7, 'CurrentWeather'));  Few Clouds at 460m, Broken Clouds at 760m, Cloudy at 3400m Light Rain",2017-07-17
13:18,28°C,31°C,250°15 Km/h,,74%,23°C,1012.0mb,,"document.write(Icons.GetShortDescription(7, 'CurrentWeather'));  Few Clouds at 460m, Broken Clouds at 760m, Cloudy at 3400m Rain",2017-07-17
13:32,28°C,31°C,230°17 Km/h,,74%,23°C,1012.0mb,,"document.write(Icons.GetShortDescription(7, 'CurrentWeather'));  Few Clouds at 460m, Broken Clouds at 760m, Cloudy at 3400m Rain, Haze",2017-07-17
13:43,27°C,29°C,240°13 Km/h,,74%,22°C,1012.0mb,,"document.write(Icons.GetShortDescription(7, 'CurrentWeather'));  Few Clouds at 460m, Broken Clouds at 910m, Cloudy at 3400m Light Rain",2017-07-17
14:00,27°C,30°C,270°9 Km/h,,79%,23°C,1012.0mb,,"document.write(Icons.GetShortDescription(4, 'CurrentWeather'));  Few Clouds at 460m, Broken Clouds at 1100m, Cloudy at 3400m",2017-07-17
15:00,28°C,31°C,290°2 Km/h,,70%,22°C,1011.0mb,,"document.write(Icons.GetShortDescription(4, 'CurrentWeather'));  Few Clouds at 460m, Broken Clouds at 1100m, Cloudy at 3400m",2017-07-17
16:00,29°C,31°C,220°13 Km/h,,62%,21°C,1011.0mb,,"document.write(Icons.GetShortDescription(4, 'CurrentWeather'));  Broken Clouds at 1100m, Cloudy at 3700m",2017-07-17
17:00,28°C,30°C,240°9 Km/h,,62%,20°C,1011.0mb,,"document.write(Icons.GetShortDescription(4, 'CurrentWeather'));  Scattered Clouds at 1100m, Cloudy at 3700m",2017-07-17
18:00,27°C,29°C,230°7 Km/h,,66%,20°C,1011.0mb,,"document.write(Icons.GetShortDescription(4, 'CurrentWeather'));  Scattered Clouds at 1100m, Cloudy at 3700m",2017-07-17
19:00,26°C,27°C,210°9 Km/h,,70%,20°C,1011.0mb,,"document.write(Icons.GetShortDescription(3, 'CurrentWeather'));  Scattered Clouds at 1100m, Broken Clouds at 3700m",2017-07-17
20:00,26°C,27°C,250°4 Km/h,,70%,20°C,1011.0mb,,"document.write(Icons.GetShortDescription(3, 'CurrentWeather'));  Scattered Clouds at 910m, Broken Clouds at 3700m",2017-07-17
21:00,26°C,27°C,290°2 Km/h,,70%,20°C,1012.0mb,,"document.write(Icons.GetShortDescription(3, 'CurrentWeather'));  Few Clouds at 460m, Scattered Clouds at 760m, Broken Clouds at 3700m",2017-07-17
22:00,25°C,25°C,300°7 Km/h,,74%,20°C,1012.0mb,,"document.write(Icons.GetShortDescription(3, 'CurrentWeather'));  Few Clouds at 300m, Broken Clouds at 760m, Broken Clouds at 3700m",2017-07-17
22:19,25°C,26°C,200°6 Km/h,,79%,21°C,1012.0mb,,"document.write(Icons.GetShortDescription(7, 'CurrentWeather'));  Few Clouds at 240m, Broken Clouds at 610m, Cloudy at 3000m Light Rain, Haze",2017-07-17
23:00,24°C,25°C,230°11 Km/h,,83%,21°C,1012.0mb,,"document.write(Icons.GetShortDescription(7, 'CurrentWeather'));  Few Clouds at 210m, Broken Clouds at 610m, Cloudy at 3000m Light Rain, Haze",2017-07-17
