Time,Temperature,Relative Temperature,Wind,Wind Gust,Rel. humidity,Dew Point,Pressure,Icon,DescriptionDetails,date
00:00,1°C,1°C,60°2 Km/h,,75%,-3°C,1020.0mb,,"document.write(Icons.GetShortDescription(1, 'CurrentWeather'));",2017-03-04
01:00,0°C,0°C,160°2 Km/h,,69%,-5°C,1020.0mb,,"document.write(Icons.GetShortDescription(1, 'CurrentWeather'));",2017-03-04
02:00,-1°C,-1°C,330°4 Km/h,,80%,-4°C,1020.0mb,,"document.write(Icons.GetShortDescription(1, 'CurrentWeather'));",2017-03-04
02:24,-1°C,-1°C,330°4 Km/h,,80%,-4°C,1020.0mb,,"document.write(Icons.GetShortDescription(1, 'CurrentWeather'));  Haze",2017-03-04
03:00,-2°C,-2°C,330°2 Km/h,,80%,-5°C,1020.0mb,,"document.write(Icons.GetShortDescription(1, 'CurrentWeather'));  Haze",2017-03-04
04:00,-2°C,-2°C,280°2 Km/h,,80%,-5°C,1019.0mb,,"document.write(Icons.GetShortDescription(1, 'CurrentWeather'));  Haze",2017-03-04
05:00,-2°C,-2°C,110°2 Km/h,,80%,-5°C,1019.0mb,,"document.write(Icons.GetShortDescription(1, 'CurrentWeather'));  Haze",2017-03-04
06:00,-3°C,-3°C,140°2 Km/h,,80%,-6°C,1019.0mb,,"document.write(Icons.GetShortDescription(1, 'CurrentWeather'));  Haze",2017-03-04
07:00,-2°C,-2°C,Calm,,80%,-5°C,1020.0mb,,"document.write(Icons.GetShortDescription(1, 'CurrentWeather'));  Haze",2017-03-04
08:00,0°C,0°C,330°2 Km/h,,87%,-2°C,1020.0mb,,"document.write(Icons.GetShortDescription(1, 'CurrentWeather'));  Haze",2017-03-04
09:00,4°C,4°C,340°4 Km/h,,70%,-1°C,1020.0mb,,"document.write(Icons.GetShortDescription(1, 'CurrentWeather'));",2017-03-04
10:00,6°C,6°C,120°2 Km/h,,61%,-1°C,1020.0mb,,"document.write(Icons.GetShortDescription(2, 'CurrentWeather'));  Few Clouds at 760m",2017-03-04
11:00,8°C,8°C,290°4 Km/h,,53%,-1°C,1020.0mb,,"document.write(Icons.GetShortDescription(2, 'CurrentWeather'));  Scattered Clouds at 910m",2017-03-04
12:00,8°C,7°C,10°6 Km/h,,50%,-2°C,1020.0mb,,"document.write(Icons.GetShortDescription(2, 'CurrentWeather'));  Few Clouds at 910m",2017-03-04
13:00,9°C,8°C,340°9 Km/h,,46%,-2°C,1019.0mb,,"document.write(Icons.GetShortDescription(2, 'CurrentWeather'));  Few Clouds at 910m",2017-03-04
14:00,10°C,9°C,330°7 Km/h,,43%,-2°C,1018.0mb,,"document.write(Icons.GetShortDescription(2, 'CurrentWeather'));  Few Clouds at 910m",2017-03-04
15:00,11°C,11°C,310°15 Km/h,,35%,-4°C,1018.0mb,,"document.write(Icons.GetShortDescription(2, 'CurrentWeather'));  Few Clouds at 910m",2017-03-04
16:00,10°C,8°C,310°11 Km/h,,37%,-4°C,1018.0mb,,"document.write(Icons.GetShortDescription(1, 'CurrentWeather'));",2017-03-04
17:00,10°C,8°C,280°11 Km/h,,37%,-4°C,1018.0mb,,"document.write(Icons.GetShortDescription(1, 'CurrentWeather'));",2017-03-04
18:00,8°C,6°C,300°13 Km/h,,50%,-2°C,1018.0mb,,"document.write(Icons.GetShortDescription(1, 'CurrentWeather'));",2017-03-04
19:00,6°C,4°C,290°7 Km/h,,53%,-3°C,1018.0mb,,"document.write(Icons.GetShortDescription(1, 'CurrentWeather'));",2017-03-04
20:00,5°C,4°C,270°6 Km/h,,61%,-2°C,1018.0mb,,"document.write(Icons.GetShortDescription(1, 'CurrentWeather'));",2017-03-04
21:00,4°C,4°C,300°4 Km/h,,70%,-1°C,1018.0mb,,"document.write(Icons.GetShortDescription(1, 'CurrentWeather'));",2017-03-04
22:00,2°C,0°C,350°6 Km/h,,75%,-2°C,1018.0mb,,"document.write(Icons.GetShortDescription(1, 'CurrentWeather'));",2017-03-04
23:00,2°C,2°C,360°4 Km/h,,75%,-2°C,1018.0mb,,"document.write(Icons.GetShortDescription(1, 'CurrentWeather'));  Haze",2017-03-04
