Time,Temperature,Relative Temperature,Wind,Wind Gust,Rel. humidity,Dew Point,Pressure,Icon,DescriptionDetails,date
00:00,-1°C,-1°C,310°2 Km/h,,55%,-9°C,1027.0mb,,"document.write(Icons.GetShortDescription(1, 'CurrentWeather'));",2017-02-28
01:00,-2°C,-2°C,170°2 Km/h,,64%,-8°C,1027.0mb,,"document.write(Icons.GetShortDescription(1, 'CurrentWeather'));",2017-02-28
02:00,-2°C,-2°C,320°4 Km/h,,64%,-8°C,1027.0mb,,"document.write(Icons.GetShortDescription(1, 'CurrentWeather'));",2017-02-28
03:00,-2°C,-4°C,320°6 Km/h,,64%,-8°C,1027.0mb,,"document.write(Icons.GetShortDescription(1, 'CurrentWeather'));",2017-02-28
04:00,-3°C,-5°C,310°6 Km/h,,64%,-9°C,1027.0mb,,"document.write(Icons.GetShortDescription(1, 'CurrentWeather'));",2017-02-28
05:00,-5°C,-5°C,190°2 Km/h,,58%,-12°C,1027.0mb,,"document.write(Icons.GetShortDescription(1, 'CurrentWeather'));",2017-02-28
06:00,-3°C,-3°C,10°2 Km/h,,64%,-9°C,1027.0mb,,"document.write(Icons.GetShortDescription(1, 'CurrentWeather'));",2017-02-28
07:00,-5°C,-5°C,220°2 Km/h,,68%,-10°C,1026.0mb,,"document.write(Icons.GetShortDescription(1, 'CurrentWeather'));",2017-02-28
08:00,-1°C,-3°C,190°6 Km/h,,64%,-7°C,1026.0mb,,"document.write(Icons.GetShortDescription(1, 'CurrentWeather'));",2017-02-28
09:00,4°C,2°C,200°7 Km/h,,45%,-7°C,1027.0mb,,"document.write(Icons.GetShortDescription(1, 'CurrentWeather'));",2017-02-28
10:00,6°C,5°C,210°6 Km/h,,34%,-9°C,1027.0mb,,"document.write(Icons.GetShortDescription(1, 'CurrentWeather'));",2017-02-28
11:00,8°C,6°C,210°11 Km/h,,25%,-11°C,1027.0mb,,"document.write(Icons.GetShortDescription(1, 'CurrentWeather'));",2017-02-28
12:00,9°C,8°C,220°9 Km/h,,27%,-9°C,1026.0mb,,"document.write(Icons.GetShortDescription(1, 'CurrentWeather'));",2017-02-28
13:00,10°C,8°C,200°11 Km/h,,28%,-8°C,1025.0mb,,"document.write(Icons.GetShortDescription(1, 'CurrentWeather'));",2017-02-28
14:00,11°C,11°C,200°13 Km/h,,26%,-8°C,1024.0mb,,"document.write(Icons.GetShortDescription(1, 'CurrentWeather'));",2017-02-28
15:00,11°C,11°C,240°11 Km/h,,26%,-8°C,1023.0mb,,"document.write(Icons.GetShortDescription(1, 'CurrentWeather'));",2017-02-28
16:00,11°C,11°C,230°15 Km/h,,30%,-6°C,1023.0mb,,"document.write(Icons.GetShortDescription(1, 'CurrentWeather'));",2017-02-28
17:00,10°C,8°C,240°15 Km/h,,30%,-7°C,1022.0mb,,"document.write(Icons.GetShortDescription(1, 'CurrentWeather'));",2017-02-28
18:00,8°C,6°C,240°13 Km/h,,32%,-8°C,1022.0mb,,"document.write(Icons.GetShortDescription(1, 'CurrentWeather'));",2017-02-28
19:00,7°C,7°C,220°4 Km/h,,39%,-6°C,1023.0mb,,"document.write(Icons.GetShortDescription(1, 'CurrentWeather'));",2017-02-28
20:00,7°C,5°C,230°9 Km/h,,42%,-5°C,1022.0mb,,"document.write(Icons.GetShortDescription(1, 'CurrentWeather'));",2017-02-28
21:00,6°C,4°C,200°11 Km/h,,46%,-5°C,1022.0mb,,"document.write(Icons.GetShortDescription(1, 'CurrentWeather'));",2017-02-28
22:00,7°C,6°C,210°7 Km/h,,39%,-6°C,1022.0mb,,"document.write(Icons.GetShortDescription(1, 'CurrentWeather'));",2017-02-28
23:00,5°C,3°C,200°7 Km/h,,45%,-6°C,1022.0mb,,"document.write(Icons.GetShortDescription(1, 'CurrentWeather'));",2017-02-28
