Time,Temperature,Relative Temperature,Wind,Wind Gust,Rel. humidity,Dew Point,Pressure,Icon,DescriptionDetails,date
00:00,20°C,20°C,230°13 Km/h,,73%,15°C,1006.0mb,,"document.write(Icons.GetShortDescription(2, 'CurrentWeather'));  Scattered Clouds at 460m Haze",2017-06-10
01:00,19°C,19°C,280°9 Km/h,,78%,15°C,1006.0mb,,"document.write(Icons.GetShortDescription(2, 'CurrentWeather'));  Scattered Clouds at 300m Haze",2017-06-10
02:00,19°C,19°C,310°7 Km/h,,78%,15°C,1006.0mb,,"document.write(Icons.GetShortDescription(2, 'CurrentWeather'));  Scattered Clouds at 300m Haze",2017-06-10
03:00,18°C,18°C,200°4 Km/h,,83%,15°C,1006.0mb,,"document.write(Icons.GetShortDescription(3, 'CurrentWeather'));  Scattered Clouds at 300m, Broken Clouds at 3700m Haze",2017-06-10
04:00,18°C,18°C,300°11 Km/h,,83%,15°C,1007.0mb,,"document.write(Icons.GetShortDescription(10, 'CurrentWeather'));  Few Cumulonimbus Clouds at 460m, Broken Clouds at 760m, Cloudy at 2400m Light Rain with Thunderstorm, Haze",2017-06-10
04:24,18°C,18°C,230°6 Km/h,,83%,15°C,1007.0mb,,"document.write(Icons.GetShortDescription(4, 'CurrentWeather'));  Few Cumulonimbus Clouds at 460m, Broken Clouds at 760m, Cloudy at 2400m Haze",2017-06-10
05:00,18°C,18°C,320°4 Km/h,,83%,15°C,1007.0mb,,"document.write(Icons.GetShortDescription(7, 'CurrentWeather'));  Few Clouds at 300m, Broken Clouds at 760m, Cloudy at 2400m Light Rain, Haze",2017-06-10
05:11,18°C,18°C,360°6 Km/h,,83%,15°C,1007.0mb,,"document.write(Icons.GetShortDescription(7, 'CurrentWeather'));  Few Clouds at 300m, Broken Clouds at 760m, Cloudy at 2400m Light Rain, Haze",2017-06-10
06:00,18°C,18°C,340°9 Km/h,,83%,15°C,1007.0mb,,"document.write(Icons.GetShortDescription(7, 'CurrentWeather'));  Few Clouds at 300m, Broken Clouds at 760m, Cloudy at 2100m Light Rain, Haze",2017-06-10
06:05,17°C,17°C,330°15 Km/h,,77%,13°C,1007.0mb,,"document.write(Icons.GetShortDescription(7, 'CurrentWeather'));  Few Clouds at 300m, Broken Clouds at 910m, Cloudy at 2100m Light Rain",2017-06-10
07:00,16°C,16°C,270°7 Km/h,,68%,10°C,1007.0mb,,"document.write(Icons.GetShortDescription(4, 'CurrentWeather'));  Scattered Clouds at 910m, Cloudy at 2400m",2017-06-10
08:00,17°C,17°C,210°7 Km/h,,59%,9°C,1008.0mb,,"document.write(Icons.GetShortDescription(3, 'CurrentWeather'));  Scattered Clouds at 910m, Broken Clouds at 3400m",2017-06-10
09:00,18°C,18°C,270°4 Km/h,,56%,9°C,1009.0mb,,"document.write(Icons.GetShortDescription(3, 'CurrentWeather'));  Scattered Clouds at 910m, Broken Clouds at 3400m",2017-06-10
10:00,20°C,20°C,310°9 Km/h,,46%,8°C,1009.0mb,,"document.write(Icons.GetShortDescription(3, 'CurrentWeather'));  Few Clouds at 910m, Broken Clouds at 3400m",2017-06-10
11:00,22°C,21°C,320°11 Km/h,,29%,3°C,1009.0mb,,"document.write(Icons.GetShortDescription(3, 'CurrentWeather'));  Few Clouds at 910m, Broken Clouds at 3700m",2017-06-10
12:00,23°C,22°C,330°11 Km/h,,27%,3°C,1008.0mb,,"document.write(Icons.GetShortDescription(1, 'CurrentWeather'));",2017-06-10
13:00,25°C,24°C,300°11 Km/h,,18%,-1°C,1008.0mb,,"document.write(Icons.GetShortDescription(1, 'CurrentWeather'));",2017-06-10
14:00,25°C,24°C,340°11 Km/h,,17%,-2°C,1007.0mb,,"document.write(Icons.GetShortDescription(1, 'CurrentWeather'));",2017-06-10
15:00,26°C,25°C,320°9 Km/h,,17%,-1°C,1006.0mb,,"document.write(Icons.GetShortDescription(1, 'CurrentWeather'));",2017-06-10
16:00,26°C,25°C,320°7 Km/h,,17%,-1°C,1006.0mb,,"document.write(Icons.GetShortDescription(1, 'CurrentWeather'));",2017-06-10
17:00,26°C,25°C,310°13 Km/h,,23%,3°C,1006.0mb,,"document.write(Icons.GetShortDescription(1, 'CurrentWeather'));",2017-06-10
18:00,25°C,24°C,290°13 Km/h,,22%,2°C,1006.0mb,,"document.write(Icons.GetShortDescription(1, 'CurrentWeather'));",2017-06-10
19:00,24°C,23°C,300°13 Km/h,,29%,5°C,1006.0mb,,"document.write(Icons.GetShortDescription(1, 'CurrentWeather'));",2017-06-10
20:00,20°C,20°C,310°15 Km/h,,43%,7°C,1006.0mb,,"document.write(Icons.GetShortDescription(1, 'CurrentWeather'));",2017-06-10
21:00,19°C,19°C,330°7 Km/h,,52%,9°C,1007.0mb,,"document.write(Icons.GetShortDescription(1, 'CurrentWeather'));",2017-06-10
22:00,18°C,18°C,350°9 Km/h,,56%,9°C,1007.0mb,,"document.write(Icons.GetShortDescription(1, 'CurrentWeather'));",2017-06-10
23:00,16°C,16°C,310°6 Km/h,,63%,9°C,1007.0mb,,"document.write(Icons.GetShortDescription(1, 'CurrentWeather'));",2017-06-10
