Time,Temperature,Relative Temperature,Wind,Wind Gust,Rel. humidity,Dew Point,Pressure,Icon,DescriptionDetails,date
00:00,15°C,15°C,320°6 Km/h,,68%,9°C,1011.0mb,,"document.write(Icons.GetShortDescription(1, 'CurrentWeather'));",2017-04-17
01:00,13°C,13°C,320°9 Km/h,,77%,9°C,1011.0mb,,"document.write(Icons.GetShortDescription(1, 'CurrentWeather'));",2017-04-17
02:00,13°C,13°C,290°2 Km/h,,82%,10°C,1010.0mb,,"document.write(Icons.GetShortDescription(1, 'CurrentWeather'));  Haze",2017-04-17
03:00,13°C,13°C,340°7 Km/h,,77%,9°C,1009.0mb,,"document.write(Icons.GetShortDescription(1, 'CurrentWeather'));",2017-04-17
04:00,13°C,13°C,Calm,,82%,10°C,1008.0mb,,"document.write(Icons.GetShortDescription(1, 'CurrentWeather'));  Haze",2017-04-17
05:00,14°C,14°C,330°6 Km/h,,77%,10°C,1007.0mb,,"document.write(Icons.GetShortDescription(1, 'CurrentWeather'));  Haze",2017-04-17
06:00,15°C,15°C,40°22 Km/h,,68%,9°C,1007.0mb,,"document.write(Icons.GetShortDescription(1, 'CurrentWeather'));",2017-04-17
07:00,15°C,15°C,190°15 Km/h,,68%,9°C,1005.0mb,,"document.write(Icons.GetShortDescription(1, 'CurrentWeather'));",2017-04-17
08:00,17°C,17°C,360°4 Km/h,,56%,8°C,1004.0mb,,"document.write(Icons.GetShortDescription(1, 'CurrentWeather'));",2017-04-17
09:00,17°C,17°C,360°11 Km/h,,59%,9°C,1003.0mb,,"document.write(Icons.GetShortDescription(7, 'CurrentWeather'));  Light Rain",2017-04-17
10:00,17°C,17°C,230°6 Km/h,,56%,8°C,1002.0mb,,"document.write(Icons.GetShortDescription(7, 'CurrentWeather'));  Few Clouds at 300m, Broken Clouds at 1200m, Cloudy at 2700m Light Rain, Haze",2017-04-17
11:00,17°C,17°C,340°7 Km/h,,59%,9°C,1001.0mb,,"document.write(Icons.GetShortDescription(7, 'CurrentWeather'));  Few Clouds at 300m, Broken Clouds at 1200m, Cloudy at 2400m Light Rain",2017-04-17
12:00,15°C,15°C,360°20 Km/h,,63%,8°C,1001.0mb,,"document.write(Icons.GetShortDescription(7, 'CurrentWeather'));  Few Clouds at 300m, Broken Clouds at 1200m, Cloudy at 2400m Light Rain",2017-04-17
13:00,13°C,13°C,20°20 Km/h,,72%,8°C,1001.0mb,,"document.write(Icons.GetShortDescription(7, 'CurrentWeather'));  Few Clouds at 300m, Broken Clouds at 1200m, Cloudy at 2400m Light Rain",2017-04-17
14:00,13°C,13°C,50°13 Km/h,,77%,9°C,999.0mb,,"document.write(Icons.GetShortDescription(7, 'CurrentWeather'));  Few Clouds at 300m, Broken Clouds at 1200m, Cloudy at 2400m Light Rain",2017-04-17
15:00,13°C,13°C,360°17 Km/h,,77%,9°C,998.0mb,,"document.write(Icons.GetShortDescription(7, 'CurrentWeather'));  Few Clouds at 300m, Broken Clouds at 1200m, Cloudy at 2400m Light Rain",2017-04-17
15:57,15°C,15°C,360°17 Km/h,,72%,10°C,997.0mb,,"document.write(Icons.GetShortDescription(3, 'CurrentWeather'));  Few Clouds at 300m, Broken Clouds at 2400m, Broken Clouds at 6100m",2017-04-17
16:00,15°C,15°C,360°17 Km/h,,68%,9°C,997.0mb,,"document.write(Icons.GetShortDescription(3, 'CurrentWeather'));  Few Clouds at 300m, Broken Clouds at 2400m, Broken Clouds at 6100m",2017-04-17
17:00,15°C,15°C,10°15 Km/h,,63%,8°C,998.0mb,,"document.write(Icons.GetShortDescription(3, 'CurrentWeather'));  Broken Clouds at 610m",2017-04-17
18:00,15°C,15°C,10°15 Km/h,,68%,9°C,998.0mb,,"document.write(Icons.GetShortDescription(3, 'CurrentWeather'));  Broken Clouds at 760m",2017-04-17
19:00,14°C,14°C,360°15 Km/h,,63%,7°C,999.0mb,,"document.write(Icons.GetShortDescription(2, 'CurrentWeather'));  Few Clouds at 760m",2017-04-17
20:00,13°C,13°C,360°11 Km/h,,67%,7°C,999.0mb,,"document.write(Icons.GetShortDescription(2, 'CurrentWeather'));  Few Clouds at 760m",2017-04-17
21:00,11°C,11°C,340°9 Km/h,,72%,6°C,1001.0mb,,"document.write(Icons.GetShortDescription(2, 'CurrentWeather'));  Few Clouds at 760m",2017-04-17
22:00,11°C,11°C,10°7 Km/h,,67%,5°C,1001.0mb,,"document.write(Icons.GetShortDescription(1, 'CurrentWeather'));",2017-04-17
23:00,10°C,9°C,310°9 Km/h,,76%,6°C,1001.0mb,,"document.write(Icons.GetShortDescription(1, 'CurrentWeather'));",2017-04-17
