Time,Temperature,Relative Temperature,Wind,Wind Gust,Rel. humidity,Dew Point,Pressure,Icon,DescriptionDetails,date
00:00,20°C,20°C,350°4 Km/h,,78%,16°C,1010.0mb,,"document.write(Icons.GetShortDescription(1, 'CurrentWeather'));",2017-09-06
01:00,20°C,20°C,320°4 Km/h,,78%,16°C,1010.0mb,,"document.write(Icons.GetShortDescription(3, 'CurrentWeather'));  Scattered Clouds at 760m, Broken Clouds at 3700m",2017-09-06
02:00,19°C,19°C,330°6 Km/h,,83%,16°C,1010.0mb,,"document.write(Icons.GetShortDescription(3, 'CurrentWeather'));  Scattered Clouds at 760m, Broken Clouds at 3700m",2017-09-06
03:00,19°C,19°C,340°4 Km/h,,83%,16°C,1009.0mb,,"document.write(Icons.GetShortDescription(3, 'CurrentWeather'));  Few Clouds at 760m, Broken Clouds at 3700m",2017-09-06
04:00,19°C,19°C,Calm,,83%,16°C,1009.0mb,,"document.write(Icons.GetShortDescription(3, 'CurrentWeather'));  Few Clouds at 760m, Broken Clouds at 3700m",2017-09-06
05:00,19°C,19°C,310°2 Km/h,,83%,16°C,1009.0mb,,"document.write(Icons.GetShortDescription(3, 'CurrentWeather'));  Few Clouds at 760m, Broken Clouds at 3700m",2017-09-06
06:00,19°C,19°C,10°4 Km/h,,83%,16°C,1009.0mb,,"document.write(Icons.GetShortDescription(3, 'CurrentWeather'));  Scattered Clouds at 760m, Broken Clouds at 3700m",2017-09-06
07:00,20°C,20°C,10°6 Km/h,,78%,16°C,1009.0mb,,"document.write(Icons.GetShortDescription(3, 'CurrentWeather'));  Scattered Clouds at 760m, Broken Clouds at 3700m",2017-09-06
08:00,20°C,20°C,340°2 Km/h,,83%,17°C,1009.0mb,,"document.write(Icons.GetShortDescription(7, 'CurrentWeather'));  Few Clouds at 460m, Scattered Clouds at 760m, Cloudy at 3700m Light Rain",2017-09-06
09:00,22°C,22°C,340°4 Km/h,,78%,18°C,1009.0mb,,"document.write(Icons.GetShortDescription(4, 'CurrentWeather'));  Few Clouds at 760m, Scattered Clouds at 760m, Cloudy at 3700m",2017-09-06
10:00,23°C,23°C,320°2 Km/h,,74%,18°C,1009.0mb,,"document.write(Icons.GetShortDescription(4, 'CurrentWeather'));  Few Clouds at 760m, Scattered Clouds at 760m, Cloudy at 3700m",2017-09-06
11:00,24°C,24°C,260°2 Km/h,,69%,18°C,1009.0mb,,"document.write(Icons.GetShortDescription(1, 'CurrentWeather'));",2017-09-06
12:00,24°C,24°C,310°7 Km/h,,65%,17°C,1009.0mb,,"document.write(Icons.GetShortDescription(4, 'CurrentWeather'));  Few Clouds at 910m, Cloudy at 3700m",2017-09-06
13:00,24°C,24°C,330°9 Km/h,,69%,18°C,1008.0mb,,"document.write(Icons.GetShortDescription(7, 'CurrentWeather'));  Few Clouds at 460m, Broken Clouds at 910m, Cloudy at 3700m Light Rain",2017-09-06
14:00,23°C,23°C,300°9 Km/h,,65%,16°C,1008.0mb,,"document.write(Icons.GetShortDescription(7, 'CurrentWeather'));  Few Clouds at 300m, Broken Clouds at 910m, Cloudy at 3700m Light Rain",2017-09-06
15:00,23°C,23°C,290°6 Km/h,,61%,15°C,1008.0mb,,"document.write(Icons.GetShortDescription(7, 'CurrentWeather'));  Few Clouds at 300m, Broken Clouds at 910m, Cloudy at 3700m Light Rain",2017-09-06
16:00,22°C,22°C,330°7 Km/h,,65%,15°C,1008.0mb,,"document.write(Icons.GetShortDescription(7, 'CurrentWeather'));  Few Clouds at 300m, Broken Clouds at 910m, Cloudy at 3000m Light Rain",2017-09-06
17:00,21°C,21°C,320°7 Km/h,,73%,16°C,1008.0mb,,"document.write(Icons.GetShortDescription(7, 'CurrentWeather'));  Few Clouds at 300m, Broken Clouds at 910m, Cloudy at 3000m Light Rain",2017-09-06
18:00,20°C,20°C,340°7 Km/h,,73%,15°C,1008.0mb,,"document.write(Icons.GetShortDescription(7, 'CurrentWeather'));  Few Clouds at 300m, Broken Clouds at 910m, Cloudy at 3000m Light Rain",2017-09-06
19:00,19°C,19°C,340°6 Km/h,,78%,15°C,1008.0mb,,"document.write(Icons.GetShortDescription(4, 'CurrentWeather'));  Broken Clouds at 910m, Cloudy at 3000m",2017-09-06
20:00,19°C,19°C,340°4 Km/h,,73%,14°C,1008.0mb,,"document.write(Icons.GetShortDescription(7, 'CurrentWeather'));  Broken Clouds at 910m, Cloudy at 3000m Light Rain",2017-09-06
21:00,19°C,19°C,330°6 Km/h,,73%,14°C,1008.0mb,,"document.write(Icons.GetShortDescription(4, 'CurrentWeather'));  Broken Clouds at 910m, Cloudy at 3000m",2017-09-06
22:00,18°C,18°C,330°7 Km/h,,78%,14°C,1008.0mb,,"document.write(Icons.GetShortDescription(4, 'CurrentWeather'));  Scattered Clouds at 910m, Cloudy at 3700m",2017-09-06
23:00,18°C,18°C,290°2 Km/h,,78%,14°C,1008.0mb,,"document.write(Icons.GetShortDescription(3, 'CurrentWeather'));  Few Clouds at 910m, Broken Clouds at 4600m",2017-09-06
