Time,Temperature,Relative Temperature,Wind,Wind Gust,Rel. humidity,Dew Point,Pressure,Icon,DescriptionDetails,date
18:00,3°C,-1°C,180°19 Km/h,,60%,-4°C,1023.0mb,,"document.write(Icons.GetShortDescription(4, 'CurrentWeather'));  Broken Clouds at 760m, Cloudy at 3700m",2017-01-26
19:00,3°C,-1°C,180°19 Km/h,,60%,-4°C,1023.0mb,,"document.write(Icons.GetShortDescription(4, 'CurrentWeather'));  Broken Clouds at 760m, Cloudy at 3700m",2017-01-26
20:00,3°C,-1°C,170°19 Km/h,,65%,-3°C,1021.0mb,,"document.write(Icons.GetShortDescription(4, 'CurrentWeather'));  Broken Clouds at 760m, Cloudy at 3700m Haze",2017-01-26
21:00,3°C,-1°C,190°19 Km/h,,65%,-3°C,1021.0mb,,"document.write(Icons.GetShortDescription(4, 'CurrentWeather'));  Broken Clouds at 760m, Cloudy at 3700m Haze",2017-01-26
22:00,3°C,-1°C,190°19 Km/h,,70%,-2°C,1020.0mb,,"document.write(Icons.GetShortDescription(4, 'CurrentWeather'));  Broken Clouds at 760m, Cloudy at 3700m Haze",2017-01-26
23:00,4°C,-1°C,210°26 Km/h,,70%,-1°C,1019.0mb,,"document.write(Icons.GetShortDescription(7, 'CurrentWeather'));  Few Clouds at 460m, Broken Clouds at 910m, Cloudy at 3000m Haze, Light Rain",2017-01-26
23:47,4°C,0°C,220°19 Km/h,,75%,0°C,1018.0mb,,"document.write(Icons.GetShortDescription(7, 'CurrentWeather'));  Few Clouds at 460m, Broken Clouds at 910m, Cloudy at 2400m Rain",2017-01-26
23:57,4°C,0°C,210°22 Km/h,,75%,0°C,1018.0mb,,"document.write(Icons.GetShortDescription(7, 'CurrentWeather'));  Few Clouds at 460m, Broken Clouds at 910m, Cloudy at 2400m Rain",2017-01-26
