Time,Temperature,Relative Temperature,Wind,Wind Gust,Rel. humidity,Dew Point,Pressure,Icon,DescriptionDetails,date
00:00,-10°C,-13°C,340°6 Km/h,,44%,-20°C,1034.0mb,,"document.write(Icons.GetShortDescription(1, 'CurrentWeather'));",2017-12-14
01:00,-12°C,-12°C,280°4 Km/h,,52%,-20°C,1034.0mb,,"document.write(Icons.GetShortDescription(1, 'CurrentWeather'));",2017-12-14
02:00,-11°C,-15°C,350°7 Km/h,,52%,-19°C,1033.0mb,,"document.write(Icons.GetShortDescription(1, 'CurrentWeather'));",2017-12-14
03:00,-11°C,-15°C,20°7 Km/h,,48%,-20°C,1034.0mb,,"document.write(Icons.GetShortDescription(1, 'CurrentWeather'));",2017-12-14
04:00,-12°C,-17°C,10°7 Km/h,,52%,-20°C,1033.0mb,,"document.write(Icons.GetShortDescription(1, 'CurrentWeather'));",2017-12-14
05:00,-12°C,-12°C,300°2 Km/h,,52%,-20°C,1034.0mb,,"document.write(Icons.GetShortDescription(1, 'CurrentWeather'));",2017-12-14
06:00,-12°C,-16°C,50°6 Km/h,,56%,-19°C,1034.0mb,,"document.write(Icons.GetShortDescription(1, 'CurrentWeather'));",2017-12-14
07:00,-12°C,-16°C,50°6 Km/h,,56%,-19°C,1034.0mb,,"document.write(Icons.GetShortDescription(1, 'CurrentWeather'));",2017-12-14
08:00,-11°C,-14°C,330°6 Km/h,,52%,-19°C,1034.0mb,,"document.write(Icons.GetShortDescription(1, 'CurrentWeather'));",2017-12-14
09:00,-9°C,-9°C,330°4 Km/h,,53%,-17°C,1034.0mb,,"document.write(Icons.GetShortDescription(1, 'CurrentWeather'));",2017-12-14
10:00,-8°C,-11°C,330°6 Km/h,,53%,-16°C,1034.0mb,,"document.write(Icons.GetShortDescription(1, 'CurrentWeather'));",2017-12-14
11:00,-7°C,-11°C,360°7 Km/h,,49%,-16°C,1034.0mb,,"document.write(Icons.GetShortDescription(1, 'CurrentWeather'));",2017-12-14
12:00,-6°C,-10°C,350°7 Km/h,,45%,-16°C,1033.0mb,,"document.write(Icons.GetShortDescription(1, 'CurrentWeather'));",2017-12-14
13:00,-4°C,-9°C,40°13 Km/h,,39%,-16°C,1031.0mb,,"document.write(Icons.GetShortDescription(1, 'CurrentWeather'));",2017-12-14
14:00,-4°C,-4°C,320°4 Km/h,,36%,-17°C,1031.0mb,,"document.write(Icons.GetShortDescription(1, 'CurrentWeather'));",2017-12-14
15:00,-3°C,-3°C,340°2 Km/h,,33%,-17°C,1030.0mb,,"document.write(Icons.GetShortDescription(1, 'CurrentWeather'));",2017-12-14
16:00,-3°C,-5°C,330°6 Km/h,,33%,-17°C,1031.0mb,,"document.write(Icons.GetShortDescription(1, 'CurrentWeather'));",2017-12-14
17:00,-4°C,-8°C,340°11 Km/h,,36%,-17°C,1031.0mb,,"document.write(Icons.GetShortDescription(1, 'CurrentWeather'));",2017-12-14
18:00,-5°C,-9°C,330°9 Km/h,,42%,-16°C,1031.0mb,,"document.write(Icons.GetShortDescription(1, 'CurrentWeather'));",2017-12-14
19:00,-5°C,-8°C,330°6 Km/h,,42%,-16°C,1031.0mb,,"document.write(Icons.GetShortDescription(1, 'CurrentWeather'));",2017-12-14
20:00,-6°C,-9°C,320°6 Km/h,,42%,-17°C,1031.0mb,,"document.write(Icons.GetShortDescription(1, 'CurrentWeather'));",2017-12-14
21:00,-6°C,-9°C,300°6 Km/h,,45%,-16°C,1031.0mb,,"document.write(Icons.GetShortDescription(1, 'CurrentWeather'));",2017-12-14
22:00,-7°C,-10°C,320°6 Km/h,,49%,-16°C,1031.0mb,,"document.write(Icons.GetShortDescription(1, 'CurrentWeather'));",2017-12-14
23:00,-8°C,-8°C,310°4 Km/h,,53%,-16°C,1031.0mb,,"document.write(Icons.GetShortDescription(1, 'CurrentWeather'));",2017-12-14
