Time,Temperature,Relative Temperature,Wind,Wind Gust,Rel. humidity,Dew Point,Pressure,Icon,DescriptionDetails,date
00:00,-5°C,-8°C,170°7 Km/h,,54%,-13°C,1030.0mb,,"document.write(Icons.GetShortDescription(4, 'CurrentWeather'));  Broken Clouds at 910m, Cloudy at 3400m",2017-12-18
01:00,-4°C,-8°C,160°9 Km/h,,50%,-13°C,1029.0mb,,"document.write(Icons.GetShortDescription(26, 'CurrentWeather'));  Broken Clouds at 910m, Cloudy at 3000m Light Snowfall",2017-12-18
02:00,-5°C,-10°C,170°11 Km/h,,58%,-12°C,1029.0mb,,"document.write(Icons.GetShortDescription(26, 'CurrentWeather'));  Broken Clouds at 910m, Cloudy at 3000m Light Snowfall, Haze",2017-12-18
03:00,-5°C,-8°C,180°7 Km/h,,68%,-10°C,1028.0mb,,"document.write(Icons.GetShortDescription(26, 'CurrentWeather'));  Broken Clouds at 760m, Cloudy at 3000m Light Snowfall, Haze",2017-12-18
04:00,-4°C,-9°C,170°13 Km/h,,69%,-9°C,1028.0mb,,"document.write(Icons.GetShortDescription(26, 'CurrentWeather'));  Few Clouds at 300m, Broken Clouds at 760m, Cloudy at 2400m Light Snowfall, Haze",2017-12-18
05:00,-4°C,-8°C,150°9 Km/h,,69%,-9°C,1027.0mb,,"document.write(Icons.GetShortDescription(26, 'CurrentWeather'));  Few Clouds at 300m, Broken Clouds at 760m, Cloudy at 2400m Light Snowfall, Haze",2017-12-18
06:00,-4°C,-8°C,160°11 Km/h,,74%,-8°C,1027.0mb,,"document.write(Icons.GetShortDescription(26, 'CurrentWeather'));  Few Clouds at 300m, Broken Clouds at 760m, Cloudy at 2400m Light Snowfall, Haze",2017-12-18
07:00,-3°C,-7°C,160°11 Km/h,,74%,-7°C,1027.0mb,,"document.write(Icons.GetShortDescription(26, 'CurrentWeather'));  Few Clouds at 300m, Broken Clouds at 760m, Cloudy at 2400m Light Snowfall, Haze",2017-12-18
08:00,-3°C,-7°C,150°9 Km/h,,80%,-6°C,1028.0mb,,"document.write(Icons.GetShortDescription(26, 'CurrentWeather'));  Few Clouds at 300m, Broken Clouds at 760m, Cloudy at 2400m Light Snowfall, Haze",2017-12-18
08:30,-3°C,-7°C,170°9 Km/h,,80%,-6°C,1028.0mb,,"document.write(Icons.GetShortDescription(26, 'CurrentWeather'));  Few Clouds at 300m, Broken Clouds at 760m, Cloudy at 2400m Light Snowfall, Haze",2017-12-18
09:00,-3°C,-7°C,160°11 Km/h,,80%,-6°C,1028.0mb,,"document.write(Icons.GetShortDescription(26, 'CurrentWeather'));  Few Clouds at 300m, Broken Clouds at 760m, Cloudy at 2400m Light Snowfall, Haze",2017-12-18
09:45,-2°C,-5°C,170°9 Km/h,,80%,-5°C,1028.0mb,,"document.write(Icons.GetShortDescription(26, 'CurrentWeather'));  Few Clouds at 300m, Broken Clouds at 760m, Cloudy at 2400m Light Snowfall",2017-12-18
10:00,-2°C,-6°C,160°11 Km/h,,80%,-5°C,1028.0mb,,"document.write(Icons.GetShortDescription(26, 'CurrentWeather'));  Few Clouds at 300m, Broken Clouds at 760m, Cloudy at 2400m Light Snowfall, Haze",2017-12-18
11:00,-1°C,-5°C,200°13 Km/h,,80%,-4°C,1028.0mb,,"document.write(Icons.GetShortDescription(26, 'CurrentWeather'));  Few Clouds at 300m, Broken Clouds at 760m, Cloudy at 2400m Light Snowfall, Haze",2017-12-18
11:39,0°C,-4°C,170°11 Km/h,,80%,-3°C,1027.0mb,,"document.write(Icons.GetShortDescription(26, 'CurrentWeather'));  Few Clouds at 300m, Broken Clouds at 760m, Cloudy at 2400m Light Snowfall, Haze",2017-12-18
11:47,0°C,-3°C,160°7 Km/h,,80%,-3°C,1027.0mb,,"document.write(Icons.GetShortDescription(4, 'CurrentWeather'));  Few Clouds at 300m, Broken Clouds at 760m, Cloudy at 2400m Haze",2017-12-18
12:00,0°C,-3°C,180°7 Km/h,,80%,-3°C,1027.0mb,,"document.write(Icons.GetShortDescription(4, 'CurrentWeather'));  Few Clouds at 300m, Broken Clouds at 760m, Cloudy at 2400m Haze",2017-12-18
13:00,2°C,0°C,160°7 Km/h,,75%,-2°C,1026.0mb,,"document.write(Icons.GetShortDescription(4, 'CurrentWeather'));  Few Clouds at 300m, Broken Clouds at 760m, Cloudy at 2400m Haze",2017-12-18
14:00,3°C,2°C,190°6 Km/h,,75%,-1°C,1025.0mb,,"document.write(Icons.GetShortDescription(4, 'CurrentWeather'));  Scattered Clouds at 910m, Cloudy at 3000m Haze",2017-12-18
15:00,4°C,3°C,100°6 Km/h,,70%,-1°C,1024.0mb,,"document.write(Icons.GetShortDescription(1, 'CurrentWeather'));  Haze",2017-12-18
15:56,5°C,4°C,50°6 Km/h,,61%,-2°C,1024.0mb,,"document.write(Icons.GetShortDescription(1, 'CurrentWeather'));",2017-12-18
16:00,5°C,3°C,280°9 Km/h,,61%,-2°C,1024.0mb,,"document.write(Icons.GetShortDescription(1, 'CurrentWeather'));",2017-12-18
17:00,5°C,2°C,250°15 Km/h,,53%,-4°C,1024.0mb,,"document.write(Icons.GetShortDescription(2, 'CurrentWeather'));  Few Clouds at 910m",2017-12-18
18:00,5°C,2°C,250°17 Km/h,,53%,-4°C,1024.0mb,,"document.write(Icons.GetShortDescription(2, 'CurrentWeather'));  Few Clouds at 910m",2017-12-18
19:00,5°C,2°C,270°17 Km/h,,53%,-4°C,1024.0mb,,"document.write(Icons.GetShortDescription(2, 'CurrentWeather'));  Few Clouds at 910m",2017-12-18
20:00,3°C,0°C,300°13 Km/h,,60%,-4°C,1025.0mb,,"document.write(Icons.GetShortDescription(2, 'CurrentWeather'));  Few Clouds at 910m, Scattered Clouds at 3000m",2017-12-18
21:00,2°C,-2°C,300°13 Km/h,,65%,-4°C,1026.0mb,,"document.write(Icons.GetShortDescription(3, 'CurrentWeather'));  Scattered Clouds at 760m, Broken Clouds at 3700m",2017-12-18
22:00,-1°C,-4°C,330°9 Km/h,,75%,-5°C,1026.0mb,,"document.write(Icons.GetShortDescription(2, 'CurrentWeather'));  Scattered Clouds at 760m",2017-12-18
22:22,-1°C,-6°C,340°15 Km/h,,80%,-4°C,1027.0mb,,"document.write(Icons.GetShortDescription(2, 'CurrentWeather'));  Few Clouds at 760m Haze",2017-12-18
23:00,-1°C,-6°C,330°15 Km/h,,75%,-5°C,1028.0mb,,"document.write(Icons.GetShortDescription(2, 'CurrentWeather'));  Few Clouds at 760m Haze",2017-12-18
