Time,Temperature,Relative Temperature,Wind,Wind Gust,Rel. humidity,Dew Point,Pressure,Icon,DescriptionDetails,date
00:00,20°C,20°C,310°6 Km/h,,78%,16°C,1016.0mb,,"document.write(Icons.GetShortDescription(1, 'CurrentWeather'));",2017-09-04
01:00,20°C,20°C,340°2 Km/h,,78%,16°C,1016.0mb,,"document.write(Icons.GetShortDescription(1, 'CurrentWeather'));",2017-09-04
02:00,19°C,19°C,340°4 Km/h,,78%,15°C,1016.0mb,,"document.write(Icons.GetShortDescription(1, 'CurrentWeather'));",2017-09-04
03:00,19°C,19°C,310°4 Km/h,,78%,15°C,1016.0mb,,"document.write(Icons.GetShortDescription(1, 'CurrentWeather'));",2017-09-04
04:00,19°C,19°C,330°6 Km/h,,83%,16°C,1016.0mb,,"document.write(Icons.GetShortDescription(1, 'CurrentWeather'));  Haze",2017-09-04
05:00,18°C,18°C,340°6 Km/h,,88%,16°C,1016.0mb,,"document.write(Icons.GetShortDescription(1, 'CurrentWeather'));  Haze",2017-09-04
06:00,18°C,18°C,350°7 Km/h,,83%,15°C,1016.0mb,,"document.write(Icons.GetShortDescription(1, 'CurrentWeather'));  Haze",2017-09-04
07:00,19°C,19°C,310°4 Km/h,,83%,16°C,1016.0mb,,"document.write(Icons.GetShortDescription(1, 'CurrentWeather'));",2017-09-04
08:00,22°C,22°C,270°2 Km/h,,78%,18°C,1016.0mb,,"document.write(Icons.GetShortDescription(1, 'CurrentWeather'));",2017-09-04
09:00,26°C,27°C,180°4 Km/h,,65%,19°C,1016.0mb,,"document.write(Icons.GetShortDescription(1, 'CurrentWeather'));",2017-09-04
10:00,27°C,27°C,170°6 Km/h,,51%,16°C,1017.0mb,,"document.write(Icons.GetShortDescription(1, 'CurrentWeather'));",2017-09-04
11:00,28°C,28°C,170°7 Km/h,,40%,13°C,1016.0mb,,"document.write(Icons.GetShortDescription(1, 'CurrentWeather'));",2017-09-04
12:00,29°C,28°C,230°9 Km/h,,37%,13°C,1015.0mb,,"document.write(Icons.GetShortDescription(1, 'CurrentWeather'));",2017-09-04
13:00,29°C,28°C,280°7 Km/h,,37%,13°C,1015.0mb,,"document.write(Icons.GetShortDescription(3, 'CurrentWeather'));  Few Clouds at 910m, Broken Clouds at 5500m",2017-09-04
14:00,30°C,29°C,210°9 Km/h,,33%,12°C,1014.0mb,,"document.write(Icons.GetShortDescription(3, 'CurrentWeather'));  Few Clouds at 910m, Broken Clouds at 5500m",2017-09-04
15:00,28°C,27°C,310°13 Km/h,,35%,11°C,1013.0mb,,"document.write(Icons.GetShortDescription(3, 'CurrentWeather'));  Few Clouds at 910m, Broken Clouds at 5500m",2017-09-04
16:00,28°C,27°C,280°9 Km/h,,37%,12°C,1014.0mb,,"document.write(Icons.GetShortDescription(3, 'CurrentWeather'));  Few Clouds at 910m, Broken Clouds at 5500m",2017-09-04
17:00,27°C,27°C,270°9 Km/h,,39%,12°C,1014.0mb,,"document.write(Icons.GetShortDescription(3, 'CurrentWeather'));  Few Clouds at 910m, Broken Clouds at 5500m",2017-09-04
18:00,26°C,26°C,310°9 Km/h,,45%,13°C,1014.0mb,,"document.write(Icons.GetShortDescription(1, 'CurrentWeather'));",2017-09-04
19:00,24°C,24°C,310°7 Km/h,,50%,13°C,1014.0mb,,"document.write(Icons.GetShortDescription(1, 'CurrentWeather'));",2017-09-04
20:00,23°C,23°C,350°2 Km/h,,57%,14°C,1014.0mb,,"document.write(Icons.GetShortDescription(1, 'CurrentWeather'));",2017-09-04
21:00,23°C,23°C,330°4 Km/h,,57%,14°C,1015.0mb,,"document.write(Icons.GetShortDescription(1, 'CurrentWeather'));",2017-09-04
22:00,23°C,23°C,30°6 Km/h,,61%,15°C,1014.0mb,,"document.write(Icons.GetShortDescription(1, 'CurrentWeather'));",2017-09-04
23:00,21°C,21°C,310°6 Km/h,,69%,15°C,1014.0mb,,"document.write(Icons.GetShortDescription(1, 'CurrentWeather'));",2017-09-04
