Time,Temperature,Relative Temperature,Wind,Wind Gust,Rel. humidity,Dew Point,Pressure,Icon,DescriptionDetails,date
00:00,-2°C,-2°C,310°4 Km/h,,74%,-6°C,1025.0mb,,"document.write(Icons.GetShortDescription(1, 'CurrentWeather'));  Haze",2017-02-04
01:00,-3°C,-3°C,360°4 Km/h,,80%,-6°C,1025.0mb,,"document.write(Icons.GetShortDescription(1, 'CurrentWeather'));  Haze",2017-02-04
02:00,-4°C,-6°C,300°6 Km/h,,80%,-7°C,1025.0mb,,"document.write(Icons.GetShortDescription(1, 'CurrentWeather'));  Haze",2017-02-04
03:00,-4°C,-4°C,30°2 Km/h,,80%,-7°C,1025.0mb,,"document.write(Icons.GetShortDescription(1, 'CurrentWeather'));  Haze",2017-02-04
04:00,-5°C,-5°C,310°2 Km/h,,80%,-8°C,1024.0mb,,"document.write(Icons.GetShortDescription(1, 'CurrentWeather'));  Haze",2017-02-04
05:00,-4°C,-4°C,20°4 Km/h,,80%,-7°C,1024.0mb,,"document.write(Icons.GetShortDescription(1, 'CurrentWeather'));  Partial Fog",2017-02-04
06:00,-4°C,-6°C,330°6 Km/h,,86%,-6°C,1024.0mb,,"document.write(Icons.GetShortDescription(1, 'CurrentWeather'));  Partial Fog",2017-02-04
06:17,-4°C,-6°C,330°6 Km/h,,86%,-6°C,1024.0mb,,"document.write(Icons.GetShortDescription(1, 'CurrentWeather'));  Partial Fog",2017-02-04
07:00,-5°C,-5°C,220°2 Km/h,,86%,-7°C,1024.0mb,,"document.write(Icons.GetShortDescription(2, 'CurrentWeather'));  Few Clouds at 300m Partial Fog",2017-02-04
08:00,-4°C,-4°C,250°2 Km/h,,80%,-7°C,1024.0mb,,"document.write(Icons.GetShortDescription(1, 'CurrentWeather'));  Haze",2017-02-04
09:00,-1°C,-1°C,240°2 Km/h,,80%,-4°C,1024.0mb,,"document.write(Icons.GetShortDescription(1, 'CurrentWeather'));  Haze",2017-02-04
10:00,0°C,-2°C,30°6 Km/h,,75%,-4°C,1024.0mb,,"document.write(Icons.GetShortDescription(3, 'CurrentWeather'));  Few Clouds at 910m, Broken Clouds at 3400m Haze",2017-02-04
11:00,2°C,2°C,350°4 Km/h,,70%,-3°C,1023.0mb,,"document.write(Icons.GetShortDescription(4, 'CurrentWeather'));  Few Clouds at 910m, Cloudy at 3400m Haze",2017-02-04
12:00,3°C,1°C,310°7 Km/h,,65%,-3°C,1022.0mb,,"document.write(Icons.GetShortDescription(4, 'CurrentWeather'));  Few Clouds at 910m, Cloudy at 3400m Haze",2017-02-04
13:00,3°C,3°C,280°4 Km/h,,60%,-4°C,1021.0mb,,"document.write(Icons.GetShortDescription(4, 'CurrentWeather'));  Few Clouds at 910m, Cloudy at 3400m Haze",2017-02-04
14:00,3°C,3°C,320°4 Km/h,,65%,-3°C,1020.0mb,,"document.write(Icons.GetShortDescription(4, 'CurrentWeather'));  Few Clouds at 910m, Cloudy at 2700m Haze",2017-02-04
15:00,3°C,0°C,320°9 Km/h,,65%,-3°C,1020.0mb,,"document.write(Icons.GetShortDescription(4, 'CurrentWeather'));  Few Clouds at 910m, Cloudy at 2100m Haze",2017-02-04
16:00,3°C,1°C,10°7 Km/h,,60%,-4°C,1019.0mb,,"document.write(Icons.GetShortDescription(4, 'CurrentWeather'));  Few Clouds at 910m, Cloudy at 2100m Haze",2017-02-04
17:00,3°C,1°C,360°7 Km/h,,60%,-4°C,1018.0mb,,"document.write(Icons.GetShortDescription(4, 'CurrentWeather'));  Few Clouds at 1200m, Cloudy at 2100m Haze",2017-02-04
18:00,2°C,0°C,340°7 Km/h,,65%,-4°C,1019.0mb,,"document.write(Icons.GetShortDescription(4, 'CurrentWeather'));  Few Clouds at 1200m, Broken Clouds at 2100m, Cloudy at 5500m Haze",2017-02-04
19:00,2°C,0°C,330°6 Km/h,,70%,-3°C,1018.0mb,,"document.write(Icons.GetShortDescription(4, 'CurrentWeather'));  Few Clouds at 1200m, Broken Clouds at 2100m, Cloudy at 5500m Haze",2017-02-04
20:00,3°C,0°C,10°9 Km/h,,60%,-4°C,1018.0mb,,"document.write(Icons.GetShortDescription(4, 'CurrentWeather'));  Few Clouds at 1200m, Broken Clouds at 2100m, Cloudy at 5500m Haze",2017-02-04
21:00,2°C,0°C,330°7 Km/h,,65%,-4°C,1018.0mb,,"document.write(Icons.GetShortDescription(4, 'CurrentWeather'));  Few Clouds at 1200m, Broken Clouds at 2100m, Cloudy at 5500m Haze",2017-02-04
22:00,2°C,0°C,350°6 Km/h,,65%,-4°C,1018.0mb,,"document.write(Icons.GetShortDescription(4, 'CurrentWeather'));  Few Clouds at 1200m, Broken Clouds at 2100m, Cloudy at 5500m Haze",2017-02-04
23:00,1°C,-1°C,350°6 Km/h,,75%,-3°C,1017.0mb,,"document.write(Icons.GetShortDescription(4, 'CurrentWeather'));  Scattered Clouds at 1200m, Cloudy at 2100m Haze",2017-02-04
23:22,1°C,-1°C,340°7 Km/h,,75%,-3°C,1017.0mb,,"document.write(Icons.GetShortDescription(4, 'CurrentWeather'));  Scattered Clouds at 1200m, Cloudy at 2100m Haze",2017-02-04
