Time,Temperature,Relative Temperature,Wind,Wind Gust,Rel. humidity,Dew Point,Pressure,Icon,DescriptionDetails,date
00:00,23°C,23°C,260°7 Km/h,,69%,17°C,1013.0mb,,"document.write(Icons.GetShortDescription(3, 'CurrentWeather'));  Few Clouds at 1200m, Broken Clouds at 5500m",2017-06-29
01:00,22°C,22°C,260°7 Km/h,,78%,18°C,1013.0mb,,"document.write(Icons.GetShortDescription(3, 'CurrentWeather'));  Few Clouds at 1200m, Broken Clouds at 5500m",2017-06-29
02:00,22°C,22°C,250°4 Km/h,,78%,18°C,1013.0mb,,"document.write(Icons.GetShortDescription(3, 'CurrentWeather'));  Few Clouds at 1200m, Broken Clouds at 5500m Haze",2017-06-29
03:00,21°C,21°C,350°7 Km/h,,83%,18°C,1013.0mb,,"document.write(Icons.GetShortDescription(3, 'CurrentWeather'));  Few Clouds at 1200m, Broken Clouds at 5500m Haze",2017-06-29
04:00,21°C,21°C,330°2 Km/h,,83%,18°C,1013.0mb,,"document.write(Icons.GetShortDescription(3, 'CurrentWeather'));  Few Clouds at 1200m, Broken Clouds at 5500m Haze",2017-06-29
05:00,21°C,21°C,320°4 Km/h,,83%,18°C,1013.0mb,,"document.write(Icons.GetShortDescription(3, 'CurrentWeather'));  Few Clouds at 1200m, Broken Clouds at 5500m Haze",2017-06-29
06:00,21°C,21°C,350°6 Km/h,,83%,18°C,1012.0mb,,"document.write(Icons.GetShortDescription(3, 'CurrentWeather'));  Few Clouds at 1200m, Broken Clouds at 5500m Haze",2017-06-29
06:47,22°C,22°C,10°2 Km/h,,83%,19°C,1012.0mb,,"document.write(Icons.GetShortDescription(3, 'CurrentWeather'));  Few Clouds at 300m, Broken Clouds at 5500m Haze",2017-06-29
07:00,22°C,22°C,20°4 Km/h,,83%,19°C,1012.0mb,,"document.write(Icons.GetShortDescription(3, 'CurrentWeather'));  Few Clouds at 300m, Broken Clouds at 5500m Haze",2017-06-29
08:00,23°C,23°C,20°6 Km/h,,74%,18°C,1013.0mb,,"document.write(Icons.GetShortDescription(3, 'CurrentWeather'));  Few Clouds at 300m, Broken Clouds at 5500m Haze",2017-06-29
09:00,25°C,25°C,300°4 Km/h,,69%,19°C,1013.0mb,,"document.write(Icons.GetShortDescription(3, 'CurrentWeather'));  Few Clouds at 300m, Scattered Clouds at 760m, Broken Clouds at 3700m",2017-06-29
10:00,26°C,27°C,220°7 Km/h,,58%,17°C,1013.0mb,,"document.write(Icons.GetShortDescription(2, 'CurrentWeather'));  Scattered Clouds at 910m",2017-06-29
11:00,28°C,28°C,230°7 Km/h,,48%,16°C,1013.0mb,,"document.write(Icons.GetShortDescription(2, 'CurrentWeather'));  Scattered Clouds at 910m",2017-06-29
12:00,29°C,29°C,250°6 Km/h,,48%,17°C,1012.0mb,,"document.write(Icons.GetShortDescription(2, 'CurrentWeather'));  Scattered Clouds at 910m",2017-06-29
13:00,29°C,29°C,300°13 Km/h,,48%,17°C,1011.0mb,,"document.write(Icons.GetShortDescription(2, 'CurrentWeather'));  Scattered Clouds at 910m",2017-06-29
14:00,30°C,30°C,300°9 Km/h,,43%,16°C,1011.0mb,,"document.write(Icons.GetShortDescription(3, 'CurrentWeather'));  Scattered Clouds at 910m, Broken Clouds at 4600m",2017-06-29
15:00,31°C,31°C,290°15 Km/h,,43%,17°C,1010.0mb,,"document.write(Icons.GetShortDescription(3, 'CurrentWeather'));  Scattered Clouds at 910m, Broken Clouds at 4600m",2017-06-29
16:00,30°C,31°C,300°19 Km/h,,49%,18°C,1010.0mb,,"document.write(Icons.GetShortDescription(3, 'CurrentWeather'));  Few Clouds at 910m, Broken Clouds at 4600m",2017-06-29
17:00,29°C,29°C,300°20 Km/h,,48%,17°C,1010.0mb,,"document.write(Icons.GetShortDescription(2, 'CurrentWeather'));  Few Clouds at 910m",2017-06-29
18:00,28°C,29°C,290°15 Km/h,,51%,17°C,1009.0mb,,"document.write(Icons.GetShortDescription(2, 'CurrentWeather'));  Few Clouds at 910m",2017-06-29
19:00,27°C,28°C,290°11 Km/h,,54%,17°C,1009.0mb,,"document.write(Icons.GetShortDescription(1, 'CurrentWeather'));",2017-06-29
20:00,25°C,25°C,290°9 Km/h,,65%,18°C,1009.0mb,,"document.write(Icons.GetShortDescription(1, 'CurrentWeather'));",2017-06-29
20:17,24°C,24°C,290°9 Km/h,,69%,18°C,1009.0mb,,"document.write(Icons.GetShortDescription(1, 'CurrentWeather'));  Haze",2017-06-29
21:00,24°C,24°C,280°7 Km/h,,69%,18°C,1009.0mb,,"document.write(Icons.GetShortDescription(1, 'CurrentWeather'));  Haze",2017-06-29
22:00,23°C,23°C,290°6 Km/h,,78%,19°C,1010.0mb,,"document.write(Icons.GetShortDescription(1, 'CurrentWeather'));  Haze",2017-06-29
23:00,23°C,23°C,280°7 Km/h,,78%,19°C,1010.0mb,,"document.write(Icons.GetShortDescription(1, 'CurrentWeather'));  Haze",2017-06-29
