Time,Temperature,Relative Temperature,Wind,Wind Gust,Rel. humidity,Dew Point,Pressure,Icon,DescriptionDetails,date
00:00,22°C,23°C,330°6 Km/h,,88%,20°C,1005.0mb,,"document.write(Icons.GetShortDescription(10, 'CurrentWeather'));  Few Clouds at 150m, Scattered Cumulonimbus Clouds at 300m, Broken Clouds at 760m, Cloudy at 2400m Heavy Rain with Thunderstorm, Haze",2017-07-03
00:38,22°C,23°C,170°6 Km/h,,88%,20°C,1005.0mb,,"document.write(Icons.GetShortDescription(7, 'CurrentWeather'));  Scattered Clouds at 210m, Broken Clouds at 760m, Cloudy at 2400m Heavy Rain, Haze",2017-07-03
00:44,22°C,23°C,320°9 Km/h,,88%,20°C,1005.0mb,,"document.write(Icons.GetShortDescription(7, 'CurrentWeather'));  Scattered Clouds at 210m, Broken Clouds at 760m, Cloudy at 2400m Heavy Rain, Haze",2017-07-03
01:00,22°C,23°C,310°6 Km/h,,88%,20°C,1005.0mb,,"document.write(Icons.GetShortDescription(7, 'CurrentWeather'));  Scattered Clouds at 300m, Broken Clouds at 760m, Cloudy at 2400m Light Rain",2017-07-03
02:00,23°C,24°C,220°6 Km/h,,94%,22°C,1005.0mb,,"document.write(Icons.GetShortDescription(7, 'CurrentWeather'));  Scattered Clouds at 240m, Broken Clouds at 760m, Cloudy at 2400m Light Rain, Haze",2017-07-03
03:00,25°C,26°C,220°24 Km/h,,89%,23°C,1004.0mb,,"document.write(Icons.GetShortDescription(7, 'CurrentWeather'));  Scattered Clouds at 300m, Broken Clouds at 760m, Cloudy at 2400m Light Rain, Haze",2017-07-03
04:00,24°C,25°C,240°31 Km/h,,89%,22°C,1004.0mb,,"document.write(Icons.GetShortDescription(7, 'CurrentWeather'));  Scattered Clouds at 300m, Broken Clouds at 760m, Cloudy at 2400m Light Rain, Haze",2017-07-03
04:36,24°C,25°C,240°20 Km/h,,83%,21°C,1004.0mb,,"document.write(Icons.GetShortDescription(7, 'CurrentWeather'));  Scattered Clouds at 240m, Broken Clouds at 760m, Cloudy at 2400m Light Rain, Haze",2017-07-03
05:00,24°C,25°C,240°22 Km/h,,83%,21°C,1005.0mb,,"document.write(Icons.GetShortDescription(7, 'CurrentWeather'));  Scattered Clouds at 180m, Broken Clouds at 760m, Cloudy at 2400m Light Rain, Haze",2017-07-03
06:00,24°C,25°C,240°19 Km/h,,83%,21°C,1004.0mb,,"document.write(Icons.GetShortDescription(7, 'CurrentWeather'));  Scattered Clouds at 240m, Broken Clouds at 760m, Cloudy at 2400m Light Rain",2017-07-03
06:51,24°C,25°C,280°9 Km/h,,83%,21°C,1005.0mb,,"document.write(Icons.GetShortDescription(7, 'CurrentWeather'));  Scattered Clouds at 240m, Broken Clouds at 760m, Cloudy at 2400m Light Rain, Haze",2017-07-03
07:00,24°C,25°C,250°7 Km/h,,83%,21°C,1005.0mb,,"document.write(Icons.GetShortDescription(7, 'CurrentWeather'));  Scattered Clouds at 240m, Broken Clouds at 760m, Cloudy at 2400m Light Rain, Haze",2017-07-03
08:00,24°C,25°C,230°13 Km/h,,83%,21°C,1006.0mb,,"document.write(Icons.GetShortDescription(4, 'CurrentWeather'));  Scattered Clouds at 240m, Broken Clouds at 760m, Cloudy at 2400m",2017-07-03
08:27,24°C,25°C,220°13 Km/h,,89%,22°C,1006.0mb,,"document.write(Icons.GetShortDescription(4, 'CurrentWeather'));  Scattered Clouds at 180m, Broken Clouds at 760m, Cloudy at 2400m Haze",2017-07-03
09:00,24°C,25°C,220°13 Km/h,,83%,21°C,1006.0mb,,"document.write(Icons.GetShortDescription(4, 'CurrentWeather'));  Scattered Clouds at 180m, Broken Clouds at 760m, Cloudy at 2400m Haze",2017-07-03
10:00,24°C,25°C,220°7 Km/h,,89%,22°C,1006.0mb,,"document.write(Icons.GetShortDescription(4, 'CurrentWeather'));  Scattered Clouds at 180m, Broken Clouds at 760m, Cloudy at 2400m Haze",2017-07-03
10:35,25°C,26°C,230°11 Km/h,,83%,22°C,1006.0mb,,"document.write(Icons.GetShortDescription(4, 'CurrentWeather'));  Few Clouds at 180m, Scattered Clouds at 760m, Cloudy at 2400m",2017-07-03
10:58,26°C,28°C,220°9 Km/h,,79%,22°C,1006.0mb,,"document.write(Icons.GetShortDescription(3, 'CurrentWeather'));  Few Clouds at 180m, Scattered Clouds at 760m, Broken Clouds at 2400m",2017-07-03
11:00,26°C,28°C,210°7 Km/h,,79%,22°C,1006.0mb,,"document.write(Icons.GetShortDescription(3, 'CurrentWeather'));  Few Clouds at 180m, Scattered Clouds at 760m, Broken Clouds at 2400m",2017-07-03
12:00,27°C,29°C,220°15 Km/h,,70%,21°C,1006.0mb,,"document.write(Icons.GetShortDescription(3, 'CurrentWeather'));  Scattered Clouds at 760m, Broken Clouds at 3700m",2017-07-03
13:00,28°C,30°C,220°20 Km/h,,66%,21°C,1006.0mb,,"document.write(Icons.GetShortDescription(4, 'CurrentWeather'));  Broken Clouds at 760m, Cloudy at 3000m",2017-07-03
14:00,28°C,31°C,230°20 Km/h,,70%,22°C,1006.0mb,,"document.write(Icons.GetShortDescription(4, 'CurrentWeather'));  Broken Clouds at 760m, Cloudy at 3000m",2017-07-03
15:00,27°C,29°C,240°20 Km/h,,74%,22°C,1005.0mb,,"document.write(Icons.GetShortDescription(4, 'CurrentWeather'));  Broken Clouds at 760m, Cloudy at 3000m",2017-07-03
16:00,27°C,29°C,230°22 Km/h,,74%,22°C,1005.0mb,,"document.write(Icons.GetShortDescription(4, 'CurrentWeather'));  Broken Clouds at 910m, Cloudy at 3000m",2017-07-03
17:00,27°C,29°C,230°19 Km/h,,74%,22°C,1005.0mb,,"document.write(Icons.GetShortDescription(4, 'CurrentWeather'));  Broken Clouds at 910m, Cloudy at 3000m",2017-07-03
18:00,25°C,26°C,250°17 Km/h,,79%,21°C,1006.0mb,,"document.write(Icons.GetShortDescription(4, 'CurrentWeather'));  Few Clouds at 300m, Broken Clouds at 760m, Cloudy at 3000m Haze",2017-07-03
19:00,24°C,25°C,240°15 Km/h,,83%,21°C,1006.0mb,,"document.write(Icons.GetShortDescription(4, 'CurrentWeather'));  Scattered Clouds at 300m, Broken Clouds at 760m, Cloudy at 2400m Haze",2017-07-03
20:00,24°C,25°C,240°17 Km/h,,83%,21°C,1006.0mb,,"document.write(Icons.GetShortDescription(4, 'CurrentWeather'));  Scattered Clouds at 300m, Broken Clouds at 760m, Cloudy at 2400m Haze",2017-07-03
21:00,24°C,25°C,240°13 Km/h,,83%,21°C,1007.0mb,,"document.write(Icons.GetShortDescription(4, 'CurrentWeather'));  Scattered Clouds at 300m, Broken Clouds at 760m, Cloudy at 2400m Haze",2017-07-03
22:00,25°C,26°C,240°7 Km/h,,79%,21°C,1007.0mb,,"document.write(Icons.GetShortDescription(4, 'CurrentWeather'));  Scattered Clouds at 300m, Broken Clouds at 760m, Cloudy at 2400m Haze",2017-07-03
23:00,24°C,25°C,220°7 Km/h,,83%,21°C,1007.0mb,,"document.write(Icons.GetShortDescription(4, 'CurrentWeather'));  Scattered Clouds at 300m, Broken Clouds at 760m, Cloudy at 2400m Haze",2017-07-03
