Time,Temperature,Relative Temperature,Wind,Wind Gust,Rel. humidity,Dew Point,Pressure,Icon,DescriptionDetails,date
00:00,2°C,-2°C,330°13 Km/h,,41%,-10°C,1022.0mb,,"document.write(Icons.GetShortDescription(1, 'CurrentWeather'));",2017-03-15
01:00,2°C,0°C,330°7 Km/h,,41%,-10°C,1022.0mb,,"document.write(Icons.GetShortDescription(1, 'CurrentWeather'));",2017-03-15
02:00,-1°C,-3°C,310°6 Km/h,,43%,-12°C,1023.0mb,,"document.write(Icons.GetShortDescription(1, 'CurrentWeather'));",2017-03-15
03:00,0°C,-2°C,300°6 Km/h,,47%,-10°C,1023.0mb,,"document.write(Icons.GetShortDescription(1, 'CurrentWeather'));",2017-03-15
04:00,-1°C,-4°C,310°9 Km/h,,51%,-10°C,1023.0mb,,"document.write(Icons.GetShortDescription(1, 'CurrentWeather'));",2017-03-15
05:00,-2°C,-6°C,310°13 Km/h,,55%,-10°C,1023.0mb,,"document.write(Icons.GetShortDescription(1, 'CurrentWeather'));",2017-03-15
06:00,0°C,-2°C,310°6 Km/h,,47%,-10°C,1023.0mb,,"document.write(Icons.GetShortDescription(1, 'CurrentWeather'));",2017-03-15
07:00,-1°C,-3°C,340°6 Km/h,,47%,-11°C,1024.0mb,,"document.write(Icons.GetShortDescription(1, 'CurrentWeather'));",2017-03-15
08:00,2°C,-1°C,330°9 Km/h,,48%,-8°C,1024.0mb,,"document.write(Icons.GetShortDescription(1, 'CurrentWeather'));",2017-03-15
09:00,4°C,2°C,330°7 Km/h,,39%,-9°C,1025.0mb,,"document.write(Icons.GetShortDescription(1, 'CurrentWeather'));",2017-03-15
10:00,6°C,4°C,30°7 Km/h,,29%,-11°C,1025.0mb,,"document.write(Icons.GetShortDescription(1, 'CurrentWeather'));",2017-03-15
11:00,8°C,7°C,90°6 Km/h,,23%,-12°C,1025.0mb,,"document.write(Icons.GetShortDescription(1, 'CurrentWeather'));",2017-03-15
12:00,9°C,8°C,30°7 Km/h,,21%,-12°C,1024.0mb,,"document.write(Icons.GetShortDescription(1, 'CurrentWeather'));",2017-03-15
13:00,11°C,11°C,60°4 Km/h,,19%,-12°C,1023.0mb,,"document.write(Icons.GetShortDescription(1, 'CurrentWeather'));",2017-03-15
14:00,12°C,12°C,350°7 Km/h,,18%,-12°C,1022.0mb,,"document.write(Icons.GetShortDescription(1, 'CurrentWeather'));",2017-03-15
15:00,12°C,12°C,300°13 Km/h,,18%,-12°C,1022.0mb,,"document.write(Icons.GetShortDescription(1, 'CurrentWeather'));",2017-03-15
16:00,11°C,11°C,290°20 Km/h,,26%,-8°C,1022.0mb,,"document.write(Icons.GetShortDescription(1, 'CurrentWeather'));",2017-03-15
17:00,10°C,8°C,280°19 Km/h,,25%,-9°C,1022.0mb,,"document.write(Icons.GetShortDescription(1, 'CurrentWeather'));",2017-03-15
18:00,9°C,7°C,280°13 Km/h,,27%,-9°C,1022.0mb,,"document.write(Icons.GetShortDescription(1, 'CurrentWeather'));",2017-03-15
19:00,6°C,4°C,290°11 Km/h,,34%,-9°C,1022.0mb,,"document.write(Icons.GetShortDescription(1, 'CurrentWeather'));",2017-03-15
20:00,3°C,1°C,320°7 Km/h,,48%,-7°C,1022.0mb,,"document.write(Icons.GetShortDescription(1, 'CurrentWeather'));",2017-03-15
21:00,4°C,2°C,320°7 Km/h,,45%,-7°C,1022.0mb,,"document.write(Icons.GetShortDescription(1, 'CurrentWeather'));",2017-03-15
22:00,3°C,3°C,50°4 Km/h,,56%,-5°C,1022.0mb,,"document.write(Icons.GetShortDescription(1, 'CurrentWeather'));",2017-03-15
23:00,1°C,1°C,320°2 Km/h,,65%,-5°C,1023.0mb,,"document.write(Icons.GetShortDescription(1, 'CurrentWeather'));",2017-03-15
