Time,Temperature,Relative Temperature,Wind,Wind Gust,Rel. humidity,Dew Point,Pressure,Icon,DescriptionDetails,date
00:00,-2°C,-6°C,330°11 Km/h,,64%,-8°C,1029.0mb,,"document.write(Icons.GetShortDescription(1, 'CurrentWeather'));",2017-11-27
01:00,-2°C,-5°C,340°7 Km/h,,64%,-8°C,1029.0mb,,"document.write(Icons.GetShortDescription(1, 'CurrentWeather'));",2017-11-27
02:00,-3°C,-5°C,340°6 Km/h,,64%,-9°C,1029.0mb,,"document.write(Icons.GetShortDescription(1, 'CurrentWeather'));",2017-11-27
03:00,-4°C,-6°C,340°6 Km/h,,69%,-9°C,1029.0mb,,"document.write(Icons.GetShortDescription(1, 'CurrentWeather'));",2017-11-27
04:00,-4°C,-6°C,320°6 Km/h,,69%,-9°C,1029.0mb,,"document.write(Icons.GetShortDescription(1, 'CurrentWeather'));",2017-11-27
05:00,-4°C,-4°C,360°4 Km/h,,74%,-8°C,1029.0mb,,"document.write(Icons.GetShortDescription(1, 'CurrentWeather'));",2017-11-27
06:00,-4°C,-7°C,330°7 Km/h,,74%,-8°C,1029.0mb,,"document.write(Icons.GetShortDescription(1, 'CurrentWeather'));",2017-11-27
07:00,-4°C,-4°C,20°2 Km/h,,80%,-7°C,1029.0mb,,"document.write(Icons.GetShortDescription(1, 'CurrentWeather'));",2017-11-27
08:00,-3°C,-3°C,340°4 Km/h,,74%,-7°C,1029.0mb,,"document.write(Icons.GetShortDescription(1, 'CurrentWeather'));",2017-11-27
09:00,-1°C,-1°C,30°4 Km/h,,69%,-6°C,1029.0mb,,"document.write(Icons.GetShortDescription(1, 'CurrentWeather'));",2017-11-27
10:00,1°C,1°C,320°4 Km/h,,65%,-5°C,1029.0mb,,"document.write(Icons.GetShortDescription(1, 'CurrentWeather'));",2017-11-27
11:00,4°C,4°C,20°4 Km/h,,56%,-4°C,1029.0mb,,"document.write(Icons.GetShortDescription(1, 'CurrentWeather'));",2017-11-27
12:00,5°C,5°C,310°4 Km/h,,49%,-5°C,1028.0mb,,"document.write(Icons.GetShortDescription(1, 'CurrentWeather'));",2017-11-27
13:00,7°C,7°C,190°4 Km/h,,42%,-5°C,1027.0mb,,"document.write(Icons.GetShortDescription(1, 'CurrentWeather'));",2017-11-27
14:00,7°C,6°C,310°6 Km/h,,42%,-5°C,1026.0mb,,"document.write(Icons.GetShortDescription(1, 'CurrentWeather'));",2017-11-27
15:00,7°C,5°C,350°9 Km/h,,42%,-5°C,1025.0mb,,"document.write(Icons.GetShortDescription(1, 'CurrentWeather'));",2017-11-27
16:00,7°C,5°C,290°9 Km/h,,39%,-6°C,1025.0mb,,"document.write(Icons.GetShortDescription(1, 'CurrentWeather'));",2017-11-27
17:00,5°C,2°C,290°11 Km/h,,45%,-6°C,1026.0mb,,"document.write(Icons.GetShortDescription(1, 'CurrentWeather'));",2017-11-27
18:00,3°C,2°C,260°6 Km/h,,52%,-6°C,1026.0mb,,"document.write(Icons.GetShortDescription(1, 'CurrentWeather'));",2017-11-27
19:00,1°C,-1°C,340°6 Km/h,,56%,-7°C,1026.0mb,,"document.write(Icons.GetShortDescription(1, 'CurrentWeather'));",2017-11-27
20:00,0°C,0°C,Calm,,60%,-7°C,1025.0mb,,"document.write(Icons.GetShortDescription(1, 'CurrentWeather'));",2017-11-27
21:00,-1°C,-1°C,330°4 Km/h,,69%,-6°C,1025.0mb,,"document.write(Icons.GetShortDescription(1, 'CurrentWeather'));",2017-11-27
22:00,0°C,0°C,330°4 Km/h,,64%,-6°C,1024.0mb,,"document.write(Icons.GetShortDescription(1, 'CurrentWeather'));",2017-11-27
23:00,-1°C,-3°C,320°6 Km/h,,69%,-6°C,1025.0mb,,"document.write(Icons.GetShortDescription(1, 'CurrentWeather'));",2017-11-27
