Time,Temperature,Relative Temperature,Wind,Wind Gust,Rel. humidity,Dew Point,Pressure,Icon,DescriptionDetails,date
00:00,18°C,18°C,50°6 Km/h,,73%,13°C,1018.0mb,,"document.write(Icons.GetShortDescription(2, 'CurrentWeather'));  Scattered Clouds at 910m",2017-10-07
01:00,18°C,18°C,20°6 Km/h,,73%,13°C,1018.0mb,,"document.write(Icons.GetShortDescription(2, 'CurrentWeather'));  Scattered Clouds at 910m",2017-10-07
02:00,17°C,17°C,350°6 Km/h,,73%,12°C,1018.0mb,,"document.write(Icons.GetShortDescription(2, 'CurrentWeather'));  Few Clouds at 300m, Scattered Clouds at 1200m",2017-10-07
03:00,17°C,17°C,50°4 Km/h,,77%,13°C,1018.0mb,,"document.write(Icons.GetShortDescription(2, 'CurrentWeather'));  Scattered Clouds at 1200m",2017-10-07
04:00,16°C,16°C,330°7 Km/h,,83%,13°C,1018.0mb,,"document.write(Icons.GetShortDescription(2, 'CurrentWeather'));  Scattered Clouds at 910m",2017-10-07
05:00,17°C,17°C,340°7 Km/h,,77%,13°C,1019.0mb,,"document.write(Icons.GetShortDescription(2, 'CurrentWeather'));  Scattered Clouds at 910m",2017-10-07
06:00,17°C,17°C,330°9 Km/h,,77%,13°C,1019.0mb,,"document.write(Icons.GetShortDescription(2, 'CurrentWeather'));  Scattered Clouds at 910m",2017-10-07
07:00,17°C,17°C,330°9 Km/h,,77%,13°C,1020.0mb,,"document.write(Icons.GetShortDescription(3, 'CurrentWeather'));  Broken Clouds at 910m",2017-10-07
08:00,17°C,17°C,320°4 Km/h,,83%,14°C,1020.0mb,,"document.write(Icons.GetShortDescription(3, 'CurrentWeather'));  Broken Clouds at 910m",2017-10-07
09:00,19°C,19°C,330°4 Km/h,,78%,15°C,1021.0mb,,"document.write(Icons.GetShortDescription(3, 'CurrentWeather'));  Broken Clouds at 910m",2017-10-07
10:00,20°C,20°C,20°6 Km/h,,73%,15°C,1021.0mb,,"document.write(Icons.GetShortDescription(3, 'CurrentWeather'));  Broken Clouds at 910m",2017-10-07
11:00,22°C,22°C,50°4 Km/h,,65%,15°C,1021.0mb,,"document.write(Icons.GetShortDescription(3, 'CurrentWeather'));  Few Clouds at 1200m, Broken Clouds at 3700m",2017-10-07
12:00,23°C,23°C,30°7 Km/h,,65%,16°C,1020.0mb,,"document.write(Icons.GetShortDescription(2, 'CurrentWeather'));  Few Clouds at 910m",2017-10-07
13:00,24°C,24°C,40°7 Km/h,,57%,15°C,1020.0mb,,"document.write(Icons.GetShortDescription(2, 'CurrentWeather'));  Few Clouds at 610m, Scattered Clouds at 1100m",2017-10-07
14:00,25°C,25°C,150°7 Km/h,,54%,15°C,1018.0mb,,"document.write(Icons.GetShortDescription(2, 'CurrentWeather'));  Few Clouds at 610m, Scattered Clouds at 1100m",2017-10-07
15:00,26°C,26°C,100°13 Km/h,,48%,14°C,1018.0mb,,"document.write(Icons.GetShortDescription(2, 'CurrentWeather'));  Scattered Clouds at 1100m",2017-10-07
16:00,26°C,26°C,190°11 Km/h,,48%,14°C,1019.0mb,,"document.write(Icons.GetShortDescription(3, 'CurrentWeather'));  Scattered Clouds at 1100m, Broken Clouds at 6100m",2017-10-07
17:00,24°C,24°C,280°11 Km/h,,54%,14°C,1019.0mb,,"document.write(Icons.GetShortDescription(3, 'CurrentWeather'));  Scattered Clouds at 1100m, Broken Clouds at 6100m",2017-10-07
18:00,22°C,22°C,300°13 Km/h,,61%,14°C,1020.0mb,,"document.write(Icons.GetShortDescription(3, 'CurrentWeather'));  Scattered Clouds at 1200m, Broken Clouds at 4600m",2017-10-07
19:00,21°C,21°C,340°4 Km/h,,64%,14°C,1020.0mb,,"document.write(Icons.GetShortDescription(3, 'CurrentWeather'));  Scattered Clouds at 1200m, Broken Clouds at 5500m",2017-10-07
20:00,20°C,20°C,320°6 Km/h,,69%,14°C,1020.0mb,,"document.write(Icons.GetShortDescription(3, 'CurrentWeather'));  Scattered Clouds at 1200m, Broken Clouds at 5500m",2017-10-07
21:00,19°C,19°C,60°4 Km/h,,73%,14°C,1020.0mb,,"document.write(Icons.GetShortDescription(3, 'CurrentWeather'));  Scattered Clouds at 1200m, Broken Clouds at 5500m",2017-10-07
22:00,19°C,19°C,310°7 Km/h,,73%,14°C,1021.0mb,,"document.write(Icons.GetShortDescription(3, 'CurrentWeather'));  Scattered Clouds at 1200m, Broken Clouds at 5500m",2017-10-07
23:00,19°C,19°C,340°7 Km/h,,78%,15°C,1021.0mb,,"document.write(Icons.GetShortDescription(3, 'CurrentWeather'));  Scattered Clouds at 1200m, Broken Clouds at 5500m",2017-10-07
