Time,Temperature,Relative Temperature,Wind,Wind Gust,Rel. humidity,Dew Point,Pressure,Icon,DescriptionDetails,date
00:00,-11°C,-15°C,360°7 Km/h,,48%,-20°C,1028.0mb,,"document.write(Icons.GetShortDescription(1, 'CurrentWeather'));",2017-12-12
01:00,-12°C,-18°C,330°11 Km/h,,52%,-20°C,1029.0mb,,"document.write(Icons.GetShortDescription(1, 'CurrentWeather'));",2017-12-12
02:00,-12°C,-18°C,330°11 Km/h,,52%,-20°C,1029.0mb,,"document.write(Icons.GetShortDescription(1, 'CurrentWeather'));",2017-12-12
03:00,-12°C,-17°C,330°7 Km/h,,52%,-20°C,1029.0mb,,"document.write(Icons.GetShortDescription(1, 'CurrentWeather'));",2017-12-12
04:00,-11°C,-17°C,350°13 Km/h,,44%,-21°C,1029.0mb,,"document.write(Icons.GetShortDescription(1, 'CurrentWeather'));",2017-12-12
05:00,-12°C,-16°C,330°6 Km/h,,52%,-20°C,1030.0mb,,"document.write(Icons.GetShortDescription(1, 'CurrentWeather'));",2017-12-12
06:00,-12°C,-17°C,340°7 Km/h,,47%,-21°C,1030.0mb,,"document.write(Icons.GetShortDescription(1, 'CurrentWeather'));",2017-12-12
07:00,-12°C,-17°C,320°7 Km/h,,52%,-20°C,1031.0mb,,"document.write(Icons.GetShortDescription(1, 'CurrentWeather'));",2017-12-12
08:00,-12°C,-19°C,340°13 Km/h,,52%,-20°C,1032.0mb,,"document.write(Icons.GetShortDescription(1, 'CurrentWeather'));",2017-12-12
09:00,-10°C,-17°C,320°17 Km/h,,48%,-19°C,1032.0mb,,"document.write(Icons.GetShortDescription(1, 'CurrentWeather'));",2017-12-12
10:00,-9°C,-17°C,330°20 Km/h,,41%,-20°C,1032.0mb,,"document.write(Icons.GetShortDescription(1, 'CurrentWeather'));",2017-12-12
11:00,-8°C,-13°C,320°11 Km/h,,41%,-19°C,1032.0mb,,"document.write(Icons.GetShortDescription(1, 'CurrentWeather'));",2017-12-12
12:00,-7°C,-13°C,340°13 Km/h,,38%,-19°C,1031.0mb,,"document.write(Icons.GetShortDescription(1, 'CurrentWeather'));",2017-12-12
13:00,-7°C,-11°C,310°9 Km/h,,35%,-20°C,1031.0mb,,"document.write(Icons.GetShortDescription(1, 'CurrentWeather'));",2017-12-12
14:00,-6°C,-10°C,320°9 Km/h,,32%,-20°C,1030.0mb,,"document.write(Icons.GetShortDescription(1, 'CurrentWeather'));",2017-12-12
15:00,-6°C,-11°C,330°13 Km/h,,30%,-21°C,1030.0mb,,"document.write(Icons.GetShortDescription(1, 'CurrentWeather'));",2017-12-12
16:00,-6°C,-11°C,350°13 Km/h,,30%,-21°C,1030.0mb,,"document.write(Icons.GetShortDescription(1, 'CurrentWeather'));",2017-12-12
17:00,-7°C,-13°C,350°13 Km/h,,35%,-20°C,1030.0mb,,"document.write(Icons.GetShortDescription(1, 'CurrentWeather'));",2017-12-12
18:00,-9°C,-14°C,340°9 Km/h,,41%,-20°C,1030.0mb,,"document.write(Icons.GetShortDescription(1, 'CurrentWeather'));",2017-12-12
19:00,-9°C,-14°C,330°9 Km/h,,41%,-20°C,1030.0mb,,"document.write(Icons.GetShortDescription(1, 'CurrentWeather'));",2017-12-12
20:00,-9°C,-12°C,340°6 Km/h,,41%,-20°C,1031.0mb,,"document.write(Icons.GetShortDescription(1, 'CurrentWeather'));",2017-12-12
21:00,-9°C,-14°C,350°9 Km/h,,45%,-19°C,1031.0mb,,"document.write(Icons.GetShortDescription(1, 'CurrentWeather'));",2017-12-12
22:00,-10°C,-14°C,330°7 Km/h,,48%,-19°C,1031.0mb,,"document.write(Icons.GetShortDescription(1, 'CurrentWeather'));",2017-12-12
23:00,-11°C,-17°C,340°11 Km/h,,52%,-19°C,1031.0mb,,"document.write(Icons.GetShortDescription(1, 'CurrentWeather'));",2017-12-12
