Time,Temperature,Relative Temperature,Wind,Wind Gust,Rel. humidity,Dew Point,Pressure,Icon,DescriptionDetails,date
00:00,10°C,10°C,340°6 Km/h,,76%,6°C,1020.0mb,,"document.write(Icons.GetShortDescription(1, 'CurrentWeather'));",2017-10-28
01:00,11°C,11°C,360°6 Km/h,,77%,7°C,1021.0mb,,"document.write(Icons.GetShortDescription(1, 'CurrentWeather'));  Haze",2017-10-28
02:00,9°C,8°C,350°6 Km/h,,82%,6°C,1021.0mb,,"document.write(Icons.GetShortDescription(1, 'CurrentWeather'));  Haze",2017-10-28
03:00,10°C,9°C,340°7 Km/h,,82%,7°C,1021.0mb,,"document.write(Icons.GetShortDescription(1, 'CurrentWeather'));  Haze",2017-10-28
04:00,9°C,8°C,330°7 Km/h,,82%,6°C,1021.0mb,,"document.write(Icons.GetShortDescription(1, 'CurrentWeather'));  Haze",2017-10-28
05:00,9°C,9°C,10°4 Km/h,,87%,7°C,1021.0mb,,"document.write(Icons.GetShortDescription(1, 'CurrentWeather'));  Haze",2017-10-28
06:00,9°C,9°C,20°2 Km/h,,82%,6°C,1021.0mb,,"document.write(Icons.GetShortDescription(1, 'CurrentWeather'));  Haze",2017-10-28
07:00,8°C,7°C,340°6 Km/h,,82%,5°C,1022.0mb,,"document.write(Icons.GetShortDescription(1, 'CurrentWeather'));  Haze",2017-10-28
08:00,10°C,10°C,340°6 Km/h,,82%,7°C,1022.0mb,,"document.write(Icons.GetShortDescription(1, 'CurrentWeather'));  Haze",2017-10-28
09:00,13°C,13°C,360°9 Km/h,,82%,10°C,1022.0mb,,"document.write(Icons.GetShortDescription(1, 'CurrentWeather'));",2017-10-28
10:00,16°C,16°C,20°6 Km/h,,72%,11°C,1022.0mb,,"document.write(Icons.GetShortDescription(1, 'CurrentWeather'));",2017-10-28
11:00,19°C,19°C,20°4 Km/h,,64%,12°C,1022.0mb,,"document.write(Icons.GetShortDescription(1, 'CurrentWeather'));",2017-10-28
12:00,20°C,20°C,350°4 Km/h,,53%,10°C,1021.0mb,,"document.write(Icons.GetShortDescription(1, 'CurrentWeather'));",2017-10-28
13:00,21°C,21°C,350°9 Km/h,,46%,9°C,1020.0mb,,"document.write(Icons.GetShortDescription(1, 'CurrentWeather'));",2017-10-28
14:00,22°C,21°C,320°9 Km/h,,41%,8°C,1019.0mb,,"document.write(Icons.GetShortDescription(1, 'CurrentWeather'));",2017-10-28
15:00,22°C,21°C,320°13 Km/h,,41%,8°C,1019.0mb,,"document.write(Icons.GetShortDescription(1, 'CurrentWeather'));",2017-10-28
16:00,22°C,21°C,310°13 Km/h,,36%,6°C,1019.0mb,,"document.write(Icons.GetShortDescription(1, 'CurrentWeather'));",2017-10-28
17:00,20°C,20°C,320°9 Km/h,,38%,5°C,1019.0mb,,"document.write(Icons.GetShortDescription(1, 'CurrentWeather'));",2017-10-28
18:00,18°C,18°C,310°6 Km/h,,43%,5°C,1019.0mb,,"document.write(Icons.GetShortDescription(1, 'CurrentWeather'));",2017-10-28
19:00,16°C,16°C,310°9 Km/h,,52%,6°C,1019.0mb,,"document.write(Icons.GetShortDescription(1, 'CurrentWeather'));",2017-10-28
20:00,15°C,15°C,340°9 Km/h,,59%,7°C,1020.0mb,,"document.write(Icons.GetShortDescription(1, 'CurrentWeather'));",2017-10-28
21:00,14°C,14°C,360°4 Km/h,,63%,7°C,1019.0mb,,"document.write(Icons.GetShortDescription(1, 'CurrentWeather'));",2017-10-28
22:00,12°C,12°C,320°7 Km/h,,72%,7°C,1019.0mb,,"document.write(Icons.GetShortDescription(1, 'CurrentWeather'));",2017-10-28
23:00,12°C,12°C,340°7 Km/h,,72%,7°C,1019.0mb,,"document.write(Icons.GetShortDescription(1, 'CurrentWeather'));",2017-10-28
