Time,Temperature,Relative Temperature,Wind,Wind Gust,Rel. humidity,Dew Point,Pressure,Icon,DescriptionDetails,date
00:00,26°C,27°C,100°15 Km/h,,65%,19°C,1009.0mb,,"document.write(Icons.GetShortDescription(1, 'CurrentWeather'));",2017-08-12
01:00,26°C,27°C,90°15 Km/h,,61%,18°C,1009.0mb,,"document.write(Icons.GetShortDescription(1, 'CurrentWeather'));",2017-08-12
02:00,25°C,25°C,90°11 Km/h,,65%,18°C,1009.0mb,,"document.write(Icons.GetShortDescription(1, 'CurrentWeather'));",2017-08-12
03:00,24°C,24°C,70°7 Km/h,,69%,18°C,1010.0mb,,"document.write(Icons.GetShortDescription(2, 'CurrentWeather'));  Scattered Clouds at 1400m",2017-08-12
04:00,25°C,25°C,100°9 Km/h,,61%,17°C,1010.0mb,,"document.write(Icons.GetShortDescription(3, 'CurrentWeather'));  Scattered Clouds at 1400m, Broken Clouds at 4600m",2017-08-12
05:00,25°C,25°C,100°15 Km/h,,61%,17°C,1010.0mb,,"document.write(Icons.GetShortDescription(2, 'CurrentWeather'));  Few Clouds at 1400m",2017-08-12
06:00,25°C,25°C,100°11 Km/h,,61%,17°C,1011.0mb,,"document.write(Icons.GetShortDescription(2, 'CurrentWeather'));  Scattered Clouds at 1400m",2017-08-12
07:00,25°C,25°C,100°15 Km/h,,65%,18°C,1011.0mb,,"document.write(Icons.GetShortDescription(2, 'CurrentWeather'));  Few Clouds at 1400m",2017-08-12
08:00,26°C,27°C,100°13 Km/h,,61%,18°C,1011.0mb,,"document.write(Icons.GetShortDescription(1, 'CurrentWeather'));",2017-08-12
09:00,28°C,29°C,100°13 Km/h,,58%,19°C,1011.0mb,,"document.write(Icons.GetShortDescription(1, 'CurrentWeather'));",2017-08-12
10:00,28°C,29°C,80°15 Km/h,,55%,18°C,1011.0mb,,"document.write(Icons.GetShortDescription(1, 'CurrentWeather'));",2017-08-12
11:00,29°C,30°C,100°9 Km/h,,51%,18°C,1011.0mb,,"document.write(Icons.GetShortDescription(2, 'CurrentWeather'));  Few Clouds at 910m, Scattered Clouds at 6100m",2017-08-12
12:00,31°C,32°C,130°6 Km/h,,49%,19°C,1010.0mb,,"document.write(Icons.GetShortDescription(2, 'CurrentWeather'));  Few Clouds at 910m, Scattered Clouds at 5500m",2017-08-12
13:00,31°C,32°C,80°6 Km/h,,49%,19°C,1010.0mb,,"document.write(Icons.GetShortDescription(2, 'CurrentWeather'));  Few Clouds at 910m, Scattered Clouds at 5500m",2017-08-12
14:00,31°C,32°C,320°6 Km/h,,49%,19°C,1010.0mb,,"document.write(Icons.GetShortDescription(3, 'CurrentWeather'));  Scattered Clouds at 910m, Broken Clouds at 5500m",2017-08-12
15:00,31°C,32°C,310°4 Km/h,,49%,19°C,1010.0mb,,"document.write(Icons.GetShortDescription(3, 'CurrentWeather'));  Scattered Clouds at 910m, Broken Clouds at 5500m",2017-08-12
16:00,30°C,32°C,300°15 Km/h,,55%,20°C,1010.0mb,,"document.write(Icons.GetShortDescription(3, 'CurrentWeather'));  Scattered Clouds at 910m, Broken Clouds at 5500m",2017-08-12
17:00,31°C,34°C,280°9 Km/h,,55%,21°C,1009.0mb,,"document.write(Icons.GetShortDescription(2, 'CurrentWeather'));  Few Clouds at 910m, Scattered Clouds at 5500m",2017-08-12
18:00,30°C,32°C,290°9 Km/h,,55%,20°C,1009.0mb,,"document.write(Icons.GetShortDescription(2, 'CurrentWeather'));  Few Clouds at 910m, Scattered Clouds at 5500m",2017-08-12
19:00,29°C,31°C,290°13 Km/h,,62%,21°C,1010.0mb,,"document.write(Icons.GetShortDescription(2, 'CurrentWeather'));  Few Clouds at 910m, Scattered Clouds at 5500m",2017-08-12
20:00,27°C,29°C,320°9 Km/h,,66%,20°C,1010.0mb,,"document.write(Icons.GetShortDescription(2, 'CurrentWeather'));  Few Clouds at 910m, Scattered Clouds at 5500m",2017-08-12
21:00,27°C,29°C,280°2 Km/h,,70%,21°C,1010.0mb,,"document.write(Icons.GetShortDescription(1, 'CurrentWeather'));",2017-08-12
22:00,26°C,27°C,350°7 Km/h,,74%,21°C,1010.0mb,,"document.write(Icons.GetShortDescription(1, 'CurrentWeather'));",2017-08-12
23:00,26°C,27°C,30°4 Km/h,,70%,20°C,1011.0mb,,"document.write(Icons.GetShortDescription(1, 'CurrentWeather'));",2017-08-12
