Time,Temperature,Relative Temperature,Wind,Wind Gust,Rel. humidity,Dew Point,Pressure,Icon,DescriptionDetails,date
00:00,17°C,17°C,210°7 Km/h,,45%,5°C,1014.0mb,,"document.write(Icons.GetShortDescription(1, 'CurrentWeather'));",2017-05-09
01:00,16°C,16°C,20°9 Km/h,,52%,6°C,1013.0mb,,"document.write(Icons.GetShortDescription(1, 'CurrentWeather'));",2017-05-09
02:00,15°C,15°C,320°9 Km/h,,55%,6°C,1013.0mb,,"document.write(Icons.GetShortDescription(1, 'CurrentWeather'));",2017-05-09
03:00,15°C,15°C,290°9 Km/h,,55%,6°C,1014.0mb,,"document.write(Icons.GetShortDescription(1, 'CurrentWeather'));",2017-05-09
04:00,14°C,14°C,40°6 Km/h,,63%,7°C,1014.0mb,,"document.write(Icons.GetShortDescription(1, 'CurrentWeather'));",2017-05-09
05:00,14°C,14°C,330°6 Km/h,,63%,7°C,1013.0mb,,"document.write(Icons.GetShortDescription(1, 'CurrentWeather'));",2017-05-09
06:00,14°C,14°C,290°2 Km/h,,67%,8°C,1014.0mb,,"document.write(Icons.GetShortDescription(1, 'CurrentWeather'));",2017-05-09
07:00,15°C,15°C,320°4 Km/h,,63%,8°C,1014.0mb,,"document.write(Icons.GetShortDescription(7, 'CurrentWeather'));  Few Clouds at 1200m, Cloudy at 3700m Light Rain",2017-05-09
08:00,16°C,16°C,70°4 Km/h,,59%,8°C,1015.0mb,,"document.write(Icons.GetShortDescription(7, 'CurrentWeather'));  Few Clouds at 1200m, Cloudy at 3400m Light Rain",2017-05-09
09:00,17°C,17°C,310°4 Km/h,,52%,7°C,1014.0mb,,"document.write(Icons.GetShortDescription(4, 'CurrentWeather'));  Few Clouds at 1200m, Cloudy at 3400m",2017-05-09
10:00,17°C,17°C,340°4 Km/h,,52%,7°C,1014.0mb,,"document.write(Icons.GetShortDescription(4, 'CurrentWeather'));  Few Clouds at 1200m, Cloudy at 3400m",2017-05-09
11:00,17°C,17°C,10°11 Km/h,,56%,8°C,1012.0mb,,"document.write(Icons.GetShortDescription(4, 'CurrentWeather'));  Few Clouds at 1200m, Cloudy at 3400m",2017-05-09
12:00,19°C,19°C,50°7 Km/h,,46%,7°C,1012.0mb,,"document.write(Icons.GetShortDescription(3, 'CurrentWeather'));  Scattered Clouds at 1200m, Broken Clouds at 4000m",2017-05-09
13:00,20°C,20°C,70°9 Km/h,,38%,5°C,1011.0mb,,"document.write(Icons.GetShortDescription(3, 'CurrentWeather'));  Scattered Clouds at 1200m, Broken Clouds at 4000m",2017-05-09
14:00,22°C,21°C,70°15 Km/h,,36%,6°C,1009.0mb,,"document.write(Icons.GetShortDescription(3, 'CurrentWeather'));  Scattered Clouds at 1200m, Broken Clouds at 3000m",2017-05-09
15:00,20°C,20°C,100°17 Km/h,,40%,6°C,1008.0mb,,"document.write(Icons.GetShortDescription(4, 'CurrentWeather'));  Scattered Clouds at 910m, Cloudy at 3000m",2017-05-09
16:00,18°C,18°C,70°9 Km/h,,56%,9°C,1008.0mb,,"document.write(Icons.GetShortDescription(7, 'CurrentWeather'));  Few Clouds at 240m, Broken Clouds at 760m, Cloudy at 2100m Light Rain",2017-05-09
16:30,17°C,17°C,330°9 Km/h,,68%,11°C,1008.0mb,,"document.write(Icons.GetShortDescription(7, 'CurrentWeather'));  Few Clouds at 240m, Broken Clouds at 760m, Cloudy at 2100m Light Rain",2017-05-09
17:00,16°C,16°C,310°7 Km/h,,77%,12°C,1008.0mb,,"document.write(Icons.GetShortDescription(7, 'CurrentWeather'));  Few Clouds at 240m, Broken Clouds at 760m, Cloudy at 2100m Light Rain, Haze",2017-05-09
18:00,15°C,15°C,20°13 Km/h,,77%,11°C,1008.0mb,,"document.write(Icons.GetShortDescription(7, 'CurrentWeather'));  Few Clouds at 240m, Broken Clouds at 760m, Cloudy at 2100m Light Rain, Haze",2017-05-09
19:00,15°C,15°C,350°11 Km/h,,82%,12°C,1008.0mb,,"document.write(Icons.GetShortDescription(7, 'CurrentWeather'));  Few Clouds at 240m, Broken Clouds at 760m, Cloudy at 2100m Light Rain, Haze",2017-05-09
20:00,15°C,15°C,340°7 Km/h,,82%,12°C,1008.0mb,,"document.write(Icons.GetShortDescription(4, 'CurrentWeather'));  Broken Clouds at 1200m, Cloudy at 3000m Haze",2017-05-09
21:00,15°C,15°C,10°6 Km/h,,77%,11°C,1008.0mb,,"document.write(Icons.GetShortDescription(4, 'CurrentWeather'));  Few Clouds at 300m, Broken Clouds at 760m, Cloudy at 3000m Haze",2017-05-09
22:00,15°C,15°C,10°6 Km/h,,77%,11°C,1008.0mb,,"document.write(Icons.GetShortDescription(3, 'CurrentWeather'));  Few Clouds at 460m, Broken Clouds at 910m, Broken Clouds at 3000m Haze",2017-05-09
23:00,15°C,15°C,360°2 Km/h,,77%,11°C,1008.0mb,,"document.write(Icons.GetShortDescription(3, 'CurrentWeather'));  Broken Clouds at 1100m, Broken Clouds at 3000m Haze",2017-05-09
