Time,Temperature,Relative Temperature,Wind,Wind Gust,Rel. humidity,Dew Point,Pressure,Icon,DescriptionDetails,date
00:00,11°C,11°C,330°9 Km/h,,50%,1°C,1022.0mb,,"document.write(Icons.GetShortDescription(1, 'CurrentWeather'));",2017-10-04
01:00,11°C,11°C,330°11 Km/h,,50%,1°C,1022.0mb,,"document.write(Icons.GetShortDescription(1, 'CurrentWeather'));",2017-10-04
02:00,11°C,11°C,340°11 Km/h,,54%,2°C,1023.0mb,,"document.write(Icons.GetShortDescription(1, 'CurrentWeather'));",2017-10-04
03:00,10°C,8°C,330°13 Km/h,,54%,1°C,1022.0mb,,"document.write(Icons.GetShortDescription(1, 'CurrentWeather'));",2017-10-04
04:00,9°C,7°C,330°15 Km/h,,54%,0°C,1023.0mb,,"document.write(Icons.GetShortDescription(1, 'CurrentWeather'));",2017-10-04
05:00,10°C,8°C,330°17 Km/h,,50%,0°C,1023.0mb,,"document.write(Icons.GetShortDescription(1, 'CurrentWeather'));",2017-10-04
06:00,9°C,6°C,340°17 Km/h,,54%,0°C,1024.0mb,,"document.write(Icons.GetShortDescription(1, 'CurrentWeather'));",2017-10-04
07:00,9°C,8°C,320°9 Km/h,,58%,1°C,1024.0mb,,"document.write(Icons.GetShortDescription(1, 'CurrentWeather'));",2017-10-04
08:00,11°C,11°C,330°11 Km/h,,58%,3°C,1025.0mb,,"document.write(Icons.GetShortDescription(1, 'CurrentWeather'));",2017-10-04
09:00,14°C,14°C,360°15 Km/h,,48%,3°C,1025.0mb,,"document.write(Icons.GetShortDescription(1, 'CurrentWeather'));",2017-10-04
10:00,16°C,16°C,360°13 Km/h,,45%,4°C,1025.0mb,,"document.write(Icons.GetShortDescription(1, 'CurrentWeather'));",2017-10-04
11:00,18°C,18°C,10°9 Km/h,,43%,5°C,1025.0mb,,"document.write(Icons.GetShortDescription(1, 'CurrentWeather'));",2017-10-04
12:00,19°C,19°C,340°11 Km/h,,43%,6°C,1024.0mb,,"document.write(Icons.GetShortDescription(1, 'CurrentWeather'));",2017-10-04
13:00,20°C,20°C,330°11 Km/h,,40%,6°C,1023.0mb,,"document.write(Icons.GetShortDescription(1, 'CurrentWeather'));",2017-10-04
14:00,21°C,21°C,350°11 Km/h,,38%,6°C,1022.0mb,,"document.write(Icons.GetShortDescription(1, 'CurrentWeather'));",2017-10-04
15:00,21°C,21°C,320°11 Km/h,,38%,6°C,1022.0mb,,"document.write(Icons.GetShortDescription(2, 'CurrentWeather'));  Few Clouds at 910m, Scattered Clouds at 5500m",2017-10-04
16:00,21°C,21°C,330°17 Km/h,,38%,6°C,1022.0mb,,"document.write(Icons.GetShortDescription(2, 'CurrentWeather'));  Few Clouds at 910m, Scattered Clouds at 5500m",2017-10-04
17:00,20°C,20°C,330°17 Km/h,,40%,6°C,1022.0mb,,"document.write(Icons.GetShortDescription(3, 'CurrentWeather'));  Few Clouds at 910m, Broken Clouds at 5500m",2017-10-04
18:00,17°C,17°C,330°15 Km/h,,45%,5°C,1023.0mb,,"document.write(Icons.GetShortDescription(3, 'CurrentWeather'));  Scattered Clouds at 910m, Broken Clouds at 5500m",2017-10-04
19:00,15°C,15°C,330°9 Km/h,,51%,5°C,1023.0mb,,"document.write(Icons.GetShortDescription(3, 'CurrentWeather'));  Scattered Clouds at 910m, Broken Clouds at 5500m",2017-10-04
20:00,15°C,15°C,330°11 Km/h,,55%,6°C,1023.0mb,,"document.write(Icons.GetShortDescription(3, 'CurrentWeather'));  Few Clouds at 910m, Broken Clouds at 5500m",2017-10-04
21:00,14°C,14°C,340°7 Km/h,,59%,6°C,1024.0mb,,"document.write(Icons.GetShortDescription(1, 'CurrentWeather'));",2017-10-04
22:00,14°C,14°C,310°7 Km/h,,63%,7°C,1024.0mb,,"document.write(Icons.GetShortDescription(1, 'CurrentWeather'));",2017-10-04
23:00,13°C,13°C,320°9 Km/h,,63%,6°C,1024.0mb,,"document.write(Icons.GetShortDescription(1, 'CurrentWeather'));",2017-10-04
