Time,Temperature,Relative Temperature,Wind,Wind Gust,Rel. humidity,Dew Point,Pressure,Icon,DescriptionDetails,date
00:00,-2°C,-6°C,340°11 Km/h,,51%,-11°C,1028.0mb,,"document.write(Icons.GetShortDescription(3, 'CurrentWeather'));  Scattered Clouds at 1200m, Broken Clouds at 6100m",2017-11-20
01:00,-2°C,-5°C,320°7 Km/h,,51%,-11°C,1028.0mb,,"document.write(Icons.GetShortDescription(2, 'CurrentWeather'));  Few Clouds at 1200m, Scattered Clouds at 6100m",2017-11-20
02:00,-4°C,-4°C,310°4 Km/h,,54%,-12°C,1028.0mb,,"document.write(Icons.GetShortDescription(2, 'CurrentWeather'));  Few Clouds at 1200m",2017-11-20
03:00,-4°C,-4°C,Calm,,59%,-11°C,1028.0mb,,"document.write(Icons.GetShortDescription(1, 'CurrentWeather'));",2017-11-20
04:00,-5°C,-5°C,270°2 Km/h,,63%,-11°C,1027.0mb,,"document.write(Icons.GetShortDescription(1, 'CurrentWeather'));",2017-11-20
05:00,-5°C,-5°C,Calm,,68%,-10°C,1027.0mb,,"document.write(Icons.GetShortDescription(1, 'CurrentWeather'));",2017-11-20
06:00,-6°C,-6°C,340°4 Km/h,,68%,-11°C,1027.0mb,,"document.write(Icons.GetShortDescription(1, 'CurrentWeather'));",2017-11-20
07:00,-6°C,-6°C,50°4 Km/h,,68%,-11°C,1027.0mb,,"document.write(Icons.GetShortDescription(1, 'CurrentWeather'));",2017-11-20
08:00,-3°C,-3°C,Calm,,64%,-9°C,1027.0mb,,"document.write(Icons.GetShortDescription(1, 'CurrentWeather'));",2017-11-20
09:00,0°C,0°C,320°2 Km/h,,51%,-9°C,1028.0mb,,"document.write(Icons.GetShortDescription(1, 'CurrentWeather'));",2017-11-20
10:00,2°C,-1°C,190°9 Km/h,,38%,-11°C,1027.0mb,,"document.write(Icons.GetShortDescription(1, 'CurrentWeather'));",2017-11-20
11:00,3°C,1°C,190°7 Km/h,,33%,-12°C,1027.0mb,,"document.write(Icons.GetShortDescription(1, 'CurrentWeather'));",2017-11-20
12:00,4°C,3°C,200°6 Km/h,,33%,-11°C,1026.0mb,,"document.write(Icons.GetShortDescription(3, 'CurrentWeather'));  Scattered Clouds at 910m, Broken Clouds at 3700m",2017-11-20
13:00,4°C,3°C,270°6 Km/h,,36%,-10°C,1025.0mb,,"document.write(Icons.GetShortDescription(3, 'CurrentWeather'));  Broken Clouds at 910m",2017-11-20
14:00,3°C,-1°C,350°17 Km/h,,45%,-8°C,1025.0mb,,"document.write(Icons.GetShortDescription(4, 'CurrentWeather'));  Broken Clouds at 910m, Cloudy at 3000m",2017-11-20
15:00,2°C,0°C,10°7 Km/h,,56%,-6°C,1025.0mb,,"document.write(Icons.GetShortDescription(26, 'CurrentWeather'));  Broken Clouds at 910m, Cloudy at 3000m Light Snowfall",2017-11-20
16:00,2°C,0°C,30°7 Km/h,,56%,-6°C,1025.0mb,,"document.write(Icons.GetShortDescription(2, 'CurrentWeather'));  Scattered Clouds at 910m",2017-11-20
17:00,1°C,-2°C,340°9 Km/h,,56%,-7°C,1025.0mb,,"document.write(Icons.GetShortDescription(2, 'CurrentWeather'));  Few Clouds at 910m",2017-11-20
18:00,-1°C,-5°C,320°11 Km/h,,64%,-7°C,1026.0mb,,"document.write(Icons.GetShortDescription(1, 'CurrentWeather'));",2017-11-20
19:00,-2°C,-5°C,330°9 Km/h,,69%,-7°C,1027.0mb,,"document.write(Icons.GetShortDescription(1, 'CurrentWeather'));",2017-11-20
20:00,-3°C,-7°C,330°11 Km/h,,69%,-8°C,1028.0mb,,"document.write(Icons.GetShortDescription(1, 'CurrentWeather'));",2017-11-20
21:00,-4°C,-6°C,320°6 Km/h,,74%,-8°C,1028.0mb,,"document.write(Icons.GetShortDescription(1, 'CurrentWeather'));",2017-11-20
22:00,-4°C,-4°C,280°4 Km/h,,74%,-8°C,1028.0mb,,"document.write(Icons.GetShortDescription(1, 'CurrentWeather'));",2017-11-20
23:00,-4°C,-6°C,330°6 Km/h,,80%,-7°C,1029.0mb,,"document.write(Icons.GetShortDescription(1, 'CurrentWeather'));",2017-11-20
