Time,Temperature,Relative Temperature,Wind,Wind Gust,Rel. humidity,Dew Point,Pressure,Icon,DescriptionDetails,date
00:00,2°C,-3°C,330°22 Km/h,,60%,-5°C,1020.0mb,,"document.write(Icons.GetShortDescription(3, 'CurrentWeather'));  Scattered Clouds at 1200m, Broken Clouds at 3700m",2017-11-18
01:00,2°C,-3°C,340°20 Km/h,,65%,-4°C,1020.0mb,,"document.write(Icons.GetShortDescription(3, 'CurrentWeather'));  Scattered Clouds at 760m, Broken Clouds at 3700m",2017-11-18
02:00,1°C,-4°C,320°20 Km/h,,60%,-6°C,1021.0mb,,"document.write(Icons.GetShortDescription(2, 'CurrentWeather'));  Few Clouds at 760m",2017-11-18
03:00,-1°C,-7°C,320°20 Km/h,,55%,-9°C,1022.0mb,,"document.write(Icons.GetShortDescription(2, 'CurrentWeather'));  Few Clouds at 910m",2017-11-18
04:00,-2°C,-8°C,330°22 Km/h,,51%,-11°C,1022.0mb,,"document.write(Icons.GetShortDescription(1, 'CurrentWeather'));",2017-11-18
05:00,-2°C,-8°C,320°24 Km/h,,43%,-13°C,1023.0mb,,"document.write(Icons.GetShortDescription(1, 'CurrentWeather'));",2017-11-18
06:00,-3°C,-10°C,330°28 Km/h,,43%,-14°C,1023.0mb,,"document.write(Icons.GetShortDescription(1, 'CurrentWeather'));",2017-11-18
07:00,-4°C,-11°C,320°24 Km/h,,46%,-14°C,1024.0mb,,"document.write(Icons.GetShortDescription(1, 'CurrentWeather'));",2017-11-18
08:00,-4°C,-12°C,320°30 Km/h,,39%,-16°C,1024.0mb,,"document.write(Icons.GetShortDescription(1, 'CurrentWeather'));",2017-11-18
09:00,-3°C,-9°C,320°20 Km/h,,36%,-16°C,1024.0mb,,"document.write(Icons.GetShortDescription(1, 'CurrentWeather'));",2017-11-18
10:00,-2°C,-9°C,340°26 Km/h,,34%,-16°C,1025.0mb,,"document.write(Icons.GetShortDescription(1, 'CurrentWeather'));",2017-11-18
11:00,-1°C,-7°C,330°22 Km/h,,26%,-18°C,1025.0mb,,"document.write(Icons.GetShortDescription(1, 'CurrentWeather'));",2017-11-18
12:00,-1°C,-7°C,330°20 Km/h,,26%,-18°C,1024.0mb,,"document.write(Icons.GetShortDescription(1, 'CurrentWeather'));",2017-11-18
13:00,0°C,-6°C,330°24 Km/h,,27%,-17°C,1024.0mb,,"document.write(Icons.GetShortDescription(1, 'CurrentWeather'));",2017-11-18
14:00,1°C,-5°C,320°28 Km/h,,19%,-20°C,1023.0mb,,"document.write(Icons.GetShortDescription(1, 'CurrentWeather'));",2017-11-18
15:00,1°C,-5°C,320°24 Km/h,,19%,-20°C,1023.0mb,,"document.write(Icons.GetShortDescription(1, 'CurrentWeather'));",2017-11-18
16:00,0°C,-6°C,330°24 Km/h,,21%,-20°C,1023.0mb,,"document.write(Icons.GetShortDescription(1, 'CurrentWeather'));",2017-11-18
17:00,-1°C,-7°C,320°22 Km/h,,20%,-21°C,1023.0mb,,"document.write(Icons.GetShortDescription(1, 'CurrentWeather'));",2017-11-18
18:00,-3°C,-8°C,320°15 Km/h,,26%,-20°C,1024.0mb,,"document.write(Icons.GetShortDescription(1, 'CurrentWeather'));",2017-11-18
19:00,-3°C,-8°C,310°15 Km/h,,28%,-19°C,1024.0mb,,"document.write(Icons.GetShortDescription(1, 'CurrentWeather'));",2017-11-18
20:00,-3°C,-9°C,310°19 Km/h,,33%,-17°C,1025.0mb,,"document.write(Icons.GetShortDescription(1, 'CurrentWeather'));",2017-11-18
21:00,-4°C,-10°C,320°19 Km/h,,39%,-16°C,1026.0mb,,"document.write(Icons.GetShortDescription(1, 'CurrentWeather'));",2017-11-18
22:00,-5°C,-9°C,310°9 Km/h,,42%,-16°C,1026.0mb,,"document.write(Icons.GetShortDescription(1, 'CurrentWeather'));",2017-11-18
23:00,-4°C,-8°C,300°9 Km/h,,42%,-15°C,1027.0mb,,"document.write(Icons.GetShortDescription(1, 'CurrentWeather'));",2017-11-18
