Time,Temperature,Relative Temperature,Wind,Wind Gust,Rel. humidity,Dew Point,Pressure,Icon,DescriptionDetails,date
00:00,24°C,25°C,200°7 Km/h,,83%,21°C,1008.0mb,,"document.write(Icons.GetShortDescription(7, 'CurrentWeather'));  Scattered Clouds at 300m, Broken Clouds at 610m, Cloudy at 2400m Light Rain, Haze",2017-07-02
01:00,24°C,25°C,230°6 Km/h,,83%,21°C,1008.0mb,,"document.write(Icons.GetShortDescription(7, 'CurrentWeather'));  Scattered Clouds at 300m, Broken Clouds at 610m, Cloudy at 2400m Light Rain, Haze",2017-07-02
02:00,24°C,25°C,240°6 Km/h,,83%,21°C,1007.0mb,,"document.write(Icons.GetShortDescription(7, 'CurrentWeather'));  Scattered Clouds at 300m, Broken Clouds at 610m, Cloudy at 2400m Light Rain, Haze",2017-07-02
03:00,24°C,25°C,230°15 Km/h,,89%,22°C,1007.0mb,,"document.write(Icons.GetShortDescription(7, 'CurrentWeather'));  Scattered Clouds at 240m, Broken Clouds at 610m, Cloudy at 2400m Light Rain, Haze",2017-07-02
03:41,24°C,25°C,230°17 Km/h,,83%,21°C,1008.0mb,,"document.write(Icons.GetShortDescription(7, 'CurrentWeather'));  Scattered Clouds at 150m, Broken Clouds at 610m, Cloudy at 2400m Rain, Haze",2017-07-02
04:00,24°C,25°C,220°15 Km/h,,83%,21°C,1007.0mb,,"document.write(Icons.GetShortDescription(7, 'CurrentWeather'));  Scattered Clouds at 240m, Broken Clouds at 610m, Cloudy at 2400m Rain, Haze",2017-07-02
04:09,24°C,25°C,230°15 Km/h,,83%,21°C,1007.0mb,,"document.write(Icons.GetShortDescription(7, 'CurrentWeather'));  Scattered Clouds at 300m, Broken Clouds at 760m, Cloudy at 2400m Light Rain, Haze",2017-07-02
04:56,24°C,25°C,200°6 Km/h,,89%,22°C,1007.0mb,,"document.write(Icons.GetShortDescription(7, 'CurrentWeather'));  Scattered Clouds at 300m, Broken Clouds at 760m, Cloudy at 2400m Light Rain, Haze",2017-07-02
05:00,24°C,25°C,210°6 Km/h,,89%,22°C,1007.0mb,,"document.write(Icons.GetShortDescription(7, 'CurrentWeather'));  Scattered Clouds at 300m, Broken Clouds at 760m, Cloudy at 2400m Light Rain, Haze",2017-07-02
06:00,24°C,25°C,180°6 Km/h,,89%,22°C,1008.0mb,,"document.write(Icons.GetShortDescription(7, 'CurrentWeather'));  Scattered Clouds at 240m, Broken Clouds at 760m, Cloudy at 2400m Light Rain, Haze",2017-07-02
07:00,25°C,26°C,190°9 Km/h,,83%,22°C,1008.0mb,,"document.write(Icons.GetShortDescription(4, 'CurrentWeather'));  Scattered Clouds at 240m, Broken Clouds at 760m, Cloudy at 2400m Haze",2017-07-02
08:00,25°C,26°C,210°4 Km/h,,83%,22°C,1008.0mb,,"document.write(Icons.GetShortDescription(4, 'CurrentWeather'));  Scattered Clouds at 300m, Broken Clouds at 760m, Cloudy at 2400m Haze",2017-07-02
08:23,25°C,26°C,200°6 Km/h,,83%,22°C,1008.0mb,,"document.write(Icons.GetShortDescription(7, 'CurrentWeather'));  Scattered Clouds at 240m, Broken Clouds at 760m, Cloudy at 2400m Light Rain, Haze",2017-07-02
09:00,25°C,26°C,230°7 Km/h,,83%,22°C,1008.0mb,,"document.write(Icons.GetShortDescription(7, 'CurrentWeather'));  Scattered Clouds at 240m, Broken Clouds at 760m, Cloudy at 2400m Light Rain, Haze",2017-07-02
10:00,26°C,28°C,170°11 Km/h,,84%,23°C,1007.0mb,,"document.write(Icons.GetShortDescription(4, 'CurrentWeather'));  Scattered Clouds at 300m, Broken Clouds at 760m, Cloudy at 2400m Haze",2017-07-02
11:00,27°C,30°C,230°13 Km/h,,79%,23°C,1007.0mb,,"document.write(Icons.GetShortDescription(4, 'CurrentWeather'));  Scattered Clouds at 460m, Broken Clouds at 760m, Cloudy at 2400m",2017-07-02
12:00,27°C,29°C,230°11 Km/h,,74%,22°C,1007.0mb,,"document.write(Icons.GetShortDescription(7, 'CurrentWeather'));  Scattered Clouds at 460m, Broken Clouds at 760m, Cloudy at 2400m Light Rain",2017-07-02
13:00,26°C,28°C,230°17 Km/h,,79%,22°C,1007.0mb,,"document.write(Icons.GetShortDescription(7, 'CurrentWeather'));  Scattered Clouds at 460m, Broken Clouds at 760m, Cloudy at 2400m Light Rain",2017-07-02
14:00,26°C,28°C,220°19 Km/h,,79%,22°C,1007.0mb,,"document.write(Icons.GetShortDescription(7, 'CurrentWeather'));  Scattered Clouds at 460m, Broken Clouds at 760m, Cloudy at 2400m Light Rain",2017-07-02
15:00,26°C,28°C,230°19 Km/h,,79%,22°C,1006.0mb,,"document.write(Icons.GetShortDescription(4, 'CurrentWeather'));  Scattered Clouds at 240m, Broken Clouds at 760m, Cloudy at 2400m",2017-07-02
16:00,27°C,29°C,230°15 Km/h,,74%,22°C,1006.0mb,,"document.write(Icons.GetShortDescription(4, 'CurrentWeather'));  Scattered Clouds at 240m, Broken Clouds at 760m, Cloudy at 2400m",2017-07-02
17:00,26°C,28°C,230°15 Km/h,,79%,22°C,1006.0mb,,"document.write(Icons.GetShortDescription(7, 'CurrentWeather'));  Scattered Clouds at 300m, Broken Clouds at 760m, Cloudy at 2400m Light Rain",2017-07-02
17:49,25°C,26°C,230°15 Km/h,,83%,22°C,1006.0mb,,"document.write(Icons.GetShortDescription(7, 'CurrentWeather'));  Scattered Clouds at 210m, Broken Clouds at 760m, Cloudy at 2400m Light Rain, Haze",2017-07-02
18:00,25°C,26°C,240°11 Km/h,,83%,22°C,1006.0mb,,"document.write(Icons.GetShortDescription(7, 'CurrentWeather'));  Scattered Clouds at 210m, Broken Clouds at 760m, Cloudy at 2400m Light Rain, Haze",2017-07-02
19:00,25°C,26°C,220°15 Km/h,,83%,22°C,1006.0mb,,"document.write(Icons.GetShortDescription(7, 'CurrentWeather'));  Scattered Clouds at 210m, Broken Clouds at 760m, Cloudy at 2400m Light Rain, Haze",2017-07-02
20:00,25°C,26°C,220°11 Km/h,,83%,22°C,1006.0mb,,"document.write(Icons.GetShortDescription(7, 'CurrentWeather'));  Scattered Clouds at 210m, Broken Clouds at 760m, Cloudy at 2400m Light Rain, Haze",2017-07-02
20:07,25°C,26°C,230°13 Km/h,,83%,22°C,1007.0mb,,"document.write(Icons.GetShortDescription(7, 'CurrentWeather'));  Scattered Clouds at 210m, Broken Clouds at 760m, Cloudy at 2400m Rain, Haze",2017-07-02
20:10,23°C,24°C,240°19 Km/h,,83%,20°C,1007.0mb,,"document.write(Icons.GetShortDescription(7, 'CurrentWeather'));  Scattered Clouds at 210m, Broken Clouds at 760m, Cloudy at 2400m Heavy Rain, Partial Fog",2017-07-02
20:20,23°C,24°C,250°20 Km/h,,83%,20°C,1006.0mb,,"document.write(Icons.GetShortDescription(7, 'CurrentWeather'));  Scattered Clouds at 300m, Broken Clouds at 760m, Cloudy at 2400m Light Rain, Haze",2017-07-02
20:33,23°C,23°C,240°17 Km/h,,78%,19°C,1006.0mb,,"document.write(Icons.GetShortDescription(7, 'CurrentWeather'));  Scattered Clouds at 300m, Broken Clouds at 760m, Cloudy at 2400m Light Rain",2017-07-02
20:57,23°C,23°C,230°11 Km/h,,78%,19°C,1006.0mb,,"document.write(Icons.GetShortDescription(7, 'CurrentWeather'));  Scattered Clouds at 300m, Broken Clouds at 760m, Cloudy at 2400m Light Rain",2017-07-02
21:00,23°C,23°C,220°11 Km/h,,78%,19°C,1006.0mb,,"document.write(Icons.GetShortDescription(7, 'CurrentWeather'));  Scattered Clouds at 300m, Broken Clouds at 760m, Cloudy at 2400m Light Rain",2017-07-02
22:00,23°C,23°C,140°4 Km/h,,78%,19°C,1006.0mb,,"document.write(Icons.GetShortDescription(7, 'CurrentWeather'));  Scattered Clouds at 300m, Broken Clouds at 760m, Cloudy at 2400m Light Rain",2017-07-02
22:12,23°C,24°C,180°7 Km/h,,83%,20°C,1007.0mb,,"document.write(Icons.GetShortDescription(7, 'CurrentWeather'));  Scattered Clouds at 240m, Broken Clouds at 760m, Cloudy at 2400m Light Rain, Haze",2017-07-02
22:15,23°C,24°C,200°7 Km/h,,83%,20°C,1007.0mb,,"document.write(Icons.GetShortDescription(7, 'CurrentWeather'));  Scattered Clouds at 240m, Broken Clouds at 760m, Cloudy at 2400m Rain, Partial Fog",2017-07-02
22:29,22°C,23°C,90°2 Km/h,,88%,20°C,1006.0mb,,"document.write(Icons.GetShortDescription(7, 'CurrentWeather'));  Scattered Clouds at 240m, Broken Clouds at 610m, Cloudy at 2400m Heavy Rain",2017-07-02
22:52,22°C,23°C,60°7 Km/h,,88%,20°C,1006.0mb,,"document.write(Icons.GetShortDescription(7, 'CurrentWeather'));  Scattered Clouds at 240m, Broken Clouds at 610m, Cloudy at 2400m Heavy Rain, Haze",2017-07-02
23:00,22°C,23°C,30°4 Km/h,,88%,20°C,1005.0mb,,"document.write(Icons.GetShortDescription(7, 'CurrentWeather'));  Scattered Clouds at 180m, Broken Clouds at 610m, Cloudy at 2400m Heavy Rain, Haze",2017-07-02
23:14,22°C,23°C,320°11 Km/h,,88%,20°C,1006.0mb,,"document.write(Icons.GetShortDescription(10, 'CurrentWeather'));  Few Clouds at 150m, Scattered Cumulonimbus Clouds at 300m, Broken Clouds at 760m, Cloudy at 2400m Heavy Rain with Thunderstorm, Haze",2017-07-02
23:19,22°C,23°C,280°17 Km/h,,88%,20°C,1006.0mb,,"document.write(Icons.GetShortDescription(10, 'CurrentWeather'));  Few Clouds at 150m, Scattered Cumulonimbus Clouds at 300m, Broken Clouds at 760m, Cloudy at 2400m Heavy Rain with Thunderstorm, Haze",2017-07-02
