Time,Temperature,Relative Temperature,Wind,Wind Gust,Rel. humidity,Dew Point,Pressure,Icon,DescriptionDetails,date
00:00,-3°C,-3°C,20°2 Km/h,,80%,-6°C,1027.0mb,,"document.write(Icons.GetShortDescription(1, 'CurrentWeather'));  Haze",2017-12-30
01:00,-4°C,-4°C,340°4 Km/h,,86%,-6°C,1027.0mb,,"document.write(Icons.GetShortDescription(1, 'CurrentWeather'));  Haze",2017-12-30
02:00,-3°C,-5°C,20°6 Km/h,,80%,-6°C,1027.0mb,,"document.write(Icons.GetShortDescription(1, 'CurrentWeather'));  Haze",2017-12-30
03:00,-3°C,-5°C,320°6 Km/h,,80%,-6°C,1028.0mb,,"document.write(Icons.GetShortDescription(1, 'CurrentWeather'));  Haze",2017-12-30
04:00,-3°C,-5°C,310°6 Km/h,,80%,-6°C,1027.0mb,,"document.write(Icons.GetShortDescription(2, 'CurrentWeather'));  Few Clouds at 760m, Scattered Clouds at 5500m Haze",2017-12-30
05:00,-4°C,-4°C,360°4 Km/h,,86%,-6°C,1027.0mb,,"document.write(Icons.GetShortDescription(3, 'CurrentWeather'));  Few Clouds at 760m, Broken Clouds at 5500m Haze",2017-12-30
06:00,-3°C,-3°C,320°4 Km/h,,86%,-5°C,1027.0mb,,"document.write(Icons.GetShortDescription(3, 'CurrentWeather'));  Few Clouds at 760m, Broken Clouds at 5500m Haze",2017-12-30
07:00,-2°C,-2°C,330°4 Km/h,,80%,-5°C,1028.0mb,,"document.write(Icons.GetShortDescription(3, 'CurrentWeather'));  Few Clouds at 460m, Scattered Clouds at 760m, Broken Clouds at 5500m Haze",2017-12-30
08:00,-2°C,-2°C,20°4 Km/h,,86%,-4°C,1028.0mb,,"document.write(Icons.GetShortDescription(3, 'CurrentWeather'));  Few Clouds at 460m, Scattered Clouds at 760m, Broken Clouds at 5500m Haze",2017-12-30
09:00,-1°C,-1°C,360°4 Km/h,,80%,-4°C,1027.0mb,,"document.write(Icons.GetShortDescription(3, 'CurrentWeather'));  Scattered Clouds at 760m, Broken Clouds at 5500m Haze",2017-12-30
10:00,0°C,0°C,340°2 Km/h,,80%,-3°C,1027.0mb,,"document.write(Icons.GetShortDescription(3, 'CurrentWeather'));  Scattered Clouds at 760m, Broken Clouds at 5500m Haze",2017-12-30
11:00,1°C,1°C,30°4 Km/h,,81%,-2°C,1026.0mb,,"document.write(Icons.GetShortDescription(3, 'CurrentWeather'));  Scattered Clouds at 760m, Broken Clouds at 5500m Haze",2017-12-30
11:37,4°C,1°C,170°13 Km/h,,70%,-1°C,1026.0mb,,"document.write(Icons.GetShortDescription(3, 'CurrentWeather'));  Scattered Clouds at 760m, Broken Clouds at 5500m Haze",2017-12-30
12:00,4°C,1°C,170°11 Km/h,,65%,-2°C,1025.0mb,,"document.write(Icons.GetShortDescription(3, 'CurrentWeather'));  Scattered Clouds at 760m, Broken Clouds at 5500m Haze",2017-12-30
13:00,5°C,3°C,210°9 Km/h,,57%,-3°C,1024.0mb,,"document.write(Icons.GetShortDescription(3, 'CurrentWeather'));  Broken Clouds at 910m, Broken Clouds at 5500m Haze",2017-12-30
14:00,5°C,4°C,200°6 Km/h,,57%,-3°C,1023.0mb,,"document.write(Icons.GetShortDescription(4, 'CurrentWeather'));  Broken Clouds at 910m, Cloudy at 3700m Haze",2017-12-30
15:00,5°C,4°C,200°6 Km/h,,53%,-4°C,1023.0mb,,"document.write(Icons.GetShortDescription(4, 'CurrentWeather'));  Broken Clouds at 910m, Cloudy at 3000m Haze",2017-12-30
16:00,4°C,2°C,310°7 Km/h,,61%,-3°C,1023.0mb,,"document.write(Icons.GetShortDescription(4, 'CurrentWeather'));  Broken Clouds at 910m, Cloudy at 3000m Haze",2017-12-30
17:00,4°C,3°C,230°6 Km/h,,61%,-3°C,1022.0mb,,"document.write(Icons.GetShortDescription(7, 'CurrentWeather'));  Few Clouds at 300m, Broken Clouds at 910m, Cloudy at 3000m Light Rain, Haze",2017-12-30
18:00,2°C,2°C,240°4 Km/h,,75%,-2°C,1023.0mb,,"document.write(Icons.GetShortDescription(7, 'CurrentWeather'));  Few Clouds at 300m, Broken Clouds at 910m, Cloudy at 3000m Light Rain, Haze",2017-12-30
18:45,2°C,0°C,330°7 Km/h,,75%,-2°C,1023.0mb,,"document.write(Icons.GetShortDescription(7, 'CurrentWeather'));  Few Clouds at 300m, Broken Clouds at 910m, Cloudy at 3000m Light Rain, Haze",2017-12-30
19:00,1°C,-1°C,340°7 Km/h,,81%,-2°C,1023.0mb,,"document.write(Icons.GetShortDescription(7, 'CurrentWeather'));  Few Clouds at 300m, Broken Clouds at 910m, Cloudy at 3000m Light Rain, Haze",2017-12-30
20:00,1°C,-1°C,30°6 Km/h,,81%,-2°C,1023.0mb,,"document.write(Icons.GetShortDescription(7, 'CurrentWeather'));  Few Clouds at 300m, Broken Clouds at 910m, Cloudy at 3000m Light Rain, Haze",2017-12-30
21:00,1°C,-1°C,320°6 Km/h,,81%,-2°C,1023.0mb,,"document.write(Icons.GetShortDescription(26, 'CurrentWeather'));  Scattered Clouds at 150m, Broken Clouds at 610m, Cloudy at 2400m Light Rain and Snowfall, Fog",2017-12-30
22:00,1°C,-1°C,330°7 Km/h,,81%,-2°C,1022.0mb,,"document.write(Icons.GetShortDescription(26, 'CurrentWeather'));  Scattered Clouds at 90m, Broken Clouds at 610m, Cloudy at 2400m Snowfall, Fog",2017-12-30
23:00,0°C,-2°C,320°6 Km/h,,87%,-2°C,1022.0mb,,"document.write(Icons.GetShortDescription(26, 'CurrentWeather'));  Scattered Clouds at 90m, Broken Clouds at 610m, Cloudy at 2400m Snowfall, Fog",2017-12-30
