Time,Temperature,Relative Temperature,Wind,Wind Gust,Rel. humidity,Dew Point,Pressure,Icon,DescriptionDetails,date
00:00,15°C,15°C,190°9 Km/h,,55%,6°C,1020.0mb,,"document.write(Icons.GetShortDescription(1, 'CurrentWeather'));",2017-09-30
01:00,15°C,15°C,170°11 Km/h,,55%,6°C,1020.0mb,,"document.write(Icons.GetShortDescription(1, 'CurrentWeather'));",2017-09-30
02:00,15°C,15°C,170°11 Km/h,,59%,7°C,1020.0mb,,"document.write(Icons.GetShortDescription(1, 'CurrentWeather'));",2017-09-30
03:00,15°C,15°C,170°11 Km/h,,59%,7°C,1020.0mb,,"document.write(Icons.GetShortDescription(1, 'CurrentWeather'));",2017-09-30
04:00,15°C,15°C,180°13 Km/h,,63%,8°C,1020.0mb,,"document.write(Icons.GetShortDescription(2, 'CurrentWeather'));  Few Clouds at 1100m",2017-09-30
05:00,15°C,15°C,200°11 Km/h,,63%,8°C,1020.0mb,,"document.write(Icons.GetShortDescription(2, 'CurrentWeather'));  Few Clouds at 1100m",2017-09-30
06:00,15°C,15°C,170°11 Km/h,,63%,8°C,1021.0mb,,"document.write(Icons.GetShortDescription(2, 'CurrentWeather'));  Few Clouds at 1100m",2017-09-30
07:00,15°C,15°C,160°7 Km/h,,68%,9°C,1021.0mb,,"document.write(Icons.GetShortDescription(2, 'CurrentWeather'));  Few Clouds at 1100m",2017-09-30
08:00,17°C,17°C,160°11 Km/h,,68%,11°C,1022.0mb,,"document.write(Icons.GetShortDescription(2, 'CurrentWeather'));  Few Clouds at 1100m",2017-09-30
09:00,19°C,19°C,190°15 Km/h,,60%,11°C,1022.0mb,,"document.write(Icons.GetShortDescription(1, 'CurrentWeather'));",2017-09-30
10:00,21°C,21°C,180°13 Km/h,,60%,13°C,1022.0mb,,"document.write(Icons.GetShortDescription(1, 'CurrentWeather'));",2017-09-30
11:00,23°C,23°C,190°20 Km/h,,57%,14°C,1022.0mb,,"document.write(Icons.GetShortDescription(2, 'CurrentWeather'));  Few Clouds at 1100m",2017-09-30
12:00,24°C,24°C,230°19 Km/h,,57%,15°C,1022.0mb,,"document.write(Icons.GetShortDescription(2, 'CurrentWeather'));  Scattered Clouds at 910m",2017-09-30
13:00,24°C,24°C,230°15 Km/h,,57%,15°C,1021.0mb,,"document.write(Icons.GetShortDescription(3, 'CurrentWeather'));  Broken Clouds at 910m",2017-09-30
14:00,24°C,24°C,240°17 Km/h,,57%,15°C,1021.0mb,,"document.write(Icons.GetShortDescription(3, 'CurrentWeather'));  Broken Clouds at 1200m",2017-09-30
15:00,24°C,24°C,240°17 Km/h,,54%,14°C,1021.0mb,,"document.write(Icons.GetShortDescription(2, 'CurrentWeather'));  Scattered Clouds at 1200m",2017-09-30
16:00,24°C,24°C,250°11 Km/h,,54%,14°C,1021.0mb,,"document.write(Icons.GetShortDescription(2, 'CurrentWeather'));  Few Clouds at 1200m",2017-09-30
17:00,24°C,24°C,260°9 Km/h,,50%,13°C,1021.0mb,,"document.write(Icons.GetShortDescription(2, 'CurrentWeather'));  Few Clouds at 1200m",2017-09-30
18:00,22°C,22°C,250°6 Km/h,,57%,13°C,1020.0mb,,"document.write(Icons.GetShortDescription(1, 'CurrentWeather'));",2017-09-30
19:00,21°C,21°C,260°4 Km/h,,60%,13°C,1021.0mb,,"document.write(Icons.GetShortDescription(1, 'CurrentWeather'));",2017-09-30
20:00,21°C,21°C,270°4 Km/h,,64%,14°C,1021.0mb,,"document.write(Icons.GetShortDescription(1, 'CurrentWeather'));",2017-09-30
21:00,19°C,19°C,70°2 Km/h,,68%,13°C,1021.0mb,,"document.write(Icons.GetShortDescription(1, 'CurrentWeather'));",2017-09-30
22:00,18°C,18°C,10°2 Km/h,,73%,13°C,1022.0mb,,"document.write(Icons.GetShortDescription(1, 'CurrentWeather'));",2017-09-30
23:00,17°C,17°C,60°4 Km/h,,73%,12°C,1022.0mb,,"document.write(Icons.GetShortDescription(1, 'CurrentWeather'));",2017-09-30
