Time,Temperature,Relative Temperature,Wind,Wind Gust,Rel. humidity,Dew Point,Pressure,Icon,DescriptionDetails,date
00:00,-4°C,-8°C,140°11 Km/h,,63%,-10°C,1033.0mb,,"document.write(Icons.GetShortDescription(1, 'CurrentWeather'));",2017-02-15
01:00,-3°C,-5°C,150°6 Km/h,,64%,-9°C,1033.0mb,,"document.write(Icons.GetShortDescription(1, 'CurrentWeather'));",2017-02-15
02:00,-5°C,-5°C,180°4 Km/h,,68%,-10°C,1032.0mb,,"document.write(Icons.GetShortDescription(1, 'CurrentWeather'));",2017-02-15
03:00,-6°C,-9°C,180°6 Km/h,,68%,-11°C,1032.0mb,,"document.write(Icons.GetShortDescription(1, 'CurrentWeather'));",2017-02-15
04:00,-4°C,-4°C,170°4 Km/h,,69%,-9°C,1032.0mb,,"document.write(Icons.GetShortDescription(1, 'CurrentWeather'));",2017-02-15
05:00,-5°C,-9°C,140°9 Km/h,,68%,-10°C,1032.0mb,,"document.write(Icons.GetShortDescription(1, 'CurrentWeather'));",2017-02-15
06:00,-6°C,-10°C,160°9 Km/h,,68%,-11°C,1032.0mb,,"document.write(Icons.GetShortDescription(1, 'CurrentWeather'));",2017-02-15
07:00,-6°C,-11°C,160°11 Km/h,,68%,-11°C,1032.0mb,,"document.write(Icons.GetShortDescription(1, 'CurrentWeather'));",2017-02-15
08:00,-5°C,-10°C,160°11 Km/h,,68%,-10°C,1032.0mb,,"document.write(Icons.GetShortDescription(1, 'CurrentWeather'));",2017-02-15
09:00,-1°C,-3°C,160°6 Km/h,,64%,-7°C,1032.0mb,,"document.write(Icons.GetShortDescription(1, 'CurrentWeather'));",2017-02-15
10:00,1°C,-3°C,160°13 Km/h,,56%,-7°C,1032.0mb,,"document.write(Icons.GetShortDescription(1, 'CurrentWeather'));",2017-02-15
11:00,4°C,2°C,170°9 Km/h,,48%,-6°C,1032.0mb,,"document.write(Icons.GetShortDescription(1, 'CurrentWeather'));",2017-02-15
12:00,5°C,3°C,200°9 Km/h,,42%,-7°C,1031.0mb,,"document.write(Icons.GetShortDescription(1, 'CurrentWeather'));",2017-02-15
13:00,6°C,4°C,230°9 Km/h,,34%,-9°C,1030.0mb,,"document.write(Icons.GetShortDescription(1, 'CurrentWeather'));",2017-02-15
14:00,7°C,5°C,230°11 Km/h,,27%,-11°C,1029.0mb,,"document.write(Icons.GetShortDescription(1, 'CurrentWeather'));",2017-02-15
15:00,7°C,5°C,220°9 Km/h,,27%,-11°C,1029.0mb,,"document.write(Icons.GetShortDescription(1, 'CurrentWeather'));",2017-02-15
16:00,7°C,5°C,200°11 Km/h,,27%,-11°C,1028.0mb,,"document.write(Icons.GetShortDescription(1, 'CurrentWeather'));",2017-02-15
17:00,7°C,6°C,230°6 Km/h,,27%,-11°C,1028.0mb,,"document.write(Icons.GetShortDescription(1, 'CurrentWeather'));",2017-02-15
18:00,4°C,2°C,320°9 Km/h,,45%,-7°C,1028.0mb,,"document.write(Icons.GetShortDescription(1, 'CurrentWeather'));",2017-02-15
19:00,3°C,1°C,310°7 Km/h,,48%,-7°C,1028.0mb,,"document.write(Icons.GetShortDescription(1, 'CurrentWeather'));",2017-02-15
20:00,1°C,1°C,330°2 Km/h,,56%,-7°C,1028.0mb,,"document.write(Icons.GetShortDescription(1, 'CurrentWeather'));",2017-02-15
21:00,-1°C,-1°C,Calm,,59%,-8°C,1027.0mb,,"document.write(Icons.GetShortDescription(1, 'CurrentWeather'));",2017-02-15
22:00,-1°C,-1°C,Calm,,64%,-7°C,1027.0mb,,"document.write(Icons.GetShortDescription(1, 'CurrentWeather'));",2017-02-15
23:00,-1°C,-4°C,40°7 Km/h,,69%,-6°C,1026.0mb,,"document.write(Icons.GetShortDescription(1, 'CurrentWeather'));",2017-02-15
