Time,Temperature,Relative Temperature,Wind,Wind Gust,Rel. humidity,Dew Point,Pressure,Icon,DescriptionDetails,date
00:00,21°C,21°C,70°4 Km/h,,50%,10°C,1015.0mb,,"document.write(Icons.GetShortDescription(1, 'CurrentWeather'));",2017-06-06
01:00,21°C,21°C,180°9 Km/h,,50%,10°C,1015.0mb,,"document.write(Icons.GetShortDescription(1, 'CurrentWeather'));",2017-06-06
02:00,22°C,21°C,170°19 Km/h,,41%,8°C,1015.0mb,,"document.write(Icons.GetShortDescription(1, 'CurrentWeather'));",2017-06-06
03:00,21°C,21°C,150°19 Km/h,,40%,7°C,1015.0mb,,"document.write(Icons.GetShortDescription(1, 'CurrentWeather'));",2017-06-06
04:00,20°C,20°C,160°17 Km/h,,43%,7°C,1015.0mb,,"document.write(Icons.GetShortDescription(1, 'CurrentWeather'));",2017-06-06
05:00,20°C,20°C,160°13 Km/h,,43%,7°C,1015.0mb,,"document.write(Icons.GetShortDescription(1, 'CurrentWeather'));",2017-06-06
06:00,20°C,20°C,150°9 Km/h,,43%,7°C,1016.0mb,,"document.write(Icons.GetShortDescription(1, 'CurrentWeather'));",2017-06-06
07:00,21°C,21°C,170°9 Km/h,,43%,8°C,1016.0mb,,"document.write(Icons.GetShortDescription(1, 'CurrentWeather'));",2017-06-06
08:00,21°C,21°C,120°13 Km/h,,40%,7°C,1015.0mb,,"document.write(Icons.GetShortDescription(1, 'CurrentWeather'));",2017-06-06
09:00,21°C,21°C,120°19 Km/h,,38%,6°C,1015.0mb,,"document.write(Icons.GetShortDescription(4, 'CurrentWeather'));  Few Clouds at 910m, Broken Clouds at 3700m, Cloudy at 4900m",2017-06-06
10:00,23°C,22°C,130°19 Km/h,,36%,7°C,1014.0mb,,"document.write(Icons.GetShortDescription(4, 'CurrentWeather'));  Few Clouds at 910m, Broken Clouds at 3700m, Cloudy at 4900m",2017-06-06
11:00,23°C,22°C,110°19 Km/h,,33%,6°C,1014.0mb,,"document.write(Icons.GetShortDescription(4, 'CurrentWeather'));  Few Clouds at 910m, Broken Clouds at 3700m, Cloudy at 4900m",2017-06-06
12:00,24°C,23°C,120°11 Km/h,,34%,7°C,1014.0mb,,"document.write(Icons.GetShortDescription(7, 'CurrentWeather'));  Few Clouds at 910m, Cloudy at 3700m Light Rain",2017-06-06
13:00,23°C,22°C,160°11 Km/h,,38%,8°C,1014.0mb,,"document.write(Icons.GetShortDescription(7, 'CurrentWeather'));  Scattered Clouds at 760m, Cloudy at 2400m Light Rain",2017-06-06
14:00,24°C,23°C,100°15 Km/h,,34%,7°C,1012.0mb,,"document.write(Icons.GetShortDescription(4, 'CurrentWeather'));  Scattered Clouds at 910m, Cloudy at 3000m",2017-06-06
15:00,23°C,22°C,170°15 Km/h,,33%,6°C,1012.0mb,,"document.write(Icons.GetShortDescription(4, 'CurrentWeather'));  Scattered Clouds at 910m, Cloudy at 3400m",2017-06-06
16:00,20°C,20°C,180°17 Km/h,,46%,8°C,1012.0mb,,"document.write(Icons.GetShortDescription(7, 'CurrentWeather'));  Scattered Clouds at 910m, Cloudy at 2400m Light Rain",2017-06-06
17:00,17°C,17°C,160°7 Km/h,,73%,12°C,1012.0mb,,"document.write(Icons.GetShortDescription(7, 'CurrentWeather'));  Broken Clouds at 910m, Cloudy at 2400m Light Rain",2017-06-06
18:00,17°C,17°C,90°15 Km/h,,68%,11°C,1011.0mb,,"document.write(Icons.GetShortDescription(7, 'CurrentWeather'));  Broken Clouds at 910m, Cloudy at 2400m Light Rain",2017-06-06
19:00,16°C,16°C,120°20 Km/h,,68%,10°C,1011.0mb,,"document.write(Icons.GetShortDescription(7, 'CurrentWeather'));  Broken Clouds at 910m, Cloudy at 2400m Light Rain",2017-06-06
19:34,15°C,15°C,110°20 Km/h,,77%,11°C,1010.0mb,,"document.write(Icons.GetShortDescription(7, 'CurrentWeather'));  Scattered Clouds at 460m, Broken Clouds at 760m, Cloudy at 2400m Light Rain, Haze",2017-06-06
20:00,15°C,15°C,110°20 Km/h,,77%,11°C,1010.0mb,,"document.write(Icons.GetShortDescription(7, 'CurrentWeather'));  Scattered Clouds at 460m, Broken Clouds at 760m, Cloudy at 2400m Light Rain, Haze",2017-06-06
20:10,15°C,15°C,110°19 Km/h,,77%,11°C,1010.0mb,,"document.write(Icons.GetShortDescription(7, 'CurrentWeather'));  Scattered Clouds at 300m, Broken Clouds at 760m, Cloudy at 2400m Rain, Haze",2017-06-06
21:00,15°C,15°C,100°15 Km/h,,82%,12°C,1009.0mb,,"document.write(Icons.GetShortDescription(7, 'CurrentWeather'));  Scattered Clouds at 210m, Broken Clouds at 760m, Cloudy at 2400m Rain, Haze",2017-06-06
22:00,15°C,15°C,90°13 Km/h,,82%,12°C,1009.0mb,,"document.write(Icons.GetShortDescription(7, 'CurrentWeather'));  Scattered Clouds at 210m, Broken Clouds at 760m, Cloudy at 2400m Light Rain, Haze",2017-06-06
23:00,15°C,15°C,110°15 Km/h,,82%,12°C,1008.0mb,,"document.write(Icons.GetShortDescription(7, 'CurrentWeather'));  Scattered Clouds at 180m, Broken Clouds at 760m, Cloudy at 2400m Light Rain, Haze",2017-06-06
