Time,Temperature,Relative Temperature,Wind,Wind Gust,Rel. humidity,Dew Point,Pressure,Icon,DescriptionDetails,date
00:00,16°C,16°C,130°13 Km/h,,55%,7°C,1022.0mb,,"document.write(Icons.GetShortDescription(3, 'CurrentWeather'));  Few Clouds at 1400m, Broken Clouds at 3400m",2017-10-19
01:00,15°C,15°C,130°15 Km/h,,59%,7°C,1021.0mb,,"document.write(Icons.GetShortDescription(2, 'CurrentWeather'));  Few Clouds at 1400m, Scattered Clouds at 3400m",2017-10-19
02:00,14°C,14°C,90°9 Km/h,,63%,7°C,1021.0mb,,"document.write(Icons.GetShortDescription(2, 'CurrentWeather'));  Few Clouds at 1400m, Scattered Clouds at 3400m",2017-10-19
03:00,13°C,13°C,40°4 Km/h,,72%,8°C,1021.0mb,,"document.write(Icons.GetShortDescription(2, 'CurrentWeather'));  Few Clouds at 1400m, Scattered Clouds at 3400m",2017-10-19
04:00,12°C,12°C,20°6 Km/h,,72%,7°C,1021.0mb,,"document.write(Icons.GetShortDescription(3, 'CurrentWeather'));  Few Clouds at 1400m, Broken Clouds at 3400m",2017-10-19
05:00,11°C,11°C,10°6 Km/h,,72%,6°C,1020.0mb,,"document.write(Icons.GetShortDescription(2, 'CurrentWeather'));  Few Clouds at 1400m",2017-10-19
06:00,11°C,11°C,340°6 Km/h,,77%,7°C,1020.0mb,,"document.write(Icons.GetShortDescription(2, 'CurrentWeather'));  Few Clouds at 1400m",2017-10-19
07:00,10°C,9°C,330°7 Km/h,,82%,7°C,1021.0mb,,"document.write(Icons.GetShortDescription(2, 'CurrentWeather'));  Few Clouds at 1400m, Scattered Clouds at 5500m",2017-10-19
08:00,13°C,13°C,340°7 Km/h,,77%,9°C,1021.0mb,,"document.write(Icons.GetShortDescription(1, 'CurrentWeather'));",2017-10-19
09:00,15°C,15°C,20°6 Km/h,,72%,10°C,1021.0mb,,"document.write(Icons.GetShortDescription(1, 'CurrentWeather'));",2017-10-19
10:00,17°C,17°C,50°4 Km/h,,64%,10°C,1021.0mb,,"document.write(Icons.GetShortDescription(1, 'CurrentWeather'));",2017-10-19
11:00,19°C,19°C,40°6 Km/h,,56%,10°C,1020.0mb,,"document.write(Icons.GetShortDescription(1, 'CurrentWeather'));",2017-10-19
12:00,20°C,20°C,30°6 Km/h,,49%,9°C,1020.0mb,,"document.write(Icons.GetShortDescription(1, 'CurrentWeather'));",2017-10-19
13:00,20°C,20°C,80°7 Km/h,,43%,7°C,1019.0mb,,"document.write(Icons.GetShortDescription(2, 'CurrentWeather'));  Few Clouds at 910m, Scattered Clouds at 5500m",2017-10-19
14:00,21°C,21°C,10°9 Km/h,,38%,6°C,1018.0mb,,"document.write(Icons.GetShortDescription(2, 'CurrentWeather'));  Few Clouds at 910m, Scattered Clouds at 5500m",2017-10-19
15:00,21°C,21°C,100°9 Km/h,,35%,5°C,1017.0mb,,"document.write(Icons.GetShortDescription(2, 'CurrentWeather'));  Few Clouds at 910m, Scattered Clouds at 5500m",2017-10-19
16:00,21°C,21°C,230°4 Km/h,,35%,5°C,1018.0mb,,"document.write(Icons.GetShortDescription(3, 'CurrentWeather'));  Few Clouds at 910m, Scattered Clouds at 4300m, Broken Clouds at 5500m",2017-10-19
17:00,20°C,20°C,300°6 Km/h,,38%,5°C,1018.0mb,,"document.write(Icons.GetShortDescription(1, 'CurrentWeather'));",2017-10-19
18:00,18°C,18°C,300°7 Km/h,,46%,6°C,1018.0mb,,"document.write(Icons.GetShortDescription(1, 'CurrentWeather'));",2017-10-19
19:00,16°C,16°C,340°6 Km/h,,55%,7°C,1018.0mb,,"document.write(Icons.GetShortDescription(1, 'CurrentWeather'));",2017-10-19
20:00,15°C,15°C,340°6 Km/h,,63%,8°C,1018.0mb,,"document.write(Icons.GetShortDescription(1, 'CurrentWeather'));",2017-10-19
21:00,13°C,13°C,310°7 Km/h,,67%,7°C,1019.0mb,,"document.write(Icons.GetShortDescription(1, 'CurrentWeather'));",2017-10-19
22:00,13°C,13°C,330°4 Km/h,,67%,7°C,1019.0mb,,"document.write(Icons.GetShortDescription(1, 'CurrentWeather'));",2017-10-19
23:00,12°C,12°C,330°2 Km/h,,72%,7°C,1020.0mb,,"document.write(Icons.GetShortDescription(1, 'CurrentWeather'));",2017-10-19
