Time,Temperature,Relative Temperature,Wind,Wind Gust,Rel. humidity,Dew Point,Pressure,Icon,DescriptionDetails,date
00:00,26°C,28°C,230°4 Km/h,,84%,23°C,1004.0mb,,"document.write(Icons.GetShortDescription(2, 'CurrentWeather'));  Few Clouds at 910m, Scattered Clouds at 5500m Haze",2017-07-24
01:00,26°C,28°C,190°2 Km/h,,84%,23°C,1004.0mb,,"document.write(Icons.GetShortDescription(2, 'CurrentWeather'));  Few Clouds at 910m, Scattered Clouds at 5500m Haze",2017-07-24
02:00,26°C,28°C,240°6 Km/h,,79%,22°C,1003.0mb,,"document.write(Icons.GetShortDescription(3, 'CurrentWeather'));  Scattered Clouds at 1400m, Broken Clouds at 4600m Haze",2017-07-24
03:00,26°C,28°C,200°6 Km/h,,84%,23°C,1003.0mb,,"document.write(Icons.GetShortDescription(3, 'CurrentWeather'));  Scattered Clouds at 1400m, Broken Clouds at 4000m Haze",2017-07-24
04:00,26°C,28°C,270°4 Km/h,,84%,23°C,1003.0mb,,"document.write(Icons.GetShortDescription(3, 'CurrentWeather'));  Scattered Clouds at 1400m, Broken Clouds at 4000m Haze",2017-07-24
05:00,26°C,28°C,200°2 Km/h,,84%,23°C,1003.0mb,,"document.write(Icons.GetShortDescription(3, 'CurrentWeather'));  Scattered Clouds at 1200m, Broken Clouds at 4000m Haze",2017-07-24
06:00,26°C,28°C,200°4 Km/h,,84%,23°C,1003.0mb,,"document.write(Icons.GetShortDescription(4, 'CurrentWeather'));  Broken Clouds at 1100m, Cloudy at 3700m Haze",2017-07-24
07:00,26°C,28°C,170°4 Km/h,,84%,23°C,1003.0mb,,"document.write(Icons.GetShortDescription(7, 'CurrentWeather'));  Broken Clouds at 760m, Cloudy at 3700m Haze, Light Rain",2017-07-24
08:00,26°C,28°C,190°4 Km/h,,84%,23°C,1003.0mb,,"document.write(Icons.GetShortDescription(7, 'CurrentWeather'));  Broken Clouds at 610m, Cloudy at 2700m Light Rain, Haze",2017-07-24
09:00,26°C,28°C,300°4 Km/h,,79%,22°C,1003.0mb,,"document.write(Icons.GetShortDescription(4, 'CurrentWeather'));  Broken Clouds at 610m, Cloudy at 2700m Haze",2017-07-24
10:00,27°C,30°C,290°2 Km/h,,79%,23°C,1003.0mb,,"document.write(Icons.GetShortDescription(4, 'CurrentWeather'));  Broken Clouds at 610m, Cloudy at 3000m",2017-07-24
11:00,27°C,30°C,270°4 Km/h,,79%,23°C,1003.0mb,,"document.write(Icons.GetShortDescription(7, 'CurrentWeather'));  Few Clouds at 300m, Broken Clouds at 610m, Cloudy at 2400m Light Rain",2017-07-24
11:17,27°C,30°C,260°4 Km/h,,79%,23°C,1003.0mb,,"document.write(Icons.GetShortDescription(7, 'CurrentWeather'));  Few Clouds at 300m, Broken Clouds at 610m, Cloudy at 2400m Rain, Haze",2017-07-24
11:27,26°C,28°C,260°7 Km/h,,79%,22°C,1004.0mb,,"document.write(Icons.GetShortDescription(7, 'CurrentWeather'));  Few Clouds at 300m, Broken Clouds at 760m, Cloudy at 2400m Light Rain, Haze",2017-07-24
11:39,25°C,26°C,310°13 Km/h,,83%,22°C,1004.0mb,,"document.write(Icons.GetShortDescription(7, 'CurrentWeather'));  Few Clouds at 300m, Broken Clouds at 610m, Cloudy at 2400m Rain, Haze",2017-07-24
11:43,25°C,26°C,320°15 Km/h,,83%,22°C,1003.0mb,,"document.write(Icons.GetShortDescription(7, 'CurrentWeather'));  Few Clouds at 300m, Broken Clouds at 610m, Cloudy at 2400m Heavy Rain, Haze",2017-07-24
12:00,25°C,26°C,360°4 Km/h,,83%,22°C,1003.0mb,,"document.write(Icons.GetShortDescription(7, 'CurrentWeather'));  Few Clouds at 300m, Broken Clouds at 610m, Cloudy at 2400m Rain, Haze",2017-07-24
13:00,25°C,26°C,240°2 Km/h,,89%,23°C,1003.0mb,,"document.write(Icons.GetShortDescription(7, 'CurrentWeather'));  Few Clouds at 300m, Broken Clouds at 760m, Cloudy at 2400m Light Rain, Haze",2017-07-24
13:19,25°C,26°C,250°4 Km/h,,83%,22°C,1003.0mb,,"document.write(Icons.GetShortDescription(7, 'CurrentWeather'));  Few Clouds at 300m, Broken Clouds at 610m, Cloudy at 2400m Light Rain, Haze",2017-07-24
14:00,25°C,25°C,30°6 Km/h,,74%,20°C,1002.0mb,,"document.write(Icons.GetShortDescription(7, 'CurrentWeather'));  Scattered Clouds at 300m, Broken Clouds at 610m, Cloudy at 2400m Light Rain, Haze",2017-07-24
15:00,26°C,27°C,50°4 Km/h,,74%,21°C,1002.0mb,,"document.write(Icons.GetShortDescription(4, 'CurrentWeather'));  Few Clouds at 300m, Broken Clouds at 610m, Cloudy at 3700m",2017-07-24
16:00,27°C,29°C,150°9 Km/h,,74%,22°C,1002.0mb,,"document.write(Icons.GetShortDescription(4, 'CurrentWeather'));  Few Clouds at 300m, Broken Clouds at 610m, Cloudy at 3700m",2017-07-24
17:00,28°C,31°C,170°9 Km/h,,70%,22°C,1001.0mb,,"document.write(Icons.GetShortDescription(4, 'CurrentWeather'));  Broken Clouds at 760m, Cloudy at 3700m",2017-07-24
18:00,28°C,31°C,180°6 Km/h,,74%,23°C,1001.0mb,,"document.write(Icons.GetShortDescription(4, 'CurrentWeather'));  Broken Clouds at 760m, Cloudy at 3700m",2017-07-24
19:00,28°C,31°C,190°4 Km/h,,74%,23°C,1002.0mb,,"document.write(Icons.GetShortDescription(4, 'CurrentWeather'));  Broken Clouds at 910m, Cloudy at 3700m",2017-07-24
20:00,26°C,28°C,340°9 Km/h,,84%,23°C,1002.0mb,,"document.write(Icons.GetShortDescription(4, 'CurrentWeather'));  Few Clouds at 300m, Broken Clouds at 760m, Cloudy at 3700m",2017-07-24
21:00,26°C,28°C,320°9 Km/h,,84%,23°C,1002.0mb,,"document.write(Icons.GetShortDescription(4, 'CurrentWeather'));  Few Clouds at 300m, Scattered Clouds at 610m, Cloudy at 3700m",2017-07-24
22:00,26°C,28°C,330°4 Km/h,,84%,23°C,1003.0mb,,"document.write(Icons.GetShortDescription(3, 'CurrentWeather'));  Few Clouds at 460m, Scattered Clouds at 610m, Broken Clouds at 3700m",2017-07-24
23:00,25°C,26°C,330°7 Km/h,,89%,23°C,1003.0mb,,"document.write(Icons.GetShortDescription(2, 'CurrentWeather'));  Few Clouds at 460m, Scattered Clouds at 610m Haze",2017-07-24
