Time,Temperature,Relative Temperature,Wind,Wind Gust,Rel. humidity,Dew Point,Pressure,Icon,DescriptionDetails,date
00:00,14°C,14°C,270°7 Km/h,,48%,3°C,1014.0mb,,"document.write(Icons.GetShortDescription(1, 'CurrentWeather'));",2017-09-29
01:00,12°C,12°C,330°2 Km/h,,51%,2°C,1015.0mb,,"document.write(Icons.GetShortDescription(1, 'CurrentWeather'));",2017-09-29
02:00,12°C,12°C,300°6 Km/h,,54%,3°C,1015.0mb,,"document.write(Icons.GetShortDescription(1, 'CurrentWeather'));",2017-09-29
03:00,11°C,11°C,300°7 Km/h,,58%,3°C,1016.0mb,,"document.write(Icons.GetShortDescription(1, 'CurrentWeather'));",2017-09-29
04:00,10°C,10°C,350°2 Km/h,,62%,3°C,1016.0mb,,"document.write(Icons.GetShortDescription(1, 'CurrentWeather'));",2017-09-29
05:00,9°C,9°C,320°2 Km/h,,62%,2°C,1016.0mb,,"document.write(Icons.GetShortDescription(1, 'CurrentWeather'));",2017-09-29
06:00,8°C,8°C,Calm,,66%,2°C,1017.0mb,,"document.write(Icons.GetShortDescription(1, 'CurrentWeather'));",2017-09-29
07:00,9°C,9°C,300°2 Km/h,,71%,4°C,1017.0mb,,"document.write(Icons.GetShortDescription(1, 'CurrentWeather'));",2017-09-29
08:00,15°C,15°C,110°2 Km/h,,63%,8°C,1018.0mb,,"document.write(Icons.GetShortDescription(1, 'CurrentWeather'));",2017-09-29
09:00,19°C,19°C,180°2 Km/h,,46%,7°C,1018.0mb,,"document.write(Icons.GetShortDescription(1, 'CurrentWeather'));",2017-09-29
10:00,19°C,19°C,280°4 Km/h,,35%,3°C,1018.0mb,,"document.write(Icons.GetShortDescription(1, 'CurrentWeather'));",2017-09-29
11:00,20°C,20°C,290°11 Km/h,,33%,3°C,1018.0mb,,"document.write(Icons.GetShortDescription(1, 'CurrentWeather'));",2017-09-29
12:00,21°C,21°C,250°15 Km/h,,31%,3°C,1018.0mb,,"document.write(Icons.GetShortDescription(1, 'CurrentWeather'));",2017-09-29
13:00,21°C,21°C,270°19 Km/h,,31%,3°C,1018.0mb,,"document.write(Icons.GetShortDescription(1, 'CurrentWeather'));",2017-09-29
14:00,21°C,21°C,240°15 Km/h,,31%,3°C,1017.0mb,,"document.write(Icons.GetShortDescription(1, 'CurrentWeather'));",2017-09-29
15:00,21°C,21°C,250°19 Km/h,,31%,3°C,1017.0mb,,"document.write(Icons.GetShortDescription(1, 'CurrentWeather'));",2017-09-29
16:00,20°C,20°C,240°17 Km/h,,33%,3°C,1017.0mb,,"document.write(Icons.GetShortDescription(1, 'CurrentWeather'));",2017-09-29
17:00,20°C,20°C,270°11 Km/h,,33%,3°C,1017.0mb,,"document.write(Icons.GetShortDescription(1, 'CurrentWeather'));",2017-09-29
18:00,19°C,19°C,250°7 Km/h,,35%,3°C,1018.0mb,,"document.write(Icons.GetShortDescription(1, 'CurrentWeather'));",2017-09-29
19:00,17°C,17°C,230°7 Km/h,,39%,3°C,1018.0mb,,"document.write(Icons.GetShortDescription(1, 'CurrentWeather'));",2017-09-29
20:00,16°C,16°C,190°9 Km/h,,48%,5°C,1018.0mb,,"document.write(Icons.GetShortDescription(2, 'CurrentWeather'));  Few Clouds at 910m, Scattered Clouds at 6100m",2017-09-29
21:00,17°C,17°C,170°7 Km/h,,49%,6°C,1019.0mb,,"document.write(Icons.GetShortDescription(1, 'CurrentWeather'));",2017-09-29
22:00,16°C,16°C,160°13 Km/h,,55%,7°C,1020.0mb,,"document.write(Icons.GetShortDescription(1, 'CurrentWeather'));",2017-09-29
23:00,15°C,15°C,190°11 Km/h,,55%,6°C,1020.0mb,,"document.write(Icons.GetShortDescription(1, 'CurrentWeather'));",2017-09-29
