Time,Temperature,Relative Temperature,Wind,Wind Gust,Rel. humidity,Dew Point,Pressure,Icon,DescriptionDetails,date
00:00,9°C,9°C,310°4 Km/h,,71%,4°C,1021.0mb,,"document.write(Icons.GetShortDescription(1, 'CurrentWeather'));",2017-10-24
01:00,8°C,8°C,350°4 Km/h,,76%,4°C,1022.0mb,,"document.write(Icons.GetShortDescription(1, 'CurrentWeather'));",2017-10-24
02:00,7°C,7°C,350°4 Km/h,,76%,3°C,1022.0mb,,"document.write(Icons.GetShortDescription(2, 'CurrentWeather'));  Few Clouds at 1200m, Scattered Clouds at 4600m",2017-10-24
03:00,8°C,8°C,340°4 Km/h,,82%,5°C,1022.0mb,,"document.write(Icons.GetShortDescription(2, 'CurrentWeather'));  Few Clouds at 1200m, Scattered Clouds at 4600m",2017-10-24
04:00,8°C,8°C,330°4 Km/h,,82%,5°C,1022.0mb,,"document.write(Icons.GetShortDescription(3, 'CurrentWeather'));  Few Clouds at 1200m, Broken Clouds at 4600m",2017-10-24
05:00,9°C,8°C,320°6 Km/h,,82%,6°C,1023.0mb,,"document.write(Icons.GetShortDescription(2, 'CurrentWeather'));  Few Clouds at 1200m, Scattered Clouds at 4600m",2017-10-24
06:00,8°C,8°C,350°4 Km/h,,82%,5°C,1023.0mb,,"document.write(Icons.GetShortDescription(2, 'CurrentWeather'));  Few Clouds at 1200m, Scattered Clouds at 4600m",2017-10-24
07:00,8°C,7°C,320°6 Km/h,,82%,5°C,1024.0mb,,"document.write(Icons.GetShortDescription(2, 'CurrentWeather'));  Few Clouds at 1200m, Scattered Clouds at 4600m",2017-10-24
08:00,10°C,10°C,310°6 Km/h,,82%,7°C,1024.0mb,,"document.write(Icons.GetShortDescription(2, 'CurrentWeather'));  Few Clouds at 1200m, Scattered Clouds at 5500m",2017-10-24
09:00,12°C,12°C,350°4 Km/h,,77%,8°C,1025.0mb,,"document.write(Icons.GetShortDescription(2, 'CurrentWeather'));  Few Clouds at 1200m, Scattered Clouds at 5500m",2017-10-24
10:00,16°C,16°C,110°6 Km/h,,63%,9°C,1025.0mb,,"document.write(Icons.GetShortDescription(1, 'CurrentWeather'));",2017-10-24
11:00,17°C,17°C,260°6 Km/h,,56%,8°C,1025.0mb,,"document.write(Icons.GetShortDescription(1, 'CurrentWeather'));",2017-10-24
12:00,18°C,18°C,90°4 Km/h,,46%,6°C,1024.0mb,,"document.write(Icons.GetShortDescription(1, 'CurrentWeather'));",2017-10-24
13:00,19°C,19°C,330°4 Km/h,,40%,5°C,1024.0mb,,"document.write(Icons.GetShortDescription(2, 'CurrentWeather'));  Few Clouds at 1200m",2017-10-24
14:00,19°C,19°C,320°6 Km/h,,35%,3°C,1023.0mb,,"document.write(Icons.GetShortDescription(2, 'CurrentWeather'));  Few Clouds at 910m",2017-10-24
15:00,19°C,19°C,340°9 Km/h,,32%,2°C,1023.0mb,,"document.write(Icons.GetShortDescription(2, 'CurrentWeather'));  Few Clouds at 910m",2017-10-24
16:00,18°C,18°C,320°11 Km/h,,34%,2°C,1023.0mb,,"document.write(Icons.GetShortDescription(2, 'CurrentWeather'));  Few Clouds at 910m",2017-10-24
17:00,17°C,17°C,290°9 Km/h,,42%,4°C,1023.0mb,,"document.write(Icons.GetShortDescription(2, 'CurrentWeather'));  Few Clouds at 910m",2017-10-24
18:00,15°C,15°C,290°11 Km/h,,51%,5°C,1023.0mb,,"document.write(Icons.GetShortDescription(2, 'CurrentWeather'));  Few Clouds at 910m",2017-10-24
19:00,14°C,14°C,300°13 Km/h,,59%,6°C,1024.0mb,,"document.write(Icons.GetShortDescription(2, 'CurrentWeather'));  Few Clouds at 910m",2017-10-24
20:00,12°C,12°C,320°9 Km/h,,67%,6°C,1025.0mb,,"document.write(Icons.GetShortDescription(1, 'CurrentWeather'));",2017-10-24
21:00,13°C,13°C,50°6 Km/h,,67%,7°C,1025.0mb,,"document.write(Icons.GetShortDescription(1, 'CurrentWeather'));",2017-10-24
22:00,10°C,10°C,140°2 Km/h,,67%,4°C,1025.0mb,,"document.write(Icons.GetShortDescription(1, 'CurrentWeather'));",2017-10-24
23:00,10°C,10°C,330°2 Km/h,,71%,5°C,1025.0mb,,"document.write(Icons.GetShortDescription(1, 'CurrentWeather'));",2017-10-24
