Time,Temperature,Relative Temperature,Wind,Wind Gust,Rel. humidity,Dew Point,Pressure,Icon,DescriptionDetails,date
00:00,17°C,17°C,360°4 Km/h,,64%,10°C,1007.0mb,,"document.write(Icons.GetShortDescription(1, 'CurrentWeather'));",2017-06-11
01:00,15°C,15°C,320°7 Km/h,,63%,8°C,1007.0mb,,"document.write(Icons.GetShortDescription(1, 'CurrentWeather'));",2017-06-11
02:00,14°C,14°C,330°6 Km/h,,67%,8°C,1007.0mb,,"document.write(Icons.GetShortDescription(1, 'CurrentWeather'));",2017-06-11
03:00,14°C,14°C,340°4 Km/h,,77%,10°C,1007.0mb,,"document.write(Icons.GetShortDescription(1, 'CurrentWeather'));",2017-06-11
04:00,13°C,13°C,330°7 Km/h,,77%,9°C,1007.0mb,,"document.write(Icons.GetShortDescription(1, 'CurrentWeather'));",2017-06-11
05:00,14°C,14°C,360°6 Km/h,,82%,11°C,1007.0mb,,"document.write(Icons.GetShortDescription(1, 'CurrentWeather'));",2017-06-11
06:00,14°C,14°C,20°6 Km/h,,67%,8°C,1008.0mb,,"document.write(Icons.GetShortDescription(1, 'CurrentWeather'));",2017-06-11
07:00,17°C,17°C,10°4 Km/h,,64%,10°C,1008.0mb,,"document.write(Icons.GetShortDescription(1, 'CurrentWeather'));",2017-06-11
08:00,19°C,19°C,30°4 Km/h,,52%,9°C,1008.0mb,,"document.write(Icons.GetShortDescription(1, 'CurrentWeather'));",2017-06-11
09:00,21°C,21°C,10°7 Km/h,,35%,5°C,1008.0mb,,"document.write(Icons.GetShortDescription(1, 'CurrentWeather'));",2017-06-11
10:00,24°C,23°C,340°4 Km/h,,29%,5°C,1008.0mb,,"document.write(Icons.GetShortDescription(1, 'CurrentWeather'));",2017-06-11
11:00,25°C,24°C,310°7 Km/h,,30%,6°C,1008.0mb,,"document.write(Icons.GetShortDescription(1, 'CurrentWeather'));",2017-06-11
12:00,27°C,26°C,320°9 Km/h,,23%,4°C,1008.0mb,,"document.write(Icons.GetShortDescription(1, 'CurrentWeather'));",2017-06-11
13:00,27°C,26°C,350°13 Km/h,,17%,0°C,1007.0mb,,"document.write(Icons.GetShortDescription(1, 'CurrentWeather'));",2017-06-11
14:00,28°C,27°C,350°17 Km/h,,21%,4°C,1007.0mb,,"document.write(Icons.GetShortDescription(1, 'CurrentWeather'));",2017-06-11
15:00,28°C,27°C,340°17 Km/h,,20%,3°C,1007.0mb,,"document.write(Icons.GetShortDescription(1, 'CurrentWeather'));",2017-06-11
16:00,28°C,27°C,330°15 Km/h,,20%,3°C,1007.0mb,,"document.write(Icons.GetShortDescription(1, 'CurrentWeather'));",2017-06-11
17:00,28°C,27°C,290°17 Km/h,,26%,7°C,1007.0mb,,"document.write(Icons.GetShortDescription(1, 'CurrentWeather'));",2017-06-11
18:00,26°C,25°C,280°17 Km/h,,30%,7°C,1008.0mb,,"document.write(Icons.GetShortDescription(1, 'CurrentWeather'));",2017-06-11
19:00,25°C,24°C,290°13 Km/h,,32%,7°C,1008.0mb,,"document.write(Icons.GetShortDescription(1, 'CurrentWeather'));",2017-06-11
20:00,22°C,21°C,310°11 Km/h,,41%,8°C,1009.0mb,,"document.write(Icons.GetShortDescription(1, 'CurrentWeather'));",2017-06-11
21:00,20°C,20°C,340°9 Km/h,,53%,10°C,1010.0mb,,"document.write(Icons.GetShortDescription(1, 'CurrentWeather'));",2017-06-11
22:00,21°C,21°C,50°9 Km/h,,46%,9°C,1010.0mb,,"document.write(Icons.GetShortDescription(1, 'CurrentWeather'));",2017-06-11
23:00,22°C,21°C,70°7 Km/h,,41%,8°C,1011.0mb,,"document.write(Icons.GetShortDescription(1, 'CurrentWeather'));",2017-06-11
