Time,Temperature,Relative Temperature,Wind,Wind Gust,Rel. humidity,Dew Point,Pressure,Icon,DescriptionDetails,date
00:00,24°C,24°C,90°15 Km/h,,74%,19°C,1005.0mb,,"document.write(Icons.GetShortDescription(7, 'CurrentWeather'));  Broken Clouds at 1200m, Cloudy at 3000m Light Rain",2017-08-15
01:00,24°C,24°C,90°11 Km/h,,69%,18°C,1004.0mb,,"document.write(Icons.GetShortDescription(7, 'CurrentWeather'));  Broken Clouds at 1200m, Cloudy at 3000m Light Rain",2017-08-15
02:00,23°C,23°C,150°9 Km/h,,74%,18°C,1004.0mb,,"document.write(Icons.GetShortDescription(7, 'CurrentWeather'));  Broken Clouds at 1100m, Cloudy at 3000m Light Rain",2017-08-15
03:00,22°C,22°C,80°7 Km/h,,78%,18°C,1004.0mb,,"document.write(Icons.GetShortDescription(4, 'CurrentWeather'));  Broken Clouds at 1100m, Cloudy at 3000m",2017-08-15
04:00,22°C,22°C,320°2 Km/h,,78%,18°C,1004.0mb,,"document.write(Icons.GetShortDescription(7, 'CurrentWeather'));  Broken Clouds at 760m, Cloudy at 3000m Light Rain",2017-08-15
05:00,22°C,22°C,140°9 Km/h,,83%,19°C,1004.0mb,,"document.write(Icons.GetShortDescription(7, 'CurrentWeather'));  Few Clouds at 460m, Broken Clouds at 760m, Cloudy at 3000m Light Rain",2017-08-15
05:25,22°C,22°C,120°11 Km/h,,83%,19°C,1004.0mb,,"document.write(Icons.GetShortDescription(7, 'CurrentWeather'));  Few Clouds at 460m, Broken Clouds at 760m, Cloudy at 3000m Rain, Haze",2017-08-15
06:00,22°C,22°C,110°15 Km/h,,83%,19°C,1003.0mb,,"document.write(Icons.GetShortDescription(7, 'CurrentWeather'));  Few Clouds at 180m, Broken Clouds at 760m, Cloudy at 3000m Light Rain, Haze",2017-08-15
07:00,22°C,22°C,110°11 Km/h,,83%,19°C,1003.0mb,,"document.write(Icons.GetShortDescription(7, 'CurrentWeather'));  Few Clouds at 300m, Broken Clouds at 910m, Cloudy at 3000m Light Rain",2017-08-15
08:00,22°C,22°C,110°17 Km/h,,83%,19°C,1003.0mb,,"document.write(Icons.GetShortDescription(7, 'CurrentWeather'));  Scattered Clouds at 300m, Broken Clouds at 910m, Cloudy at 2400m Light Rain",2017-08-15
09:00,22°C,22°C,100°15 Km/h,,83%,19°C,1003.0mb,,"document.write(Icons.GetShortDescription(7, 'CurrentWeather'));  Scattered Clouds at 300m, Broken Clouds at 910m, Cloudy at 2400m Light Rain",2017-08-15
09:27,22°C,22°C,90°11 Km/h,,83%,19°C,1003.0mb,,"document.write(Icons.GetShortDescription(10, 'CurrentWeather'));  Few Cumulonimbus Clouds at 150m, Scattered Clouds at 300m, Broken Clouds at 910m, Cloudy at 2400m Rain with Thunderstorm",2017-08-15
09:35,22°C,22°C,60°11 Km/h,,83%,19°C,1003.0mb,,"document.write(Icons.GetShortDescription(10, 'CurrentWeather'));  Few Cumulonimbus Clouds at 150m, Scattered Clouds at 300m, Broken Clouds at 910m, Cloudy at 2400m Rain with Thunderstorm, Haze",2017-08-15
09:39,22°C,22°C,60°9 Km/h,,83%,19°C,1003.0mb,,"document.write(Icons.GetShortDescription(10, 'CurrentWeather'));  Few Cumulonimbus Clouds at 150m, Scattered Clouds at 300m, Broken Clouds at 910m, Cloudy at 2400m Rain with Thunderstorm, Haze",2017-08-15
10:00,22°C,22°C,350°17 Km/h,,83%,19°C,1003.0mb,,"document.write(Icons.GetShortDescription(10, 'CurrentWeather'));  Few Cumulonimbus Clouds at 150m, Scattered Clouds at 300m, Broken Clouds at 910m, Cloudy at 2400m Heavy Rain with Thunderstorm, Haze",2017-08-15
11:00,22°C,22°C,100°11 Km/h,,83%,19°C,1003.0mb,,"document.write(Icons.GetShortDescription(7, 'CurrentWeather'));  Few Cumulonimbus Clouds at 150m, Scattered Clouds at 300m, Broken Clouds at 910m, Cloudy at 2400m Heavy Rain, Haze",2017-08-15
11:11,22°C,22°C,90°7 Km/h,,83%,19°C,1003.0mb,,"document.write(Icons.GetShortDescription(7, 'CurrentWeather'));  Scattered Clouds at 150m, Broken Clouds at 910m, Cloudy at 2400m Rain, Haze",2017-08-15
12:00,22°C,23°C,40°11 Km/h,,88%,20°C,1003.0mb,,"document.write(Icons.GetShortDescription(7, 'CurrentWeather'));  Scattered Clouds at 150m, Broken Clouds at 910m, Cloudy at 2400m Heavy Rain",2017-08-15
13:00,23°C,24°C,90°11 Km/h,,83%,20°C,1002.0mb,,"document.write(Icons.GetShortDescription(7, 'CurrentWeather'));  Scattered Clouds at 150m, Broken Clouds at 910m, Cloudy at 2400m Light Rain, Haze",2017-08-15
14:00,22°C,23°C,90°13 Km/h,,88%,20°C,1002.0mb,,"document.write(Icons.GetShortDescription(7, 'CurrentWeather'));  Scattered Clouds at 150m, Broken Clouds at 910m, Cloudy at 2400m Rain, Haze",2017-08-15
15:00,23°C,24°C,110°17 Km/h,,83%,20°C,1001.0mb,,"document.write(Icons.GetShortDescription(7, 'CurrentWeather'));  Scattered Clouds at 150m, Broken Clouds at 910m, Cloudy at 2400m Light Rain, Haze",2017-08-15
16:00,23°C,24°C,110°15 Km/h,,89%,21°C,1001.0mb,,"document.write(Icons.GetShortDescription(7, 'CurrentWeather'));  Scattered Clouds at 150m, Broken Clouds at 910m, Cloudy at 2400m Light Rain, Haze",2017-08-15
16:36,23°C,24°C,110°15 Km/h,,89%,21°C,1001.0mb,,"document.write(Icons.GetShortDescription(7, 'CurrentWeather'));  Scattered Clouds at 150m, Broken Clouds at 910m, Cloudy at 2400m Light Rain",2017-08-15
17:00,23°C,24°C,110°19 Km/h,,89%,21°C,1001.0mb,,"document.write(Icons.GetShortDescription(7, 'CurrentWeather'));  Scattered Clouds at 150m, Broken Clouds at 910m, Cloudy at 2400m Light Rain",2017-08-15
18:00,23°C,24°C,110°13 Km/h,,83%,20°C,1002.0mb,,"document.write(Icons.GetShortDescription(7, 'CurrentWeather'));  Scattered Clouds at 150m, Broken Clouds at 910m, Cloudy at 2400m Light Rain",2017-08-15
18:39,23°C,24°C,100°15 Km/h,,83%,20°C,1002.0mb,,"document.write(Icons.GetShortDescription(4, 'CurrentWeather'));  Few Clouds at 150m, Broken Clouds at 910m, Cloudy at 2400m",2017-08-15
19:00,23°C,24°C,100°15 Km/h,,83%,20°C,1002.0mb,,"document.write(Icons.GetShortDescription(7, 'CurrentWeather'));  Few Clouds at 150m, Broken Clouds at 910m, Cloudy at 2400m Light Drizzle",2017-08-15
20:00,22°C,23°C,100°11 Km/h,,88%,20°C,1003.0mb,,"document.write(Icons.GetShortDescription(7, 'CurrentWeather'));  Few Clouds at 150m, Broken Clouds at 910m, Cloudy at 2400m Light Rain",2017-08-15
21:00,22°C,22°C,100°13 Km/h,,83%,19°C,1003.0mb,,"document.write(Icons.GetShortDescription(7, 'CurrentWeather'));  Few Clouds at 300m, Broken Clouds at 910m, Cloudy at 2400m Light Rain",2017-08-15
22:00,22°C,22°C,100°11 Km/h,,83%,19°C,1003.0mb,,"document.write(Icons.GetShortDescription(7, 'CurrentWeather'));  Few Clouds at 300m, Broken Clouds at 760m, Cloudy at 2400m Light Rain",2017-08-15
22:39,21°C,21°C,60°9 Km/h,,88%,19°C,1003.0mb,,"document.write(Icons.GetShortDescription(7, 'CurrentWeather'));  Few Clouds at 210m, Broken Clouds at 760m, Cloudy at 2400m Light Rain, Haze",2017-08-15
23:00,21°C,21°C,60°11 Km/h,,88%,19°C,1003.0mb,,"document.write(Icons.GetShortDescription(7, 'CurrentWeather'));  Scattered Clouds at 460m, Broken Clouds at 760m, Cloudy at 2400m Light Rain, Haze",2017-08-15
