Time,Temperature,Relative Temperature,Wind,Wind Gust,Rel. humidity,Dew Point,Pressure,Icon,DescriptionDetails,date
00:00,-4°C,-8°C,300°11 Km/h,,50%,-13°C,1018.0mb,,"document.write(Icons.GetShortDescription(1, 'CurrentWeather'));",2017-03-08
01:00,-5°C,-5°C,300°4 Km/h,,50%,-14°C,1018.0mb,,"document.write(Icons.GetShortDescription(1, 'CurrentWeather'));",2017-03-08
02:00,-5°C,-5°C,180°2 Km/h,,54%,-13°C,1017.0mb,,"document.write(Icons.GetShortDescription(1, 'CurrentWeather'));",2017-03-08
03:00,-7°C,-7°C,190°2 Km/h,,53%,-15°C,1017.0mb,,"document.write(Icons.GetShortDescription(1, 'CurrentWeather'));",2017-03-08
04:00,-7°C,-7°C,250°2 Km/h,,63%,-13°C,1016.0mb,,"document.write(Icons.GetShortDescription(1, 'CurrentWeather'));",2017-03-08
05:00,-5°C,-8°C,70°6 Km/h,,63%,-11°C,1016.0mb,,"document.write(Icons.GetShortDescription(1, 'CurrentWeather'));",2017-03-08
06:00,-7°C,-10°C,160°6 Km/h,,58%,-14°C,1016.0mb,,"document.write(Icons.GetShortDescription(1, 'CurrentWeather'));",2017-03-08
07:00,-6°C,-6°C,280°2 Km/h,,63%,-12°C,1016.0mb,,"document.write(Icons.GetShortDescription(1, 'CurrentWeather'));",2017-03-08
08:00,-3°C,-3°C,360°2 Km/h,,64%,-9°C,1017.0mb,,"document.write(Icons.GetShortDescription(1, 'CurrentWeather'));",2017-03-08
09:00,0°C,-4°C,310°11 Km/h,,44%,-11°C,1017.0mb,,"document.write(Icons.GetShortDescription(1, 'CurrentWeather'));",2017-03-08
10:00,1°C,-3°C,340°13 Km/h,,41%,-11°C,1016.0mb,,"document.write(Icons.GetShortDescription(1, 'CurrentWeather'));",2017-03-08
11:00,2°C,-1°C,260°11 Km/h,,32%,-13°C,1016.0mb,,"document.write(Icons.GetShortDescription(1, 'CurrentWeather'));",2017-03-08
12:00,4°C,0°C,290°19 Km/h,,30%,-12°C,1015.0mb,,"document.write(Icons.GetShortDescription(2, 'CurrentWeather'));  Few Clouds at 910m",2017-03-08
13:00,4°C,-1°C,290°26 Km/h,,33%,-11°C,1014.0mb,,"document.write(Icons.GetShortDescription(2, 'CurrentWeather'));  Few Clouds at 910m",2017-03-08
14:00,4°C,0°C,250°17 Km/h,,42%,-8°C,1014.0mb,,"document.write(Icons.GetShortDescription(3, 'CurrentWeather'));  Broken Clouds at 910m",2017-03-08
15:00,5°C,1°C,260°22 Km/h,,36%,-9°C,1013.0mb,,"document.write(Icons.GetShortDescription(2, 'CurrentWeather'));  Scattered Clouds at 910m",2017-03-08
16:00,5°C,1°C,250°19 Km/h,,42%,-7°C,1013.0mb,,"document.write(Icons.GetShortDescription(2, 'CurrentWeather'));  Scattered Clouds at 910m",2017-03-08
17:00,5°C,0°C,280°28 Km/h,,33%,-10°C,1012.0mb,,"document.write(Icons.GetShortDescription(2, 'CurrentWeather'));  Scattered Clouds at 910m",2017-03-08
17:37,4°C,-1°C,270°24 Km/h,,48%,-6°C,1012.0mb,,"document.write(Icons.GetShortDescription(26, 'CurrentWeather'));  Broken Clouds at 760m, Cloudy at 2400m Light Snowfall Shower",2017-03-08
18:00,3°C,-1°C,280°17 Km/h,,56%,-5°C,1012.0mb,,"document.write(Icons.GetShortDescription(2, 'CurrentWeather'));  Scattered Clouds at 910m",2017-03-08
19:00,3°C,0°C,270°11 Km/h,,48%,-7°C,1012.0mb,,"document.write(Icons.GetShortDescription(2, 'CurrentWeather'));  Few Clouds at 1200m",2017-03-08
20:00,2°C,-3°C,280°20 Km/h,,52%,-7°C,1013.0mb,,"document.write(Icons.GetShortDescription(2, 'CurrentWeather'));  Few Clouds at 1200m",2017-03-08
21:00,1°C,-5°C,290°24 Km/h,,48%,-9°C,1014.0mb,,"document.write(Icons.GetShortDescription(2, 'CurrentWeather'));  Few Clouds at 910m",2017-03-08
22:00,0°C,-4°C,290°15 Km/h,,51%,-9°C,1014.0mb,,"document.write(Icons.GetShortDescription(2, 'CurrentWeather'));  Few Clouds at 910m",2017-03-08
23:00,0°C,-3°C,270°7 Km/h,,51%,-9°C,1014.0mb,,"document.write(Icons.GetShortDescription(1, 'CurrentWeather'));",2017-03-08
