Time,Temperature,Relative Temperature,Wind,Wind Gust,Rel. humidity,Dew Point,Pressure,Icon,DescriptionDetails,date
00:00,-4°C,-7°C,160°7 Km/h,,50%,-13°C,1023.0mb,,"document.write(Icons.GetShortDescription(3, 'CurrentWeather'));  Broken Clouds at 910m, Broken Clouds at 4300m",2017-12-09
01:00,-4°C,-7°C,140°7 Km/h,,46%,-14°C,1022.0mb,,"document.write(Icons.GetShortDescription(3, 'CurrentWeather'));  Broken Clouds at 910m, Broken Clouds at 4300m",2017-12-09
02:00,-5°C,-8°C,20°7 Km/h,,54%,-13°C,1022.0mb,,"document.write(Icons.GetShortDescription(2, 'CurrentWeather'));  Scattered Clouds at 910m",2017-12-09
03:00,-5°C,-5°C,60°4 Km/h,,58%,-12°C,1022.0mb,,"document.write(Icons.GetShortDescription(2, 'CurrentWeather'));  Scattered Clouds at 910m",2017-12-09
04:00,-6°C,-10°C,340°7 Km/h,,63%,-12°C,1022.0mb,,"document.write(Icons.GetShortDescription(2, 'CurrentWeather'));  Few Clouds at 910m",2017-12-09
05:00,-6°C,-9°C,10°6 Km/h,,63%,-12°C,1021.0mb,,"document.write(Icons.GetShortDescription(1, 'CurrentWeather'));",2017-12-09
06:00,-6°C,-10°C,330°7 Km/h,,63%,-12°C,1021.0mb,,"document.write(Icons.GetShortDescription(1, 'CurrentWeather'));",2017-12-09
07:00,-7°C,-7°C,320°2 Km/h,,63%,-13°C,1021.0mb,,"document.write(Icons.GetShortDescription(1, 'CurrentWeather'));",2017-12-09
08:00,-6°C,-6°C,Calm,,68%,-11°C,1022.0mb,,"document.write(Icons.GetShortDescription(1, 'CurrentWeather'));",2017-12-09
09:00,-1°C,-1°C,210°2 Km/h,,59%,-8°C,1022.0mb,,"document.write(Icons.GetShortDescription(1, 'CurrentWeather'));",2017-12-09
10:00,0°C,0°C,130°4 Km/h,,51%,-9°C,1023.0mb,,"document.write(Icons.GetShortDescription(1, 'CurrentWeather'));",2017-12-09
11:00,2°C,2°C,110°4 Km/h,,44%,-9°C,1022.0mb,,"document.write(Icons.GetShortDescription(1, 'CurrentWeather'));",2017-12-09
12:00,2°C,2°C,200°2 Km/h,,41%,-10°C,1021.0mb,,"document.write(Icons.GetShortDescription(1, 'CurrentWeather'));",2017-12-09
13:00,3°C,2°C,270°6 Km/h,,38%,-10°C,1020.0mb,,"document.write(Icons.GetShortDescription(1, 'CurrentWeather'));",2017-12-09
14:00,5°C,4°C,200°6 Km/h,,33%,-10°C,1020.0mb,,"document.write(Icons.GetShortDescription(1, 'CurrentWeather'));",2017-12-09
15:00,5°C,3°C,210°9 Km/h,,33%,-10°C,1019.0mb,,"document.write(Icons.GetShortDescription(1, 'CurrentWeather'));",2017-12-09
16:00,4°C,2°C,190°7 Km/h,,36%,-10°C,1019.0mb,,"document.write(Icons.GetShortDescription(1, 'CurrentWeather'));",2017-12-09
17:00,3°C,0°C,190°9 Km/h,,38%,-10°C,1019.0mb,,"document.write(Icons.GetShortDescription(1, 'CurrentWeather'));",2017-12-09
18:00,2°C,0°C,180°7 Km/h,,38%,-11°C,1019.0mb,,"document.write(Icons.GetShortDescription(1, 'CurrentWeather'));",2017-12-09
19:00,-2°C,-5°C,160°7 Km/h,,47%,-12°C,1019.0mb,,"document.write(Icons.GetShortDescription(1, 'CurrentWeather'));",2017-12-09
20:00,0°C,-2°C,160°6 Km/h,,47%,-10°C,1019.0mb,,"document.write(Icons.GetShortDescription(1, 'CurrentWeather'));",2017-12-09
21:00,-1°C,-3°C,170°6 Km/h,,51%,-10°C,1019.0mb,,"document.write(Icons.GetShortDescription(1, 'CurrentWeather'));",2017-12-09
22:00,1°C,-1°C,230°6 Km/h,,48%,-9°C,1019.0mb,,"document.write(Icons.GetShortDescription(1, 'CurrentWeather'));",2017-12-09
23:00,-1°C,-1°C,210°2 Km/h,,55%,-9°C,1019.0mb,,"document.write(Icons.GetShortDescription(3, 'CurrentWeather'));  Scattered Clouds at 910m, Broken Clouds at 5500m",2017-12-09
