Time,Temperature,Relative Temperature,Wind,Wind Gust,Rel. humidity,Dew Point,Pressure,Icon,DescriptionDetails,date
00:00,13°C,13°C,170°7 Km/h,,77%,9°C,1012.0mb,,"document.write(Icons.GetShortDescription(1, 'CurrentWeather'));  Haze",2017-05-01
00:32,12°C,12°C,170°7 Km/h,,77%,8°C,1012.0mb,,"document.write(Icons.GetShortDescription(1, 'CurrentWeather'));  Haze",2017-05-01
01:00,12°C,12°C,270°2 Km/h,,82%,9°C,1012.0mb,,"document.write(Icons.GetShortDescription(1, 'CurrentWeather'));  Haze",2017-05-01
02:00,11°C,11°C,340°6 Km/h,,82%,8°C,1012.0mb,,"document.write(Icons.GetShortDescription(1, 'CurrentWeather'));  Haze",2017-05-01
03:00,11°C,11°C,320°4 Km/h,,88%,9°C,1013.0mb,,"document.write(Icons.GetShortDescription(1, 'CurrentWeather'));  Partial Fog",2017-05-01
04:00,11°C,11°C,330°6 Km/h,,88%,9°C,1014.0mb,,"document.write(Icons.GetShortDescription(2, 'CurrentWeather'));  Few Clouds at 460m Partial Fog",2017-05-01
05:00,10°C,10°C,320°6 Km/h,,88%,8°C,1014.0mb,,"document.write(Icons.GetShortDescription(2, 'CurrentWeather'));  Scattered Clouds at 460m Partial Fog",2017-05-01
06:00,10°C,10°C,330°4 Km/h,,88%,8°C,1015.0mb,,"document.write(Icons.GetShortDescription(2, 'CurrentWeather'));  Scattered Clouds at 300m Partial Fog",2017-05-01
07:00,12°C,12°C,330°2 Km/h,,88%,10°C,1016.0mb,,"document.write(Icons.GetShortDescription(2, 'CurrentWeather'));  Few Clouds at 300m Haze",2017-05-01
08:00,15°C,15°C,320°4 Km/h,,82%,12°C,1016.0mb,,"document.write(Icons.GetShortDescription(2, 'CurrentWeather'));  Few Clouds at 300m Haze",2017-05-01
09:00,16°C,16°C,330°9 Km/h,,68%,10°C,1017.0mb,,"document.write(Icons.GetShortDescription(1, 'CurrentWeather'));  Haze",2017-05-01
09:29,18°C,18°C,290°11 Km/h,,60%,10°C,1017.0mb,,"document.write(Icons.GetShortDescription(1, 'CurrentWeather'));  Haze",2017-05-01
10:00,20°C,20°C,170°9 Km/h,,49%,9°C,1017.0mb,,"document.write(Icons.GetShortDescription(1, 'CurrentWeather'));  Haze",2017-05-01
11:00,23°C,22°C,10°6 Km/h,,38%,8°C,1017.0mb,,"document.write(Icons.GetShortDescription(1, 'CurrentWeather'));",2017-05-01
12:00,23°C,22°C,90°9 Km/h,,33%,6°C,1016.0mb,,"document.write(Icons.GetShortDescription(1, 'CurrentWeather'));",2017-05-01
13:00,25°C,24°C,120°6 Km/h,,28%,5°C,1016.0mb,,"document.write(Icons.GetShortDescription(1, 'CurrentWeather'));",2017-05-01
14:00,27°C,26°C,220°6 Km/h,,23%,4°C,1015.0mb,,"document.write(Icons.GetShortDescription(1, 'CurrentWeather'));",2017-05-01
15:00,27°C,26°C,310°9 Km/h,,28%,7°C,1015.0mb,,"document.write(Icons.GetShortDescription(1, 'CurrentWeather'));",2017-05-01
16:00,25°C,24°C,280°19 Km/h,,34%,8°C,1015.0mb,,"document.write(Icons.GetShortDescription(1, 'CurrentWeather'));",2017-05-01
17:00,24°C,23°C,290°20 Km/h,,36%,8°C,1015.0mb,,"document.write(Icons.GetShortDescription(1, 'CurrentWeather'));",2017-05-01
18:00,23°C,23°C,290°11 Km/h,,44%,10°C,1015.0mb,,"document.write(Icons.GetShortDescription(1, 'CurrentWeather'));",2017-05-01
19:00,20°C,20°C,310°11 Km/h,,43%,7°C,1016.0mb,,"document.write(Icons.GetShortDescription(1, 'CurrentWeather'));",2017-05-01
20:00,17°C,17°C,320°9 Km/h,,59%,9°C,1017.0mb,,"document.write(Icons.GetShortDescription(1, 'CurrentWeather'));",2017-05-01
21:00,16°C,16°C,340°6 Km/h,,63%,9°C,1017.0mb,,"document.write(Icons.GetShortDescription(1, 'CurrentWeather'));",2017-05-01
22:00,15°C,15°C,330°4 Km/h,,68%,9°C,1018.0mb,,"document.write(Icons.GetShortDescription(1, 'CurrentWeather'));",2017-05-01
23:00,14°C,14°C,50°6 Km/h,,77%,10°C,1019.0mb,,"document.write(Icons.GetShortDescription(1, 'CurrentWeather'));",2017-05-01
