Time,Temperature,Relative Temperature,Wind,Wind Gust,Rel. humidity,Dew Point,Pressure,Icon,DescriptionDetails,date
00:00,26°C,27°C,250°4 Km/h,,74%,21°C,1000.0mb,,"document.write(Icons.GetShortDescription(1, 'CurrentWeather'));",2017-08-08
01:00,26°C,27°C,280°9 Km/h,,74%,21°C,1000.0mb,,"document.write(Icons.GetShortDescription(2, 'CurrentWeather'));  Few Clouds at 760m",2017-08-08
02:00,26°C,27°C,290°4 Km/h,,74%,21°C,1000.0mb,,"document.write(Icons.GetShortDescription(2, 'CurrentWeather'));  Scattered Clouds at 760m",2017-08-08
03:00,25°C,26°C,340°9 Km/h,,79%,21°C,999.0mb,,"document.write(Icons.GetShortDescription(2, 'CurrentWeather'));  Scattered Clouds at 760m",2017-08-08
04:00,24°C,25°C,320°7 Km/h,,83%,21°C,999.0mb,,"document.write(Icons.GetShortDescription(3, 'CurrentWeather'));  Scattered Clouds at 760m, Broken Clouds at 5500m",2017-08-08
05:00,24°C,25°C,340°4 Km/h,,83%,21°C,1000.0mb,,"document.write(Icons.GetShortDescription(3, 'CurrentWeather'));  Scattered Clouds at 760m, Broken Clouds at 5500m Haze",2017-08-08
06:00,25°C,26°C,10°4 Km/h,,83%,22°C,1000.0mb,,"document.write(Icons.GetShortDescription(3, 'CurrentWeather'));  Scattered Clouds at 760m, Broken Clouds at 5500m Haze",2017-08-08
07:00,26°C,28°C,300°4 Km/h,,84%,23°C,1000.0mb,,"document.write(Icons.GetShortDescription(3, 'CurrentWeather'));  Few Clouds at 760m, Broken Clouds at 5500m Haze",2017-08-08
08:00,28°C,32°C,70°2 Km/h,,79%,24°C,1000.0mb,,"document.write(Icons.GetShortDescription(3, 'CurrentWeather'));  Few Clouds at 910m, Broken Clouds at 5500m",2017-08-08
09:00,28°C,31°C,300°7 Km/h,,74%,23°C,1000.0mb,,"document.write(Icons.GetShortDescription(3, 'CurrentWeather'));  Few Clouds at 610m, Scattered Clouds at 910m, Broken Clouds at 4600m",2017-08-08
10:00,28°C,31°C,300°6 Km/h,,70%,22°C,1000.0mb,,"document.write(Icons.GetShortDescription(3, 'CurrentWeather'));  Few Clouds at 610m, Scattered Clouds at 910m, Broken Clouds at 4600m",2017-08-08
11:00,30°C,34°C,300°7 Km/h,,66%,23°C,1000.0mb,,"document.write(Icons.GetShortDescription(3, 'CurrentWeather'));  Few Clouds at 610m, Scattered Clouds at 910m, Broken Clouds at 4600m",2017-08-08
12:00,30°C,34°C,320°6 Km/h,,66%,23°C,999.0mb,,"document.write(Icons.GetShortDescription(3, 'CurrentWeather'));  Few Clouds at 610m, Broken Clouds at 910m, Broken Clouds at 6100m",2017-08-08
13:00,30°C,33°C,280°15 Km/h,,62%,22°C,999.0mb,,"document.write(Icons.GetShortDescription(3, 'CurrentWeather'));  Few Clouds at 610m, Broken Clouds at 910m, Broken Clouds at 4600m",2017-08-08
14:00,30°C,33°C,300°17 Km/h,,62%,22°C,999.0mb,,"document.write(Icons.GetShortDescription(3, 'CurrentWeather'));  Scattered Clouds at 910m, Broken Clouds at 4600m",2017-08-08
15:00,30°C,33°C,280°15 Km/h,,62%,22°C,999.0mb,,"document.write(Icons.GetShortDescription(3, 'CurrentWeather'));  Scattered Clouds at 910m, Broken Clouds at 4600m",2017-08-08
16:00,30°C,33°C,260°9 Km/h,,59%,21°C,999.0mb,,"document.write(Icons.GetShortDescription(3, 'CurrentWeather'));  Scattered Clouds at 910m, Broken Clouds at 4600m",2017-08-08
17:00,30°C,32°C,280°9 Km/h,,55%,20°C,999.0mb,,"document.write(Icons.GetShortDescription(3, 'CurrentWeather'));  Few Clouds at 910m, Scattered Clouds at 4600m, Broken Clouds at 6100m",2017-08-08
18:00,29°C,30°C,280°11 Km/h,,55%,19°C,999.0mb,,"document.write(Icons.GetShortDescription(3, 'CurrentWeather'));  Few Clouds at 910m, Broken Clouds at 4600m, Broken Clouds at 6100m",2017-08-08
19:00,28°C,30°C,320°11 Km/h,,66%,21°C,999.0mb,,"document.write(Icons.GetShortDescription(3, 'CurrentWeather'));  Few Clouds at 910m, Broken Clouds at 4600m",2017-08-08
20:00,27°C,29°C,310°9 Km/h,,70%,21°C,999.0mb,,"document.write(Icons.GetShortDescription(3, 'CurrentWeather'));  Few Clouds at 910m, Broken Clouds at 4600m",2017-08-08
21:00,27°C,29°C,300°7 Km/h,,70%,21°C,999.0mb,,"document.write(Icons.GetShortDescription(1, 'CurrentWeather'));",2017-08-08
22:00,26°C,27°C,340°6 Km/h,,74%,21°C,999.0mb,,"document.write(Icons.GetShortDescription(1, 'CurrentWeather'));  Haze",2017-08-08
23:00,26°C,27°C,350°6 Km/h,,74%,21°C,1000.0mb,,"document.write(Icons.GetShortDescription(1, 'CurrentWeather'));  Haze",2017-08-08
