Time,Temperature,Relative Temperature,Wind,Wind Gust,Rel. humidity,Dew Point,Pressure,Icon,DescriptionDetails,date
00:00,1°C,1°C,280°4 Km/h,,70%,-4°C,1022.0mb,,"document.write(Icons.GetShortDescription(2, 'CurrentWeather'));  Few Clouds at 760m",2017-02-26
01:00,0°C,0°C,340°4 Km/h,,80%,-3°C,1022.0mb,,"document.write(Icons.GetShortDescription(2, 'CurrentWeather'));  Few Clouds at 760m Haze",2017-02-26
01:50,-1°C,-1°C,320°4 Km/h,,80%,-4°C,1022.0mb,,"document.write(Icons.GetShortDescription(1, 'CurrentWeather'));  Haze",2017-02-26
02:00,-2°C,-2°C,340°4 Km/h,,80%,-5°C,1022.0mb,,"document.write(Icons.GetShortDescription(1, 'CurrentWeather'));  Haze",2017-02-26
03:00,-2°C,-4°C,310°6 Km/h,,80%,-5°C,1023.0mb,,"document.write(Icons.GetShortDescription(1, 'CurrentWeather'));  Partial Fog",2017-02-26
04:00,-3°C,-3°C,40°2 Km/h,,86%,-5°C,1023.0mb,,"document.write(Icons.GetShortDescription(1, 'CurrentWeather'));  Partial Fog",2017-02-26
05:00,-3°C,-6°C,360°7 Km/h,,80%,-6°C,1023.0mb,,"document.write(Icons.GetShortDescription(2, 'CurrentWeather'));  Few Clouds at 300m Haze",2017-02-26
05:39,-5°C,-5°C,Calm,,86%,-7°C,1024.0mb,,"document.write(Icons.GetShortDescription(2, 'CurrentWeather'));  Few Clouds at 150m Haze",2017-02-26
06:00,-4°C,-4°C,350°4 Km/h,,80%,-7°C,1024.0mb,,"document.write(Icons.GetShortDescription(2, 'CurrentWeather'));  Few Clouds at 150m Partial Fog",2017-02-26
07:00,-4°C,-4°C,90°2 Km/h,,80%,-7°C,1024.0mb,,"document.write(Icons.GetShortDescription(2, 'CurrentWeather'));  Few Clouds at 90m Partial Fog",2017-02-26
08:00,-4°C,-6°C,350°6 Km/h,,86%,-6°C,1025.0mb,,"document.write(Icons.GetShortDescription(1, 'CurrentWeather'));  Haze",2017-02-26
09:00,0°C,0°C,310°4 Km/h,,80%,-3°C,1025.0mb,,"document.write(Icons.GetShortDescription(1, 'CurrentWeather'));  Haze",2017-02-26
10:00,3°C,0°C,10°9 Km/h,,60%,-4°C,1025.0mb,,"document.write(Icons.GetShortDescription(1, 'CurrentWeather'));  Haze",2017-02-26
11:00,5°C,5°C,70°4 Km/h,,45%,-6°C,1026.0mb,,"document.write(Icons.GetShortDescription(1, 'CurrentWeather'));",2017-02-26
12:00,6°C,4°C,10°9 Km/h,,39%,-7°C,1025.0mb,,"document.write(Icons.GetShortDescription(1, 'CurrentWeather'));",2017-02-26
13:00,7°C,5°C,360°11 Km/h,,31%,-9°C,1024.0mb,,"document.write(Icons.GetShortDescription(1, 'CurrentWeather'));",2017-02-26
14:00,9°C,6°C,10°20 Km/h,,20%,-13°C,1024.0mb,,"document.write(Icons.GetShortDescription(1, 'CurrentWeather'));",2017-02-26
15:00,9°C,6°C,330°19 Km/h,,23%,-11°C,1024.0mb,,"document.write(Icons.GetShortDescription(1, 'CurrentWeather'));",2017-02-26
16:00,8°C,5°C,330°15 Km/h,,25%,-11°C,1024.0mb,,"document.write(Icons.GetShortDescription(1, 'CurrentWeather'));",2017-02-26
17:00,8°C,5°C,320°20 Km/h,,25%,-11°C,1024.0mb,,"document.write(Icons.GetShortDescription(1, 'CurrentWeather'));",2017-02-26
18:00,5°C,1°C,280°19 Km/h,,42%,-7°C,1025.0mb,,"document.write(Icons.GetShortDescription(1, 'CurrentWeather'));",2017-02-26
19:00,4°C,0°C,290°17 Km/h,,42%,-8°C,1025.0mb,,"document.write(Icons.GetShortDescription(1, 'CurrentWeather'));",2017-02-26
20:00,2°C,-2°C,310°13 Km/h,,52%,-7°C,1026.0mb,,"document.write(Icons.GetShortDescription(1, 'CurrentWeather'));",2017-02-26
21:00,1°C,-2°C,310°11 Km/h,,51%,-8°C,1026.0mb,,"document.write(Icons.GetShortDescription(1, 'CurrentWeather'));",2017-02-26
22:00,0°C,-2°C,360°6 Km/h,,51%,-9°C,1027.0mb,,"document.write(Icons.GetShortDescription(1, 'CurrentWeather'));",2017-02-26
23:00,-1°C,-4°C,310°7 Km/h,,55%,-9°C,1027.0mb,,"document.write(Icons.GetShortDescription(1, 'CurrentWeather'));",2017-02-26
