Time,Temperature,Relative Temperature,Wind,Wind Gust,Rel. humidity,Dew Point,Pressure,Icon,DescriptionDetails,date
00:00,3°C,3°C,340°2 Km/h,,87%,1°C,1022.0mb,,"document.write(Icons.GetShortDescription(3, 'CurrentWeather'));  Scattered Clouds at 910m, Broken Clouds at 5500m Haze",2017-12-04
01:00,3°C,0°C,320°9 Km/h,,87%,1°C,1022.0mb,,"document.write(Icons.GetShortDescription(3, 'CurrentWeather'));  Few Clouds at 460m, Scattered Clouds at 910m, Broken Clouds at 5500m Haze",2017-12-04
02:00,3°C,0°C,330°13 Km/h,,81%,0°C,1022.0mb,,"document.write(Icons.GetShortDescription(3, 'CurrentWeather'));  Few Clouds at 460m, Scattered Clouds at 910m, Broken Clouds at 3700m Haze",2017-12-04
03:00,2°C,-1°C,350°9 Km/h,,81%,-1°C,1022.0mb,,"document.write(Icons.GetShortDescription(3, 'CurrentWeather'));  Broken Clouds at 910m, Broken Clouds at 3700m Haze",2017-12-04
03:29,2°C,-1°C,340°11 Km/h,,75%,-2°C,1022.0mb,,"document.write(Icons.GetShortDescription(7, 'CurrentWeather'));  Broken Clouds at 910m, Broken Clouds at 3700m Light Rain, Haze",2017-12-04
04:00,2°C,-2°C,310°13 Km/h,,70%,-3°C,1022.0mb,,"document.write(Icons.GetShortDescription(3, 'CurrentWeather'));  Broken Clouds at 910m, Broken Clouds at 3700m Haze",2017-12-04
05:00,1°C,-2°C,320°11 Km/h,,65%,-5°C,1022.0mb,,"document.write(Icons.GetShortDescription(3, 'CurrentWeather'));  Scattered Clouds at 910m, Broken Clouds at 3700m",2017-12-04
06:00,0°C,-4°C,330°15 Km/h,,64%,-6°C,1022.0mb,,"document.write(Icons.GetShortDescription(2, 'CurrentWeather'));  Few Clouds at 910m",2017-12-04
07:00,-2°C,-5°C,330°9 Km/h,,69%,-7°C,1023.0mb,,"document.write(Icons.GetShortDescription(2, 'CurrentWeather'));  Few Clouds at 910m",2017-12-04
08:00,-2°C,-7°C,310°15 Km/h,,59%,-9°C,1023.0mb,,"document.write(Icons.GetShortDescription(2, 'CurrentWeather'));  Few Clouds at 910m",2017-12-04
09:00,-1°C,-6°C,320°19 Km/h,,47%,-11°C,1024.0mb,,"document.write(Icons.GetShortDescription(1, 'CurrentWeather'));",2017-12-04
10:00,-1°C,-7°C,330°20 Km/h,,43%,-12°C,1024.0mb,,"document.write(Icons.GetShortDescription(1, 'CurrentWeather'));",2017-12-04
11:00,0°C,-6°C,320°22 Km/h,,40%,-12°C,1024.0mb,,"document.write(Icons.GetShortDescription(1, 'CurrentWeather'));",2017-12-04
12:00,0°C,-5°C,310°20 Km/h,,37%,-13°C,1024.0mb,,"document.write(Icons.GetShortDescription(1, 'CurrentWeather'));",2017-12-04
13:00,0°C,-6°C,310°26 Km/h,,29%,-16°C,1024.0mb,,"document.write(Icons.GetShortDescription(1, 'CurrentWeather'));",2017-12-04
14:00,1°C,-4°C,330°22 Km/h,,27%,-16°C,1023.0mb,,"document.write(Icons.GetShortDescription(1, 'CurrentWeather'));",2017-12-04
15:00,1°C,-5°C,330°24 Km/h,,27%,-16°C,1023.0mb,,"document.write(Icons.GetShortDescription(1, 'CurrentWeather'));",2017-12-04
16:00,0°C,-6°C,310°24 Km/h,,27%,-17°C,1023.0mb,,"document.write(Icons.GetShortDescription(1, 'CurrentWeather'));",2017-12-04
17:00,-1°C,-7°C,340°20 Km/h,,31%,-16°C,1023.0mb,,"document.write(Icons.GetShortDescription(1, 'CurrentWeather'));",2017-12-04
18:00,-3°C,-8°C,330°15 Km/h,,36%,-16°C,1023.0mb,,"document.write(Icons.GetShortDescription(1, 'CurrentWeather'));",2017-12-04
19:00,-4°C,-9°C,340°15 Km/h,,39%,-16°C,1024.0mb,,"document.write(Icons.GetShortDescription(1, 'CurrentWeather'));",2017-12-04
20:00,-4°C,-10°C,350°17 Km/h,,39%,-16°C,1024.0mb,,"document.write(Icons.GetShortDescription(1, 'CurrentWeather'));",2017-12-04
21:00,-5°C,-11°C,350°19 Km/h,,42%,-16°C,1024.0mb,,"document.write(Icons.GetShortDescription(1, 'CurrentWeather'));",2017-12-04
22:00,-6°C,-12°C,350°15 Km/h,,45%,-16°C,1024.0mb,,"document.write(Icons.GetShortDescription(1, 'CurrentWeather'));",2017-12-04
23:00,-6°C,-13°C,350°20 Km/h,,45%,-16°C,1025.0mb,,"document.write(Icons.GetShortDescription(1, 'CurrentWeather'));",2017-12-04
