Time,Temperature,Relative Temperature,Wind,Wind Gust,Rel. humidity,Dew Point,Pressure,Icon,DescriptionDetails,date
00:00,17°C,17°C,330°6 Km/h,,68%,11°C,1014.0mb,,"document.write(Icons.GetShortDescription(1, 'CurrentWeather'));",2017-09-21
01:00,15°C,15°C,320°7 Km/h,,77%,11°C,1014.0mb,,"document.write(Icons.GetShortDescription(1, 'CurrentWeather'));",2017-09-21
02:00,14°C,14°C,330°6 Km/h,,82%,11°C,1014.0mb,,"document.write(Icons.GetShortDescription(1, 'CurrentWeather'));",2017-09-21
03:00,15°C,15°C,310°2 Km/h,,77%,11°C,1014.0mb,,"document.write(Icons.GetShortDescription(1, 'CurrentWeather'));",2017-09-21
04:00,14°C,14°C,350°4 Km/h,,82%,11°C,1014.0mb,,"document.write(Icons.GetShortDescription(1, 'CurrentWeather'));",2017-09-21
05:00,14°C,14°C,350°4 Km/h,,82%,11°C,1014.0mb,,"document.write(Icons.GetShortDescription(1, 'CurrentWeather'));",2017-09-21
06:00,13°C,13°C,320°6 Km/h,,82%,10°C,1014.0mb,,"document.write(Icons.GetShortDescription(1, 'CurrentWeather'));",2017-09-21
07:00,14°C,14°C,310°4 Km/h,,82%,11°C,1015.0mb,,"document.write(Icons.GetShortDescription(1, 'CurrentWeather'));",2017-09-21
08:00,18°C,18°C,240°2 Km/h,,83%,15°C,1015.0mb,,"document.write(Icons.GetShortDescription(1, 'CurrentWeather'));",2017-09-21
09:00,20°C,20°C,180°9 Km/h,,73%,15°C,1015.0mb,,"document.write(Icons.GetShortDescription(1, 'CurrentWeather'));",2017-09-21
10:00,22°C,22°C,50°4 Km/h,,65%,15°C,1016.0mb,,"document.write(Icons.GetShortDescription(1, 'CurrentWeather'));",2017-09-21
11:00,23°C,23°C,240°6 Km/h,,53%,13°C,1015.0mb,,"document.write(Icons.GetShortDescription(2, 'CurrentWeather'));  Scattered Clouds at 1200m",2017-09-21
12:00,23°C,23°C,330°6 Km/h,,50%,12°C,1015.0mb,,"document.write(Icons.GetShortDescription(2, 'CurrentWeather'));  Few Clouds at 1200m",2017-09-21
13:00,24°C,24°C,360°7 Km/h,,41%,10°C,1014.0mb,,"document.write(Icons.GetShortDescription(2, 'CurrentWeather'));  Few Clouds at 1200m",2017-09-21
14:00,25°C,25°C,270°4 Km/h,,39%,10°C,1013.0mb,,"document.write(Icons.GetShortDescription(2, 'CurrentWeather'));  Few Clouds at 1200m",2017-09-21
15:00,25°C,25°C,30°7 Km/h,,36%,9°C,1013.0mb,,"document.write(Icons.GetShortDescription(2, 'CurrentWeather'));  Few Clouds at 1200m",2017-09-21
16:00,25°C,25°C,330°11 Km/h,,36%,9°C,1013.0mb,,"document.write(Icons.GetShortDescription(2, 'CurrentWeather'));  Few Clouds at 1200m",2017-09-21
17:00,24°C,24°C,290°13 Km/h,,44%,11°C,1013.0mb,,"document.write(Icons.GetShortDescription(1, 'CurrentWeather'));",2017-09-21
18:00,22°C,22°C,270°9 Km/h,,53%,12°C,1013.0mb,,"document.write(Icons.GetShortDescription(1, 'CurrentWeather'));",2017-09-21
19:00,21°C,21°C,250°6 Km/h,,57%,12°C,1013.0mb,,"document.write(Icons.GetShortDescription(1, 'CurrentWeather'));",2017-09-21
20:00,19°C,19°C,270°2 Km/h,,60%,11°C,1013.0mb,,"document.write(Icons.GetShortDescription(1, 'CurrentWeather'));",2017-09-21
21:00,19°C,19°C,40°2 Km/h,,68%,13°C,1014.0mb,,"document.write(Icons.GetShortDescription(1, 'CurrentWeather'));",2017-09-21
22:00,18°C,18°C,360°4 Km/h,,68%,12°C,1014.0mb,,"document.write(Icons.GetShortDescription(1, 'CurrentWeather'));",2017-09-21
23:00,17°C,17°C,360°2 Km/h,,73%,12°C,1013.0mb,,"document.write(Icons.GetShortDescription(1, 'CurrentWeather'));",2017-09-21
