Time,Temperature,Relative Temperature,Wind,Wind Gust,Rel. humidity,Dew Point,Pressure,Icon,DescriptionDetails,date
00:00,-1°C,-3°C,170°6 Km/h,,80%,-4°C,1021.0mb,,"document.write(Icons.GetShortDescription(26, 'CurrentWeather'));  Few Clouds at 300m, Broken Clouds at 910m, Cloudy at 2400m Light Snowfall, Haze",2017-11-24
01:00,-1°C,-1°C,40°4 Km/h,,80%,-4°C,1021.0mb,,"document.write(Icons.GetShortDescription(26, 'CurrentWeather'));  Few Clouds at 300m, Broken Clouds at 910m, Cloudy at 2400m Light Snowfall, Haze",2017-11-24
02:00,-1°C,-6°C,30°15 Km/h,,80%,-4°C,1022.0mb,,"document.write(Icons.GetShortDescription(26, 'CurrentWeather'));  Few Clouds at 300m, Broken Clouds at 910m, Cloudy at 3000m Light Snowfall",2017-11-24
03:00,-2°C,-2°C,240°2 Km/h,,80%,-5°C,1022.0mb,,"document.write(Icons.GetShortDescription(3, 'CurrentWeather'));  Broken Clouds at 910m",2017-11-24
04:00,-4°C,-4°C,250°2 Km/h,,80%,-7°C,1022.0mb,,"document.write(Icons.GetShortDescription(2, 'CurrentWeather'));  Scattered Clouds at 910m",2017-11-24
05:00,-6°C,-6°C,Calm,,80%,-9°C,1022.0mb,,"document.write(Icons.GetShortDescription(2, 'CurrentWeather'));  Scattered Clouds at 910m",2017-11-24
06:00,-6°C,-6°C,210°2 Km/h,,86%,-8°C,1022.0mb,,"document.write(Icons.GetShortDescription(3, 'CurrentWeather'));  Broken Clouds at 910m",2017-11-24
07:00,-3°C,-3°C,20°4 Km/h,,86%,-5°C,1022.0mb,,"document.write(Icons.GetShortDescription(3, 'CurrentWeather'));  Broken Clouds at 910m",2017-11-24
08:00,-2°C,-2°C,310°4 Km/h,,86%,-4°C,1023.0mb,,"document.write(Icons.GetShortDescription(2, 'CurrentWeather'));  Scattered Clouds at 910m",2017-11-24
09:00,-1°C,-4°C,330°7 Km/h,,80%,-4°C,1023.0mb,,"document.write(Icons.GetShortDescription(3, 'CurrentWeather'));  Scattered Clouds at 910m, Broken Clouds at 4600m",2017-11-24
10:00,0°C,-3°C,350°9 Km/h,,80%,-3°C,1024.0mb,,"document.write(Icons.GetShortDescription(2, 'CurrentWeather'));  Few Clouds at 910m, Scattered Clouds at 6100m",2017-11-24
11:00,0°C,-4°C,330°15 Km/h,,80%,-3°C,1025.0mb,,"document.write(Icons.GetShortDescription(3, 'CurrentWeather'));  Scattered Clouds at 910m, Broken Clouds at 2100m",2017-11-24
12:00,2°C,-3°C,330°19 Km/h,,65%,-4°C,1024.0mb,,"document.write(Icons.GetShortDescription(2, 'CurrentWeather'));  Scattered Clouds at 910m",2017-11-24
13:00,2°C,-3°C,330°20 Km/h,,44%,-9°C,1024.0mb,,"document.write(Icons.GetShortDescription(2, 'CurrentWeather'));  Few Clouds at 910m",2017-11-24
14:00,3°C,-2°C,320°20 Km/h,,35%,-11°C,1024.0mb,,"document.write(Icons.GetShortDescription(1, 'CurrentWeather'));",2017-11-24
15:00,2°C,-3°C,340°19 Km/h,,38%,-11°C,1025.0mb,,"document.write(Icons.GetShortDescription(2, 'CurrentWeather'));  Scattered Clouds at 910m",2017-11-24
16:00,2°C,-2°C,310°13 Km/h,,38%,-11°C,1025.0mb,,"document.write(Icons.GetShortDescription(2, 'CurrentWeather'));  Few Clouds at 910m",2017-11-24
17:00,0°C,-4°C,340°13 Km/h,,40%,-12°C,1026.0mb,,"document.write(Icons.GetShortDescription(2, 'CurrentWeather'));  Few Clouds at 910m",2017-11-24
18:00,0°C,-2°C,300°6 Km/h,,44%,-11°C,1026.0mb,,"document.write(Icons.GetShortDescription(2, 'CurrentWeather'));  Few Clouds at 910m",2017-11-24
19:00,-2°C,-4°C,360°6 Km/h,,51%,-11°C,1027.0mb,,"document.write(Icons.GetShortDescription(2, 'CurrentWeather'));  Few Clouds at 910m",2017-11-24
20:00,-3°C,-3°C,60°2 Km/h,,54%,-11°C,1028.0mb,,"document.write(Icons.GetShortDescription(1, 'CurrentWeather'));",2017-11-24
21:00,-3°C,-3°C,Calm,,54%,-11°C,1028.0mb,,"document.write(Icons.GetShortDescription(1, 'CurrentWeather'));",2017-11-24
22:00,-4°C,-4°C,190°2 Km/h,,59%,-11°C,1028.0mb,,"document.write(Icons.GetShortDescription(1, 'CurrentWeather'));",2017-11-24
23:00,-4°C,-6°C,330°6 Km/h,,69%,-9°C,1028.0mb,,"document.write(Icons.GetShortDescription(1, 'CurrentWeather'));",2017-11-24
