Time,Temperature,Relative Temperature,Wind,Wind Gust,Rel. humidity,Dew Point,Pressure,Icon,DescriptionDetails,date
00:00,17°C,17°C,Calm,,83%,14°C,1016.0mb,,"document.write(Icons.GetShortDescription(2, 'CurrentWeather'));  Few Clouds at 460m Haze",2017-09-24
01:00,17°C,17°C,30°2 Km/h,,83%,14°C,1016.0mb,,"document.write(Icons.GetShortDescription(2, 'CurrentWeather'));  Few Clouds at 460m Haze",2017-09-24
02:00,17°C,17°C,160°4 Km/h,,83%,14°C,1016.0mb,,"document.write(Icons.GetShortDescription(2, 'CurrentWeather'));  Few Clouds at 490m Haze",2017-09-24
03:00,18°C,18°C,360°4 Km/h,,88%,16°C,1015.0mb,,"document.write(Icons.GetShortDescription(2, 'CurrentWeather'));  Few Clouds at 490m Haze",2017-09-24
04:00,18°C,18°C,340°6 Km/h,,88%,16°C,1015.0mb,,"document.write(Icons.GetShortDescription(2, 'CurrentWeather'));  Few Clouds at 490m Haze",2017-09-24
05:00,18°C,18°C,320°6 Km/h,,88%,16°C,1015.0mb,,"document.write(Icons.GetShortDescription(2, 'CurrentWeather'));  Few Clouds at 490m Haze",2017-09-24
06:00,18°C,18°C,360°4 Km/h,,83%,15°C,1015.0mb,,"document.write(Icons.GetShortDescription(2, 'CurrentWeather'));  Few Clouds at 490m, Scattered Clouds at 1200m Haze",2017-09-24
06:17,18°C,18°C,340°6 Km/h,,88%,16°C,1015.0mb,,"document.write(Icons.GetShortDescription(2, 'CurrentWeather'));  Few Clouds at 490m, Scattered Clouds at 1200m Haze",2017-09-24
07:00,18°C,18°C,340°4 Km/h,,88%,16°C,1016.0mb,,"document.write(Icons.GetShortDescription(2, 'CurrentWeather'));  Few Clouds at 490m, Scattered Clouds at 1200m Haze",2017-09-24
08:00,19°C,19°C,330°6 Km/h,,83%,16°C,1016.0mb,,"document.write(Icons.GetShortDescription(2, 'CurrentWeather'));  Few Clouds at 400m, Scattered Clouds at 1200m Haze",2017-09-24
09:00,22°C,22°C,340°2 Km/h,,78%,18°C,1016.0mb,,"document.write(Icons.GetShortDescription(2, 'CurrentWeather'));  Few Clouds at 460m, Scattered Clouds at 910m Haze",2017-09-24
10:00,24°C,24°C,160°6 Km/h,,74%,19°C,1016.0mb,,"document.write(Icons.GetShortDescription(2, 'CurrentWeather'));  Few Clouds at 460m, Scattered Clouds at 910m Haze",2017-09-24
11:00,25°C,25°C,150°7 Km/h,,69%,19°C,1016.0mb,,"document.write(Icons.GetShortDescription(2, 'CurrentWeather'));  Few Clouds at 460m, Scattered Clouds at 760m Haze",2017-09-24
12:00,27°C,28°C,130°4 Km/h,,62%,19°C,1015.0mb,,"document.write(Icons.GetShortDescription(2, 'CurrentWeather'));  Few Clouds at 460m, Scattered Clouds at 760m",2017-09-24
13:00,27°C,28°C,240°9 Km/h,,58%,18°C,1014.0mb,,"document.write(Icons.GetShortDescription(2, 'CurrentWeather'));  Scattered Clouds at 760m",2017-09-24
14:00,28°C,29°C,260°9 Km/h,,55%,18°C,1013.0mb,,"document.write(Icons.GetShortDescription(2, 'CurrentWeather'));  Scattered Clouds at 760m",2017-09-24
15:00,27°C,28°C,250°11 Km/h,,58%,18°C,1013.0mb,,"document.write(Icons.GetShortDescription(2, 'CurrentWeather'));  Scattered Clouds at 760m",2017-09-24
16:00,26°C,27°C,250°13 Km/h,,61%,18°C,1014.0mb,,"document.write(Icons.GetShortDescription(2, 'CurrentWeather'));  Scattered Clouds at 760m",2017-09-24
17:00,25°C,25°C,290°13 Km/h,,65%,18°C,1014.0mb,,"document.write(Icons.GetShortDescription(2, 'CurrentWeather'));  Scattered Clouds at 760m",2017-09-24
18:00,24°C,24°C,310°11 Km/h,,69%,18°C,1014.0mb,,"document.write(Icons.GetShortDescription(2, 'CurrentWeather'));  Few Clouds at 760m Haze",2017-09-24
19:00,23°C,23°C,290°13 Km/h,,78%,19°C,1016.0mb,,"document.write(Icons.GetShortDescription(2, 'CurrentWeather'));  Few Clouds at 460m Haze",2017-09-24
20:00,22°C,22°C,320°11 Km/h,,78%,18°C,1016.0mb,,"document.write(Icons.GetShortDescription(2, 'CurrentWeather'));  Few Clouds at 300m, Scattered Clouds at 610m Haze",2017-09-24
21:00,20°C,20°C,10°19 Km/h,,69%,14°C,1017.0mb,,"document.write(Icons.GetShortDescription(3, 'CurrentWeather'));  Few Clouds at 300m, Scattered Clouds at 610m, Broken Clouds at 4600m",2017-09-24
22:00,19°C,19°C,280°6 Km/h,,68%,13°C,1016.0mb,,"document.write(Icons.GetShortDescription(2, 'CurrentWeather'));  Few Clouds at 300m, Scattered Clouds at 610m",2017-09-24
23:00,18°C,18°C,230°11 Km/h,,73%,13°C,1015.0mb,,"document.write(Icons.GetShortDescription(1, 'CurrentWeather'));",2017-09-24
