Time,Temperature,Relative Temperature,Wind,Wind Gust,Rel. humidity,Dew Point,Pressure,Icon,DescriptionDetails,date
00:00,-8°C,-12°C,320°7 Km/h,,58%,-15°C,1034.0mb,,"document.write(Icons.GetShortDescription(1, 'CurrentWeather'));",2017-12-20
01:00,-9°C,-9°C,320°4 Km/h,,57%,-16°C,1034.0mb,,"document.write(Icons.GetShortDescription(1, 'CurrentWeather'));",2017-12-20
02:00,-11°C,-11°C,220°2 Km/h,,67%,-16°C,1034.0mb,,"document.write(Icons.GetShortDescription(1, 'CurrentWeather'));",2017-12-20
03:00,-10°C,-10°C,20°2 Km/h,,62%,-16°C,1034.0mb,,"document.write(Icons.GetShortDescription(1, 'CurrentWeather'));",2017-12-20
04:00,-12°C,-12°C,160°2 Km/h,,67%,-17°C,1033.0mb,,"document.write(Icons.GetShortDescription(1, 'CurrentWeather'));",2017-12-20
05:00,-10°C,-10°C,360°4 Km/h,,62%,-16°C,1032.0mb,,"document.write(Icons.GetShortDescription(1, 'CurrentWeather'));",2017-12-20
06:00,-9°C,-12°C,130°6 Km/h,,67%,-14°C,1032.0mb,,"document.write(Icons.GetShortDescription(1, 'CurrentWeather'));",2017-12-20
07:00,-9°C,-12°C,210°6 Km/h,,67%,-14°C,1032.0mb,,"document.write(Icons.GetShortDescription(1, 'CurrentWeather'));",2017-12-20
08:00,-9°C,-13°C,180°7 Km/h,,62%,-15°C,1032.0mb,,"document.write(Icons.GetShortDescription(2, 'CurrentWeather'));  Scattered Clouds at 1200m",2017-12-20
09:00,-6°C,-6°C,170°4 Km/h,,58%,-13°C,1032.0mb,,"document.write(Icons.GetShortDescription(3, 'CurrentWeather'));  Broken Clouds at 910m",2017-12-20
10:00,-4°C,-8°C,120°11 Km/h,,54%,-12°C,1032.0mb,,"document.write(Icons.GetShortDescription(3, 'CurrentWeather'));  Broken Clouds at 760m",2017-12-20
11:00,-2°C,-6°C,120°13 Km/h,,51%,-11°C,1032.0mb,,"document.write(Icons.GetShortDescription(2, 'CurrentWeather'));  Few Clouds at 760m",2017-12-20
12:00,-1°C,-6°C,110°15 Km/h,,43%,-12°C,1030.0mb,,"document.write(Icons.GetShortDescription(3, 'CurrentWeather'));  Broken Clouds at 760m",2017-12-20
13:00,0°C,-5°C,140°17 Km/h,,40%,-12°C,1030.0mb,,"document.write(Icons.GetShortDescription(26, 'CurrentWeather'));  Broken Clouds at 760m Light Snowfall",2017-12-20
14:00,2°C,-3°C,180°20 Km/h,,44%,-9°C,1029.0mb,,"document.write(Icons.GetShortDescription(3, 'CurrentWeather'));  Broken Clouds at 760m",2017-12-20
15:00,2°C,-2°C,180°15 Km/h,,48%,-8°C,1029.0mb,,"document.write(Icons.GetShortDescription(4, 'CurrentWeather'));  Broken Clouds at 760m, Cloudy at 3700m",2017-12-20
16:08,0°C,-4°C,150°15 Km/h,,64%,-6°C,1028.0mb,,"document.write(Icons.GetShortDescription(26, 'CurrentWeather'));  Few Clouds at 300m, Broken Clouds at 610m, Cloudy at 2400m Light Snowfall, Haze",2017-12-20
16:16,0°C,-4°C,150°15 Km/h,,69%,-5°C,1029.0mb,,"document.write(Icons.GetShortDescription(26, 'CurrentWeather'));  Scattered Clouds at 300m, Broken Clouds at 610m, Cloudy at 2400m Light Snowfall, Haze",2017-12-20
16:23,0°C,-4°C,150°11 Km/h,,69%,-5°C,1029.0mb,,"document.write(Icons.GetShortDescription(26, 'CurrentWeather'));  Scattered Clouds at 300m, Broken Clouds at 610m, Cloudy at 2400m Snowfall, Haze",2017-12-20
16:36,0°C,-4°C,120°11 Km/h,,75%,-4°C,1028.0mb,,"document.write(Icons.GetShortDescription(26, 'CurrentWeather'));  Few Clouds at 300m, Broken Clouds at 610m, Cloudy at 2400m Light Snowfall",2017-12-20
16:51,-1°C,-5°C,70°13 Km/h,,75%,-5°C,1028.0mb,,"document.write(Icons.GetShortDescription(26, 'CurrentWeather'));  Few Clouds at 300m, Broken Clouds at 610m, Cloudy at 2400m Light Snowfall, Haze",2017-12-20
17:00,-1°C,-6°C,70°15 Km/h,,75%,-5°C,1029.0mb,,"document.write(Icons.GetShortDescription(26, 'CurrentWeather'));  Few Clouds at 300m, Broken Clouds at 610m, Cloudy at 2400m Light Snowfall",2017-12-20
18:00,-1°C,-7°C,350°20 Km/h,,75%,-5°C,1029.0mb,,"document.write(Icons.GetShortDescription(26, 'CurrentWeather'));  Few Clouds at 300m, Broken Clouds at 610m, Cloudy at 2400m Light Snowfall, Haze",2017-12-20
19:00,0°C,-3°C,70°9 Km/h,,75%,-4°C,1029.0mb,,"document.write(Icons.GetShortDescription(26, 'CurrentWeather'));  Few Clouds at 300m, Broken Clouds at 610m, Cloudy at 2400m Light Snowfall, Haze",2017-12-20
19:11,-1°C,-4°C,120°7 Km/h,,80%,-4°C,1029.0mb,,"document.write(Icons.GetShortDescription(26, 'CurrentWeather'));  Scattered Clouds at 300m, Broken Clouds at 610m, Cloudy at 2400m Light Snowfall, Haze",2017-12-20
19:36,-1°C,-3°C,60°6 Km/h,,80%,-4°C,1029.0mb,,"document.write(Icons.GetShortDescription(4, 'CurrentWeather'));  Broken Clouds at 760m, Cloudy at 3000m",2017-12-20
20:00,-1°C,-3°C,70°6 Km/h,,75%,-5°C,1029.0mb,,"document.write(Icons.GetShortDescription(2, 'CurrentWeather'));  Scattered Clouds at 760m",2017-12-20
21:00,-3°C,-3°C,30°4 Km/h,,80%,-6°C,1029.0mb,,"document.write(Icons.GetShortDescription(2, 'CurrentWeather'));  Scattered Clouds at 760m",2017-12-20
21:50,-2°C,-5°C,330°9 Km/h,,80%,-5°C,1030.0mb,,"document.write(Icons.GetShortDescription(2, 'CurrentWeather'));  Few Clouds at 460m, Scattered Clouds at 760m Haze",2017-12-20
22:00,-2°C,-5°C,330°7 Km/h,,74%,-6°C,1030.0mb,,"document.write(Icons.GetShortDescription(2, 'CurrentWeather'));  Few Clouds at 460m, Scattered Clouds at 760m Haze",2017-12-20
23:00,-3°C,-8°C,330°13 Km/h,,80%,-6°C,1030.0mb,,"document.write(Icons.GetShortDescription(2, 'CurrentWeather'));  Few Clouds at 180m, Scattered Clouds at 760m Haze",2017-12-20
