Time,Temperature,Relative Temperature,Wind,Wind Gust,Rel. humidity,Dew Point,Pressure,Icon,DescriptionDetails,date
00:00,25°C,26°C,350°6 Km/h,,79%,21°C,999.0mb,,"document.write(Icons.GetShortDescription(1, 'CurrentWeather'));  Haze",2017-08-09
01:00,25°C,26°C,330°7 Km/h,,79%,21°C,999.0mb,,"document.write(Icons.GetShortDescription(1, 'CurrentWeather'));  Haze",2017-08-09
02:00,26°C,27°C,40°6 Km/h,,74%,21°C,998.0mb,,"document.write(Icons.GetShortDescription(4, 'CurrentWeather'));  Scattered Clouds at 910m, Cloudy at 3700m",2017-08-09
03:00,25°C,26°C,360°7 Km/h,,79%,21°C,998.0mb,,"document.write(Icons.GetShortDescription(4, 'CurrentWeather'));  Scattered Clouds at 910m, Cloudy at 3700m",2017-08-09
04:00,25°C,26°C,20°2 Km/h,,79%,21°C,998.0mb,,"document.write(Icons.GetShortDescription(4, 'CurrentWeather'));  Scattered Clouds at 910m, Cloudy at 3700m",2017-08-09
05:00,25°C,26°C,360°2 Km/h,,79%,21°C,997.0mb,,"document.write(Icons.GetShortDescription(4, 'CurrentWeather'));  Scattered Clouds at 910m, Cloudy at 3700m Haze",2017-08-09
06:00,24°C,25°C,340°6 Km/h,,83%,21°C,997.0mb,,"document.write(Icons.GetShortDescription(3, 'CurrentWeather'));  Scattered Clouds at 910m, Broken Clouds at 3700m Haze",2017-08-09
07:00,25°C,26°C,310°2 Km/h,,83%,22°C,997.0mb,,"document.write(Icons.GetShortDescription(2, 'CurrentWeather'));  Few Clouds at 910m, Scattered Clouds at 3700m",2017-08-09
08:00,27°C,29°C,60°4 Km/h,,74%,22°C,998.0mb,,"document.write(Icons.GetShortDescription(3, 'CurrentWeather'));  Scattered Clouds at 1100m, Broken Clouds at 3700m",2017-08-09
09:00,28°C,31°C,140°7 Km/h,,70%,22°C,998.0mb,,"document.write(Icons.GetShortDescription(3, 'CurrentWeather'));  Scattered Clouds at 1100m, Broken Clouds at 3700m",2017-08-09
10:00,28°C,31°C,30°9 Km/h,,70%,22°C,998.0mb,,"document.write(Icons.GetShortDescription(3, 'CurrentWeather'));  Scattered Clouds at 1100m, Broken Clouds at 3700m",2017-08-09
11:00,29°C,31°C,80°7 Km/h,,62%,21°C,997.0mb,,"document.write(Icons.GetShortDescription(3, 'CurrentWeather'));  Few Clouds at 910m, Broken Clouds at 3700m",2017-08-09
12:00,30°C,32°C,130°9 Km/h,,55%,20°C,997.0mb,,"document.write(Icons.GetShortDescription(3, 'CurrentWeather'));  Few Clouds at 910m, Broken Clouds at 3700m",2017-08-09
13:00,30°C,31°C,80°11 Km/h,,52%,19°C,997.0mb,,"document.write(Icons.GetShortDescription(3, 'CurrentWeather'));  Few Clouds at 910m, Broken Clouds at 3700m",2017-08-09
14:00,31°C,32°C,110°11 Km/h,,46%,18°C,997.0mb,,"document.write(Icons.GetShortDescription(1, 'CurrentWeather'));",2017-08-09
15:00,32°C,33°C,90°9 Km/h,,46%,19°C,997.0mb,,"document.write(Icons.GetShortDescription(3, 'CurrentWeather'));  Few Clouds at 1400m, Scattered Clouds at 4600m, Broken Clouds at 6100m",2017-08-09
16:00,31°C,32°C,100°13 Km/h,,46%,18°C,996.0mb,,"document.write(Icons.GetShortDescription(1, 'CurrentWeather'));",2017-08-09
17:00,31°C,32°C,90°13 Km/h,,46%,18°C,996.0mb,,"document.write(Icons.GetShortDescription(1, 'CurrentWeather'));",2017-08-09
18:00,30°C,31°C,150°15 Km/h,,49%,18°C,996.0mb,,"document.write(Icons.GetShortDescription(1, 'CurrentWeather'));",2017-08-09
19:00,30°C,31°C,110°13 Km/h,,52%,19°C,997.0mb,,"document.write(Icons.GetShortDescription(1, 'CurrentWeather'));",2017-08-09
20:00,29°C,30°C,100°13 Km/h,,55%,19°C,997.0mb,,"document.write(Icons.GetShortDescription(4, 'CurrentWeather'));  Scattered Clouds at 1400m, Cloudy at 2400m",2017-08-09
21:00,28°C,29°C,90°11 Km/h,,58%,19°C,998.0mb,,"document.write(Icons.GetShortDescription(4, 'CurrentWeather'));  Scattered Clouds at 1400m, Cloudy at 3000m",2017-08-09
22:00,28°C,29°C,90°9 Km/h,,58%,19°C,999.0mb,,"document.write(Icons.GetShortDescription(3, 'CurrentWeather'));  Scattered Clouds at 1200m, Broken Clouds at 3400m",2017-08-09
23:00,28°C,30°C,100°13 Km/h,,62%,20°C,999.0mb,,"document.write(Icons.GetShortDescription(4, 'CurrentWeather'));  Scattered Clouds at 1100m, Cloudy at 3400m",2017-08-09
