Time,Temperature,Relative Temperature,Wind,Wind Gust,Rel. humidity,Dew Point,Pressure,Icon,DescriptionDetails,date
00:00,16°C,16°C,310°9 Km/h,,68%,10°C,1018.0mb,,"document.write(Icons.GetShortDescription(4, 'CurrentWeather'));  Few Clouds at 300m, Broken Clouds at 760m, Cloudy at 3700m",2017-11-08
01:00,15°C,15°C,280°11 Km/h,,82%,12°C,1018.0mb,,"document.write(Icons.GetShortDescription(7, 'CurrentWeather'));  Few Clouds at 150m, Broken Clouds at 610m, Cloudy at 3000m Light Rain, Haze",2017-11-08
02:00,15°C,15°C,290°9 Km/h,,82%,12°C,1018.0mb,,"document.write(Icons.GetShortDescription(7, 'CurrentWeather'));  Few Clouds at 240m, Broken Clouds at 610m, Cloudy at 3000m Light Rain, Haze",2017-11-08
03:00,15°C,15°C,310°7 Km/h,,82%,12°C,1018.0mb,,"document.write(Icons.GetShortDescription(3, 'CurrentWeather'));  Few Clouds at 240m, Broken Clouds at 610m Haze",2017-11-08
04:00,14°C,14°C,260°4 Km/h,,82%,11°C,1017.0mb,,"document.write(Icons.GetShortDescription(3, 'CurrentWeather'));  Few Clouds at 300m, Broken Clouds at 760m Haze",2017-11-08
05:00,13°C,13°C,260°6 Km/h,,82%,10°C,1017.0mb,,"document.write(Icons.GetShortDescription(3, 'CurrentWeather'));  Few Clouds at 300m, Broken Clouds at 760m Haze",2017-11-08
06:00,13°C,13°C,280°6 Km/h,,88%,11°C,1018.0mb,,"document.write(Icons.GetShortDescription(3, 'CurrentWeather'));  Few Clouds at 300m, Broken Clouds at 760m Haze",2017-11-08
07:00,13°C,13°C,280°6 Km/h,,82%,10°C,1018.0mb,,"document.write(Icons.GetShortDescription(3, 'CurrentWeather'));  Few Clouds at 300m, Broken Clouds at 760m Haze",2017-11-08
08:00,12°C,12°C,310°2 Km/h,,82%,9°C,1019.0mb,,"document.write(Icons.GetShortDescription(2, 'CurrentWeather'));  Few Clouds at 300m, Scattered Clouds at 760m Haze",2017-11-08
09:00,14°C,14°C,290°7 Km/h,,82%,11°C,1019.0mb,,"document.write(Icons.GetShortDescription(2, 'CurrentWeather'));  Few Clouds at 300m, Scattered Clouds at 760m Haze",2017-11-08
10:00,15°C,15°C,280°13 Km/h,,72%,10°C,1020.0mb,,"document.write(Icons.GetShortDescription(2, 'CurrentWeather'));  Few Clouds at 300m Haze",2017-11-08
11:00,16°C,16°C,280°17 Km/h,,59%,8°C,1020.0mb,,"document.write(Icons.GetShortDescription(2, 'CurrentWeather'));  Few Clouds at 300m Haze",2017-11-08
11:29,17°C,17°C,290°20 Km/h,,49%,6°C,1020.0mb,,"document.write(Icons.GetShortDescription(2, 'CurrentWeather'));  Few Clouds at 610m Haze",2017-11-08
12:00,18°C,18°C,310°22 Km/h,,37%,3°C,1020.0mb,,"document.write(Icons.GetShortDescription(2, 'CurrentWeather'));  Few Clouds at 610m",2017-11-08
13:00,18°C,18°C,320°24 Km/h,,28%,-1°C,1019.0mb,,"document.write(Icons.GetShortDescription(1, 'CurrentWeather'));",2017-11-08
14:00,17°C,17°C,310°22 Km/h,,27%,-2°C,1019.0mb,,"document.write(Icons.GetShortDescription(1, 'CurrentWeather'));",2017-11-08
15:00,17°C,17°C,300°19 Km/h,,30%,-1°C,1019.0mb,,"document.write(Icons.GetShortDescription(1, 'CurrentWeather'));",2017-11-08
16:00,15°C,15°C,340°24 Km/h,,27%,-4°C,1020.0mb,,"document.write(Icons.GetShortDescription(1, 'CurrentWeather'));",2017-11-08
17:00,13°C,13°C,320°20 Km/h,,28%,-5°C,1020.0mb,,"document.write(Icons.GetShortDescription(1, 'CurrentWeather'));",2017-11-08
18:00,12°C,12°C,290°13 Km/h,,28%,-6°C,1021.0mb,,"document.write(Icons.GetShortDescription(1, 'CurrentWeather'));",2017-11-08
19:00,10°C,7°C,330°26 Km/h,,35%,-5°C,1022.0mb,,"document.write(Icons.GetShortDescription(1, 'CurrentWeather'));",2017-11-08
20:00,8°C,5°C,340°20 Km/h,,43%,-4°C,1023.0mb,,"document.write(Icons.GetShortDescription(1, 'CurrentWeather'));",2017-11-08
21:00,8°C,5°C,320°15 Km/h,,43%,-4°C,1023.0mb,,"document.write(Icons.GetShortDescription(1, 'CurrentWeather'));",2017-11-08
22:00,6°C,4°C,340°9 Km/h,,49%,-4°C,1024.0mb,,"document.write(Icons.GetShortDescription(1, 'CurrentWeather'));",2017-11-08
23:00,5°C,2°C,350°11 Km/h,,53%,-4°C,1024.0mb,,"document.write(Icons.GetShortDescription(1, 'CurrentWeather'));",2017-11-08
