Time,Temperature,Relative Temperature,Wind,Wind Gust,Rel. humidity,Dew Point,Pressure,Icon,DescriptionDetails,date
00:00,0°C,0°C,220°4 Km/h,,69%,-5°C,1023.0mb,,"document.write(Icons.GetShortDescription(1, 'CurrentWeather'));",2017-03-16
01:00,1°C,1°C,330°2 Km/h,,65%,-5°C,1023.0mb,,"document.write(Icons.GetShortDescription(1, 'CurrentWeather'));",2017-03-16
02:00,-1°C,-1°C,330°4 Km/h,,69%,-6°C,1022.0mb,,"document.write(Icons.GetShortDescription(1, 'CurrentWeather'));",2017-03-16
03:00,-2°C,-2°C,310°4 Km/h,,69%,-7°C,1022.0mb,,"document.write(Icons.GetShortDescription(1, 'CurrentWeather'));",2017-03-16
04:00,-1°C,-1°C,350°4 Km/h,,75%,-5°C,1022.0mb,,"document.write(Icons.GetShortDescription(1, 'CurrentWeather'));",2017-03-16
05:00,-2°C,-4°C,330°6 Km/h,,69%,-7°C,1022.0mb,,"document.write(Icons.GetShortDescription(1, 'CurrentWeather'));",2017-03-16
06:00,-3°C,-3°C,310°2 Km/h,,74%,-7°C,1022.0mb,,"document.write(Icons.GetShortDescription(1, 'CurrentWeather'));",2017-03-16
07:00,-3°C,-5°C,320°6 Km/h,,74%,-7°C,1023.0mb,,"document.write(Icons.GetShortDescription(1, 'CurrentWeather'));",2017-03-16
08:00,1°C,-1°C,50°6 Km/h,,75%,-3°C,1023.0mb,,"document.write(Icons.GetShortDescription(1, 'CurrentWeather'));",2017-03-16
09:00,5°C,5°C,220°2 Km/h,,49%,-5°C,1024.0mb,,"document.write(Icons.GetShortDescription(1, 'CurrentWeather'));",2017-03-16
10:00,7°C,7°C,210°4 Km/h,,39%,-6°C,1023.0mb,,"document.write(Icons.GetShortDescription(1, 'CurrentWeather'));",2017-03-16
11:00,10°C,10°C,160°4 Km/h,,28%,-8°C,1023.0mb,,"document.write(Icons.GetShortDescription(1, 'CurrentWeather'));",2017-03-16
12:00,10°C,10°C,170°6 Km/h,,28%,-8°C,1022.0mb,,"document.write(Icons.GetShortDescription(1, 'CurrentWeather'));",2017-03-16
13:00,11°C,11°C,310°11 Km/h,,22%,-10°C,1021.0mb,,"document.write(Icons.GetShortDescription(1, 'CurrentWeather'));",2017-03-16
14:00,11°C,11°C,290°9 Km/h,,22%,-10°C,1020.0mb,,"document.write(Icons.GetShortDescription(1, 'CurrentWeather'));",2017-03-16
15:00,12°C,12°C,230°7 Km/h,,26%,-7°C,1020.0mb,,"document.write(Icons.GetShortDescription(1, 'CurrentWeather'));",2017-03-16
16:00,12°C,12°C,280°17 Km/h,,24%,-8°C,1020.0mb,,"document.write(Icons.GetShortDescription(1, 'CurrentWeather'));",2017-03-16
17:00,10°C,8°C,270°19 Km/h,,25%,-9°C,1020.0mb,,"document.write(Icons.GetShortDescription(1, 'CurrentWeather'));",2017-03-16
18:00,8°C,5°C,270°15 Km/h,,34%,-7°C,1020.0mb,,"document.write(Icons.GetShortDescription(1, 'CurrentWeather'));",2017-03-16
19:00,6°C,4°C,290°9 Km/h,,36%,-8°C,1021.0mb,,"document.write(Icons.GetShortDescription(1, 'CurrentWeather'));",2017-03-16
20:00,5°C,5°C,10°2 Km/h,,36%,-9°C,1021.0mb,,"document.write(Icons.GetShortDescription(1, 'CurrentWeather'));",2017-03-16
21:00,3°C,3°C,260°4 Km/h,,41%,-9°C,1022.0mb,,"document.write(Icons.GetShortDescription(1, 'CurrentWeather'));",2017-03-16
22:00,3°C,2°C,310°6 Km/h,,52%,-6°C,1022.0mb,,"document.write(Icons.GetShortDescription(1, 'CurrentWeather'));",2017-03-16
23:00,3°C,3°C,Calm,,65%,-3°C,1022.0mb,,"document.write(Icons.GetShortDescription(1, 'CurrentWeather'));",2017-03-16
