Time,Temperature,Relative Temperature,Wind,Wind Gust,Rel. humidity,Dew Point,Pressure,Icon,DescriptionDetails,date
00:00,3°C,3°C,20°4 Km/h,,48%,-7°C,1021.0mb,,"document.write(Icons.GetShortDescription(1, 'CurrentWeather'));",2017-03-24
01:00,2°C,-1°C,330°11 Km/h,,52%,-7°C,1022.0mb,,"document.write(Icons.GetShortDescription(1, 'CurrentWeather'));",2017-03-24
02:00,2°C,-1°C,330°9 Km/h,,56%,-6°C,1022.0mb,,"document.write(Icons.GetShortDescription(1, 'CurrentWeather'));",2017-03-24
03:00,3°C,2°C,360°6 Km/h,,52%,-6°C,1022.0mb,,"document.write(Icons.GetShortDescription(1, 'CurrentWeather'));",2017-03-24
04:00,1°C,-1°C,10°7 Km/h,,60%,-6°C,1022.0mb,,"document.write(Icons.GetShortDescription(1, 'CurrentWeather'));",2017-03-24
05:00,-1°C,-1°C,280°4 Km/h,,64%,-7°C,1022.0mb,,"document.write(Icons.GetShortDescription(1, 'CurrentWeather'));",2017-03-24
06:00,1°C,-2°C,320°9 Km/h,,60%,-6°C,1023.0mb,,"document.write(Icons.GetShortDescription(1, 'CurrentWeather'));",2017-03-24
07:00,2°C,0°C,320°7 Km/h,,56%,-6°C,1023.0mb,,"document.write(Icons.GetShortDescription(1, 'CurrentWeather'));",2017-03-24
08:00,4°C,3°C,10°6 Km/h,,56%,-4°C,1023.0mb,,"document.write(Icons.GetShortDescription(1, 'CurrentWeather'));",2017-03-24
09:00,7°C,6°C,320°7 Km/h,,46%,-4°C,1023.0mb,,"document.write(Icons.GetShortDescription(1, 'CurrentWeather'));",2017-03-24
10:00,9°C,8°C,40°6 Km/h,,43%,-3°C,1023.0mb,,"document.write(Icons.GetShortDescription(1, 'CurrentWeather'));",2017-03-24
11:00,10°C,10°C,40°4 Km/h,,37%,-4°C,1022.0mb,,"document.write(Icons.GetShortDescription(1, 'CurrentWeather'));",2017-03-24
12:00,12°C,12°C,260°4 Km/h,,35%,-3°C,1022.0mb,,"document.write(Icons.GetShortDescription(1, 'CurrentWeather'));",2017-03-24
13:00,12°C,12°C,220°4 Km/h,,33%,-4°C,1021.0mb,,"document.write(Icons.GetShortDescription(4, 'CurrentWeather'));  Few Clouds at 910m, Cloudy at 6100m",2017-03-24
14:00,13°C,13°C,350°7 Km/h,,33%,-3°C,1020.0mb,,"document.write(Icons.GetShortDescription(4, 'CurrentWeather'));  Few Clouds at 910m, Cloudy at 6100m",2017-03-24
15:00,13°C,13°C,290°15 Km/h,,36%,-2°C,1019.0mb,,"document.write(Icons.GetShortDescription(3, 'CurrentWeather'));  Few Clouds at 910m, Broken Clouds at 6100m",2017-03-24
16:00,13°C,13°C,290°15 Km/h,,33%,-3°C,1018.0mb,,"document.write(Icons.GetShortDescription(3, 'CurrentWeather'));  Few Clouds at 910m, Broken Clouds at 6100m",2017-03-24
17:00,12°C,12°C,270°15 Km/h,,30%,-5°C,1019.0mb,,"document.write(Icons.GetShortDescription(1, 'CurrentWeather'));",2017-03-24
18:00,10°C,8°C,290°19 Km/h,,40%,-3°C,1019.0mb,,"document.write(Icons.GetShortDescription(1, 'CurrentWeather'));",2017-03-24
19:00,9°C,8°C,260°6 Km/h,,43%,-3°C,1019.0mb,,"document.write(Icons.GetShortDescription(1, 'CurrentWeather'));",2017-03-24
20:00,8°C,8°C,270°4 Km/h,,46%,-3°C,1020.0mb,,"document.write(Icons.GetShortDescription(1, 'CurrentWeather'));",2017-03-24
21:00,6°C,4°C,320°9 Km/h,,53%,-3°C,1020.0mb,,"document.write(Icons.GetShortDescription(1, 'CurrentWeather'));",2017-03-24
22:00,6°C,5°C,350°6 Km/h,,57%,-2°C,1020.0mb,,"document.write(Icons.GetShortDescription(1, 'CurrentWeather'));",2017-03-24
23:00,5°C,5°C,300°4 Km/h,,61%,-2°C,1020.0mb,,"document.write(Icons.GetShortDescription(1, 'CurrentWeather'));",2017-03-24
