Time,Temperature,Relative Temperature,Wind,Wind Gust,Rel. humidity,Dew Point,Pressure,Icon,DescriptionDetails,date
00:00,10°C,9°C,330°9 Km/h,,47%,-1°C,1016.0mb,,"document.write(Icons.GetShortDescription(1, 'CurrentWeather'));",2017-04-27
01:00,9°C,7°C,330°11 Km/h,,50%,-1°C,1016.0mb,,"document.write(Icons.GetShortDescription(1, 'CurrentWeather'));",2017-04-27
02:00,9°C,8°C,330°7 Km/h,,50%,-1°C,1015.0mb,,"document.write(Icons.GetShortDescription(1, 'CurrentWeather'));",2017-04-27
03:00,10°C,10°C,50°4 Km/h,,47%,-1°C,1015.0mb,,"document.write(Icons.GetShortDescription(1, 'CurrentWeather'));",2017-04-27
04:00,8°C,8°C,270°2 Km/h,,53%,-1°C,1014.0mb,,"document.write(Icons.GetShortDescription(1, 'CurrentWeather'));",2017-04-27
05:00,7°C,6°C,320°6 Km/h,,61%,0°C,1014.0mb,,"document.write(Icons.GetShortDescription(1, 'CurrentWeather'));",2017-04-27
06:00,5°C,5°C,200°4 Km/h,,70%,0°C,1014.0mb,,"document.write(Icons.GetShortDescription(1, 'CurrentWeather'));",2017-04-27
07:00,9°C,9°C,40°4 Km/h,,62%,2°C,1014.0mb,,"document.write(Icons.GetShortDescription(1, 'CurrentWeather'));",2017-04-27
08:00,12°C,12°C,300°4 Km/h,,44%,0°C,1014.0mb,,"document.write(Icons.GetShortDescription(1, 'CurrentWeather'));",2017-04-27
09:00,14°C,14°C,320°9 Km/h,,36%,-1°C,1014.0mb,,"document.write(Icons.GetShortDescription(1, 'CurrentWeather'));",2017-04-27
10:00,17°C,17°C,310°11 Km/h,,30%,-1°C,1013.0mb,,"document.write(Icons.GetShortDescription(1, 'CurrentWeather'));",2017-04-27
11:00,18°C,18°C,320°22 Km/h,,22%,-4°C,1013.0mb,,"document.write(Icons.GetShortDescription(2, 'CurrentWeather'));  Few Clouds at 910m",2017-04-27
12:00,19°C,19°C,270°20 Km/h,,21%,-4°C,1012.0mb,,"document.write(Icons.GetShortDescription(2, 'CurrentWeather'));  Few Clouds at 910m",2017-04-27
13:00,19°C,19°C,280°26 Km/h,,21%,-4°C,1012.0mb,,"document.write(Icons.GetShortDescription(2, 'CurrentWeather'));  Few Clouds at 910m",2017-04-27
14:00,20°C,20°C,270°22 Km/h,,23%,-2°C,1011.0mb,,"document.write(Icons.GetShortDescription(2, 'CurrentWeather'));  Few Clouds at 910m",2017-04-27
15:00,19°C,19°C,280°30 Km/h,,22%,-3°C,1010.0mb,,"document.write(Icons.GetShortDescription(2, 'CurrentWeather'));  Few Clouds at 910m",2017-04-27
16:00,18°C,18°C,260°26 Km/h,,24%,-3°C,1010.0mb,,"document.write(Icons.GetShortDescription(2, 'CurrentWeather'));  Few Clouds at 910m",2017-04-27
17:00,17°C,17°C,280°28 Km/h,,25%,-3°C,1009.0mb,,"document.write(Icons.GetShortDescription(2, 'CurrentWeather'));  Few Clouds at 910m, Scattered Clouds at 6100m",2017-04-27
18:00,15°C,15°C,240°20 Km/h,,36%,0°C,1009.0mb,,"document.write(Icons.GetShortDescription(2, 'CurrentWeather'));  Few Clouds at 910m",2017-04-27
19:00,13°C,13°C,240°24 Km/h,,47%,2°C,1009.0mb,,"document.write(Icons.GetShortDescription(1, 'CurrentWeather'));",2017-04-27
20:00,12°C,12°C,250°13 Km/h,,54%,3°C,1009.0mb,,"document.write(Icons.GetShortDescription(1, 'CurrentWeather'));",2017-04-27
21:00,12°C,12°C,250°9 Km/h,,58%,4°C,1010.0mb,,"document.write(Icons.GetShortDescription(1, 'CurrentWeather'));",2017-04-27
22:00,11°C,11°C,210°9 Km/h,,67%,5°C,1010.0mb,,"document.write(Icons.GetShortDescription(1, 'CurrentWeather'));",2017-04-27
23:00,10°C,9°C,170°9 Km/h,,67%,4°C,1010.0mb,,"document.write(Icons.GetShortDescription(1, 'CurrentWeather'));",2017-04-27
