Time,Temperature,Relative Temperature,Wind,Wind Gust,Rel. humidity,Dew Point,Pressure,Icon,DescriptionDetails,date
00:00,26°C,27°C,110°11 Km/h,,74%,21°C,1011.0mb,,"document.write(Icons.GetShortDescription(7, 'CurrentWeather'));  Broken Clouds at 910m, Cloudy at 2400m Light Rain",2017-08-20
01:00,23°C,23°C,150°6 Km/h,,78%,19°C,1011.0mb,,"document.write(Icons.GetShortDescription(7, 'CurrentWeather'));  Broken Clouds at 910m, Cloudy at 2400m Rain",2017-08-20
02:00,23°C,24°C,120°11 Km/h,,83%,20°C,1011.0mb,,"document.write(Icons.GetShortDescription(7, 'CurrentWeather'));  Few Clouds at 300m, Broken Clouds at 910m, Cloudy at 2400m Rain",2017-08-20
03:00,23°C,24°C,70°13 Km/h,,83%,20°C,1010.0mb,,"document.write(Icons.GetShortDescription(7, 'CurrentWeather'));  Few Clouds at 300m, Broken Clouds at 910m, Cloudy at 2400m Rain",2017-08-20
04:00,23°C,24°C,40°9 Km/h,,83%,20°C,1010.0mb,,"document.write(Icons.GetShortDescription(7, 'CurrentWeather'));  Few Clouds at 300m, Broken Clouds at 910m, Cloudy at 2400m Rain, Haze",2017-08-20
05:00,23°C,24°C,70°11 Km/h,,83%,20°C,1009.0mb,,"document.write(Icons.GetShortDescription(7, 'CurrentWeather'));  Few Clouds at 300m, Broken Clouds at 910m, Cloudy at 2400m Rain",2017-08-20
06:00,23°C,24°C,120°15 Km/h,,83%,20°C,1010.0mb,,"document.write(Icons.GetShortDescription(7, 'CurrentWeather'));  Few Clouds at 300m, Broken Clouds at 910m, Cloudy at 2400m Rain",2017-08-20
06:09,23°C,24°C,130°13 Km/h,,83%,20°C,1010.0mb,,"document.write(Icons.GetShortDescription(7, 'CurrentWeather'));  Few Clouds at 300m, Broken Clouds at 610m, Cloudy at 2400m Heavy Rain, Haze",2017-08-20
07:00,23°C,24°C,110°20 Km/h,,83%,20°C,1009.0mb,,"document.write(Icons.GetShortDescription(7, 'CurrentWeather'));  Few Clouds at 300m, Broken Clouds at 610m, Cloudy at 2400m Heavy Rain, Haze",2017-08-20
08:00,23°C,24°C,120°19 Km/h,,83%,20°C,1010.0mb,,"document.write(Icons.GetShortDescription(7, 'CurrentWeather'));  Few Clouds at 300m, Broken Clouds at 910m, Cloudy at 2400m Rain, Haze",2017-08-20
09:00,23°C,24°C,120°20 Km/h,,89%,21°C,1010.0mb,,"document.write(Icons.GetShortDescription(7, 'CurrentWeather'));  Few Clouds at 300m, Broken Clouds at 910m, Cloudy at 2400m Rain, Haze",2017-08-20
10:00,23°C,24°C,120°20 Km/h,,89%,21°C,1010.0mb,,"document.write(Icons.GetShortDescription(7, 'CurrentWeather'));  Few Clouds at 300m, Broken Clouds at 910m, Cloudy at 2400m Rain",2017-08-20
11:00,23°C,24°C,120°20 Km/h,,89%,21°C,1010.0mb,,"document.write(Icons.GetShortDescription(7, 'CurrentWeather'));  Few Clouds at 300m, Broken Clouds at 910m, Cloudy at 2400m Light Rain",2017-08-20
11:30,23°C,24°C,120°20 Km/h,,89%,21°C,1009.0mb,,"document.write(Icons.GetShortDescription(7, 'CurrentWeather'));  Few Clouds at 300m, Broken Clouds at 910m, Cloudy at 2400m Light Rain, Haze",2017-08-20
12:00,24°C,25°C,120°20 Km/h,,83%,21°C,1009.0mb,,"document.write(Icons.GetShortDescription(7, 'CurrentWeather'));  Few Clouds at 300m, Broken Clouds at 910m, Cloudy at 2400m Light Rain",2017-08-20
13:00,25°C,26°C,120°22 Km/h,,83%,22°C,1008.0mb,,"document.write(Icons.GetShortDescription(4, 'CurrentWeather'));  Few Clouds at 300m, Broken Clouds at 910m, Cloudy at 2400m",2017-08-20
13:56,25°C,26°C,120°20 Km/h,,83%,22°C,1008.0mb,,"document.write(Icons.GetShortDescription(7, 'CurrentWeather'));  Few Clouds at 300m, Broken Clouds at 910m, Cloudy at 2400m Light Drizzle",2017-08-20
14:00,25°C,26°C,120°20 Km/h,,79%,21°C,1008.0mb,,"document.write(Icons.GetShortDescription(7, 'CurrentWeather'));  Few Clouds at 300m, Broken Clouds at 910m, Cloudy at 2400m Light Drizzle",2017-08-20
15:00,25°C,26°C,110°15 Km/h,,83%,22°C,1007.0mb,,"document.write(Icons.GetShortDescription(4, 'CurrentWeather'));  Broken Clouds at 910m, Cloudy at 3000m",2017-08-20
16:00,25°C,26°C,120°13 Km/h,,79%,21°C,1007.0mb,,"document.write(Icons.GetShortDescription(7, 'CurrentWeather'));  Broken Clouds at 910m, Cloudy at 3000m Light Rain",2017-08-20
17:00,25°C,26°C,110°19 Km/h,,79%,21°C,1006.0mb,,"document.write(Icons.GetShortDescription(7, 'CurrentWeather'));  Broken Clouds at 910m, Cloudy at 3000m Light Rain",2017-08-20
18:00,25°C,26°C,120°22 Km/h,,79%,21°C,1006.0mb,,"document.write(Icons.GetShortDescription(7, 'CurrentWeather'));  Few Clouds at 300m, Broken Clouds at 910m, Cloudy at 2400m Light Rain",2017-08-20
19:00,25°C,26°C,120°20 Km/h,,79%,21°C,1005.0mb,,"document.write(Icons.GetShortDescription(7, 'CurrentWeather'));  Few Clouds at 300m, Broken Clouds at 910m, Cloudy at 2400m Light Rain",2017-08-20
19:53,24°C,25°C,130°24 Km/h,,83%,21°C,1005.0mb,,"document.write(Icons.GetShortDescription(7, 'CurrentWeather'));  Few Clouds at 300m, Broken Clouds at 910m, Cloudy at 2400m Heavy Rain, Haze",2017-08-20
20:00,24°C,25°C,130°22 Km/h,,83%,21°C,1006.0mb,,"document.write(Icons.GetShortDescription(7, 'CurrentWeather'));  Few Clouds at 300m, Broken Clouds at 910m, Cloudy at 2400m Heavy Rain, Haze",2017-08-20
21:00,24°C,25°C,170°13 Km/h,,83%,21°C,1006.0mb,,"document.write(Icons.GetShortDescription(7, 'CurrentWeather'));  Scattered Clouds at 300m, Broken Clouds at 760m, Cloudy at 2400m Light Rain, Haze",2017-08-20
21:07,24°C,25°C,170°13 Km/h,,83%,21°C,1006.0mb,,"document.write(Icons.GetShortDescription(7, 'CurrentWeather'));  Scattered Clouds at 300m, Broken Clouds at 760m, Cloudy at 2400m Rain, Haze",2017-08-20
21:26,24°C,25°C,140°19 Km/h,,83%,21°C,1006.0mb,,"document.write(Icons.GetShortDescription(7, 'CurrentWeather'));  Few Clouds at 300m, Broken Clouds at 760m, Cloudy at 2400m Heavy Rain, Haze",2017-08-20
21:32,24°C,25°C,140°20 Km/h,,83%,21°C,1006.0mb,,"document.write(Icons.GetShortDescription(7, 'CurrentWeather'));  Few Clouds at 300m, Broken Clouds at 760m, Cloudy at 2400m Light Rain, Haze",2017-08-20
22:00,24°C,25°C,160°13 Km/h,,89%,22°C,1007.0mb,,"document.write(Icons.GetShortDescription(7, 'CurrentWeather'));  Few Clouds at 300m, Broken Clouds at 760m, Cloudy at 2400m Light Rain",2017-08-20
23:00,24°C,25°C,150°13 Km/h,,89%,22°C,1006.0mb,,"document.write(Icons.GetShortDescription(4, 'CurrentWeather'));  Few Clouds at 300m, Broken Clouds at 760m, Cloudy at 2400m",2017-08-20
