Time,Temperature,Relative Temperature,Wind,Wind Gust,Rel. humidity,Dew Point,Pressure,Icon,DescriptionDetails,date
00:00,26°C,27°C,170°6 Km/h,,70%,20°C,1007.0mb,,"document.write(Icons.GetShortDescription(1, 'CurrentWeather'));",2017-07-30
01:00,26°C,27°C,120°15 Km/h,,70%,20°C,1007.0mb,,"document.write(Icons.GetShortDescription(1, 'CurrentWeather'));",2017-07-30
02:00,26°C,27°C,140°13 Km/h,,70%,20°C,1007.0mb,,"document.write(Icons.GetShortDescription(3, 'CurrentWeather'));  Broken Clouds at 760m",2017-07-30
03:00,26°C,27°C,170°13 Km/h,,70%,20°C,1006.0mb,,"document.write(Icons.GetShortDescription(3, 'CurrentWeather'));  Broken Clouds at 760m, Broken Clouds at 3700m",2017-07-30
04:00,25°C,25°C,180°9 Km/h,,74%,20°C,1006.0mb,,"document.write(Icons.GetShortDescription(3, 'CurrentWeather'));  Broken Clouds at 760m, Broken Clouds at 3700m",2017-07-30
05:00,25°C,25°C,160°7 Km/h,,74%,20°C,1006.0mb,,"document.write(Icons.GetShortDescription(3, 'CurrentWeather'));  Broken Clouds at 760m, Broken Clouds at 3700m",2017-07-30
06:00,25°C,25°C,190°7 Km/h,,74%,20°C,1007.0mb,,"document.write(Icons.GetShortDescription(4, 'CurrentWeather'));  Broken Clouds at 760m, Cloudy at 3700m",2017-07-30
07:00,25°C,25°C,180°13 Km/h,,74%,20°C,1007.0mb,,"document.write(Icons.GetShortDescription(3, 'CurrentWeather'));  Few Clouds at 460m, Broken Clouds at 760m, Broken Clouds at 3700m",2017-07-30
08:00,26°C,27°C,180°9 Km/h,,74%,21°C,1007.0mb,,"document.write(Icons.GetShortDescription(3, 'CurrentWeather'));  Few Clouds at 460m, Scattered Clouds at 760m, Broken Clouds at 3700m",2017-07-30
09:00,27°C,29°C,210°9 Km/h,,74%,22°C,1007.0mb,,"document.write(Icons.GetShortDescription(3, 'CurrentWeather'));  Few Clouds at 460m, Broken Clouds at 4000m",2017-07-30
10:00,28°C,31°C,200°11 Km/h,,70%,22°C,1008.0mb,,"document.write(Icons.GetShortDescription(3, 'CurrentWeather'));  Broken Clouds at 610m, Broken Clouds at 4300m",2017-07-30
11:00,29°C,32°C,270°7 Km/h,,66%,22°C,1007.0mb,,"document.write(Icons.GetShortDescription(3, 'CurrentWeather'));  Broken Clouds at 610m, Broken Clouds at 4000m",2017-07-30
12:00,30°C,34°C,330°9 Km/h,,66%,23°C,1007.0mb,,"document.write(Icons.GetShortDescription(3, 'CurrentWeather'));  Scattered Clouds at 610m, Broken Clouds at 4000m",2017-07-30
13:00,29°C,31°C,320°13 Km/h,,62%,21°C,1007.0mb,,"document.write(Icons.GetShortDescription(2, 'CurrentWeather'));  Scattered Clouds at 760m",2017-07-30
14:00,31°C,34°C,310°9 Km/h,,55%,21°C,1007.0mb,,"document.write(Icons.GetShortDescription(3, 'CurrentWeather'));  Scattered Clouds at 760m, Broken Clouds at 4600m",2017-07-30
15:00,31°C,34°C,310°7 Km/h,,55%,21°C,1006.0mb,,"document.write(Icons.GetShortDescription(2, 'CurrentWeather'));  Scattered Clouds at 760m",2017-07-30
16:00,31°C,33°C,300°11 Km/h,,52%,20°C,1006.0mb,,"document.write(Icons.GetShortDescription(2, 'CurrentWeather'));  Few Clouds at 1100m, Scattered Clouds at 4600m",2017-07-30
17:00,30°C,32°C,300°15 Km/h,,55%,20°C,1006.0mb,,"document.write(Icons.GetShortDescription(3, 'CurrentWeather'));  Few Clouds at 1400m, Broken Clouds at 4600m",2017-07-30
18:00,29°C,31°C,310°15 Km/h,,62%,21°C,1006.0mb,,"document.write(Icons.GetShortDescription(3, 'CurrentWeather'));  Few Clouds at 1400m, Broken Clouds at 2400m",2017-07-30
19:00,28°C,30°C,300°9 Km/h,,62%,20°C,1007.0mb,,"document.write(Icons.GetShortDescription(3, 'CurrentWeather'));  Scattered Clouds at 1400m, Broken Clouds at 3700m",2017-07-30
20:00,27°C,29°C,320°6 Km/h,,66%,20°C,1007.0mb,,"document.write(Icons.GetShortDescription(3, 'CurrentWeather'));  Few Clouds at 1200m, Broken Clouds at 4600m",2017-07-30
21:00,26°C,27°C,330°7 Km/h,,70%,20°C,1007.0mb,,"document.write(Icons.GetShortDescription(3, 'CurrentWeather'));  Few Clouds at 1200m, Broken Clouds at 4600m",2017-07-30
22:00,26°C,27°C,300°7 Km/h,,74%,21°C,1008.0mb,,"document.write(Icons.GetShortDescription(3, 'CurrentWeather'));  Few Clouds at 1200m, Broken Clouds at 4600m",2017-07-30
23:00,26°C,27°C,300°7 Km/h,,74%,21°C,1008.0mb,,"document.write(Icons.GetShortDescription(1, 'CurrentWeather'));",2017-07-30
