Time,Temperature,Relative Temperature,Wind,Wind Gust,Rel. humidity,Dew Point,Pressure,Icon,DescriptionDetails,date
00:00,17°C,17°C,310°7 Km/h,,83%,14°C,1008.0mb,,"document.write(Icons.GetShortDescription(3, 'CurrentWeather'));  Few Clouds at 910m, Broken Clouds at 4600m",2017-09-07
01:00,18°C,18°C,350°6 Km/h,,78%,14°C,1008.0mb,,"document.write(Icons.GetShortDescription(3, 'CurrentWeather'));  Few Clouds at 910m, Broken Clouds at 3700m",2017-09-07
02:00,18°C,18°C,300°4 Km/h,,78%,14°C,1008.0mb,,"document.write(Icons.GetShortDescription(3, 'CurrentWeather'));  Few Clouds at 910m, Broken Clouds at 3700m",2017-09-07
03:00,18°C,18°C,20°4 Km/h,,83%,15°C,1007.0mb,,"document.write(Icons.GetShortDescription(2, 'CurrentWeather'));  Scattered Clouds at 910m",2017-09-07
04:00,17°C,17°C,310°2 Km/h,,83%,14°C,1007.0mb,,"document.write(Icons.GetShortDescription(2, 'CurrentWeather'));  Scattered Clouds at 910m",2017-09-07
05:00,17°C,17°C,330°2 Km/h,,83%,14°C,1007.0mb,,"document.write(Icons.GetShortDescription(2, 'CurrentWeather'));  Scattered Clouds at 910m",2017-09-07
06:00,17°C,17°C,200°2 Km/h,,83%,14°C,1007.0mb,,"document.write(Icons.GetShortDescription(2, 'CurrentWeather'));  Few Clouds at 910m",2017-09-07
07:00,17°C,17°C,300°2 Km/h,,88%,15°C,1008.0mb,,"document.write(Icons.GetShortDescription(2, 'CurrentWeather'));  Few Clouds at 910m",2017-09-07
08:00,20°C,20°C,190°2 Km/h,,83%,17°C,1008.0mb,,"document.write(Icons.GetShortDescription(2, 'CurrentWeather'));  Few Clouds at 760m",2017-09-07
09:00,21°C,21°C,70°4 Km/h,,83%,18°C,1008.0mb,,"document.write(Icons.GetShortDescription(2, 'CurrentWeather'));  Scattered Clouds at 760m",2017-09-07
10:00,23°C,23°C,70°4 Km/h,,74%,18°C,1008.0mb,,"document.write(Icons.GetShortDescription(2, 'CurrentWeather'));  Few Clouds at 760m",2017-09-07
11:00,24°C,24°C,310°7 Km/h,,69%,18°C,1008.0mb,,"document.write(Icons.GetShortDescription(2, 'CurrentWeather'));  Scattered Clouds at 760m",2017-09-07
12:00,25°C,25°C,320°7 Km/h,,65%,18°C,1008.0mb,,"document.write(Icons.GetShortDescription(2, 'CurrentWeather'));  Scattered Clouds at 760m",2017-09-07
13:00,26°C,27°C,290°9 Km/h,,61%,18°C,1007.0mb,,"document.write(Icons.GetShortDescription(2, 'CurrentWeather'));  Scattered Clouds at 760m",2017-09-07
14:00,26°C,27°C,300°15 Km/h,,61%,18°C,1007.0mb,,"document.write(Icons.GetShortDescription(2, 'CurrentWeather'));  Scattered Clouds at 910m",2017-09-07
15:00,27°C,28°C,300°11 Km/h,,58%,18°C,1007.0mb,,"document.write(Icons.GetShortDescription(2, 'CurrentWeather'));  Scattered Clouds at 910m",2017-09-07
16:00,26°C,27°C,320°13 Km/h,,61%,18°C,1007.0mb,,"document.write(Icons.GetShortDescription(2, 'CurrentWeather'));  Scattered Clouds at 910m",2017-09-07
17:00,26°C,27°C,290°13 Km/h,,61%,18°C,1007.0mb,,"document.write(Icons.GetShortDescription(2, 'CurrentWeather'));  Few Clouds at 910m",2017-09-07
18:00,25°C,25°C,280°9 Km/h,,61%,17°C,1007.0mb,,"document.write(Icons.GetShortDescription(2, 'CurrentWeather'));  Few Clouds at 910m",2017-09-07
19:00,23°C,23°C,280°11 Km/h,,65%,16°C,1007.0mb,,"document.write(Icons.GetShortDescription(1, 'CurrentWeather'));",2017-09-07
20:00,23°C,23°C,260°6 Km/h,,69%,17°C,1008.0mb,,"document.write(Icons.GetShortDescription(1, 'CurrentWeather'));  Haze",2017-09-07
21:00,22°C,22°C,240°2 Km/h,,73%,17°C,1009.0mb,,"document.write(Icons.GetShortDescription(1, 'CurrentWeather'));  Haze",2017-09-07
22:00,20°C,20°C,70°4 Km/h,,78%,16°C,1009.0mb,,"document.write(Icons.GetShortDescription(1, 'CurrentWeather'));  Haze",2017-09-07
23:00,21°C,21°C,310°2 Km/h,,78%,17°C,1010.0mb,,"document.write(Icons.GetShortDescription(1, 'CurrentWeather'));  Haze",2017-09-07
