Time,Temperature,Relative Temperature,Wind,Wind Gust,Rel. humidity,Dew Point,Pressure,Icon,DescriptionDetails,date
00:00,-1°C,-7°C,320°26 Km/h,,69%,-6°C,1013.0mb,,"document.write(Icons.GetShortDescription(1, 'CurrentWeather'));",2017-02-23
01:00,-1°C,-7°C,320°20 Km/h,,69%,-6°C,1014.0mb,,"document.write(Icons.GetShortDescription(1, 'CurrentWeather'));",2017-02-23
02:00,-1°C,-5°C,300°13 Km/h,,64%,-7°C,1015.0mb,,"document.write(Icons.GetShortDescription(1, 'CurrentWeather'));",2017-02-23
03:00,-1°C,-6°C,320°17 Km/h,,64%,-7°C,1015.0mb,,"document.write(Icons.GetShortDescription(1, 'CurrentWeather'));",2017-02-23
04:00,-2°C,-8°C,310°20 Km/h,,64%,-8°C,1015.0mb,,"document.write(Icons.GetShortDescription(1, 'CurrentWeather'));",2017-02-23
05:00,-2°C,-7°C,310°15 Km/h,,64%,-8°C,1015.0mb,,"document.write(Icons.GetShortDescription(1, 'CurrentWeather'));",2017-02-23
06:00,-2°C,-7°C,310°17 Km/h,,64%,-8°C,1016.0mb,,"document.write(Icons.GetShortDescription(1, 'CurrentWeather'));",2017-02-23
07:00,-2°C,-8°C,320°22 Km/h,,59%,-9°C,1017.0mb,,"document.write(Icons.GetShortDescription(1, 'CurrentWeather'));",2017-02-23
08:00,-2°C,-7°C,310°17 Km/h,,55%,-10°C,1018.0mb,,"document.write(Icons.GetShortDescription(1, 'CurrentWeather'));",2017-02-23
09:00,-1°C,-7°C,320°24 Km/h,,51%,-10°C,1018.0mb,,"document.write(Icons.GetShortDescription(1, 'CurrentWeather'));",2017-02-23
10:00,0°C,-6°C,330°28 Km/h,,47%,-10°C,1019.0mb,,"document.write(Icons.GetShortDescription(1, 'CurrentWeather'));",2017-02-23
11:00,0°C,-6°C,330°26 Km/h,,44%,-11°C,1019.0mb,,"document.write(Icons.GetShortDescription(1, 'CurrentWeather'));",2017-02-23
12:00,1°C,-5°C,330°31 Km/h,,38%,-12°C,1019.0mb,,"document.write(Icons.GetShortDescription(1, 'CurrentWeather'));",2017-02-23
13:00,2°C,-4°C,310°33 Km/h,,35%,-12°C,1019.0mb,,"document.write(Icons.GetShortDescription(1, 'CurrentWeather'));",2017-02-23
14:00,2°C,-4°C,310°33 Km/h,,32%,-13°C,1019.0mb,,"document.write(Icons.GetShortDescription(1, 'CurrentWeather'));",2017-02-23
15:00,3°C,-2°C,320°26 Km/h,,30%,-13°C,1019.0mb,,"document.write(Icons.GetShortDescription(1, 'CurrentWeather'));",2017-02-23
16:00,2°C,-3°C,310°26 Km/h,,32%,-13°C,1019.0mb,,"document.write(Icons.GetShortDescription(1, 'CurrentWeather'));",2017-02-23
17:00,0°C,-6°C,300°26 Km/h,,37%,-13°C,1020.0mb,,"document.write(Icons.GetShortDescription(1, 'CurrentWeather'));",2017-02-23
18:00,-1°C,-7°C,320°22 Km/h,,43%,-12°C,1021.0mb,,"document.write(Icons.GetShortDescription(1, 'CurrentWeather'));",2017-02-23
19:00,-2°C,-8°C,310°20 Km/h,,47%,-12°C,1022.0mb,,"document.write(Icons.GetShortDescription(1, 'CurrentWeather'));",2017-02-23
20:00,-2°C,-8°C,330°19 Km/h,,43%,-13°C,1023.0mb,,"document.write(Icons.GetShortDescription(1, 'CurrentWeather'));",2017-02-23
21:00,-3°C,-9°C,330°20 Km/h,,46%,-13°C,1023.0mb,,"document.write(Icons.GetShortDescription(1, 'CurrentWeather'));",2017-02-23
22:00,-4°C,-9°C,320°13 Km/h,,54%,-12°C,1024.0mb,,"document.write(Icons.GetShortDescription(1, 'CurrentWeather'));",2017-02-23
23:00,-4°C,-7°C,320°7 Km/h,,50%,-13°C,1024.0mb,,"document.write(Icons.GetShortDescription(1, 'CurrentWeather'));",2017-02-23
