Time,Temperature,Relative Temperature,Wind,Wind Gust,Rel. humidity,Dew Point,Pressure,Icon,DescriptionDetails,date
00:00,24°C,25°C,160°7 Km/h,,89%,22°C,1003.0mb,,"document.write(Icons.GetShortDescription(7, 'CurrentWeather'));  Few Clouds at 300m, Broken Clouds at 610m, Cloudy at 2400m Rain",2017-07-10
01:00,24°C,25°C,130°9 Km/h,,89%,22°C,1002.0mb,,"document.write(Icons.GetShortDescription(7, 'CurrentWeather'));  Few Clouds at 300m, Broken Clouds at 610m, Cloudy at 2400m Light Rain",2017-07-10
02:00,24°C,25°C,130°9 Km/h,,89%,22°C,1002.0mb,,"document.write(Icons.GetShortDescription(4, 'CurrentWeather'));  Few Clouds at 300m, Broken Clouds at 610m, Cloudy at 2400m",2017-07-10
03:00,24°C,25°C,150°11 Km/h,,89%,22°C,1001.0mb,,"document.write(Icons.GetShortDescription(4, 'CurrentWeather'));  Few Clouds at 300m, Broken Clouds at 610m, Cloudy at 2400m",2017-07-10
04:00,25°C,26°C,150°11 Km/h,,83%,22°C,1000.0mb,,"document.write(Icons.GetShortDescription(4, 'CurrentWeather'));  Few Clouds at 300m, Broken Clouds at 610m, Cloudy at 2400m",2017-07-10
05:00,25°C,26°C,170°15 Km/h,,83%,22°C,1000.0mb,,"document.write(Icons.GetShortDescription(4, 'CurrentWeather'));  Few Clouds at 300m, Broken Clouds at 610m, Cloudy at 2400m",2017-07-10
06:00,25°C,26°C,160°13 Km/h,,83%,22°C,1000.0mb,,"document.write(Icons.GetShortDescription(4, 'CurrentWeather'));  Few Clouds at 300m, Broken Clouds at 610m, Cloudy at 2400m",2017-07-10
07:00,25°C,26°C,170°17 Km/h,,89%,23°C,999.0mb,,"document.write(Icons.GetShortDescription(7, 'CurrentWeather'));  Few Clouds at 300m, Broken Clouds at 610m, Cloudy at 2400m Light Rain",2017-07-10
07:20,25°C,26°C,180°15 Km/h,,89%,23°C,1000.0mb,,"document.write(Icons.GetShortDescription(7, 'CurrentWeather'));  Few Clouds at 300m, Broken Clouds at 610m, Cloudy at 2400m Rain",2017-07-10
08:00,25°C,26°C,200°15 Km/h,,89%,23°C,1000.0mb,,"document.write(Icons.GetShortDescription(7, 'CurrentWeather'));  Few Clouds at 300m, Broken Clouds at 610m, Cloudy at 2400m Rain",2017-07-10
09:00,26°C,28°C,200°24 Km/h,,84%,23°C,1000.0mb,,"document.write(Icons.GetShortDescription(4, 'CurrentWeather'));  Few Clouds at 300m, Broken Clouds at 610m, Cloudy at 2400m",2017-07-10
10:00,26°C,28°C,210°24 Km/h,,84%,23°C,1000.0mb,,"document.write(Icons.GetShortDescription(7, 'CurrentWeather'));  Scattered Clouds at 300m, Broken Clouds at 610m, Cloudy at 2400m Light Rain",2017-07-10
10:22,26°C,28°C,210°22 Km/h,,84%,23°C,1000.0mb,,"document.write(Icons.GetShortDescription(7, 'CurrentWeather'));  Scattered Clouds at 300m, Broken Clouds at 610m, Cloudy at 2400m Rain, Haze",2017-07-10
10:33,25°C,26°C,210°19 Km/h,,89%,23°C,1000.0mb,,"document.write(Icons.GetShortDescription(7, 'CurrentWeather'));  Scattered Clouds at 300m, Broken Clouds at 610m, Cloudy at 2400m Light Rain, Haze",2017-07-10
10:52,25°C,26°C,210°19 Km/h,,89%,23°C,1000.0mb,,"document.write(Icons.GetShortDescription(7, 'CurrentWeather'));  Scattered Clouds at 300m, Broken Clouds at 610m, Cloudy at 2400m Rain, Haze",2017-07-10
11:00,25°C,26°C,210°24 Km/h,,89%,23°C,1000.0mb,,"document.write(Icons.GetShortDescription(7, 'CurrentWeather'));  Scattered Clouds at 300m, Broken Clouds at 610m, Cloudy at 2400m Rain, Haze",2017-07-10
11:59,25°C,26°C,220°22 Km/h,,89%,23°C,1000.0mb,,"document.write(Icons.GetShortDescription(7, 'CurrentWeather'));  Scattered Clouds at 300m, Broken Clouds at 610m, Cloudy at 2400m Light Rain",2017-07-10
12:00,25°C,26°C,220°20 Km/h,,89%,23°C,1000.0mb,,"document.write(Icons.GetShortDescription(7, 'CurrentWeather'));  Scattered Clouds at 300m, Broken Clouds at 610m, Cloudy at 2400m Light Rain",2017-07-10
12:27,25°C,26°C,220°19 Km/h,,89%,23°C,1000.0mb,,"document.write(Icons.GetShortDescription(7, 'CurrentWeather'));  Scattered Clouds at 240m, Broken Clouds at 610m, Cloudy at 1800m Rain, Haze",2017-07-10
12:29,25°C,26°C,220°19 Km/h,,89%,23°C,1000.0mb,,"document.write(Icons.GetShortDescription(7, 'CurrentWeather'));  Scattered Clouds at 150m, Broken Clouds at 610m, Cloudy at 1800m Heavy Rain, Partial Fog",2017-07-10
12:31,25°C,26°C,220°20 Km/h,,89%,23°C,1000.0mb,,"document.write(Icons.GetShortDescription(7, 'CurrentWeather'));  Scattered Clouds at 150m, Broken Clouds at 610m, Cloudy at 1800m Heavy Rain, Fog",2017-07-10
12:45,25°C,26°C,230°13 Km/h,,89%,23°C,1000.0mb,,"document.write(Icons.GetShortDescription(7, 'CurrentWeather'));  Scattered Clouds at 150m, Broken Clouds at 610m, Cloudy at 1800m Rain, Haze",2017-07-10
13:00,25°C,26°C,220°9 Km/h,,89%,23°C,1000.0mb,,"document.write(Icons.GetShortDescription(7, 'CurrentWeather'));  Scattered Clouds at 300m, Broken Clouds at 610m, Cloudy at 1800m Rain, Haze",2017-07-10
14:00,24°C,25°C,230°15 Km/h,,89%,22°C,1000.0mb,,"document.write(Icons.GetShortDescription(7, 'CurrentWeather'));  Scattered Clouds at 300m, Broken Clouds at 760m, Cloudy at 1800m Light Rain, Haze",2017-07-10
14:24,24°C,25°C,220°13 Km/h,,89%,22°C,1000.0mb,,"document.write(Icons.GetShortDescription(7, 'CurrentWeather'));  Scattered Clouds at 300m, Broken Clouds at 760m, Cloudy at 1800m Light Rain",2017-07-10
15:00,25°C,26°C,240°13 Km/h,,83%,22°C,1000.0mb,,"document.write(Icons.GetShortDescription(7, 'CurrentWeather'));  Scattered Clouds at 300m, Broken Clouds at 760m, Cloudy at 1800m Rain, Haze",2017-07-10
15:49,24°C,25°C,250°9 Km/h,,89%,22°C,1000.0mb,,"document.write(Icons.GetShortDescription(7, 'CurrentWeather'));  Scattered Clouds at 300m, Broken Clouds at 760m, Cloudy at 1800m Rain, Haze",2017-07-10
16:00,24°C,25°C,250°9 Km/h,,89%,22°C,1000.0mb,,"document.write(Icons.GetShortDescription(7, 'CurrentWeather'));  Scattered Clouds at 300m, Broken Clouds at 760m, Cloudy at 1800m Rain",2017-07-10
16:30,24°C,25°C,240°9 Km/h,,89%,22°C,1000.0mb,,"document.write(Icons.GetShortDescription(7, 'CurrentWeather'));  Scattered Clouds at 460m, Broken Clouds at 760m, Cloudy at 1800m Rain, Haze",2017-07-10
17:00,24°C,25°C,240°6 Km/h,,89%,22°C,1001.0mb,,"document.write(Icons.GetShortDescription(7, 'CurrentWeather'));  Scattered Clouds at 300m, Broken Clouds at 760m, Cloudy at 2100m Light Rain, Haze",2017-07-10
18:00,24°C,25°C,130°6 Km/h,,89%,22°C,1001.0mb,,"document.write(Icons.GetShortDescription(7, 'CurrentWeather'));  Few Clouds at 460m, Broken Clouds at 910m, Cloudy at 3000m Light Rain",2017-07-10
18:16,24°C,25°C,140°4 Km/h,,89%,22°C,1000.0mb,,"document.write(Icons.GetShortDescription(7, 'CurrentWeather'));  Few Clouds at 460m, Broken Clouds at 910m, Cloudy at 3000m Rain, Haze",2017-07-10
18:47,24°C,25°C,80°6 Km/h,,89%,22°C,1000.0mb,,"document.write(Icons.GetShortDescription(7, 'CurrentWeather'));  Scattered Clouds at 460m, Broken Clouds at 910m, Cloudy at 2400m Rain, Haze",2017-07-10
19:00,24°C,25°C,100°4 Km/h,,89%,22°C,1000.0mb,,"document.write(Icons.GetShortDescription(7, 'CurrentWeather'));  Scattered Clouds at 460m, Broken Clouds at 910m, Cloudy at 2400m Heavy Rain, Partial Fog",2017-07-10
19:41,23°C,24°C,330°13 Km/h,,94%,22°C,1001.0mb,,"document.write(Icons.GetShortDescription(7, 'CurrentWeather'));  Scattered Clouds at 210m, Broken Clouds at 760m, Cloudy at 2400m Light Rain, Haze",2017-07-10
20:00,23°C,24°C,340°11 Km/h,,89%,21°C,1001.0mb,,"document.write(Icons.GetShortDescription(7, 'CurrentWeather'));  Scattered Clouds at 150m, Broken Clouds at 760m, Cloudy at 2400m Light Rain, Haze",2017-07-10
21:00,22°C,23°C,330°7 Km/h,,94%,21°C,1002.0mb,,"document.write(Icons.GetShortDescription(7, 'CurrentWeather'));  Scattered Clouds at 150m, Broken Clouds at 760m, Cloudy at 2400m Light Rain, Haze",2017-07-10
22:00,22°C,23°C,200°4 Km/h,,94%,21°C,1002.0mb,,"document.write(Icons.GetShortDescription(7, 'CurrentWeather'));  Scattered Clouds at 300m, Broken Clouds at 760m, Cloudy at 2400m Light Rain, Haze",2017-07-10
23:00,22°C,23°C,290°2 Km/h,,94%,21°C,1002.0mb,,"document.write(Icons.GetShortDescription(4, 'CurrentWeather'));  Few Clouds at 300m, Broken Clouds at 610m, Cloudy at 2400m",2017-07-10
23:46,22°C,23°C,210°7 Km/h,,94%,21°C,1002.0mb,,"document.write(Icons.GetShortDescription(7, 'CurrentWeather'));  Few Clouds at 300m, Broken Clouds at 610m, Cloudy at 3000m Light Rain, Haze",2017-07-10
