Time,Temperature,Relative Temperature,Wind,Wind Gust,Rel. humidity,Dew Point,Pressure,Icon,DescriptionDetails,date
00:00,-4°C,-4°C,310°4 Km/h,,80%,-7°C,1031.0mb,,"document.write(Icons.GetShortDescription(1, 'CurrentWeather'));  Haze",2017-12-02
00:19,-5°C,-8°C,340°6 Km/h,,86%,-7°C,1031.0mb,,"document.write(Icons.GetShortDescription(1, 'CurrentWeather'));  Haze",2017-12-02
01:00,-5°C,-5°C,330°2 Km/h,,80%,-8°C,1031.0mb,,"document.write(Icons.GetShortDescription(1, 'CurrentWeather'));  Haze",2017-12-02
02:00,-4°C,-4°C,270°2 Km/h,,80%,-7°C,1031.0mb,,"document.write(Icons.GetShortDescription(1, 'CurrentWeather'));  Haze",2017-12-02
03:00,-7°C,-7°C,40°2 Km/h,,86%,-9°C,1031.0mb,,"document.write(Icons.GetShortDescription(1, 'CurrentWeather'));  Haze",2017-12-02
04:00,-5°C,-8°C,320°6 Km/h,,80%,-8°C,1031.0mb,,"document.write(Icons.GetShortDescription(1, 'CurrentWeather'));  Partial Fog",2017-12-02
05:00,-7°C,-7°C,240°2 Km/h,,86%,-9°C,1030.0mb,,"document.write(Icons.GetShortDescription(1, 'CurrentWeather'));  Partial Fog",2017-12-02
06:00,-7°C,-7°C,90°2 Km/h,,86%,-9°C,1030.0mb,,"document.write(Icons.GetShortDescription(1, 'CurrentWeather'));  Partial Fog",2017-12-02
07:00,-7°C,-7°C,200°2 Km/h,,79%,-10°C,1030.0mb,,"document.write(Icons.GetShortDescription(1, 'CurrentWeather'));  Haze",2017-12-02
08:00,-6°C,-10°C,170°7 Km/h,,86%,-8°C,1030.0mb,,"document.write(Icons.GetShortDescription(1, 'CurrentWeather'));",2017-12-02
09:00,-1°C,-4°C,180°7 Km/h,,80%,-4°C,1030.0mb,,"document.write(Icons.GetShortDescription(1, 'CurrentWeather'));",2017-12-02
10:00,1°C,-3°C,190°13 Km/h,,65%,-5°C,1030.0mb,,"document.write(Icons.GetShortDescription(1, 'CurrentWeather'));",2017-12-02
11:00,4°C,2°C,180°9 Km/h,,48%,-6°C,1029.0mb,,"document.write(Icons.GetShortDescription(1, 'CurrentWeather'));",2017-12-02
12:00,5°C,2°C,190°11 Km/h,,42%,-7°C,1028.0mb,,"document.write(Icons.GetShortDescription(1, 'CurrentWeather'));",2017-12-02
13:00,6°C,4°C,210°7 Km/h,,42%,-6°C,1027.0mb,,"document.write(Icons.GetShortDescription(1, 'CurrentWeather'));",2017-12-02
14:00,7°C,4°C,210°15 Km/h,,42%,-5°C,1027.0mb,,"document.write(Icons.GetShortDescription(3, 'CurrentWeather'));  Few Clouds at 1400m, Scattered Clouds at 3700m, Broken Clouds at 6100m",2017-12-02
15:00,6°C,4°C,200°7 Km/h,,46%,-5°C,1026.0mb,,"document.write(Icons.GetShortDescription(3, 'CurrentWeather'));  Scattered Clouds at 1400m, Broken Clouds at 6100m",2017-12-02
16:00,7°C,5°C,200°11 Km/h,,46%,-4°C,1026.0mb,,"document.write(Icons.GetShortDescription(3, 'CurrentWeather'));  Scattered Clouds at 1400m, Broken Clouds at 2400m, Broken Clouds at 6100m",2017-12-02
17:00,6°C,4°C,220°11 Km/h,,49%,-4°C,1026.0mb,,"document.write(Icons.GetShortDescription(3, 'CurrentWeather'));  Scattered Clouds at 1400m, Scattered Clouds at 3700m, Broken Clouds at 6100m",2017-12-02
18:00,5°C,2°C,200°11 Km/h,,53%,-4°C,1026.0mb,,"document.write(Icons.GetShortDescription(3, 'CurrentWeather'));  Scattered Clouds at 1400m, Broken Clouds at 6100m",2017-12-02
19:00,3°C,0°C,170°11 Km/h,,52%,-6°C,1026.0mb,,"document.write(Icons.GetShortDescription(2, 'CurrentWeather'));  Few Clouds at 1400m",2017-12-02
20:00,4°C,2°C,180°9 Km/h,,52%,-5°C,1026.0mb,,"document.write(Icons.GetShortDescription(3, 'CurrentWeather'));  Broken Clouds at 1400m",2017-12-02
21:00,3°C,0°C,170°13 Km/h,,56%,-5°C,1026.0mb,,"document.write(Icons.GetShortDescription(2, 'CurrentWeather'));  Scattered Clouds at 1400m",2017-12-02
22:00,4°C,1°C,170°11 Km/h,,52%,-5°C,1025.0mb,,"document.write(Icons.GetShortDescription(3, 'CurrentWeather'));  Broken Clouds at 1400m",2017-12-02
23:00,3°C,1°C,150°7 Km/h,,56%,-5°C,1025.0mb,,"document.write(Icons.GetShortDescription(3, 'CurrentWeather'));  Broken Clouds at 1200m",2017-12-02
