Time,Temperature,Relative Temperature,Wind,Wind Gust,Rel. humidity,Dew Point,Pressure,Icon,DescriptionDetails,date
00:00,16°C,16°C,340°11 Km/h,,52%,6°C,1016.0mb,,"document.write(Icons.GetShortDescription(1, 'CurrentWeather'));",2017-08-30
01:00,16°C,16°C,350°7 Km/h,,55%,7°C,1015.0mb,,"document.write(Icons.GetShortDescription(1, 'CurrentWeather'));",2017-08-30
02:00,15°C,15°C,340°11 Km/h,,59%,7°C,1015.0mb,,"document.write(Icons.GetShortDescription(1, 'CurrentWeather'));",2017-08-30
03:00,16°C,16°C,340°11 Km/h,,59%,8°C,1015.0mb,,"document.write(Icons.GetShortDescription(1, 'CurrentWeather'));",2017-08-30
04:00,15°C,15°C,70°2 Km/h,,59%,7°C,1015.0mb,,"document.write(Icons.GetShortDescription(1, 'CurrentWeather'));",2017-08-30
05:00,16°C,16°C,330°4 Km/h,,55%,7°C,1015.0mb,,"document.write(Icons.GetShortDescription(1, 'CurrentWeather'));",2017-08-30
06:00,16°C,16°C,310°4 Km/h,,59%,8°C,1015.0mb,,"document.write(Icons.GetShortDescription(1, 'CurrentWeather'));",2017-08-30
07:00,16°C,16°C,340°7 Km/h,,63%,9°C,1015.0mb,,"document.write(Icons.GetShortDescription(1, 'CurrentWeather'));",2017-08-30
08:00,17°C,17°C,330°6 Km/h,,59%,9°C,1016.0mb,,"document.write(Icons.GetShortDescription(1, 'CurrentWeather'));",2017-08-30
09:00,17°C,17°C,80°4 Km/h,,56%,8°C,1015.0mb,,"document.write(Icons.GetShortDescription(1, 'CurrentWeather'));",2017-08-30
10:00,19°C,19°C,320°6 Km/h,,49%,8°C,1016.0mb,,"document.write(Icons.GetShortDescription(1, 'CurrentWeather'));",2017-08-30
11:00,20°C,20°C,310°4 Km/h,,46%,8°C,1015.0mb,,"document.write(Icons.GetShortDescription(1, 'CurrentWeather'));",2017-08-30
12:00,21°C,21°C,290°4 Km/h,,40%,7°C,1015.0mb,,"document.write(Icons.GetShortDescription(1, 'CurrentWeather'));",2017-08-30
13:00,21°C,21°C,310°9 Km/h,,43%,8°C,1014.0mb,,"document.write(Icons.GetShortDescription(1, 'CurrentWeather'));",2017-08-30
14:00,22°C,21°C,280°9 Km/h,,44%,9°C,1014.0mb,,"document.write(Icons.GetShortDescription(1, 'CurrentWeather'));",2017-08-30
15:00,22°C,22°C,270°6 Km/h,,50%,11°C,1013.0mb,,"document.write(Icons.GetShortDescription(1, 'CurrentWeather'));",2017-08-30
16:00,23°C,23°C,300°7 Km/h,,50%,12°C,1012.0mb,,"document.write(Icons.GetShortDescription(1, 'CurrentWeather'));",2017-08-30
17:00,23°C,23°C,270°7 Km/h,,53%,13°C,1012.0mb,,"document.write(Icons.GetShortDescription(3, 'CurrentWeather'));  Few Clouds at 910m, Broken Clouds at 4600m",2017-08-30
18:00,23°C,23°C,250°9 Km/h,,57%,14°C,1012.0mb,,"document.write(Icons.GetShortDescription(2, 'CurrentWeather'));  Few Clouds at 910m, Scattered Clouds at 4600m",2017-08-30
19:00,22°C,22°C,250°6 Km/h,,65%,15°C,1012.0mb,,"document.write(Icons.GetShortDescription(2, 'CurrentWeather'));  Few Clouds at 1100m",2017-08-30
20:00,21°C,21°C,190°6 Km/h,,69%,15°C,1013.0mb,,"document.write(Icons.GetShortDescription(2, 'CurrentWeather'));  Few Clouds at 910m",2017-08-30
21:00,21°C,21°C,210°6 Km/h,,73%,16°C,1013.0mb,,"document.write(Icons.GetShortDescription(2, 'CurrentWeather'));  Few Clouds at 1100m",2017-08-30
22:00,21°C,21°C,290°7 Km/h,,73%,16°C,1013.0mb,,"document.write(Icons.GetShortDescription(2, 'CurrentWeather'));  Few Clouds at 1100m",2017-08-30
23:00,19°C,19°C,320°7 Km/h,,78%,15°C,1013.0mb,,"document.write(Icons.GetShortDescription(2, 'CurrentWeather'));  Few Clouds at 1100m",2017-08-30
