Time,Temperature,Relative Temperature,Wind,Wind Gust,Rel. humidity,Dew Point,Pressure,Icon,DescriptionDetails,date
00:00,23°C,23°C,280°7 Km/h,,78%,19°C,1008.0mb,,"document.write(Icons.GetShortDescription(3, 'CurrentWeather'));  Few Clouds at 1200m, Broken Clouds at 6100m",2017-07-01
01:00,23°C,23°C,210°4 Km/h,,78%,19°C,1007.0mb,,"document.write(Icons.GetShortDescription(3, 'CurrentWeather'));  Few Clouds at 1200m, Broken Clouds at 6100m Haze",2017-07-01
02:00,22°C,22°C,310°4 Km/h,,83%,19°C,1007.0mb,,"document.write(Icons.GetShortDescription(3, 'CurrentWeather'));  Few Clouds at 1200m, Broken Clouds at 6100m Haze",2017-07-01
03:00,22°C,22°C,300°7 Km/h,,78%,18°C,1007.0mb,,"document.write(Icons.GetShortDescription(3, 'CurrentWeather'));  Few Clouds at 1200m, Broken Clouds at 6100m Haze",2017-07-01
04:00,22°C,22°C,300°2 Km/h,,83%,19°C,1007.0mb,,"document.write(Icons.GetShortDescription(3, 'CurrentWeather'));  Few Clouds at 1200m, Broken Clouds at 6100m Haze",2017-07-01
05:00,22°C,22°C,300°6 Km/h,,83%,19°C,1007.0mb,,"document.write(Icons.GetShortDescription(3, 'CurrentWeather'));  Few Clouds at 1200m, Broken Clouds at 6100m Haze",2017-07-01
05:42,22°C,22°C,340°9 Km/h,,83%,19°C,1007.0mb,,"document.write(Icons.GetShortDescription(3, 'CurrentWeather'));  Few Clouds at 1200m, Broken Clouds at 6100m Haze",2017-07-01
06:00,22°C,22°C,320°7 Km/h,,83%,19°C,1007.0mb,,"document.write(Icons.GetShortDescription(3, 'CurrentWeather'));  Few Clouds at 120m, Scattered Clouds at 910m, Broken Clouds at 6100m Haze",2017-07-01
07:00,22°C,22°C,320°4 Km/h,,83%,19°C,1008.0mb,,"document.write(Icons.GetShortDescription(3, 'CurrentWeather'));  Few Clouds at 120m, Scattered Clouds at 910m, Broken Clouds at 6100m Haze",2017-07-01
08:00,23°C,23°C,320°6 Km/h,,78%,19°C,1008.0mb,,"document.write(Icons.GetShortDescription(3, 'CurrentWeather'));  Few Clouds at 120m, Scattered Clouds at 910m, Broken Clouds at 5500m Haze",2017-07-01
09:00,24°C,24°C,290°6 Km/h,,74%,19°C,1008.0mb,,"document.write(Icons.GetShortDescription(3, 'CurrentWeather'));  Few Clouds at 460m, Scattered Clouds at 910m, Broken Clouds at 5500m Haze",2017-07-01
10:00,25°C,25°C,290°4 Km/h,,69%,19°C,1008.0mb,,"document.write(Icons.GetShortDescription(3, 'CurrentWeather'));  Scattered Clouds at 910m, Broken Clouds at 5500m",2017-07-01
11:00,26°C,27°C,280°6 Km/h,,65%,19°C,1008.0mb,,"document.write(Icons.GetShortDescription(3, 'CurrentWeather'));  Scattered Clouds at 910m, Broken Clouds at 5500m",2017-07-01
12:00,27°C,28°C,180°7 Km/h,,58%,18°C,1008.0mb,,"document.write(Icons.GetShortDescription(3, 'CurrentWeather'));  Scattered Clouds at 910m, Broken Clouds at 4600m",2017-07-01
13:00,28°C,29°C,190°9 Km/h,,55%,18°C,1007.0mb,,"document.write(Icons.GetShortDescription(3, 'CurrentWeather'));  Scattered Clouds at 910m, Broken Clouds at 4600m",2017-07-01
14:00,30°C,30°C,210°7 Km/h,,46%,17°C,1006.0mb,,"document.write(Icons.GetShortDescription(3, 'CurrentWeather'));  Scattered Clouds at 1100m, Broken Clouds at 4600m",2017-07-01
15:00,31°C,31°C,200°7 Km/h,,43%,17°C,1006.0mb,,"document.write(Icons.GetShortDescription(3, 'CurrentWeather'));  Scattered Clouds at 1100m, Broken Clouds at 4600m",2017-07-01
16:00,29°C,30°C,200°19 Km/h,,51%,18°C,1006.0mb,,"document.write(Icons.GetShortDescription(3, 'CurrentWeather'));  Scattered Clouds at 1100m, Broken Clouds at 4600m",2017-07-01
17:00,28°C,29°C,200°19 Km/h,,55%,18°C,1006.0mb,,"document.write(Icons.GetShortDescription(3, 'CurrentWeather'));  Scattered Clouds at 1100m, Broken Clouds at 4600m",2017-07-01
18:00,27°C,28°C,190°15 Km/h,,62%,19°C,1006.0mb,,"document.write(Icons.GetShortDescription(4, 'CurrentWeather'));  Broken Clouds at 1100m, Cloudy at 4600m",2017-07-01
19:00,25°C,25°C,210°15 Km/h,,74%,20°C,1007.0mb,,"document.write(Icons.GetShortDescription(4, 'CurrentWeather'));  Few Clouds at 460m, Broken Clouds at 1100m, Cloudy at 3700m",2017-07-01
19:41,23°C,24°C,210°13 Km/h,,83%,20°C,1007.0mb,,"document.write(Icons.GetShortDescription(7, 'CurrentWeather'));  Few Clouds at 460m, Broken Clouds at 1100m, Cloudy at 3700m Light Rain, Haze",2017-07-01
19:48,23°C,24°C,210°13 Km/h,,83%,20°C,1007.0mb,,"document.write(Icons.GetShortDescription(7, 'CurrentWeather'));  Few Clouds at 300m, Broken Clouds at 760m, Cloudy at 3700m Light Rain, Haze",2017-07-01
20:00,23°C,24°C,190°9 Km/h,,83%,20°C,1007.0mb,,"document.write(Icons.GetShortDescription(7, 'CurrentWeather'));  Few Clouds at 300m, Broken Clouds at 910m, Cloudy at 3700m Light Rain, Haze",2017-07-01
21:00,23°C,24°C,160°6 Km/h,,89%,21°C,1008.0mb,,"document.write(Icons.GetShortDescription(7, 'CurrentWeather'));  Broken Clouds at 910m, Cloudy at 3700m Light Rain",2017-07-01
22:00,24°C,25°C,170°7 Km/h,,83%,21°C,1008.0mb,,"document.write(Icons.GetShortDescription(4, 'CurrentWeather'));  Scattered Clouds at 300m, Broken Clouds at 760m, Cloudy at 3700m",2017-07-01
23:00,24°C,25°C,190°7 Km/h,,83%,21°C,1008.0mb,,"document.write(Icons.GetShortDescription(7, 'CurrentWeather'));  Scattered Clouds at 300m, Broken Clouds at 760m, Cloudy at 3700m Light Rain",2017-07-01
