Time,Temperature,Relative Temperature,Wind,Wind Gust,Rel. humidity,Dew Point,Pressure,Icon,DescriptionDetails,date
00:00,5°C,5°C,Calm,,87%,3°C,1027.0mb,,"document.write(Icons.GetShortDescription(2, 'CurrentWeather'));  Scattered Clouds at 910m",2017-11-06
01:00,6°C,5°C,110°6 Km/h,,81%,3°C,1027.0mb,,"document.write(Icons.GetShortDescription(2, 'CurrentWeather'));  Scattered Clouds at 910m",2017-11-06
02:00,8°C,8°C,230°2 Km/h,,76%,4°C,1026.0mb,,"document.write(Icons.GetShortDescription(3, 'CurrentWeather'));  Broken Clouds at 910m",2017-11-06
03:00,8°C,8°C,160°2 Km/h,,82%,5°C,1026.0mb,,"document.write(Icons.GetShortDescription(3, 'CurrentWeather'));  Broken Clouds at 910m",2017-11-06
04:00,9°C,8°C,140°9 Km/h,,76%,5°C,1026.0mb,,"document.write(Icons.GetShortDescription(3, 'CurrentWeather'));  Broken Clouds at 1100m",2017-11-06
05:00,9°C,8°C,150°9 Km/h,,76%,5°C,1026.0mb,,"document.write(Icons.GetShortDescription(3, 'CurrentWeather'));  Broken Clouds at 1100m",2017-11-06
06:00,9°C,8°C,160°9 Km/h,,71%,4°C,1026.0mb,,"document.write(Icons.GetShortDescription(3, 'CurrentWeather'));  Broken Clouds at 1100m",2017-11-06
07:00,9°C,8°C,170°9 Km/h,,71%,4°C,1026.0mb,,"document.write(Icons.GetShortDescription(3, 'CurrentWeather'));  Broken Clouds at 1100m",2017-11-06
08:00,10°C,9°C,190°9 Km/h,,67%,4°C,1026.0mb,,"document.write(Icons.GetShortDescription(3, 'CurrentWeather'));  Broken Clouds at 1100m",2017-11-06
09:00,11°C,11°C,180°9 Km/h,,62%,4°C,1027.0mb,,"document.write(Icons.GetShortDescription(3, 'CurrentWeather'));  Broken Clouds at 1100m",2017-11-06
10:00,12°C,12°C,170°13 Km/h,,58%,4°C,1026.0mb,,"document.write(Icons.GetShortDescription(3, 'CurrentWeather'));  Broken Clouds at 1200m",2017-11-06
11:00,14°C,14°C,160°11 Km/h,,55%,5°C,1026.0mb,,"document.write(Icons.GetShortDescription(2, 'CurrentWeather'));  Few Clouds at 1200m",2017-11-06
12:00,15°C,15°C,160°9 Km/h,,48%,4°C,1025.0mb,,"document.write(Icons.GetShortDescription(2, 'CurrentWeather'));  Scattered Clouds at 1200m",2017-11-06
13:00,15°C,15°C,200°11 Km/h,,45%,3°C,1024.0mb,,"document.write(Icons.GetShortDescription(2, 'CurrentWeather'));  Scattered Clouds at 1200m",2017-11-06
14:00,16°C,16°C,220°9 Km/h,,45%,4°C,1023.0mb,,"document.write(Icons.GetShortDescription(2, 'CurrentWeather'));  Scattered Clouds at 1200m",2017-11-06
15:00,15°C,15°C,290°11 Km/h,,48%,4°C,1023.0mb,,"document.write(Icons.GetShortDescription(2, 'CurrentWeather'));  Scattered Clouds at 1200m",2017-11-06
16:00,14°C,14°C,290°15 Km/h,,51%,4°C,1023.0mb,,"document.write(Icons.GetShortDescription(2, 'CurrentWeather'));  Scattered Clouds at 1200m",2017-11-06
17:00,13°C,13°C,280°9 Km/h,,55%,4°C,1023.0mb,,"document.write(Icons.GetShortDescription(2, 'CurrentWeather'));  Few Clouds at 1200m, Scattered Clouds at 5500m",2017-11-06
18:00,13°C,13°C,280°6 Km/h,,55%,4°C,1023.0mb,,"document.write(Icons.GetShortDescription(2, 'CurrentWeather'));  Few Clouds at 1200m, Scattered Clouds at 5500m",2017-11-06
19:00,12°C,12°C,280°6 Km/h,,58%,4°C,1023.0mb,,"document.write(Icons.GetShortDescription(2, 'CurrentWeather'));  Few Clouds at 1200m, Scattered Clouds at 5500m",2017-11-06
20:00,10°C,10°C,250°2 Km/h,,62%,3°C,1023.0mb,,"document.write(Icons.GetShortDescription(2, 'CurrentWeather'));  Few Clouds at 1200m, Scattered Clouds at 5500m",2017-11-06
21:00,9°C,9°C,160°2 Km/h,,66%,3°C,1023.0mb,,"document.write(Icons.GetShortDescription(2, 'CurrentWeather'));  Few Clouds at 1200m, Scattered Clouds at 5500m",2017-11-06
22:00,10°C,10°C,10°2 Km/h,,67%,4°C,1023.0mb,,"document.write(Icons.GetShortDescription(2, 'CurrentWeather'));  Few Clouds at 1200m, Scattered Clouds at 5500m",2017-11-06
23:00,8°C,8°C,110°2 Km/h,,76%,4°C,1024.0mb,,"document.write(Icons.GetShortDescription(2, 'CurrentWeather'));  Few Clouds at 1200m, Scattered Clouds at 5500m",2017-11-06
