Time,Temperature,Relative Temperature,Wind,Wind Gust,Rel. humidity,Dew Point,Pressure,Icon,DescriptionDetails,date
00:00,-6°C,-10°C,290°7 Km/h,,42%,-17°C,1019.0mb,,"document.write(Icons.GetShortDescription(1, 'CurrentWeather'));",2017-01-13
01:00,-6°C,-9°C,280°6 Km/h,,42%,-17°C,1018.0mb,,"document.write(Icons.GetShortDescription(1, 'CurrentWeather'));",2017-01-13
02:00,-8°C,-8°C,310°4 Km/h,,49%,-17°C,1019.0mb,,"document.write(Icons.GetShortDescription(1, 'CurrentWeather'));",2017-01-13
03:00,-8°C,-8°C,350°4 Km/h,,53%,-16°C,1019.0mb,,"document.write(Icons.GetShortDescription(1, 'CurrentWeather'));",2017-01-13
04:00,-8°C,-8°C,340°4 Km/h,,49%,-17°C,1018.0mb,,"document.write(Icons.GetShortDescription(1, 'CurrentWeather'));",2017-01-13
05:00,-9°C,-9°C,260°2 Km/h,,67%,-14°C,1018.0mb,,"document.write(Icons.GetShortDescription(2, 'CurrentWeather'));  Scattered Clouds at 1200m",2017-01-13
06:00,-8°C,-8°C,260°2 Km/h,,49%,-17°C,1017.0mb,,"document.write(Icons.GetShortDescription(2, 'CurrentWeather'));  Scattered Clouds at 1200m",2017-01-13
07:00,-6°C,-10°C,330°9 Km/h,,54%,-14°C,1017.0mb,,"document.write(Icons.GetShortDescription(26, 'CurrentWeather'));  Broken Clouds at 1100m Light Snowfall",2017-01-13
08:00,-6°C,-9°C,320°6 Km/h,,38%,-18°C,1017.0mb,,"document.write(Icons.GetShortDescription(26, 'CurrentWeather'));  Broken Clouds at 1100m Light Snowfall",2017-01-13
09:00,-6°C,-11°C,350°11 Km/h,,54%,-14°C,1017.0mb,,"document.write(Icons.GetShortDescription(26, 'CurrentWeather'));  Scattered Clouds at 460m, Broken Clouds at 760m Light Snowfall",2017-01-13
10:00,-7°C,-13°C,40°13 Km/h,,58%,-14°C,1017.0mb,,"document.write(Icons.GetShortDescription(26, 'CurrentWeather'));  Scattered Clouds at 460m, Broken Clouds at 910m Light Snowfall",2017-01-13
10:17,-7°C,-12°C,30°11 Km/h,,63%,-13°C,1017.0mb,,"document.write(Icons.GetShortDescription(26, 'CurrentWeather'));  Scattered Clouds at 300m, Cloudy at 760m Light Snowfall",2017-01-13
11:00,-7°C,-7°C,80°4 Km/h,,68%,-12°C,1017.0mb,,"document.write(Icons.GetShortDescription(26, 'CurrentWeather'));  Scattered Clouds at 300m, Cloudy at 760m Light Snowfall",2017-01-13
11:54,-5°C,-5°C,300°4 Km/h,,68%,-10°C,1017.0mb,,"document.write(Icons.GetShortDescription(26, 'CurrentWeather'));  Broken Clouds at 760m Light Snowfall",2017-01-13
12:00,-5°C,-8°C,290°6 Km/h,,63%,-11°C,1017.0mb,,"document.write(Icons.GetShortDescription(26, 'CurrentWeather'));  Broken Clouds at 760m Light Snowfall",2017-01-13
13:00,-4°C,-9°C,340°13 Km/h,,54%,-12°C,1016.0mb,,"document.write(Icons.GetShortDescription(2, 'CurrentWeather'));  Few Clouds at 910m",2017-01-13
14:00,-2°C,-7°C,320°15 Km/h,,40%,-14°C,1015.0mb,,"document.write(Icons.GetShortDescription(2, 'CurrentWeather'));  Few Clouds at 910m",2017-01-13
15:00,-1°C,-7°C,300°26 Km/h,,31%,-16°C,1016.0mb,,"document.write(Icons.GetShortDescription(2, 'CurrentWeather'));  Scattered Clouds at 910m",2017-01-13
16:00,-1°C,-6°C,280°19 Km/h,,34%,-15°C,1016.0mb,,"document.write(Icons.GetShortDescription(2, 'CurrentWeather'));  Few Clouds at 910m",2017-01-13
17:00,-2°C,-8°C,290°20 Km/h,,40%,-14°C,1017.0mb,,"document.write(Icons.GetShortDescription(1, 'CurrentWeather'));",2017-01-13
18:00,-4°C,-11°C,290°22 Km/h,,42%,-15°C,1017.0mb,,"document.write(Icons.GetShortDescription(1, 'CurrentWeather'));",2017-01-13
19:00,-5°C,-13°C,330°30 Km/h,,33%,-19°C,1018.0mb,,"document.write(Icons.GetShortDescription(1, 'CurrentWeather'));",2017-01-13
20:00,-6°C,-12°C,330°15 Km/h,,35%,-19°C,1019.0mb,,"document.write(Icons.GetShortDescription(1, 'CurrentWeather'));",2017-01-13
21:00,-8°C,-14°C,340°13 Km/h,,45%,-18°C,1020.0mb,,"document.write(Icons.GetShortDescription(1, 'CurrentWeather'));",2017-01-13
22:00,-7°C,-14°C,330°20 Km/h,,42%,-18°C,1021.0mb,,"document.write(Icons.GetShortDescription(1, 'CurrentWeather'));",2017-01-13
23:00,-9°C,-14°C,320°9 Km/h,,48%,-18°C,1021.0mb,,"document.write(Icons.GetShortDescription(1, 'CurrentWeather'));",2017-01-13
