Time,Temperature,Relative Temperature,Wind,Wind Gust,Rel. humidity,Dew Point,Pressure,Icon,DescriptionDetails,date
00:00,13°C,13°C,320°4 Km/h,,67%,7°C,1020.0mb,,"document.write(Icons.GetShortDescription(1, 'CurrentWeather'));",2017-10-27
01:00,13°C,13°C,320°2 Km/h,,67%,7°C,1020.0mb,,"document.write(Icons.GetShortDescription(1, 'CurrentWeather'));  Haze",2017-10-27
02:00,12°C,12°C,Calm,,72%,7°C,1020.0mb,,"document.write(Icons.GetShortDescription(1, 'CurrentWeather'));  Haze",2017-10-27
03:00,12°C,12°C,210°4 Km/h,,72%,7°C,1020.0mb,,"document.write(Icons.GetShortDescription(1, 'CurrentWeather'));  Haze",2017-10-27
04:00,12°C,12°C,350°4 Km/h,,77%,8°C,1020.0mb,,"document.write(Icons.GetShortDescription(1, 'CurrentWeather'));  Haze",2017-10-27
05:00,11°C,11°C,280°4 Km/h,,77%,7°C,1020.0mb,,"document.write(Icons.GetShortDescription(1, 'CurrentWeather'));  Haze",2017-10-27
06:00,10°C,10°C,310°6 Km/h,,82%,7°C,1020.0mb,,"document.write(Icons.GetShortDescription(1, 'CurrentWeather'));  Haze",2017-10-27
07:00,9°C,9°C,10°4 Km/h,,76%,5°C,1021.0mb,,"document.write(Icons.GetShortDescription(1, 'CurrentWeather'));  Haze",2017-10-27
08:00,11°C,11°C,340°4 Km/h,,82%,8°C,1021.0mb,,"document.write(Icons.GetShortDescription(1, 'CurrentWeather'));  Haze",2017-10-27
09:00,14°C,14°C,10°6 Km/h,,77%,10°C,1021.0mb,,"document.write(Icons.GetShortDescription(1, 'CurrentWeather'));  Haze",2017-10-27
10:00,16°C,16°C,40°4 Km/h,,72%,11°C,1021.0mb,,"document.write(Icons.GetShortDescription(1, 'CurrentWeather'));",2017-10-27
11:00,18°C,18°C,350°9 Km/h,,64%,11°C,1020.0mb,,"document.write(Icons.GetShortDescription(1, 'CurrentWeather'));",2017-10-27
12:00,20°C,20°C,360°7 Km/h,,49%,9°C,1020.0mb,,"document.write(Icons.GetShortDescription(1, 'CurrentWeather'));",2017-10-27
13:00,20°C,20°C,310°7 Km/h,,43%,7°C,1019.0mb,,"document.write(Icons.GetShortDescription(1, 'CurrentWeather'));",2017-10-27
14:00,21°C,21°C,340°6 Km/h,,38%,6°C,1019.0mb,,"document.write(Icons.GetShortDescription(1, 'CurrentWeather'));",2017-10-27
15:00,22°C,21°C,340°7 Km/h,,31%,4°C,1018.0mb,,"document.write(Icons.GetShortDescription(1, 'CurrentWeather'));",2017-10-27
16:00,22°C,21°C,290°6 Km/h,,29%,3°C,1019.0mb,,"document.write(Icons.GetShortDescription(1, 'CurrentWeather'));",2017-10-27
17:00,20°C,20°C,290°11 Km/h,,38%,5°C,1019.0mb,,"document.write(Icons.GetShortDescription(1, 'CurrentWeather'));",2017-10-27
18:00,17°C,17°C,300°13 Km/h,,52%,7°C,1019.0mb,,"document.write(Icons.GetShortDescription(1, 'CurrentWeather'));",2017-10-27
19:00,15°C,15°C,320°4 Km/h,,63%,8°C,1020.0mb,,"document.write(Icons.GetShortDescription(1, 'CurrentWeather'));",2017-10-27
20:00,14°C,14°C,320°9 Km/h,,67%,8°C,1020.0mb,,"document.write(Icons.GetShortDescription(1, 'CurrentWeather'));",2017-10-27
21:00,12°C,12°C,310°6 Km/h,,72%,7°C,1020.0mb,,"document.write(Icons.GetShortDescription(1, 'CurrentWeather'));",2017-10-27
22:00,11°C,11°C,320°4 Km/h,,77%,7°C,1021.0mb,,"document.write(Icons.GetShortDescription(1, 'CurrentWeather'));",2017-10-27
23:00,11°C,11°C,310°4 Km/h,,77%,7°C,1021.0mb,,"document.write(Icons.GetShortDescription(1, 'CurrentWeather'));",2017-10-27
