Time,Temperature,Relative Temperature,Wind,Wind Gust,Rel. humidity,Dew Point,Pressure,Icon,DescriptionDetails,date
00:00,24°C,25°C,220°6 Km/h,,83%,21°C,1012.0mb,,"document.write(Icons.GetShortDescription(4, 'CurrentWeather'));  Few Clouds at 300m, Broken Clouds at 610m, Cloudy at 3000m",2017-07-18
01:00,24°C,25°C,50°2 Km/h,,89%,22°C,1011.0mb,,"document.write(Icons.GetShortDescription(4, 'CurrentWeather'));  Few Clouds at 300m, Broken Clouds at 610m, Cloudy at 3000m",2017-07-18
02:00,24°C,25°C,230°6 Km/h,,83%,21°C,1011.0mb,,"document.write(Icons.GetShortDescription(4, 'CurrentWeather'));  Few Clouds at 300m, Broken Clouds at 610m, Cloudy at 3000m",2017-07-18
03:00,24°C,25°C,180°7 Km/h,,89%,22°C,1011.0mb,,"document.write(Icons.GetShortDescription(4, 'CurrentWeather'));  Few Clouds at 300m, Broken Clouds at 610m, Cloudy at 3000m",2017-07-18
04:00,24°C,25°C,170°7 Km/h,,89%,22°C,1010.0mb,,"document.write(Icons.GetShortDescription(4, 'CurrentWeather'));  Few Clouds at 240m, Broken Clouds at 610m, Cloudy at 3000m",2017-07-18
04:19,24°C,25°C,160°7 Km/h,,89%,22°C,1010.0mb,,"document.write(Icons.GetShortDescription(7, 'CurrentWeather'));  Few Clouds at 240m, Broken Clouds at 610m, Cloudy at 3000m Light Rain, Haze",2017-07-18
05:00,24°C,25°C,130°6 Km/h,,89%,22°C,1010.0mb,,"document.write(Icons.GetShortDescription(7, 'CurrentWeather'));  Few Clouds at 240m, Broken Clouds at 610m, Cloudy at 3000m Light Rain, Haze",2017-07-18
06:00,24°C,25°C,140°7 Km/h,,89%,22°C,1010.0mb,,"document.write(Icons.GetShortDescription(7, 'CurrentWeather'));  Scattered Clouds at 180m, Broken Clouds at 610m, Cloudy at 3000m Light Drizzle, Haze",2017-07-18
07:00,24°C,25°C,140°6 Km/h,,89%,22°C,1011.0mb,,"document.write(Icons.GetShortDescription(7, 'CurrentWeather'));  Scattered Clouds at 180m, Broken Clouds at 610m, Cloudy at 3000m Light Drizzle, Haze",2017-07-18
08:00,24°C,25°C,180°6 Km/h,,94%,23°C,1011.0mb,,"document.write(Icons.GetShortDescription(7, 'CurrentWeather'));  Scattered Clouds at 240m, Broken Clouds at 610m, Cloudy at 3000m Light Drizzle, Haze",2017-07-18
09:00,25°C,26°C,210°7 Km/h,,89%,23°C,1010.0mb,,"document.write(Icons.GetShortDescription(7, 'CurrentWeather'));  Scattered Clouds at 240m, Cloudy at 760m Light Drizzle, Haze",2017-07-18
10:00,26°C,28°C,220°7 Km/h,,79%,22°C,1010.0mb,,"document.write(Icons.GetShortDescription(3, 'CurrentWeather'));  Scattered Clouds at 460m, Broken Clouds at 910m",2017-07-18
11:00,27°C,29°C,240°7 Km/h,,74%,22°C,1010.0mb,,"document.write(Icons.GetShortDescription(3, 'CurrentWeather'));  Scattered Clouds at 460m, Broken Clouds at 910m",2017-07-18
12:00,29°C,32°C,250°6 Km/h,,66%,22°C,1010.0mb,,"document.write(Icons.GetShortDescription(3, 'CurrentWeather'));  Few Clouds at 460m, Broken Clouds at 1100m",2017-07-18
13:00,29°C,33°C,290°4 Km/h,,70%,23°C,1009.0mb,,"document.write(Icons.GetShortDescription(3, 'CurrentWeather'));  Broken Clouds at 1100m",2017-07-18
14:00,29°C,33°C,290°11 Km/h,,70%,23°C,1009.0mb,,"document.write(Icons.GetShortDescription(2, 'CurrentWeather'));  Scattered Clouds at 910m",2017-07-18
15:00,30°C,34°C,300°13 Km/h,,66%,23°C,1008.0mb,,"document.write(Icons.GetShortDescription(2, 'CurrentWeather'));  Scattered Clouds at 1200m",2017-07-18
16:00,30°C,34°C,300°15 Km/h,,66%,23°C,1008.0mb,,"document.write(Icons.GetShortDescription(2, 'CurrentWeather'));  Scattered Clouds at 1200m",2017-07-18
17:00,30°C,34°C,290°13 Km/h,,66%,23°C,1008.0mb,,"document.write(Icons.GetShortDescription(2, 'CurrentWeather'));  Few Clouds at 1200m",2017-07-18
18:00,30°C,33°C,280°9 Km/h,,62%,22°C,1008.0mb,,"document.write(Icons.GetShortDescription(2, 'CurrentWeather'));  Few Clouds at 1200m, Scattered Clouds at 6100m",2017-07-18
19:00,29°C,32°C,290°9 Km/h,,66%,22°C,1008.0mb,,"document.write(Icons.GetShortDescription(2, 'CurrentWeather'));  Few Clouds at 1200m, Scattered Clouds at 6100m",2017-07-18
20:00,27°C,29°C,280°9 Km/h,,74%,22°C,1008.0mb,,"document.write(Icons.GetShortDescription(2, 'CurrentWeather'));  Few Clouds at 1200m, Scattered Clouds at 6100m",2017-07-18
21:00,26°C,28°C,300°9 Km/h,,79%,22°C,1009.0mb,,"document.write(Icons.GetShortDescription(2, 'CurrentWeather'));  Few Clouds at 1200m, Scattered Clouds at 6100m",2017-07-18
22:00,25°C,26°C,320°6 Km/h,,83%,22°C,1009.0mb,,"document.write(Icons.GetShortDescription(2, 'CurrentWeather'));  Few Clouds at 1200m, Scattered Clouds at 6100m",2017-07-18
23:00,25°C,26°C,320°9 Km/h,,83%,22°C,1009.0mb,,"document.write(Icons.GetShortDescription(2, 'CurrentWeather'));  Scattered Clouds at 760m",2017-07-18
