Time,Temperature,Relative Temperature,Wind,Wind Gust,Rel. humidity,Dew Point,Pressure,Icon,DescriptionDetails,date
00:00,3°C,1°C,190°7 Km/h,,60%,-4°C,1025.0mb,,"document.write(Icons.GetShortDescription(7, 'CurrentWeather'));  Broken Clouds at 910m, Broken Clouds at 2400m Light Rain",2017-12-03
00:39,3°C,0°C,210°11 Km/h,,70%,-2°C,1025.0mb,,"document.write(Icons.GetShortDescription(7, 'CurrentWeather'));  Broken Clouds at 760m, Cloudy at 2400m Light Rain, Haze",2017-12-03
01:00,2°C,-3°C,150°20 Km/h,,75%,-2°C,1024.0mb,,"document.write(Icons.GetShortDescription(3, 'CurrentWeather'));  Broken Clouds at 760m, Broken Clouds at 3000m",2017-12-03
02:00,3°C,0°C,140°11 Km/h,,70%,-2°C,1024.0mb,,"document.write(Icons.GetShortDescription(3, 'CurrentWeather'));  Broken Clouds at 760m, Broken Clouds at 2400m",2017-12-03
03:00,4°C,1°C,180°11 Km/h,,70%,-1°C,1024.0mb,,"document.write(Icons.GetShortDescription(7, 'CurrentWeather'));  Broken Clouds at 760m, Cloudy at 2100m Light Rain",2017-12-03
04:00,4°C,1°C,190°13 Km/h,,70%,-1°C,1023.0mb,,"document.write(Icons.GetShortDescription(7, 'CurrentWeather'));  Broken Clouds at 610m, Cloudy at 2100m Light Rain",2017-12-03
05:00,4°C,3°C,110°6 Km/h,,70%,-1°C,1023.0mb,,"document.write(Icons.GetShortDescription(7, 'CurrentWeather'));  Few Clouds at 460m, Broken Clouds at 760m, Cloudy at 2100m Light Rain",2017-12-03
05:27,4°C,4°C,50°4 Km/h,,75%,0°C,1023.0mb,,"document.write(Icons.GetShortDescription(7, 'CurrentWeather'));  Few Clouds at 460m, Broken Clouds at 760m, Cloudy at 2100m Light Rain, Haze",2017-12-03
06:00,4°C,4°C,180°2 Km/h,,75%,0°C,1023.0mb,,"document.write(Icons.GetShortDescription(7, 'CurrentWeather'));  Scattered Clouds at 460m, Broken Clouds at 760m, Cloudy at 2100m Light Rain, Haze",2017-12-03
07:00,4°C,2°C,160°9 Km/h,,81%,1°C,1024.0mb,,"document.write(Icons.GetShortDescription(7, 'CurrentWeather'));  Scattered Clouds at 460m, Broken Clouds at 760m, Cloudy at 2100m Light Drizzle, Haze",2017-12-03
08:00,4°C,1°C,160°15 Km/h,,81%,1°C,1024.0mb,,"document.write(Icons.GetShortDescription(3, 'CurrentWeather'));  Broken Clouds at 910m, Broken Clouds at 3000m Haze",2017-12-03
09:00,4°C,2°C,160°9 Km/h,,87%,2°C,1024.0mb,,"document.write(Icons.GetShortDescription(3, 'CurrentWeather'));  Broken Clouds at 910m, Broken Clouds at 3000m Haze",2017-12-03
10:00,5°C,2°C,160°11 Km/h,,81%,2°C,1024.0mb,,"document.write(Icons.GetShortDescription(3, 'CurrentWeather'));  Broken Clouds at 910m, Broken Clouds at 3000m Haze",2017-12-03
11:00,6°C,4°C,150°7 Km/h,,81%,3°C,1024.0mb,,"document.write(Icons.GetShortDescription(3, 'CurrentWeather'));  Broken Clouds at 910m, Broken Clouds at 3000m Haze",2017-12-03
12:00,7°C,6°C,150°7 Km/h,,81%,4°C,1023.0mb,,"document.write(Icons.GetShortDescription(3, 'CurrentWeather'));  Scattered Clouds at 910m, Broken Clouds at 3700m",2017-12-03
13:00,9°C,8°C,170°7 Km/h,,71%,4°C,1023.0mb,,"document.write(Icons.GetShortDescription(3, 'CurrentWeather'));  Few Clouds at 910m, Broken Clouds at 5500m",2017-12-03
14:00,9°C,9°C,110°4 Km/h,,66%,3°C,1022.0mb,,"document.write(Icons.GetShortDescription(3, 'CurrentWeather'));  Few Clouds at 910m, Broken Clouds at 5500m",2017-12-03
15:00,9°C,8°C,100°6 Km/h,,62%,2°C,1022.0mb,,"document.write(Icons.GetShortDescription(3, 'CurrentWeather'));  Scattered Clouds at 910m, Broken Clouds at 5500m",2017-12-03
16:00,9°C,9°C,130°4 Km/h,,66%,3°C,1022.0mb,,"document.write(Icons.GetShortDescription(3, 'CurrentWeather'));  Scattered Clouds at 910m, Broken Clouds at 5500m",2017-12-03
17:00,8°C,7°C,190°6 Km/h,,66%,2°C,1022.0mb,,"document.write(Icons.GetShortDescription(3, 'CurrentWeather'));  Scattered Clouds at 910m, Broken Clouds at 5500m Haze",2017-12-03
18:00,7°C,7°C,240°4 Km/h,,71%,2°C,1022.0mb,,"document.write(Icons.GetShortDescription(3, 'CurrentWeather'));  Scattered Clouds at 910m, Broken Clouds at 5500m Haze",2017-12-03
19:00,5°C,4°C,30°6 Km/h,,76%,1°C,1022.0mb,,"document.write(Icons.GetShortDescription(3, 'CurrentWeather'));  Scattered Clouds at 910m, Broken Clouds at 5500m Haze",2017-12-03
20:00,5°C,5°C,70°4 Km/h,,70%,0°C,1022.0mb,,"document.write(Icons.GetShortDescription(3, 'CurrentWeather'));  Scattered Clouds at 910m, Broken Clouds at 5500m Haze",2017-12-03
21:00,4°C,4°C,330°4 Km/h,,75%,0°C,1022.0mb,,"document.write(Icons.GetShortDescription(3, 'CurrentWeather'));  Few Clouds at 910m, Broken Clouds at 5500m Haze",2017-12-03
22:00,3°C,3°C,320°4 Km/h,,81%,0°C,1022.0mb,,"document.write(Icons.GetShortDescription(3, 'CurrentWeather'));  Few Clouds at 910m, Broken Clouds at 5500m Partial Fog",2017-12-03
22:57,3°C,2°C,310°6 Km/h,,81%,0°C,1022.0mb,,"document.write(Icons.GetShortDescription(3, 'CurrentWeather'));  Scattered Clouds at 910m, Broken Clouds at 5500m Haze",2017-12-03
23:00,3°C,2°C,320°6 Km/h,,87%,1°C,1022.0mb,,"document.write(Icons.GetShortDescription(3, 'CurrentWeather'));  Scattered Clouds at 910m, Broken Clouds at 5500m Haze",2017-12-03
