Time,Temperature,Relative Temperature,Wind,Wind Gust,Rel. humidity,Dew Point,Pressure,Icon,DescriptionDetails,date
00:00,0°C,0°C,330°2 Km/h,,51%,-9°C,1023.0mb,,"document.write(Icons.GetShortDescription(1, 'CurrentWeather'));",2017-01-29
01:00,0°C,-2°C,330°6 Km/h,,55%,-8°C,1022.0mb,,"document.write(Icons.GetShortDescription(1, 'CurrentWeather'));",2017-01-29
02:00,0°C,0°C,30°2 Km/h,,55%,-8°C,1022.0mb,,"document.write(Icons.GetShortDescription(3, 'CurrentWeather'));  Few Clouds at 1200m, Broken Clouds at 3400m",2017-01-29
03:00,0°C,0°C,10°4 Km/h,,60%,-7°C,1022.0mb,,"document.write(Icons.GetShortDescription(3, 'CurrentWeather'));  Scattered Clouds at 1200m, Broken Clouds at 3400m",2017-01-29
04:00,0°C,-2°C,340°6 Km/h,,60%,-7°C,1022.0mb,,"document.write(Icons.GetShortDescription(3, 'CurrentWeather'));  Scattered Clouds at 1200m, Broken Clouds at 3400m",2017-01-29
05:00,0°C,0°C,30°4 Km/h,,60%,-7°C,1022.0mb,,"document.write(Icons.GetShortDescription(3, 'CurrentWeather'));  Scattered Clouds at 1200m, Broken Clouds at 3000m",2017-01-29
06:00,0°C,-3°C,330°7 Km/h,,60%,-7°C,1021.0mb,,"document.write(Icons.GetShortDescription(4, 'CurrentWeather'));  Broken Clouds at 1200m, Cloudy at 3000m",2017-01-29
07:00,0°C,-3°C,330°9 Km/h,,60%,-7°C,1021.0mb,,"document.write(Icons.GetShortDescription(4, 'CurrentWeather'));  Broken Clouds at 1200m, Cloudy at 3000m",2017-01-29
08:00,0°C,-2°C,330°6 Km/h,,51%,-9°C,1021.0mb,,"document.write(Icons.GetShortDescription(26, 'CurrentWeather'));  Broken Clouds at 1200m, Cloudy at 3000m Light Rain and Snowfall",2017-01-29
09:00,1°C,-1°C,320°7 Km/h,,48%,-9°C,1021.0mb,,"document.write(Icons.GetShortDescription(26, 'CurrentWeather'));  Broken Clouds at 1100m, Cloudy at 3000m Light Rain and Snowfall",2017-01-29
10:00,1°C,-2°C,320°9 Km/h,,60%,-6°C,1021.0mb,,"document.write(Icons.GetShortDescription(26, 'CurrentWeather'));  Broken Clouds at 910m, Cloudy at 2700m Light Snowfall",2017-01-29
10:31,1°C,-2°C,320°9 Km/h,,70%,-4°C,1020.0mb,,"document.write(Icons.GetShortDescription(26, 'CurrentWeather'));  Broken Clouds at 760m, Cloudy at 2700m Light Snowfall",2017-01-29
11:00,0°C,-4°C,320°11 Km/h,,75%,-4°C,1020.0mb,,"document.write(Icons.GetShortDescription(26, 'CurrentWeather'));  Broken Clouds at 610m, Cloudy at 2400m Light Snowfall",2017-01-29
11:11,0°C,-4°C,320°11 Km/h,,75%,-4°C,1020.0mb,,"document.write(Icons.GetShortDescription(26, 'CurrentWeather'));  Broken Clouds at 610m, Cloudy at 2400m Light Snowfall",2017-01-29
12:00,0°C,-3°C,330°9 Km/h,,80%,-3°C,1020.0mb,,"document.write(Icons.GetShortDescription(26, 'CurrentWeather'));  Scattered Clouds at 300m, Broken Clouds at 760m, Cloudy at 2400m Light Snowfall",2017-01-29
13:00,1°C,-1°C,20°7 Km/h,,81%,-2°C,1018.0mb,,"document.write(Icons.GetShortDescription(26, 'CurrentWeather'));  Scattered Clouds at 150m, Broken Clouds at 610m, Cloudy at 2400m Light Rain and Snowfall",2017-01-29
14:00,1°C,-1°C,360°6 Km/h,,81%,-2°C,1017.0mb,,"document.write(Icons.GetShortDescription(26, 'CurrentWeather'));  Scattered Clouds at 150m, Broken Clouds at 610m, Cloudy at 2400m Light Rain and Snowfall",2017-01-29
15:00,0°C,-2°C,330°6 Km/h,,87%,-2°C,1017.0mb,,"document.write(Icons.GetShortDescription(26, 'CurrentWeather'));  Scattered Clouds at 150m, Broken Clouds at 610m, Cloudy at 2400m Light Rain and Snowfall",2017-01-29
15:17,0°C,-3°C,330°9 Km/h,,87%,-2°C,1017.0mb,,"document.write(Icons.GetShortDescription(26, 'CurrentWeather'));  Scattered Clouds at 90m, Broken Clouds at 610m, Cloudy at 2400m Snowfall",2017-01-29
16:00,0°C,-3°C,330°9 Km/h,,87%,-2°C,1016.0mb,,"document.write(Icons.GetShortDescription(26, 'CurrentWeather'));  Scattered Clouds at 90m, Broken Clouds at 610m, Cloudy at 2400m Light Snowfall",2017-01-29
17:00,0°C,-3°C,330°9 Km/h,,87%,-2°C,1017.0mb,,"document.write(Icons.GetShortDescription(26, 'CurrentWeather'));  Scattered Clouds at 150m, Broken Clouds at 610m, Cloudy at 2400m Light Rain and Snowfall",2017-01-29
18:00,0°C,-4°C,330°11 Km/h,,87%,-2°C,1017.0mb,,"document.write(Icons.GetShortDescription(26, 'CurrentWeather'));  Scattered Clouds at 150m, Broken Clouds at 610m, Cloudy at 2400m Light Rain and Snowfall",2017-01-29
19:00,0°C,-4°C,330°11 Km/h,,87%,-2°C,1017.0mb,,"document.write(Icons.GetShortDescription(26, 'CurrentWeather'));  Scattered Clouds at 150m, Broken Clouds at 610m, Cloudy at 2400m Light Snowfall",2017-01-29
20:00,0°C,-6°C,340°24 Km/h,,87%,-2°C,1017.0mb,,"document.write(Icons.GetShortDescription(26, 'CurrentWeather'));  Scattered Clouds at 150m, Broken Clouds at 610m, Cloudy at 2400m Light Snowfall",2017-01-29
20:33,0°C,-6°C,340°22 Km/h,,87%,-2°C,1017.0mb,,"document.write(Icons.GetShortDescription(26, 'CurrentWeather'));  Scattered Clouds at 150m, Broken Clouds at 610m, Cloudy at 2400m Light Snowfall",2017-01-29
21:00,0°C,-5°C,330°17 Km/h,,87%,-2°C,1017.0mb,,"document.write(Icons.GetShortDescription(26, 'CurrentWeather'));  Scattered Clouds at 150m, Broken Clouds at 610m, Cloudy at 2400m Light Snowfall",2017-01-29
22:00,0°C,-4°C,320°11 Km/h,,80%,-3°C,1017.0mb,,"document.write(Icons.GetShortDescription(26, 'CurrentWeather'));  Few Clouds at 210m, Broken Clouds at 760m, Cloudy at 2400m Light Snowfall, Haze",2017-01-29
22:22,0°C,-4°C,320°11 Km/h,,80%,-3°C,1018.0mb,,"document.write(Icons.GetShortDescription(4, 'CurrentWeather'));  Few Clouds at 460m, Broken Clouds at 910m, Cloudy at 2700m",2017-01-29
23:00,0°C,-4°C,310°11 Km/h,,87%,-2°C,1018.0mb,,"document.write(Icons.GetShortDescription(4, 'CurrentWeather'));  Few Clouds at 460m, Broken Clouds at 910m, Cloudy at 2700m",2017-01-29
