Time,Temperature,Relative Temperature,Wind,Wind Gust,Rel. humidity,Dew Point,Pressure,Icon,DescriptionDetails,date
00:00,16°C,16°C,330°2 Km/h,,77%,12°C,1013.0mb,,"document.write(Icons.GetShortDescription(1, 'CurrentWeather'));",2017-09-22
01:00,15°C,15°C,310°4 Km/h,,77%,11°C,1013.0mb,,"document.write(Icons.GetShortDescription(1, 'CurrentWeather'));",2017-09-22
02:00,15°C,15°C,340°6 Km/h,,82%,12°C,1013.0mb,,"document.write(Icons.GetShortDescription(1, 'CurrentWeather'));",2017-09-22
03:00,15°C,15°C,310°9 Km/h,,82%,12°C,1013.0mb,,"document.write(Icons.GetShortDescription(1, 'CurrentWeather'));",2017-09-22
04:00,15°C,15°C,340°2 Km/h,,82%,12°C,1013.0mb,,"document.write(Icons.GetShortDescription(2, 'CurrentWeather'));  Few Clouds at 1200m, Scattered Clouds at 5500m",2017-09-22
05:00,14°C,14°C,310°4 Km/h,,82%,11°C,1013.0mb,,"document.write(Icons.GetShortDescription(2, 'CurrentWeather'));  Few Clouds at 1200m",2017-09-22
06:00,14°C,14°C,330°6 Km/h,,82%,11°C,1013.0mb,,"document.write(Icons.GetShortDescription(2, 'CurrentWeather'));  Few Clouds at 1200m",2017-09-22
07:00,15°C,15°C,20°6 Km/h,,82%,12°C,1013.0mb,,"document.write(Icons.GetShortDescription(2, 'CurrentWeather'));  Few Clouds at 1200m, Scattered Clouds at 5500m",2017-09-22
08:00,17°C,17°C,350°6 Km/h,,83%,14°C,1013.0mb,,"document.write(Icons.GetShortDescription(1, 'CurrentWeather'));",2017-09-22
09:00,20°C,20°C,10°4 Km/h,,73%,15°C,1014.0mb,,"document.write(Icons.GetShortDescription(1, 'CurrentWeather'));",2017-09-22
10:00,23°C,23°C,140°6 Km/h,,61%,15°C,1013.0mb,,"document.write(Icons.GetShortDescription(1, 'CurrentWeather'));",2017-09-22
11:00,24°C,24°C,180°7 Km/h,,54%,14°C,1013.0mb,,"document.write(Icons.GetShortDescription(1, 'CurrentWeather'));",2017-09-22
12:00,24°C,24°C,200°11 Km/h,,47%,12°C,1013.0mb,,"document.write(Icons.GetShortDescription(3, 'CurrentWeather'));  Few Clouds at 1200m, Broken Clouds at 5500m",2017-09-22
13:00,26°C,26°C,240°13 Km/h,,42%,12°C,1013.0mb,,"document.write(Icons.GetShortDescription(3, 'CurrentWeather'));  Few Clouds at 1200m, Broken Clouds at 5500m",2017-09-22
14:00,25°C,25°C,250°17 Km/h,,42%,11°C,1012.0mb,,"document.write(Icons.GetShortDescription(3, 'CurrentWeather'));  Few Clouds at 1200m, Broken Clouds at 5500m",2017-09-22
15:00,25°C,25°C,240°17 Km/h,,42%,11°C,1012.0mb,,"document.write(Icons.GetShortDescription(3, 'CurrentWeather'));  Few Clouds at 1200m, Broken Clouds at 5500m",2017-09-22
16:00,25°C,25°C,230°13 Km/h,,44%,12°C,1011.0mb,,"document.write(Icons.GetShortDescription(2, 'CurrentWeather'));  Few Clouds at 1200m",2017-09-22
17:00,24°C,24°C,240°15 Km/h,,47%,12°C,1012.0mb,,"document.write(Icons.GetShortDescription(2, 'CurrentWeather'));  Few Clouds at 1200m",2017-09-22
18:00,22°C,21°C,240°11 Km/h,,47%,10°C,1012.0mb,,"document.write(Icons.GetShortDescription(1, 'CurrentWeather'));",2017-09-22
19:00,20°C,20°C,290°7 Km/h,,60%,12°C,1012.0mb,,"document.write(Icons.GetShortDescription(1, 'CurrentWeather'));",2017-09-22
20:00,19°C,19°C,300°6 Km/h,,68%,13°C,1013.0mb,,"document.write(Icons.GetShortDescription(1, 'CurrentWeather'));",2017-09-22
21:00,19°C,19°C,300°9 Km/h,,68%,13°C,1014.0mb,,"document.write(Icons.GetShortDescription(1, 'CurrentWeather'));",2017-09-22
22:00,19°C,19°C,310°4 Km/h,,60%,11°C,1014.0mb,,"document.write(Icons.GetShortDescription(1, 'CurrentWeather'));",2017-09-22
23:00,17°C,17°C,50°2 Km/h,,68%,11°C,1014.0mb,,"document.write(Icons.GetShortDescription(1, 'CurrentWeather'));",2017-09-22
