Time,Temperature,Relative Temperature,Wind,Wind Gust,Rel. humidity,Dew Point,Pressure,Icon,DescriptionDetails,date
00:00,-4°C,-4°C,340°2 Km/h,,69%,-9°C,1027.0mb,,"document.write(Icons.GetShortDescription(1, 'CurrentWeather'));",2017-11-25
01:00,-5°C,-5°C,210°2 Km/h,,74%,-9°C,1027.0mb,,"document.write(Icons.GetShortDescription(2, 'CurrentWeather'));  Few Clouds at 1200m",2017-11-25
02:00,-5°C,-5°C,50°4 Km/h,,74%,-9°C,1027.0mb,,"document.write(Icons.GetShortDescription(2, 'CurrentWeather'));  Few Clouds at 1200m",2017-11-25
03:00,-5°C,-5°C,Calm,,74%,-9°C,1027.0mb,,"document.write(Icons.GetShortDescription(2, 'CurrentWeather'));  Few Clouds at 1200m, Scattered Clouds at 2400m",2017-11-25
04:00,-4°C,-7°C,180°7 Km/h,,69%,-9°C,1027.0mb,,"document.write(Icons.GetShortDescription(2, 'CurrentWeather'));  Few Clouds at 1200m, Scattered Clouds at 2400m",2017-11-25
05:00,-1°C,-5°C,150°11 Km/h,,69%,-6°C,1027.0mb,,"document.write(Icons.GetShortDescription(3, 'CurrentWeather'));  Few Clouds at 910m, Broken Clouds at 2400m",2017-11-25
06:00,0°C,-3°C,140°9 Km/h,,64%,-6°C,1026.0mb,,"document.write(Icons.GetShortDescription(26, 'CurrentWeather'));  Broken Clouds at 910m Light Rain and Snowfall",2017-11-25
07:00,-1°C,-4°C,150°9 Km/h,,64%,-7°C,1026.0mb,,"document.write(Icons.GetShortDescription(2, 'CurrentWeather'));  Scattered Clouds at 1200m",2017-11-25
08:00,0°C,-3°C,160°9 Km/h,,64%,-6°C,1026.0mb,,"document.write(Icons.GetShortDescription(2, 'CurrentWeather'));  Few Clouds at 1200m, Scattered Clouds at 2400m",2017-11-25
09:00,2°C,-1°C,160°11 Km/h,,65%,-4°C,1026.0mb,,"document.write(Icons.GetShortDescription(2, 'CurrentWeather'));  Few Clouds at 1200m, Scattered Clouds at 2400m",2017-11-25
10:00,4°C,0°C,170°17 Km/h,,56%,-4°C,1025.0mb,,"document.write(Icons.GetShortDescription(7, 'CurrentWeather'));  Broken Clouds at 1200m, Cloudy at 2400m Light Rain",2017-11-25
11:00,4°C,-1°C,180°26 Km/h,,70%,-1°C,1025.0mb,,"document.write(Icons.GetShortDescription(2, 'CurrentWeather'));  Scattered Clouds at 910m, Scattered Clouds at 3000m",2017-11-25
12:00,7°C,3°C,180°26 Km/h,,61%,0°C,1023.0mb,,"document.write(Icons.GetShortDescription(2, 'CurrentWeather'));  Few Clouds at 910m, Scattered Clouds at 3000m",2017-11-25
13:00,7°C,4°C,190°19 Km/h,,61%,0°C,1021.0mb,,"document.write(Icons.GetShortDescription(7, 'CurrentWeather'));  Scattered Clouds at 760m, Cloudy at 2400m Light Rain",2017-11-25
13:28,7°C,3°C,210°24 Km/h,,61%,0°C,1021.0mb,,"document.write(Icons.GetShortDescription(7, 'CurrentWeather'));  Scattered Clouds at 760m, Cloudy at 2400m Light Rain, Haze",2017-11-25
13:42,6°C,2°C,200°20 Km/h,,66%,0°C,1021.0mb,,"document.write(Icons.GetShortDescription(7, 'CurrentWeather'));  Scattered Clouds at 760m, Cloudy at 2400m Light Rain",2017-11-25
13:54,6°C,2°C,200°22 Km/h,,71%,1°C,1021.0mb,,"document.write(Icons.GetShortDescription(7, 'CurrentWeather'));  Few Clouds at 300m, Scattered Clouds at 760m, Cloudy at 2400m Light Rain, Haze",2017-11-25
14:00,6°C,3°C,200°19 Km/h,,71%,1°C,1021.0mb,,"document.write(Icons.GetShortDescription(7, 'CurrentWeather'));  Few Clouds at 300m, Scattered Clouds at 760m, Cloudy at 2400m Light Rain, Haze",2017-11-25
14:20,6°C,2°C,200°20 Km/h,,71%,1°C,1020.0mb,,"document.write(Icons.GetShortDescription(7, 'CurrentWeather'));  Scattered Clouds at 300m, Broken Clouds at 760m, Cloudy at 2400m Light Rain, Haze",2017-11-25
14:47,5°C,5°C,190°2 Km/h,,81%,2°C,1020.0mb,,"document.write(Icons.GetShortDescription(10, 'CurrentWeather'));  Few Cumulonimbus Clouds at 300m, Scattered Clouds at 300m, Broken Clouds at 760m, Cloudy at 2400m Light Rain with Thunderstorm, Haze",2017-11-25
15:00,5°C,3°C,230°7 Km/h,,81%,2°C,1020.0mb,,"document.write(Icons.GetShortDescription(10, 'CurrentWeather'));  Few Cumulonimbus Clouds at 300m, Scattered Clouds at 460m, Broken Clouds at 760m, Cloudy at 2400m Rain with Thunderstorm, Haze",2017-11-25
15:13,6°C,3°C,190°17 Km/h,,76%,2°C,1020.0mb,,"document.write(Icons.GetShortDescription(10, 'CurrentWeather'));  Few Cumulonimbus Clouds at 300m, Scattered Clouds at 460m, Broken Clouds at 760m, Cloudy at 2400m Rain with Thunderstorm, Haze",2017-11-25
15:26,5°C,1°C,230°20 Km/h,,81%,2°C,1020.0mb,,"document.write(Icons.GetShortDescription(10, 'CurrentWeather'));  Few Cumulonimbus Clouds at 300m, Scattered Clouds at 460m, Broken Clouds at 760m, Cloudy at 2400m Rain with Thunderstorm",2017-11-25
15:37,5°C,2°C,220°17 Km/h,,81%,2°C,1020.0mb,,"document.write(Icons.GetShortDescription(10, 'CurrentWeather'));  Few Cumulonimbus Clouds at 300m, Scattered Clouds at 460m, Broken Clouds at 760m, Cloudy at 2400m Light Rain with Thunderstorm, Haze",2017-11-25
16:24,6°C,3°C,220°17 Km/h,,81%,3°C,1020.0mb,,"document.write(Icons.GetShortDescription(10, 'CurrentWeather'));  Few Cumulonimbus Clouds at 300m, Scattered Clouds at 460m, Broken Clouds at 760m, Cloudy at 2400m Rain with Thunderstorm, Haze",2017-11-25
16:34,6°C,4°C,230°11 Km/h,,87%,4°C,1019.0mb,,"document.write(Icons.GetShortDescription(10, 'CurrentWeather'));  Few Cumulonimbus Clouds at 300m, Scattered Clouds at 460m, Broken Clouds at 760m, Cloudy at 2400m Light Rain with Thunderstorm, Haze",2017-11-25
17:00,7°C,4°C,220°20 Km/h,,81%,4°C,1019.0mb,,"document.write(Icons.GetShortDescription(10, 'CurrentWeather'));  Few Cumulonimbus Clouds at 300m, Scattered Clouds at 460m, Broken Clouds at 760m, Cloudy at 2400m Light Rain with Thunderstorm, Haze",2017-11-25
17:15,7°C,4°C,210°17 Km/h,,81%,4°C,1019.0mb,,"document.write(Icons.GetShortDescription(7, 'CurrentWeather'));  Scattered Clouds at 460m, Broken Clouds at 760m, Cloudy at 2400m Light Rain, Haze",2017-11-25
17:37,7°C,4°C,220°15 Km/h,,87%,5°C,1019.0mb,,"document.write(Icons.GetShortDescription(4, 'CurrentWeather'));  Broken Clouds at 760m, Cloudy at 2400m",2017-11-25
18:00,8°C,7°C,290°7 Km/h,,82%,5°C,1019.0mb,,"document.write(Icons.GetShortDescription(7, 'CurrentWeather'));  Few Clouds at 460m, Broken Clouds at 610m, Cloudy at 2400m Light Rain",2017-11-25
18:57,8°C,8°C,210°2 Km/h,,82%,5°C,1019.0mb,,"document.write(Icons.GetShortDescription(4, 'CurrentWeather'));  Few Clouds at 460m, Broken Clouds at 1100m, Cloudy at 2400m",2017-11-25
19:00,8°C,8°C,190°2 Km/h,,82%,5°C,1019.0mb,,"document.write(Icons.GetShortDescription(4, 'CurrentWeather'));  Few Clouds at 460m, Broken Clouds at 1100m, Cloudy at 2400m",2017-11-25
20:00,7°C,7°C,100°4 Km/h,,81%,4°C,1020.0mb,,"document.write(Icons.GetShortDescription(3, 'CurrentWeather'));  Broken Clouds at 1200m, Broken Clouds at 3000m",2017-11-25
21:00,6°C,6°C,360°4 Km/h,,87%,4°C,1021.0mb,,"document.write(Icons.GetShortDescription(3, 'CurrentWeather'));  Broken Clouds at 1200m, Broken Clouds at 3000m Partial Fog",2017-11-25
22:00,5°C,5°C,230°4 Km/h,,87%,3°C,1021.0mb,,"document.write(Icons.GetShortDescription(3, 'CurrentWeather'));  Few Clouds at 460m, Broken Clouds at 1200m Partial Fog",2017-11-25
23:00,5°C,5°C,50°2 Km/h,,81%,2°C,1021.0mb,,"document.write(Icons.GetShortDescription(3, 'CurrentWeather'));  Broken Clouds at 1200m Haze",2017-11-25
