Time,Temperature,Relative Temperature,Wind,Wind Gust,Rel. humidity,Dew Point,Pressure,Icon,DescriptionDetails,date
00:00,22°C,23°C,210°4 Km/h,,88%,20°C,1007.0mb,,"document.write(Icons.GetShortDescription(1, 'CurrentWeather'));",2017-08-25
01:00,22°C,22°C,330°2 Km/h,,83%,19°C,1007.0mb,,"document.write(Icons.GetShortDescription(2, 'CurrentWeather'));  Few Clouds at 300m, Scattered Clouds at 5500m",2017-08-25
02:00,21°C,21°C,330°4 Km/h,,88%,19°C,1008.0mb,,"document.write(Icons.GetShortDescription(2, 'CurrentWeather'));  Few Clouds at 300m Haze",2017-08-25
03:00,21°C,21°C,330°4 Km/h,,88%,19°C,1008.0mb,,"document.write(Icons.GetShortDescription(2, 'CurrentWeather'));  Few Clouds at 300m Haze",2017-08-25
04:00,21°C,21°C,330°2 Km/h,,88%,19°C,1008.0mb,,"document.write(Icons.GetShortDescription(2, 'CurrentWeather'));  Few Clouds at 300m Haze",2017-08-25
05:00,21°C,21°C,330°4 Km/h,,88%,19°C,1008.0mb,,"document.write(Icons.GetShortDescription(2, 'CurrentWeather'));  Few Clouds at 300m, Scattered Clouds at 6100m Haze",2017-08-25
06:00,21°C,21°C,330°4 Km/h,,88%,19°C,1008.0mb,,"document.write(Icons.GetShortDescription(3, 'CurrentWeather'));  Few Clouds at 300m, Broken Clouds at 6100m Partial Fog",2017-08-25
07:00,21°C,21°C,310°6 Km/h,,88%,19°C,1009.0mb,,"document.write(Icons.GetShortDescription(3, 'CurrentWeather'));  Few Clouds at 150m, Broken Clouds at 6100m Haze",2017-08-25
08:00,23°C,24°C,360°6 Km/h,,89%,21°C,1009.0mb,,"document.write(Icons.GetShortDescription(3, 'CurrentWeather'));  Few Clouds at 150m, Broken Clouds at 6100m Haze",2017-08-25
09:00,24°C,25°C,260°6 Km/h,,89%,22°C,1009.0mb,,"document.write(Icons.GetShortDescription(3, 'CurrentWeather'));  Scattered Clouds at 910m, Broken Clouds at 4600m Haze",2017-08-25
10:00,26°C,28°C,300°2 Km/h,,84%,23°C,1009.0mb,,"document.write(Icons.GetShortDescription(1, 'CurrentWeather'));",2017-08-25
11:00,27°C,29°C,320°4 Km/h,,74%,22°C,1009.0mb,,"document.write(Icons.GetShortDescription(1, 'CurrentWeather'));",2017-08-25
12:00,28°C,30°C,360°6 Km/h,,66%,21°C,1008.0mb,,"document.write(Icons.GetShortDescription(1, 'CurrentWeather'));",2017-08-25
13:00,29°C,29°C,330°7 Km/h,,43%,15°C,1008.0mb,,"document.write(Icons.GetShortDescription(1, 'CurrentWeather'));",2017-08-25
14:00,29°C,28°C,320°7 Km/h,,33%,11°C,1007.0mb,,"document.write(Icons.GetShortDescription(1, 'CurrentWeather'));",2017-08-25
15:00,30°C,29°C,300°7 Km/h,,31%,11°C,1007.0mb,,"document.write(Icons.GetShortDescription(1, 'CurrentWeather'));",2017-08-25
16:00,29°C,29°C,300°17 Km/h,,43%,15°C,1007.0mb,,"document.write(Icons.GetShortDescription(1, 'CurrentWeather'));",2017-08-25
17:00,28°C,28°C,280°19 Km/h,,42%,14°C,1007.0mb,,"document.write(Icons.GetShortDescription(1, 'CurrentWeather'));",2017-08-25
18:00,27°C,27°C,290°13 Km/h,,48%,15°C,1008.0mb,,"document.write(Icons.GetShortDescription(1, 'CurrentWeather'));",2017-08-25
19:00,25°C,25°C,270°11 Km/h,,57%,16°C,1008.0mb,,"document.write(Icons.GetShortDescription(2, 'CurrentWeather'));  Few Clouds at 1200m, Scattered Clouds at 4600m",2017-08-25
20:00,24°C,24°C,260°6 Km/h,,61%,16°C,1009.0mb,,"document.write(Icons.GetShortDescription(2, 'CurrentWeather'));  Few Clouds at 1200m, Scattered Clouds at 4600m",2017-08-25
21:00,23°C,23°C,300°7 Km/h,,61%,15°C,1010.0mb,,"document.write(Icons.GetShortDescription(1, 'CurrentWeather'));",2017-08-25
22:00,22°C,22°C,300°7 Km/h,,65%,15°C,1010.0mb,,"document.write(Icons.GetShortDescription(1, 'CurrentWeather'));",2017-08-25
23:00,20°C,20°C,20°6 Km/h,,69%,14°C,1010.0mb,,"document.write(Icons.GetShortDescription(1, 'CurrentWeather'));",2017-08-25
