Time,Temperature,Relative Temperature,Wind,Wind Gust,Rel. humidity,Dew Point,Pressure,Icon,DescriptionDetails,date
00:00,2°C,2°C,290°2 Km/h,,60%,-5°C,1020.0mb,,"document.write(Icons.GetShortDescription(1, 'CurrentWeather'));",2017-03-26
01:00,2°C,2°C,350°4 Km/h,,65%,-4°C,1020.0mb,,"document.write(Icons.GetShortDescription(1, 'CurrentWeather'));",2017-03-26
02:00,3°C,3°C,310°2 Km/h,,65%,-3°C,1019.0mb,,"document.write(Icons.GetShortDescription(1, 'CurrentWeather'));",2017-03-26
03:00,3°C,3°C,80°4 Km/h,,70%,-2°C,1019.0mb,,"document.write(Icons.GetShortDescription(1, 'CurrentWeather'));",2017-03-26
04:00,4°C,4°C,160°4 Km/h,,70%,-1°C,1019.0mb,,"document.write(Icons.GetShortDescription(1, 'CurrentWeather'));",2017-03-26
05:00,4°C,2°C,150°9 Km/h,,70%,-1°C,1018.0mb,,"document.write(Icons.GetShortDescription(1, 'CurrentWeather'));",2017-03-26
06:00,4°C,2°C,190°7 Km/h,,65%,-2°C,1018.0mb,,"document.write(Icons.GetShortDescription(1, 'CurrentWeather'));",2017-03-26
07:00,3°C,1°C,160°7 Km/h,,70%,-2°C,1018.0mb,,"document.write(Icons.GetShortDescription(1, 'CurrentWeather'));",2017-03-26
08:00,5°C,3°C,170°7 Km/h,,66%,-1°C,1019.0mb,,"document.write(Icons.GetShortDescription(1, 'CurrentWeather'));",2017-03-26
09:00,7°C,6°C,210°7 Km/h,,57%,-1°C,1019.0mb,,"document.write(Icons.GetShortDescription(1, 'CurrentWeather'));",2017-03-26
10:00,9°C,8°C,190°6 Km/h,,40%,-4°C,1019.0mb,,"document.write(Icons.GetShortDescription(1, 'CurrentWeather'));",2017-03-26
11:00,10°C,9°C,180°9 Km/h,,28%,-8°C,1019.0mb,,"document.write(Icons.GetShortDescription(1, 'CurrentWeather'));",2017-03-26
12:00,10°C,8°C,250°13 Km/h,,32%,-6°C,1019.0mb,,"document.write(Icons.GetShortDescription(3, 'CurrentWeather'));  Few Clouds at 1100m, Broken Clouds at 3700m",2017-03-26
13:00,11°C,11°C,250°17 Km/h,,35%,-4°C,1018.0mb,,"document.write(Icons.GetShortDescription(3, 'CurrentWeather'));  Few Clouds at 1100m, Broken Clouds at 3700m",2017-03-26
14:00,11°C,11°C,250°17 Km/h,,28%,-7°C,1017.0mb,,"document.write(Icons.GetShortDescription(3, 'CurrentWeather'));  Few Clouds at 1100m, Broken Clouds at 3700m",2017-03-26
15:00,10°C,8°C,250°17 Km/h,,32%,-6°C,1017.0mb,,"document.write(Icons.GetShortDescription(3, 'CurrentWeather'));  Few Clouds at 1100m, Broken Clouds at 3700m",2017-03-26
16:00,9°C,6°C,290°20 Km/h,,43%,-3°C,1017.0mb,,"document.write(Icons.GetShortDescription(3, 'CurrentWeather'));  Few Clouds at 1100m, Broken Clouds at 3700m",2017-03-26
17:00,8°C,6°C,260°13 Km/h,,43%,-4°C,1017.0mb,,"document.write(Icons.GetShortDescription(3, 'CurrentWeather'));  Few Clouds at 1100m, Broken Clouds at 3700m",2017-03-26
18:00,7°C,4°C,290°15 Km/h,,57%,-1°C,1018.0mb,,"document.write(Icons.GetShortDescription(4, 'CurrentWeather'));  Few Clouds at 910m, Cloudy at 3400m",2017-03-26
19:00,6°C,4°C,270°9 Km/h,,66%,0°C,1018.0mb,,"document.write(Icons.GetShortDescription(4, 'CurrentWeather'));  Few Clouds at 910m, Cloudy at 3400m",2017-03-26
20:00,6°C,4°C,240°7 Km/h,,66%,0°C,1018.0mb,,"document.write(Icons.GetShortDescription(4, 'CurrentWeather'));  Few Clouds at 910m, Cloudy at 3400m Haze",2017-03-26
21:00,6°C,4°C,280°7 Km/h,,66%,0°C,1019.0mb,,"document.write(Icons.GetShortDescription(4, 'CurrentWeather'));  Few Clouds at 910m, Cloudy at 3400m Haze",2017-03-26
22:00,6°C,4°C,230°7 Km/h,,71%,1°C,1019.0mb,,"document.write(Icons.GetShortDescription(4, 'CurrentWeather'));  Few Clouds at 300m, Scattered Clouds at 1200m, Cloudy at 3400m Haze",2017-03-26
23:00,6°C,5°C,250°6 Km/h,,71%,1°C,1019.0mb,,"document.write(Icons.GetShortDescription(4, 'CurrentWeather'));  Few Clouds at 300m, Scattered Clouds at 910m, Cloudy at 3400m Haze",2017-03-26
