Time,Temperature,Relative Temperature,Wind,Wind Gust,Rel. humidity,Dew Point,Pressure,Icon,DescriptionDetails,date
00:00,-5°C,-12°C,320°20 Km/h,,42%,-16°C,1026.0mb,,"document.write(Icons.GetShortDescription(1, 'CurrentWeather'));",2017-02-18
01:00,-6°C,-11°C,340°11 Km/h,,45%,-16°C,1027.0mb,,"document.write(Icons.GetShortDescription(1, 'CurrentWeather'));",2017-02-18
02:00,-6°C,-10°C,330°7 Km/h,,45%,-16°C,1027.0mb,,"document.write(Icons.GetShortDescription(1, 'CurrentWeather'));",2017-02-18
03:00,-6°C,-6°C,Calm,,45%,-16°C,1027.0mb,,"document.write(Icons.GetShortDescription(1, 'CurrentWeather'));",2017-02-18
04:00,-6°C,-6°C,270°4 Km/h,,45%,-16°C,1026.0mb,,"document.write(Icons.GetShortDescription(1, 'CurrentWeather'));",2017-02-18
05:00,-6°C,-9°C,260°6 Km/h,,45%,-16°C,1026.0mb,,"document.write(Icons.GetShortDescription(1, 'CurrentWeather'));",2017-02-18
06:00,-6°C,-9°C,280°6 Km/h,,45%,-16°C,1026.0mb,,"document.write(Icons.GetShortDescription(1, 'CurrentWeather'));",2017-02-18
07:00,-7°C,-10°C,310°6 Km/h,,45%,-17°C,1026.0mb,,"document.write(Icons.GetShortDescription(1, 'CurrentWeather'));",2017-02-18
08:00,-6°C,-10°C,320°7 Km/h,,49%,-15°C,1027.0mb,,"document.write(Icons.GetShortDescription(1, 'CurrentWeather'));",2017-02-18
09:00,-4°C,-9°C,340°15 Km/h,,39%,-16°C,1027.0mb,,"document.write(Icons.GetShortDescription(1, 'CurrentWeather'));",2017-02-18
10:00,-3°C,-7°C,320°9 Km/h,,36%,-16°C,1027.0mb,,"document.write(Icons.GetShortDescription(1, 'CurrentWeather'));",2017-02-18
11:00,-2°C,-6°C,310°11 Km/h,,29%,-18°C,1027.0mb,,"document.write(Icons.GetShortDescription(1, 'CurrentWeather'));",2017-02-18
12:00,-1°C,-4°C,320°9 Km/h,,29%,-17°C,1027.0mb,,"document.write(Icons.GetShortDescription(1, 'CurrentWeather'));",2017-02-18
13:00,1°C,-3°C,340°13 Km/h,,25%,-17°C,1026.0mb,,"document.write(Icons.GetShortDescription(1, 'CurrentWeather'));",2017-02-18
14:00,2°C,-2°C,360°15 Km/h,,21%,-18°C,1025.0mb,,"document.write(Icons.GetShortDescription(1, 'CurrentWeather'));",2017-02-18
15:00,3°C,-1°C,270°15 Km/h,,26%,-15°C,1025.0mb,,"document.write(Icons.GetShortDescription(1, 'CurrentWeather'));",2017-02-18
16:00,2°C,-3°C,270°20 Km/h,,30%,-14°C,1025.0mb,,"document.write(Icons.GetShortDescription(1, 'CurrentWeather'));",2017-02-18
17:00,1°C,-4°C,270°20 Km/h,,41%,-11°C,1025.0mb,,"document.write(Icons.GetShortDescription(1, 'CurrentWeather'));",2017-02-18
18:00,1°C,-3°C,270°15 Km/h,,48%,-9°C,1025.0mb,,"document.write(Icons.GetShortDescription(2, 'CurrentWeather'));  Few Clouds at 910m",2017-02-18
19:00,0°C,-4°C,250°11 Km/h,,55%,-8°C,1026.0mb,,"document.write(Icons.GetShortDescription(2, 'CurrentWeather'));  Few Clouds at 910m",2017-02-18
20:00,0°C,-4°C,260°11 Km/h,,55%,-8°C,1026.0mb,,"document.write(Icons.GetShortDescription(1, 'CurrentWeather'));",2017-02-18
21:00,0°C,-3°C,260°9 Km/h,,60%,-7°C,1026.0mb,,"document.write(Icons.GetShortDescription(1, 'CurrentWeather'));",2017-02-18
22:00,-1°C,-3°C,270°6 Km/h,,64%,-7°C,1026.0mb,,"document.write(Icons.GetShortDescription(1, 'CurrentWeather'));",2017-02-18
23:00,-2°C,-4°C,300°6 Km/h,,69%,-7°C,1026.0mb,,"document.write(Icons.GetShortDescription(1, 'CurrentWeather'));",2017-02-18
