Time,Temperature,Relative Temperature,Wind,Wind Gust,Rel. humidity,Dew Point,Pressure,Icon,DescriptionDetails,date
00:00,2°C,0°C,20°7 Km/h,,81%,-1°C,1015.0mb,,"document.write(Icons.GetShortDescription(2, 'CurrentWeather'));  Few Clouds at 300m, Scattered Clouds at 910m Haze",2018-04-09
01:00,1°C,-2°C,340°11 Km/h,,81%,-2°C,1016.0mb,,"document.write(Icons.GetShortDescription(2, 'CurrentWeather'));  Few Clouds at 300m, Scattered Clouds at 910m Haze",2018-04-09
02:00,0°C,-3°C,330°9 Km/h,,87%,-2°C,1017.0mb,,"document.write(Icons.GetShortDescription(2, 'CurrentWeather'));  Few Clouds at 910m Haze",2018-04-09
03:00,0°C,-3°C,330°9 Km/h,,87%,-2°C,1017.0mb,,"document.write(Icons.GetShortDescription(2, 'CurrentWeather'));  Few Clouds at 150m Partial Fog",2018-04-09
03:33,0°C,-3°C,330°7 Km/h,,87%,-2°C,1017.0mb,,"document.write(Icons.GetShortDescription(2, 'CurrentWeather'));  Few Clouds at 150m Partial Fog",2018-04-09
04:00,0°C,-3°C,320°7 Km/h,,87%,-2°C,1017.0mb,,"document.write(Icons.GetShortDescription(3, 'CurrentWeather'));  Broken Clouds at 30m Fog",2018-04-09
04:11,0°C,-3°C,330°7 Km/h,,87%,-2°C,1017.0mb,,"document.write(Icons.GetShortDescription(4, 'CurrentWeather'));  Limited visibility at 30m Fog",2018-04-09
05:00,1°C,-1°C,10°7 Km/h,,81%,-2°C,1017.0mb,,"document.write(Icons.GetShortDescription(4, 'CurrentWeather'));  Limited visibility at 30m Fog",2018-04-09
06:00,0°C,-2°C,350°6 Km/h,,87%,-2°C,1018.0mb,,"document.write(Icons.GetShortDescription(4, 'CurrentWeather'));  Limited visibility at 30m Fog",2018-04-09
07:00,0°C,-3°C,350°7 Km/h,,93%,-1°C,1019.0mb,,"document.write(Icons.GetShortDescription(4, 'CurrentWeather'));  Limited visibility at 30m Fog",2018-04-09
07:43,1°C,-2°C,340°9 Km/h,,87%,-1°C,1020.0mb,,"document.write(Icons.GetShortDescription(4, 'CurrentWeather'));  Limited visibility at 30m Fog",2018-04-09
08:00,1°C,-1°C,340°7 Km/h,,87%,-1°C,1020.0mb,,"document.write(Icons.GetShortDescription(4, 'CurrentWeather'));  Limited visibility at 30m Fog",2018-04-09
08:39,1°C,-1°C,60°7 Km/h,,93%,0°C,1020.0mb,,"document.write(Icons.GetShortDescription(3, 'CurrentWeather'));  Broken Clouds at 30m Haze",2018-04-09
09:00,1°C,-1°C,70°7 Km/h,,93%,0°C,1020.0mb,,"document.write(Icons.GetShortDescription(3, 'CurrentWeather'));  Broken Clouds at 60m Haze",2018-04-09
09:51,3°C,2°C,50°6 Km/h,,87%,1°C,1020.0mb,,"document.write(Icons.GetShortDescription(3, 'CurrentWeather'));  Broken Clouds at 240m Haze",2018-04-09
10:00,4°C,3°C,70°6 Km/h,,87%,2°C,1020.0mb,,"document.write(Icons.GetShortDescription(3, 'CurrentWeather'));  Scattered Clouds at 460m, Broken Clouds at 5500m Haze",2018-04-09
10:30,5°C,5°C,320°4 Km/h,,87%,3°C,1020.0mb,,"document.write(Icons.GetShortDescription(2, 'CurrentWeather'));  Few Clouds at 460m, Scattered Clouds at 5500m",2018-04-09
11:00,7°C,7°C,240°4 Km/h,,76%,3°C,1021.0mb,,"document.write(Icons.GetShortDescription(1, 'CurrentWeather'));",2018-04-09
12:00,10°C,10°C,260°4 Km/h,,67%,4°C,1020.0mb,,"document.write(Icons.GetShortDescription(1, 'CurrentWeather'));",2018-04-09
13:00,12°C,12°C,220°7 Km/h,,47%,1°C,1019.0mb,,"document.write(Icons.GetShortDescription(1, 'CurrentWeather'));",2018-04-09
14:00,14°C,14°C,210°6 Km/h,,36%,-1°C,1019.0mb,,"document.write(Icons.GetShortDescription(1, 'CurrentWeather'));",2018-04-09
15:00,14°C,14°C,30°6 Km/h,,33%,-2°C,1018.0mb,,"document.write(Icons.GetShortDescription(1, 'CurrentWeather'));",2018-04-09
16:00,14°C,14°C,310°9 Km/h,,29%,-4°C,1018.0mb,,"document.write(Icons.GetShortDescription(1, 'CurrentWeather'));",2018-04-09
17:00,15°C,15°C,130°4 Km/h,,27%,-4°C,1017.0mb,,"document.write(Icons.GetShortDescription(1, 'CurrentWeather'));",2018-04-09
18:00,14°C,14°C,280°4 Km/h,,27%,-5°C,1016.0mb,,"document.write(Icons.GetShortDescription(1, 'CurrentWeather'));",2018-04-09
19:00,12°C,12°C,20°2 Km/h,,33%,-4°C,1017.0mb,,"document.write(Icons.GetShortDescription(1, 'CurrentWeather'));",2018-04-09
20:00,11°C,11°C,330°6 Km/h,,44%,-1°C,1017.0mb,,"document.write(Icons.GetShortDescription(1, 'CurrentWeather'));",2018-04-09
21:00,10°C,9°C,70°7 Km/h,,47%,-1°C,1017.0mb,,"document.write(Icons.GetShortDescription(1, 'CurrentWeather'));",2018-04-09
22:00,8°C,8°C,10°4 Km/h,,57%,0°C,1017.0mb,,"document.write(Icons.GetShortDescription(1, 'CurrentWeather'));",2018-04-09
23:00,7°C,7°C,230°4 Km/h,,61%,0°C,1017.0mb,,"document.write(Icons.GetShortDescription(1, 'CurrentWeather'));",2018-04-09
