Time,Temperature,Relative Temperature,Wind,Wind Gust,Rel. humidity,Dew Point,Pressure,Icon,DescriptionDetails,date
00:00,-6°C,-9°C,150°6 Km/h,,42%,-17°C,1032.0mb,,"document.write(Icons.GetShortDescription(26, 'CurrentWeather'));  Broken Clouds at 760m Light Snowfall",2018-01-13
01:00,-6°C,-10°C,160°7 Km/h,,45%,-16°C,1032.0mb,,"document.write(Icons.GetShortDescription(26, 'CurrentWeather'));  Broken Clouds at 910m Light Snowfall",2018-01-13
02:00,-6°C,-9°C,190°6 Km/h,,45%,-16°C,1031.0mb,,"document.write(Icons.GetShortDescription(26, 'CurrentWeather'));  Broken Clouds at 910m Light Snowfall",2018-01-13
03:00,-6°C,-9°C,180°6 Km/h,,45%,-16°C,1032.0mb,,"document.write(Icons.GetShortDescription(3, 'CurrentWeather'));  Broken Clouds at 1100m",2018-01-13
04:00,-6°C,-9°C,190°6 Km/h,,54%,-14°C,1031.0mb,,"document.write(Icons.GetShortDescription(26, 'CurrentWeather'));  Broken Clouds at 760m Light Snowfall",2018-01-13
05:00,-5°C,-8°C,120°7 Km/h,,50%,-14°C,1031.0mb,,"document.write(Icons.GetShortDescription(26, 'CurrentWeather'));  Few Clouds at 460m, Broken Clouds at 760m Light Snowfall",2018-01-13
06:00,-6°C,-10°C,120°9 Km/h,,58%,-13°C,1031.0mb,,"document.write(Icons.GetShortDescription(26, 'CurrentWeather'));  Few Clouds at 460m, Broken Clouds at 760m Light Snowfall",2018-01-13
07:00,-6°C,-11°C,130°11 Km/h,,63%,-12°C,1031.0mb,,"document.write(Icons.GetShortDescription(26, 'CurrentWeather'));  Few Clouds at 460m, Broken Clouds at 760m Light Snowfall",2018-01-13
07:15,-6°C,-11°C,140°11 Km/h,,63%,-12°C,1031.0mb,,"document.write(Icons.GetShortDescription(26, 'CurrentWeather'));  Few Clouds at 460m, Broken Clouds at 760m Light Snowfall, Haze",2018-01-13
07:26,-6°C,-10°C,120°9 Km/h,,63%,-12°C,1031.0mb,,"document.write(Icons.GetShortDescription(26, 'CurrentWeather'));  Few Clouds at 460m, Broken Clouds at 760m Light Snowfall, Haze",2018-01-13
08:00,-6°C,-9°C,130°6 Km/h,,68%,-11°C,1032.0mb,,"document.write(Icons.GetShortDescription(26, 'CurrentWeather'));  Few Clouds at 460m, Broken Clouds at 910m Light Snowfall, Haze",2018-01-13
08:35,-6°C,-10°C,100°7 Km/h,,68%,-11°C,1032.0mb,,"document.write(Icons.GetShortDescription(26, 'CurrentWeather'));  Few Clouds at 460m, Broken Clouds at 910m Light Snowfall, Haze",2018-01-13
09:00,-5°C,-8°C,120°7 Km/h,,68%,-10°C,1032.0mb,,"document.write(Icons.GetShortDescription(26, 'CurrentWeather'));  Few Clouds at 460m, Broken Clouds at 760m Light Snowfall, Haze",2018-01-13
10:00,-4°C,-6°C,160°6 Km/h,,69%,-9°C,1032.0mb,,"document.write(Icons.GetShortDescription(26, 'CurrentWeather'));  Broken Clouds at 1100m Light Snowfall, Haze",2018-01-13
11:00,-3°C,-7°C,160°9 Km/h,,69%,-8°C,1033.0mb,,"document.write(Icons.GetShortDescription(3, 'CurrentWeather'));  Broken Clouds at 760m Haze",2018-01-13
12:00,-3°C,-3°C,90°4 Km/h,,69%,-8°C,1032.0mb,,"document.write(Icons.GetShortDescription(3, 'CurrentWeather'));  Broken Clouds at 760m",2018-01-13
13:00,-2°C,-4°C,60°6 Km/h,,64%,-8°C,1032.0mb,,"document.write(Icons.GetShortDescription(3, 'CurrentWeather'));  Scattered Clouds at 460m, Broken Clouds at 760m",2018-01-13
14:00,-1°C,-1°C,110°4 Km/h,,64%,-7°C,1032.0mb,,"document.write(Icons.GetShortDescription(3, 'CurrentWeather'));  Few Clouds at 300m, Broken Clouds at 610m",2018-01-13
15:00,-1°C,-1°C,120°4 Km/h,,59%,-8°C,1032.0mb,,"document.write(Icons.GetShortDescription(3, 'CurrentWeather'));  Few Clouds at 300m, Broken Clouds at 610m",2018-01-13
16:00,0°C,-2°C,50°6 Km/h,,60%,-7°C,1032.0mb,,"document.write(Icons.GetShortDescription(3, 'CurrentWeather'));  Few Clouds at 300m, Broken Clouds at 610m",2018-01-13
17:00,-1°C,-3°C,60°6 Km/h,,64%,-7°C,1032.0mb,,"document.write(Icons.GetShortDescription(3, 'CurrentWeather'));  Few Clouds at 300m, Broken Clouds at 610m",2018-01-13
18:00,-2°C,-2°C,70°4 Km/h,,64%,-8°C,1032.0mb,,"document.write(Icons.GetShortDescription(2, 'CurrentWeather'));  Scattered Clouds at 760m Haze",2018-01-13
19:00,-3°C,-7°C,110°9 Km/h,,69%,-8°C,1032.0mb,,"document.write(Icons.GetShortDescription(2, 'CurrentWeather'));  Few Clouds at 1100m Haze",2018-01-13
20:00,-3°C,-6°C,110°7 Km/h,,69%,-8°C,1032.0mb,,"document.write(Icons.GetShortDescription(2, 'CurrentWeather'));  Few Clouds at 1100m Haze",2018-01-13
21:00,-5°C,-9°C,140°9 Km/h,,68%,-10°C,1033.0mb,,"document.write(Icons.GetShortDescription(1, 'CurrentWeather'));  Haze",2018-01-13
22:00,-3°C,-7°C,120°11 Km/h,,69%,-8°C,1033.0mb,,"document.write(Icons.GetShortDescription(1, 'CurrentWeather'));  Haze",2018-01-13
23:00,-5°C,-5°C,220°4 Km/h,,74%,-9°C,1033.0mb,,"document.write(Icons.GetShortDescription(1, 'CurrentWeather'));  Haze",2018-01-13
