Time,Temperature,Relative Temperature,Wind,Wind Gust,Rel. humidity,Dew Point,Pressure,Icon,DescriptionDetails,date
00:00,-6°C,-12°C,330°15 Km/h,,68%,-11°C,1018.0mb,,"document.write(Icons.GetShortDescription(2, 'CurrentWeather'));  Few Clouds at 910m",2018-01-23
01:00,-6°C,-12°C,320°17 Km/h,,68%,-11°C,1018.0mb,,"document.write(Icons.GetShortDescription(2, 'CurrentWeather'));  Few Clouds at 550m, Scattered Clouds at 910m",2018-01-23
02:00,-9°C,-18°C,310°31 Km/h,,48%,-18°C,1019.0mb,,"document.write(Icons.GetShortDescription(2, 'CurrentWeather'));  Few Clouds at 550m, Scattered Clouds at 910m",2018-01-23
03:00,-10°C,-16°C,310°13 Km/h,,44%,-20°C,1020.0mb,,"document.write(Icons.GetShortDescription(2, 'CurrentWeather'));  Few Clouds at 910m",2018-01-23
04:00,-11°C,-18°C,320°15 Km/h,,48%,-20°C,1020.0mb,,"document.write(Icons.GetShortDescription(1, 'CurrentWeather'));",2018-01-23
05:00,-11°C,-18°C,320°15 Km/h,,48%,-20°C,1021.0mb,,"document.write(Icons.GetShortDescription(1, 'CurrentWeather'));",2018-01-23
06:00,-12°C,-20°C,330°19 Km/h,,52%,-20°C,1022.0mb,,"document.write(Icons.GetShortDescription(1, 'CurrentWeather'));",2018-01-23
07:00,-13°C,-22°C,300°20 Km/h,,51%,-21°C,1024.0mb,,"document.write(Icons.GetShortDescription(1, 'CurrentWeather'));",2018-01-23
08:00,-14°C,-24°C,320°26 Km/h,,39%,-25°C,1025.0mb,,"document.write(Icons.GetShortDescription(1, 'CurrentWeather'));",2018-01-23
09:00,-13°C,-21°C,310°19 Km/h,,36%,-25°C,1026.0mb,,"document.write(Icons.GetShortDescription(1, 'CurrentWeather'));",2018-01-23
10:00,-12°C,-21°C,310°26 Km/h,,33%,-25°C,1027.0mb,,"document.write(Icons.GetShortDescription(1, 'CurrentWeather'));",2018-01-23
11:00,-12°C,-21°C,330°26 Km/h,,36%,-24°C,1027.0mb,,"document.write(Icons.GetShortDescription(1, 'CurrentWeather'));",2018-01-23
12:00,-12°C,-20°C,310°20 Km/h,,36%,-24°C,1027.0mb,,"document.write(Icons.GetShortDescription(1, 'CurrentWeather'));",2018-01-23
13:00,-11°C,-19°C,330°20 Km/h,,37%,-23°C,1026.0mb,,"document.write(Icons.GetShortDescription(1, 'CurrentWeather'));",2018-01-23
14:00,-10°C,-18°C,340°20 Km/h,,41%,-21°C,1025.0mb,,"document.write(Icons.GetShortDescription(1, 'CurrentWeather'));",2018-01-23
15:00,-10°C,-17°C,350°17 Km/h,,34%,-23°C,1025.0mb,,"document.write(Icons.GetShortDescription(1, 'CurrentWeather'));",2018-01-23
16:00,-11°C,-18°C,350°17 Km/h,,37%,-23°C,1025.0mb,,"document.write(Icons.GetShortDescription(1, 'CurrentWeather'));",2018-01-23
17:00,-11°C,-18°C,350°15 Km/h,,37%,-23°C,1025.0mb,,"document.write(Icons.GetShortDescription(1, 'CurrentWeather'));",2018-01-23
18:00,-12°C,-18°C,350°11 Km/h,,40%,-23°C,1025.0mb,,"document.write(Icons.GetShortDescription(1, 'CurrentWeather'));",2018-01-23
19:00,-13°C,-19°C,330°11 Km/h,,43%,-23°C,1026.0mb,,"document.write(Icons.GetShortDescription(1, 'CurrentWeather'));",2018-01-23
20:00,-13°C,-22°C,320°20 Km/h,,51%,-21°C,1026.0mb,,"document.write(Icons.GetShortDescription(1, 'CurrentWeather'));",2018-01-23
21:00,-14°C,-23°C,340°19 Km/h,,47%,-23°C,1027.0mb,,"document.write(Icons.GetShortDescription(1, 'CurrentWeather'));",2018-01-23
22:00,-14°C,-22°C,320°17 Km/h,,43%,-24°C,1027.0mb,,"document.write(Icons.GetShortDescription(1, 'CurrentWeather'));",2018-01-23
23:00,-14°C,-23°C,320°19 Km/h,,43%,-24°C,1028.0mb,,"document.write(Icons.GetShortDescription(1, 'CurrentWeather'));",2018-01-23
