Time,Temperature,Relative Temperature,Wind,Wind Gust,Rel. humidity,Dew Point,Pressure,Icon,DescriptionDetails,date
00:00,7°C,5°C,310°9 Km/h,,57%,-1°C,1017.0mb,,"document.write(Icons.GetShortDescription(1, 'CurrentWeather'));",2018-04-16
01:00,7°C,6°C,360°6 Km/h,,57%,-1°C,1018.0mb,,"document.write(Icons.GetShortDescription(1, 'CurrentWeather'));",2018-04-16
02:00,5°C,5°C,20°4 Km/h,,61%,-2°C,1018.0mb,,"document.write(Icons.GetShortDescription(1, 'CurrentWeather'));",2018-04-16
03:00,4°C,2°C,320°7 Km/h,,70%,-1°C,1018.0mb,,"document.write(Icons.GetShortDescription(1, 'CurrentWeather'));",2018-04-16
04:00,4°C,4°C,350°2 Km/h,,70%,-1°C,1018.0mb,,"document.write(Icons.GetShortDescription(1, 'CurrentWeather'));",2018-04-16
05:00,2°C,2°C,310°2 Km/h,,75%,-2°C,1018.0mb,,"document.write(Icons.GetShortDescription(1, 'CurrentWeather'));",2018-04-16
06:00,3°C,2°C,340°6 Km/h,,75%,-1°C,1019.0mb,,"document.write(Icons.GetShortDescription(1, 'CurrentWeather'));",2018-04-16
07:00,6°C,6°C,30°2 Km/h,,76%,2°C,1020.0mb,,"document.write(Icons.GetShortDescription(1, 'CurrentWeather'));",2018-04-16
08:00,9°C,9°C,40°2 Km/h,,66%,3°C,1020.0mb,,"document.write(Icons.GetShortDescription(1, 'CurrentWeather'));",2018-04-16
09:00,11°C,11°C,70°2 Km/h,,50%,1°C,1021.0mb,,"document.write(Icons.GetShortDescription(1, 'CurrentWeather'));",2018-04-16
10:00,12°C,12°C,50°6 Km/h,,41%,-1°C,1021.0mb,,"document.write(Icons.GetShortDescription(2, 'CurrentWeather'));  Few Clouds at 1200m",2018-04-16
11:00,14°C,14°C,340°7 Km/h,,33%,-2°C,1021.0mb,,"document.write(Icons.GetShortDescription(2, 'CurrentWeather'));  Few Clouds at 1200m",2018-04-16
12:00,15°C,15°C,300°9 Km/h,,29%,-3°C,1021.0mb,,"document.write(Icons.GetShortDescription(2, 'CurrentWeather'));  Few Clouds at 1200m",2018-04-16
13:00,16°C,16°C,350°9 Km/h,,27%,-3°C,1020.0mb,,"document.write(Icons.GetShortDescription(2, 'CurrentWeather'));  Few Clouds at 1200m",2018-04-16
14:00,18°C,18°C,280°6 Km/h,,24%,-3°C,1019.0mb,,"document.write(Icons.GetShortDescription(1, 'CurrentWeather'));",2018-04-16
15:00,18°C,18°C,290°11 Km/h,,22%,-4°C,1018.0mb,,"document.write(Icons.GetShortDescription(1, 'CurrentWeather'));",2018-04-16
16:00,18°C,18°C,270°9 Km/h,,26%,-2°C,1018.0mb,,"document.write(Icons.GetShortDescription(1, 'CurrentWeather'));",2018-04-16
17:00,16°C,16°C,270°17 Km/h,,27%,-3°C,1019.0mb,,"document.write(Icons.GetShortDescription(1, 'CurrentWeather'));",2018-04-16
18:00,14°C,14°C,280°17 Km/h,,29%,-4°C,1019.0mb,,"document.write(Icons.GetShortDescription(1, 'CurrentWeather'));",2018-04-16
19:00,11°C,11°C,290°9 Km/h,,32%,-5°C,1020.0mb,,"document.write(Icons.GetShortDescription(1, 'CurrentWeather'));",2018-04-16
20:00,11°C,11°C,270°4 Km/h,,41%,-2°C,1020.0mb,,"document.write(Icons.GetShortDescription(1, 'CurrentWeather'));",2018-04-16
21:00,10°C,10°C,280°6 Km/h,,40%,-3°C,1021.0mb,,"document.write(Icons.GetShortDescription(1, 'CurrentWeather'));",2018-04-16
22:00,8°C,8°C,40°4 Km/h,,50%,-2°C,1021.0mb,,"document.write(Icons.GetShortDescription(1, 'CurrentWeather'));",2018-04-16
23:00,8°C,8°C,300°4 Km/h,,50%,-2°C,1021.0mb,,"document.write(Icons.GetShortDescription(1, 'CurrentWeather'));",2018-04-16
