Time,Temperature,Relative Temperature,Wind,Wind Gust,Rel. humidity,Dew Point,Pressure,Icon,DescriptionDetails,date
00:00,10°C,10°C,170°4 Km/h,,76%,6°C,1017.0mb,,"document.write(Icons.GetShortDescription(1, 'CurrentWeather'));  Haze",2018-04-28
01:00,9°C,9°C,210°4 Km/h,,82%,6°C,1017.0mb,,"document.write(Icons.GetShortDescription(1, 'CurrentWeather'));  Haze",2018-04-28
02:00,9°C,9°C,180°2 Km/h,,76%,5°C,1017.0mb,,"document.write(Icons.GetShortDescription(1, 'CurrentWeather'));  Haze",2018-04-28
03:00,11°C,11°C,200°11 Km/h,,77%,7°C,1017.0mb,,"document.write(Icons.GetShortDescription(1, 'CurrentWeather'));  Haze",2018-04-28
04:00,10°C,10°C,160°6 Km/h,,76%,6°C,1017.0mb,,"document.write(Icons.GetShortDescription(1, 'CurrentWeather'));  Haze",2018-04-28
05:00,9°C,9°C,340°4 Km/h,,82%,6°C,1018.0mb,,"document.write(Icons.GetShortDescription(1, 'CurrentWeather'));  Haze",2018-04-28
06:00,8°C,6°C,140°11 Km/h,,82%,5°C,1017.0mb,,"document.write(Icons.GetShortDescription(1, 'CurrentWeather'));  Haze",2018-04-28
07:00,11°C,11°C,160°9 Km/h,,82%,8°C,1018.0mb,,"document.write(Icons.GetShortDescription(1, 'CurrentWeather'));  Haze",2018-04-28
08:00,13°C,13°C,170°9 Km/h,,72%,8°C,1018.0mb,,"document.write(Icons.GetShortDescription(1, 'CurrentWeather'));  Haze",2018-04-28
09:00,15°C,15°C,210°9 Km/h,,63%,8°C,1018.0mb,,"document.write(Icons.GetShortDescription(1, 'CurrentWeather'));",2018-04-28
10:00,17°C,17°C,220°11 Km/h,,52%,7°C,1018.0mb,,"document.write(Icons.GetShortDescription(1, 'CurrentWeather'));",2018-04-28
11:00,19°C,19°C,210°13 Km/h,,40%,5°C,1018.0mb,,"document.write(Icons.GetShortDescription(1, 'CurrentWeather'));",2018-04-28
12:00,19°C,19°C,240°15 Km/h,,28%,0°C,1017.0mb,,"document.write(Icons.GetShortDescription(1, 'CurrentWeather'));",2018-04-28
13:00,20°C,20°C,230°17 Km/h,,28%,1°C,1017.0mb,,"document.write(Icons.GetShortDescription(1, 'CurrentWeather'));",2018-04-28
14:00,20°C,20°C,260°13 Km/h,,30%,2°C,1016.0mb,,"document.write(Icons.GetShortDescription(1, 'CurrentWeather'));",2018-04-28
15:00,20°C,20°C,240°17 Km/h,,30%,2°C,1016.0mb,,"document.write(Icons.GetShortDescription(1, 'CurrentWeather'));",2018-04-28
16:00,18°C,18°C,300°20 Km/h,,32%,1°C,1015.0mb,,"document.write(Icons.GetShortDescription(1, 'CurrentWeather'));",2018-04-28
17:00,18°C,18°C,310°20 Km/h,,32%,1°C,1015.0mb,,"document.write(Icons.GetShortDescription(1, 'CurrentWeather'));",2018-04-28
18:00,17°C,17°C,300°15 Km/h,,32%,0°C,1015.0mb,,"document.write(Icons.GetShortDescription(1, 'CurrentWeather'));",2018-04-28
19:00,15°C,15°C,290°9 Km/h,,36%,0°C,1015.0mb,,"document.write(Icons.GetShortDescription(1, 'CurrentWeather'));",2018-04-28
20:00,13°C,13°C,330°9 Km/h,,44%,1°C,1015.0mb,,"document.write(Icons.GetShortDescription(1, 'CurrentWeather'));",2018-04-28
21:00,12°C,12°C,320°6 Km/h,,51%,2°C,1016.0mb,,"document.write(Icons.GetShortDescription(1, 'CurrentWeather'));",2018-04-28
22:00,10°C,9°C,300°9 Km/h,,62%,3°C,1016.0mb,,"document.write(Icons.GetShortDescription(1, 'CurrentWeather'));",2018-04-28
23:00,10°C,10°C,300°6 Km/h,,62%,3°C,1016.0mb,,"document.write(Icons.GetShortDescription(1, 'CurrentWeather'));",2018-04-28
