Time,Temperature,Relative Temperature,Wind,Wind Gust,Rel. humidity,Dew Point,Pressure,Icon,DescriptionDetails,date
00:00,7°C,7°C,310°2 Km/h,,57%,-1°C,1019.0mb,,"document.write(Icons.GetShortDescription(1, 'CurrentWeather'));",2018-04-18
01:00,7°C,7°C,350°4 Km/h,,57%,-1°C,1019.0mb,,"document.write(Icons.GetShortDescription(1, 'CurrentWeather'));",2018-04-18
02:00,6°C,6°C,350°4 Km/h,,57%,-2°C,1019.0mb,,"document.write(Icons.GetShortDescription(1, 'CurrentWeather'));",2018-04-18
03:00,5°C,5°C,300°2 Km/h,,66%,-1°C,1019.0mb,,"document.write(Icons.GetShortDescription(1, 'CurrentWeather'));",2018-04-18
04:00,5°C,4°C,320°6 Km/h,,66%,-1°C,1019.0mb,,"document.write(Icons.GetShortDescription(1, 'CurrentWeather'));",2018-04-18
05:00,4°C,4°C,320°2 Km/h,,65%,-2°C,1019.0mb,,"document.write(Icons.GetShortDescription(1, 'CurrentWeather'));",2018-04-18
06:00,3°C,2°C,50°6 Km/h,,70%,-2°C,1019.0mb,,"document.write(Icons.GetShortDescription(1, 'CurrentWeather'));",2018-04-18
07:00,6°C,6°C,310°4 Km/h,,71%,1°C,1019.0mb,,"document.write(Icons.GetShortDescription(1, 'CurrentWeather'));",2018-04-18
08:00,9°C,9°C,360°4 Km/h,,62%,2°C,1019.0mb,,"document.write(Icons.GetShortDescription(1, 'CurrentWeather'));",2018-04-18
09:00,12°C,12°C,300°4 Km/h,,41%,-1°C,1020.0mb,,"document.write(Icons.GetShortDescription(1, 'CurrentWeather'));",2018-04-18
10:00,13°C,13°C,40°6 Km/h,,36%,-2°C,1020.0mb,,"document.write(Icons.GetShortDescription(1, 'CurrentWeather'));",2018-04-18
11:00,15°C,15°C,10°4 Km/h,,29%,-3°C,1019.0mb,,"document.write(Icons.GetShortDescription(1, 'CurrentWeather'));",2018-04-18
12:00,16°C,16°C,300°9 Km/h,,22%,-6°C,1019.0mb,,"document.write(Icons.GetShortDescription(1, 'CurrentWeather'));",2018-04-18
13:00,17°C,17°C,310°17 Km/h,,22%,-5°C,1018.0mb,,"document.write(Icons.GetShortDescription(1, 'CurrentWeather'));",2018-04-18
14:00,17°C,17°C,310°17 Km/h,,25%,-3°C,1018.0mb,,"document.write(Icons.GetShortDescription(1, 'CurrentWeather'));",2018-04-18
15:00,17°C,17°C,310°20 Km/h,,27%,-2°C,1017.0mb,,"document.write(Icons.GetShortDescription(1, 'CurrentWeather'));",2018-04-18
16:00,16°C,16°C,310°20 Km/h,,29%,-2°C,1017.0mb,,"document.write(Icons.GetShortDescription(1, 'CurrentWeather'));",2018-04-18
17:00,16°C,16°C,310°17 Km/h,,31%,-1°C,1016.0mb,,"document.write(Icons.GetShortDescription(1, 'CurrentWeather'));",2018-04-18
18:00,14°C,14°C,300°15 Km/h,,36%,-1°C,1016.0mb,,"document.write(Icons.GetShortDescription(1, 'CurrentWeather'));",2018-04-18
19:00,12°C,12°C,320°13 Km/h,,38%,-2°C,1016.0mb,,"document.write(Icons.GetShortDescription(1, 'CurrentWeather'));",2018-04-18
20:00,10°C,9°C,310°9 Km/h,,40%,-3°C,1016.0mb,,"document.write(Icons.GetShortDescription(1, 'CurrentWeather'));",2018-04-18
21:00,10°C,9°C,300°9 Km/h,,43%,-2°C,1017.0mb,,"document.write(Icons.GetShortDescription(1, 'CurrentWeather'));",2018-04-18
22:00,9°C,8°C,300°7 Km/h,,43%,-3°C,1017.0mb,,"document.write(Icons.GetShortDescription(1, 'CurrentWeather'));",2018-04-18
23:00,8°C,7°C,300°6 Km/h,,50%,-2°C,1017.0mb,,"document.write(Icons.GetShortDescription(1, 'CurrentWeather'));",2018-04-18
