Time,Temperature,Relative Temperature,Wind,Wind Gust,Rel. humidity,Dew Point,Pressure,Icon,DescriptionDetails,date
00:00,15°C,15°C,300°7 Km/h,,68%,9°C,1016.0mb,,"document.write(Icons.GetShortDescription(1, 'CurrentWeather'));  Haze",2018-05-12
01:00,14°C,14°C,330°7 Km/h,,67%,8°C,1015.0mb,,"document.write(Icons.GetShortDescription(1, 'CurrentWeather'));  Haze",2018-05-12
02:00,14°C,14°C,330°2 Km/h,,72%,9°C,1015.0mb,,"document.write(Icons.GetShortDescription(7, 'CurrentWeather'));  Scattered Clouds at 910m, Cloudy at 3000m Light Rain, Haze",2018-05-12
03:00,14°C,14°C,Calm,,67%,8°C,1014.0mb,,"document.write(Icons.GetShortDescription(4, 'CurrentWeather'));  Few Clouds at 1200m, Cloudy at 2400m Haze",2018-05-12
04:00,14°C,14°C,280°6 Km/h,,77%,10°C,1014.0mb,,"document.write(Icons.GetShortDescription(7, 'CurrentWeather'));  Broken Clouds at 1200m, Cloudy at 2400m Light Rain, Haze",2018-05-12
05:00,14°C,14°C,320°6 Km/h,,77%,10°C,1013.0mb,,"document.write(Icons.GetShortDescription(7, 'CurrentWeather'));  Broken Clouds at 1200m, Cloudy at 2400m Light Rain, Haze",2018-05-12
06:00,13°C,13°C,70°13 Km/h,,72%,8°C,1013.0mb,,"document.write(Icons.GetShortDescription(7, 'CurrentWeather'));  Broken Clouds at 910m, Cloudy at 2400m Light Rain, Haze",2018-05-12
07:00,13°C,13°C,10°4 Km/h,,72%,8°C,1012.0mb,,"document.write(Icons.GetShortDescription(7, 'CurrentWeather'));  Broken Clouds at 910m, Cloudy at 2400m Light Rain, Haze",2018-05-12
07:29,13°C,13°C,170°7 Km/h,,72%,8°C,1012.0mb,,"document.write(Icons.GetShortDescription(7, 'CurrentWeather'));  Broken Clouds at 760m, Cloudy at 2400m Light Rain, Haze",2018-05-12
08:00,12°C,12°C,120°9 Km/h,,77%,8°C,1012.0mb,,"document.write(Icons.GetShortDescription(7, 'CurrentWeather'));  Few Clouds at 300m, Broken Clouds at 610m, Cloudy at 2400m Light Rain, Haze",2018-05-12
09:00,12°C,12°C,120°13 Km/h,,82%,9°C,1012.0mb,,"document.write(Icons.GetShortDescription(7, 'CurrentWeather'));  Few Clouds at 300m, Broken Clouds at 610m, Cloudy at 2400m Light Rain, Haze",2018-05-12
10:00,12°C,12°C,120°17 Km/h,,82%,9°C,1011.0mb,,"document.write(Icons.GetShortDescription(7, 'CurrentWeather'));  Few Clouds at 300m, Broken Clouds at 610m, Cloudy at 2400m Rain, Haze",2018-05-12
11:00,12°C,12°C,110°13 Km/h,,88%,10°C,1011.0mb,,"document.write(Icons.GetShortDescription(7, 'CurrentWeather'));  Few Clouds at 210m, Broken Clouds at 610m, Cloudy at 2400m Rain, Haze",2018-05-12
12:00,13°C,13°C,100°9 Km/h,,88%,11°C,1011.0mb,,"document.write(Icons.GetShortDescription(7, 'CurrentWeather'));  Few Clouds at 150m, Broken Clouds at 610m, Cloudy at 2400m Light Rain, Haze",2018-05-12
13:00,14°C,14°C,140°11 Km/h,,82%,11°C,1010.0mb,,"document.write(Icons.GetShortDescription(7, 'CurrentWeather'));  Few Clouds at 150m, Broken Clouds at 610m, Cloudy at 2400m Light Rain, Haze",2018-05-12
14:00,14°C,14°C,140°9 Km/h,,88%,12°C,1009.0mb,,"document.write(Icons.GetShortDescription(7, 'CurrentWeather'));  Scattered Clouds at 150m, Broken Clouds at 610m, Cloudy at 2400m Light Rain, Haze",2018-05-12
15:00,15°C,15°C,180°6 Km/h,,88%,13°C,1008.0mb,,"document.write(Icons.GetShortDescription(7, 'CurrentWeather'));  Scattered Clouds at 150m, Broken Clouds at 610m, Cloudy at 2400m Light Rain, Haze",2018-05-12
16:00,16°C,16°C,210°13 Km/h,,88%,14°C,1008.0mb,,"document.write(Icons.GetShortDescription(7, 'CurrentWeather'));  Scattered Clouds at 150m, Broken Clouds at 610m, Cloudy at 2400m Light Rain, Haze",2018-05-12
17:00,16°C,16°C,210°15 Km/h,,88%,14°C,1008.0mb,,"document.write(Icons.GetShortDescription(7, 'CurrentWeather'));  Scattered Clouds at 150m, Broken Clouds at 610m, Cloudy at 2400m Light Rain, Haze",2018-05-12
18:00,16°C,16°C,220°20 Km/h,,83%,13°C,1007.0mb,,"document.write(Icons.GetShortDescription(7, 'CurrentWeather'));  Scattered Clouds at 240m, Broken Clouds at 610m, Cloudy at 2400m Light Rain, Haze",2018-05-12
19:00,16°C,16°C,210°15 Km/h,,88%,14°C,1007.0mb,,"document.write(Icons.GetShortDescription(7, 'CurrentWeather'));  Scattered Clouds at 240m, Broken Clouds at 610m, Cloudy at 2400m Light Rain, Haze",2018-05-12
20:00,16°C,16°C,210°11 Km/h,,88%,14°C,1007.0mb,,"document.write(Icons.GetShortDescription(7, 'CurrentWeather'));  Scattered Clouds at 240m, Broken Clouds at 610m, Cloudy at 2400m Light Rain, Haze",2018-05-12
20:29,16°C,16°C,220°11 Km/h,,88%,14°C,1007.0mb,,"document.write(Icons.GetShortDescription(7, 'CurrentWeather'));  Scattered Clouds at 150m, Broken Clouds at 610m, Cloudy at 2400m Light Rain, Haze",2018-05-12
21:00,16°C,16°C,200°11 Km/h,,88%,14°C,1007.0mb,,"document.write(Icons.GetShortDescription(7, 'CurrentWeather'));  Scattered Clouds at 90m, Broken Clouds at 610m, Cloudy at 2400m Light Rain, Haze",2018-05-12
22:00,16°C,16°C,220°9 Km/h,,88%,14°C,1007.0mb,,"document.write(Icons.GetShortDescription(7, 'CurrentWeather'));  Scattered Clouds at 150m, Broken Clouds at 610m, Cloudy at 2400m Light Rain, Haze",2018-05-12
23:00,15°C,15°C,250°11 Km/h,,88%,13°C,1007.0mb,,"document.write(Icons.GetShortDescription(4, 'CurrentWeather'));  Scattered Clouds at 210m, Broken Clouds at 910m, Cloudy at 3000m Haze",2018-05-12
23:27,15°C,15°C,250°15 Km/h,,88%,13°C,1007.0mb,,"document.write(Icons.GetShortDescription(7, 'CurrentWeather'));  Scattered Clouds at 210m, Broken Clouds at 910m, Cloudy at 3000m Light Rain, Haze",2018-05-12
