Time,Temperature,Relative Temperature,Wind,Wind Gust,Rel. humidity,Dew Point,Pressure,Icon,DescriptionDetails,date
00:00,6°C,5°C,220°6 Km/h,,76%,2°C,1020.0mb,,"document.write(Icons.GetShortDescription(1, 'CurrentWeather'));  Haze",2018-03-27
01:00,6°C,6°C,60°2 Km/h,,76%,2°C,1020.0mb,,"document.write(Icons.GetShortDescription(2, 'CurrentWeather'));  Few Clouds at 460m Haze",2018-03-27
02:00,5°C,5°C,90°4 Km/h,,81%,2°C,1020.0mb,,"document.write(Icons.GetShortDescription(2, 'CurrentWeather'));  Few Clouds at 460m Haze",2018-03-27
03:00,5°C,5°C,360°4 Km/h,,81%,2°C,1020.0mb,,"document.write(Icons.GetShortDescription(2, 'CurrentWeather'));  Few Clouds at 460m Haze",2018-03-27
04:00,4°C,4°C,270°2 Km/h,,87%,2°C,1019.0mb,,"document.write(Icons.GetShortDescription(2, 'CurrentWeather'));  Scattered Clouds at 300m Haze",2018-03-27
05:00,4°C,4°C,70°2 Km/h,,87%,2°C,1019.0mb,,"document.write(Icons.GetShortDescription(2, 'CurrentWeather'));  Few Clouds at 300m, Scattered Clouds at 910m Haze",2018-03-27
06:00,5°C,5°C,Calm,,81%,2°C,1019.0mb,,"document.write(Icons.GetShortDescription(2, 'CurrentWeather'));  Few Clouds at 300m, Scattered Clouds at 910m Haze",2018-03-27
07:00,4°C,4°C,130°4 Km/h,,87%,2°C,1019.0mb,,"document.write(Icons.GetShortDescription(2, 'CurrentWeather'));  Scattered Clouds at 910m Haze",2018-03-27
08:00,9°C,8°C,170°9 Km/h,,76%,5°C,1019.0mb,,"document.write(Icons.GetShortDescription(2, 'CurrentWeather'));  Scattered Clouds at 910m Haze",2018-03-27
09:00,12°C,12°C,170°11 Km/h,,63%,5°C,1019.0mb,,"document.write(Icons.GetShortDescription(2, 'CurrentWeather'));  Few Clouds at 910m Haze",2018-03-27
10:00,14°C,14°C,200°15 Km/h,,48%,3°C,1019.0mb,,"document.write(Icons.GetShortDescription(1, 'CurrentWeather'));",2018-03-27
11:00,16°C,16°C,220°13 Km/h,,45%,4°C,1019.0mb,,"document.write(Icons.GetShortDescription(2, 'CurrentWeather'));  Scattered Clouds at 910m",2018-03-27
12:00,18°C,18°C,210°6 Km/h,,46%,6°C,1018.0mb,,"document.write(Icons.GetShortDescription(2, 'CurrentWeather'));  Few Clouds at 910m",2018-03-27
13:00,18°C,18°C,230°17 Km/h,,49%,7°C,1017.0mb,,"document.write(Icons.GetShortDescription(2, 'CurrentWeather'));  Few Clouds at 910m",2018-03-27
14:00,19°C,19°C,240°17 Km/h,,46%,7°C,1016.0mb,,"document.write(Icons.GetShortDescription(2, 'CurrentWeather'));  Scattered Clouds at 910m",2018-03-27
15:00,19°C,19°C,250°17 Km/h,,46%,7°C,1016.0mb,,"document.write(Icons.GetShortDescription(2, 'CurrentWeather'));  Few Clouds at 910m",2018-03-27
16:00,17°C,17°C,260°13 Km/h,,52%,7°C,1016.0mb,,"document.write(Icons.GetShortDescription(1, 'CurrentWeather'));",2018-03-27
17:00,16°C,16°C,260°13 Km/h,,52%,6°C,1016.0mb,,"document.write(Icons.GetShortDescription(1, 'CurrentWeather'));",2018-03-27
18:00,14°C,14°C,290°13 Km/h,,59%,6°C,1016.0mb,,"document.write(Icons.GetShortDescription(1, 'CurrentWeather'));  Haze",2018-03-27
19:00,13°C,13°C,250°9 Km/h,,67%,7°C,1016.0mb,,"document.write(Icons.GetShortDescription(1, 'CurrentWeather'));  Haze",2018-03-27
20:00,13°C,13°C,220°7 Km/h,,67%,7°C,1016.0mb,,"document.write(Icons.GetShortDescription(1, 'CurrentWeather'));  Haze",2018-03-27
21:00,12°C,12°C,190°11 Km/h,,72%,7°C,1017.0mb,,"document.write(Icons.GetShortDescription(1, 'CurrentWeather'));  Haze",2018-03-27
22:00,12°C,12°C,200°9 Km/h,,72%,7°C,1017.0mb,,"document.write(Icons.GetShortDescription(1, 'CurrentWeather'));  Haze",2018-03-27
23:00,11°C,11°C,190°7 Km/h,,72%,6°C,1017.0mb,,"document.write(Icons.GetShortDescription(1, 'CurrentWeather'));  Haze",2018-03-27
