Time,Temperature,Relative Temperature,Wind,Wind Gust,Rel. humidity,Dew Point,Pressure,Icon,DescriptionDetails,date
00:00,12°C,12°C,80°19 Km/h,,54%,3°C,1019.0mb,,"document.write(Icons.GetShortDescription(1, 'CurrentWeather'));",2018-05-09
01:00,12°C,12°C,80°15 Km/h,,54%,3°C,1020.0mb,,"document.write(Icons.GetShortDescription(1, 'CurrentWeather'));",2018-05-09
02:00,11°C,11°C,20°9 Km/h,,58%,3°C,1020.0mb,,"document.write(Icons.GetShortDescription(1, 'CurrentWeather'));",2018-05-09
03:00,9°C,8°C,20°9 Km/h,,66%,3°C,1020.0mb,,"document.write(Icons.GetShortDescription(1, 'CurrentWeather'));",2018-05-09
04:00,9°C,7°C,10°11 Km/h,,66%,3°C,1020.0mb,,"document.write(Icons.GetShortDescription(1, 'CurrentWeather'));",2018-05-09
05:00,9°C,8°C,20°9 Km/h,,66%,3°C,1021.0mb,,"document.write(Icons.GetShortDescription(1, 'CurrentWeather'));",2018-05-09
06:00,9°C,8°C,30°6 Km/h,,66%,3°C,1021.0mb,,"document.write(Icons.GetShortDescription(1, 'CurrentWeather'));",2018-05-09
07:00,11°C,11°C,20°9 Km/h,,62%,4°C,1022.0mb,,"document.write(Icons.GetShortDescription(1, 'CurrentWeather'));",2018-05-09
08:00,13°C,13°C,80°11 Km/h,,51%,3°C,1022.0mb,,"document.write(Icons.GetShortDescription(1, 'CurrentWeather'));",2018-05-09
09:00,15°C,15°C,120°9 Km/h,,45%,3°C,1022.0mb,,"document.write(Icons.GetShortDescription(1, 'CurrentWeather'));",2018-05-09
10:00,16°C,16°C,130°6 Km/h,,42%,3°C,1022.0mb,,"document.write(Icons.GetShortDescription(1, 'CurrentWeather'));",2018-05-09
11:00,17°C,17°C,70°6 Km/h,,42%,4°C,1022.0mb,,"document.write(Icons.GetShortDescription(1, 'CurrentWeather'));",2018-05-09
12:00,18°C,18°C,120°6 Km/h,,37%,3°C,1022.0mb,,"document.write(Icons.GetShortDescription(1, 'CurrentWeather'));",2018-05-09
13:00,19°C,19°C,270°7 Km/h,,37%,4°C,1021.0mb,,"document.write(Icons.GetShortDescription(2, 'CurrentWeather'));  Few Clouds at 1200m",2018-05-09
14:00,20°C,20°C,320°9 Km/h,,35%,4°C,1021.0mb,,"document.write(Icons.GetShortDescription(1, 'CurrentWeather'));",2018-05-09
15:00,20°C,20°C,300°11 Km/h,,33%,3°C,1020.0mb,,"document.write(Icons.GetShortDescription(1, 'CurrentWeather'));",2018-05-09
16:00,20°C,20°C,290°17 Km/h,,40%,6°C,1020.0mb,,"document.write(Icons.GetShortDescription(1, 'CurrentWeather'));",2018-05-09
17:00,20°C,20°C,290°19 Km/h,,40%,6°C,1020.0mb,,"document.write(Icons.GetShortDescription(1, 'CurrentWeather'));",2018-05-09
18:00,19°C,19°C,270°11 Km/h,,43%,6°C,1020.0mb,,"document.write(Icons.GetShortDescription(1, 'CurrentWeather'));",2018-05-09
19:00,17°C,17°C,300°11 Km/h,,49%,6°C,1020.0mb,,"document.write(Icons.GetShortDescription(2, 'CurrentWeather'));  Few Clouds at 1200m",2018-05-09
20:00,15°C,15°C,290°7 Km/h,,51%,5°C,1021.0mb,,"document.write(Icons.GetShortDescription(1, 'CurrentWeather'));",2018-05-09
21:00,13°C,13°C,320°9 Km/h,,59%,5°C,1022.0mb,,"document.write(Icons.GetShortDescription(1, 'CurrentWeather'));",2018-05-09
22:00,12°C,12°C,300°4 Km/h,,63%,5°C,1022.0mb,,"document.write(Icons.GetShortDescription(1, 'CurrentWeather'));",2018-05-09
23:00,13°C,13°C,350°2 Km/h,,63%,6°C,1022.0mb,,"document.write(Icons.GetShortDescription(1, 'CurrentWeather'));",2018-05-09
