Time,Temperature,Relative Temperature,Wind,Wind Gust,Rel. humidity,Dew Point,Pressure,Icon,DescriptionDetails,date
00:00,5°C,5°C,320°4 Km/h,,57%,-3°C,1025.0mb,,"document.write(Icons.GetShortDescription(1, 'CurrentWeather'));",2018-03-18
01:00,5°C,4°C,340°6 Km/h,,61%,-2°C,1025.0mb,,"document.write(Icons.GetShortDescription(1, 'CurrentWeather'));",2018-03-18
02:00,5°C,5°C,310°4 Km/h,,61%,-2°C,1025.0mb,,"document.write(Icons.GetShortDescription(1, 'CurrentWeather'));",2018-03-18
03:00,5°C,5°C,320°4 Km/h,,61%,-2°C,1024.0mb,,"document.write(Icons.GetShortDescription(1, 'CurrentWeather'));",2018-03-18
04:00,5°C,5°C,320°4 Km/h,,61%,-2°C,1024.0mb,,"document.write(Icons.GetShortDescription(1, 'CurrentWeather'));",2018-03-18
05:00,4°C,2°C,330°9 Km/h,,70%,-1°C,1024.0mb,,"document.write(Icons.GetShortDescription(1, 'CurrentWeather'));",2018-03-18
06:00,5°C,3°C,320°7 Km/h,,70%,0°C,1023.0mb,,"document.write(Icons.GetShortDescription(1, 'CurrentWeather'));",2018-03-18
07:00,5°C,4°C,330°6 Km/h,,70%,0°C,1023.0mb,,"document.write(Icons.GetShortDescription(1, 'CurrentWeather'));",2018-03-18
08:00,5°C,3°C,330°7 Km/h,,70%,0°C,1024.0mb,,"document.write(Icons.GetShortDescription(1, 'CurrentWeather'));",2018-03-18
09:00,6°C,6°C,140°2 Km/h,,66%,0°C,1024.0mb,,"document.write(Icons.GetShortDescription(1, 'CurrentWeather'));",2018-03-18
10:00,7°C,7°C,10°4 Km/h,,61%,0°C,1024.0mb,,"document.write(Icons.GetShortDescription(1, 'CurrentWeather'));",2018-03-18
11:00,8°C,8°C,320°4 Km/h,,53%,-1°C,1024.0mb,,"document.write(Icons.GetShortDescription(1, 'CurrentWeather'));",2018-03-18
12:00,9°C,8°C,210°6 Km/h,,50%,-1°C,1023.0mb,,"document.write(Icons.GetShortDescription(1, 'CurrentWeather'));",2018-03-18
13:00,10°C,10°C,180°6 Km/h,,43%,-2°C,1022.0mb,,"document.write(Icons.GetShortDescription(1, 'CurrentWeather'));",2018-03-18
14:00,10°C,10°C,240°6 Km/h,,43%,-2°C,1021.0mb,,"document.write(Icons.GetShortDescription(4, 'CurrentWeather'));  Few Clouds at 1100m, Cloudy at 2400m",2018-03-18
15:00,11°C,11°C,240°6 Km/h,,44%,-1°C,1020.0mb,,"document.write(Icons.GetShortDescription(4, 'CurrentWeather'));  Scattered Clouds at 1400m, Cloudy at 2400m",2018-03-18
16:00,10°C,8°C,340°13 Km/h,,47%,-1°C,1020.0mb,,"document.write(Icons.GetShortDescription(7, 'CurrentWeather'));  Broken Clouds at 1400m, Cloudy at 2400m Light Rain",2018-03-18
17:00,10°C,8°C,340°13 Km/h,,47%,-1°C,1019.0mb,,"document.write(Icons.GetShortDescription(7, 'CurrentWeather'));  Broken Clouds at 1400m, Cloudy at 2400m Light Rain",2018-03-18
18:00,9°C,7°C,20°11 Km/h,,50%,-1°C,1018.0mb,,"document.write(Icons.GetShortDescription(7, 'CurrentWeather'));  Broken Clouds at 1400m, Cloudy at 2400m Light Rain",2018-03-18
19:00,8°C,6°C,330°9 Km/h,,62%,1°C,1019.0mb,,"document.write(Icons.GetShortDescription(7, 'CurrentWeather'));  Broken Clouds at 1400m, Cloudy at 2400m Light Rain, Haze",2018-03-18
20:00,7°C,5°C,330°9 Km/h,,71%,2°C,1019.0mb,,"document.write(Icons.GetShortDescription(7, 'CurrentWeather'));  Broken Clouds at 1100m, Cloudy at 2400m Light Rain, Haze",2018-03-18
21:00,7°C,5°C,340°13 Km/h,,71%,2°C,1019.0mb,,"document.write(Icons.GetShortDescription(7, 'CurrentWeather'));  Broken Clouds at 1200m, Cloudy at 2400m Light Rain, Haze",2018-03-18
22:00,6°C,4°C,340°9 Km/h,,76%,2°C,1019.0mb,,"document.write(Icons.GetShortDescription(7, 'CurrentWeather'));  Broken Clouds at 1200m, Cloudy at 2400m Light Rain, Haze",2018-03-18
23:00,6°C,4°C,10°7 Km/h,,76%,2°C,1019.0mb,,"document.write(Icons.GetShortDescription(7, 'CurrentWeather'));  Broken Clouds at 1100m, Cloudy at 2400m Light Rain, Haze",2018-03-18
