Time,Temperature,Relative Temperature,Wind,Wind Gust,Rel. humidity,Dew Point,Pressure,Icon,DescriptionDetails,date
00:00,1°C,-2°C,340°11 Km/h,,87%,-1°C,1004.0mb,,"document.write(Icons.GetShortDescription(7, 'CurrentWeather'));  Few Clouds at 300m, Broken Clouds at 910m, Cloudy at 2400m Light Rain",2018-03-01
01:00,1°C,-1°C,320°7 Km/h,,87%,-1°C,1004.0mb,,"document.write(Icons.GetShortDescription(4, 'CurrentWeather'));  Few Clouds at 300m, Broken Clouds at 910m, Cloudy at 3000m",2018-03-01
02:00,1°C,-1°C,290°7 Km/h,,87%,-1°C,1004.0mb,,"document.write(Icons.GetShortDescription(4, 'CurrentWeather'));  Few Clouds at 300m, Broken Clouds at 910m, Cloudy at 3000m",2018-03-01
03:00,2°C,2°C,210°2 Km/h,,81%,-1°C,1004.0mb,,"document.write(Icons.GetShortDescription(4, 'CurrentWeather'));  Broken Clouds at 910m, Cloudy at 3000m",2018-03-01
04:00,3°C,1°C,260°7 Km/h,,81%,0°C,1004.0mb,,"document.write(Icons.GetShortDescription(7, 'CurrentWeather'));  Few Clouds at 300m, Broken Clouds at 910m, Cloudy at 2400m Light Rain",2018-03-01
04:36,2°C,-1°C,230°11 Km/h,,87%,0°C,1003.0mb,,"document.write(Icons.GetShortDescription(7, 'CurrentWeather'));  Scattered Clouds at 300m, Broken Clouds at 910m, Cloudy at 2400m Light Rain, Haze",2018-03-01
05:00,3°C,-1°C,230°17 Km/h,,87%,1°C,1002.0mb,,"document.write(Icons.GetShortDescription(7, 'CurrentWeather'));  Scattered Clouds at 300m, Broken Clouds at 910m, Cloudy at 2400m Light Rain, Haze",2018-03-01
06:00,3°C,-2°C,290°24 Km/h,,81%,0°C,1003.0mb,,"document.write(Icons.GetShortDescription(4, 'CurrentWeather'));  Scattered Clouds at 300m, Broken Clouds at 910m, Cloudy at 2400m Haze",2018-03-01
07:00,2°C,-2°C,290°17 Km/h,,75%,-2°C,1004.0mb,,"document.write(Icons.GetShortDescription(2, 'CurrentWeather'));  Few Clouds at 460m, Scattered Clouds at 910m",2018-03-01
08:00,0°C,-7°C,280°31 Km/h,,75%,-4°C,1007.0mb,,"document.write(Icons.GetShortDescription(3, 'CurrentWeather'));  Few Clouds at 460m, Broken Clouds at 910m",2018-03-01
09:00,0°C,-7°C,310°33 Km/h,,69%,-5°C,1009.0mb,,"document.write(Icons.GetShortDescription(2, 'CurrentWeather'));  Scattered Clouds at 910m",2018-03-01
10:00,0°C,-6°C,300°30 Km/h,,60%,-7°C,1010.0mb,,"document.write(Icons.GetShortDescription(2, 'CurrentWeather'));  Few Clouds at 910m",2018-03-01
11:00,0°C,-6°C,300°28 Km/h,,55%,-8°C,1011.0mb,,"document.write(Icons.GetShortDescription(2, 'CurrentWeather'));  Few Clouds at 910m",2018-03-01
12:00,0°C,-6°C,290°30 Km/h,,51%,-9°C,1013.0mb,,"document.write(Icons.GetShortDescription(2, 'CurrentWeather'));  Few Clouds at 910m",2018-03-01
13:00,1°C,-5°C,290°28 Km/h,,44%,-10°C,1013.0mb,,"document.write(Icons.GetShortDescription(2, 'CurrentWeather'));  Few Clouds at 910m",2018-03-01
14:00,1°C,-5°C,290°28 Km/h,,44%,-10°C,1013.0mb,,"document.write(Icons.GetShortDescription(2, 'CurrentWeather'));  Few Clouds at 910m",2018-03-01
15:00,1°C,-4°C,300°22 Km/h,,48%,-9°C,1013.0mb,,"document.write(Icons.GetShortDescription(2, 'CurrentWeather'));  Few Clouds at 910m",2018-03-01
16:00,1°C,-4°C,290°20 Km/h,,41%,-11°C,1014.0mb,,"document.write(Icons.GetShortDescription(2, 'CurrentWeather'));  Few Clouds at 1200m",2018-03-01
17:00,0°C,-6°C,310°26 Km/h,,40%,-12°C,1015.0mb,,"document.write(Icons.GetShortDescription(1, 'CurrentWeather'));",2018-03-01
18:00,-1°C,-7°C,300°20 Km/h,,43%,-12°C,1016.0mb,,"document.write(Icons.GetShortDescription(2, 'CurrentWeather'));  Few Clouds at 1200m, Scattered Clouds at 6100m",2018-03-01
19:00,-2°C,-6°C,310°13 Km/h,,51%,-11°C,1017.0mb,,"document.write(Icons.GetShortDescription(2, 'CurrentWeather'));  Few Clouds at 1200m, Scattered Clouds at 6100m",2018-03-01
20:00,-2°C,-8°C,310°22 Km/h,,47%,-12°C,1018.0mb,,"document.write(Icons.GetShortDescription(2, 'CurrentWeather'));  Few Clouds at 1200m, Scattered Clouds at 6100m",2018-03-01
21:00,-3°C,-9°C,320°19 Km/h,,50%,-12°C,1019.0mb,,"document.write(Icons.GetShortDescription(1, 'CurrentWeather'));",2018-03-01
22:00,-4°C,-9°C,320°15 Km/h,,50%,-13°C,1020.0mb,,"document.write(Icons.GetShortDescription(1, 'CurrentWeather'));",2018-03-01
23:00,-4°C,-9°C,310°13 Km/h,,50%,-13°C,1020.0mb,,"document.write(Icons.GetShortDescription(1, 'CurrentWeather'));",2018-03-01
