Time,Temperature,Relative Temperature,Wind,Wind Gust,Rel. humidity,Dew Point,Pressure,Icon,DescriptionDetails,date
00:00,9°C,9°C,360°2 Km/h,,62%,2°C,1018.0mb,,"document.write(Icons.GetShortDescription(2, 'CurrentWeather'));  Few Clouds at 1200m",2018-04-01
01:00,9°C,9°C,340°4 Km/h,,66%,3°C,1018.0mb,,"document.write(Icons.GetShortDescription(2, 'CurrentWeather'));  Few Clouds at 1200m",2018-04-01
02:00,10°C,10°C,340°2 Km/h,,67%,4°C,1018.0mb,,"document.write(Icons.GetShortDescription(2, 'CurrentWeather'));  Scattered Clouds at 610m",2018-04-01
03:00,10°C,10°C,350°4 Km/h,,71%,5°C,1018.0mb,,"document.write(Icons.GetShortDescription(2, 'CurrentWeather'));  Scattered Clouds at 610m",2018-04-01
04:00,10°C,10°C,350°6 Km/h,,71%,5°C,1018.0mb,,"document.write(Icons.GetShortDescription(3, 'CurrentWeather'));  Scattered Clouds at 760m, Broken Clouds at 5500m",2018-04-01
05:00,11°C,11°C,10°7 Km/h,,72%,6°C,1017.0mb,,"document.write(Icons.GetShortDescription(3, 'CurrentWeather'));  Scattered Clouds at 760m, Broken Clouds at 5500m",2018-04-01
06:00,11°C,11°C,290°2 Km/h,,72%,6°C,1017.0mb,,"document.write(Icons.GetShortDescription(3, 'CurrentWeather'));  Broken Clouds at 760m, Broken Clouds at 3700m",2018-04-01
07:00,11°C,11°C,110°2 Km/h,,77%,7°C,1018.0mb,,"document.write(Icons.GetShortDescription(4, 'CurrentWeather'));  Broken Clouds at 610m, Cloudy at 3700m",2018-04-01
08:00,13°C,13°C,180°15 Km/h,,67%,7°C,1017.0mb,,"document.write(Icons.GetShortDescription(4, 'CurrentWeather'));  Broken Clouds at 610m, Cloudy at 3700m",2018-04-01
09:00,14°C,14°C,170°13 Km/h,,63%,7°C,1017.0mb,,"document.write(Icons.GetShortDescription(4, 'CurrentWeather'));  Broken Clouds at 610m, Cloudy at 3700m",2018-04-01
10:00,16°C,16°C,190°9 Km/h,,55%,7°C,1018.0mb,,"document.write(Icons.GetShortDescription(4, 'CurrentWeather'));  Broken Clouds at 610m, Cloudy at 3700m",2018-04-01
11:00,18°C,18°C,200°7 Km/h,,49%,7°C,1017.0mb,,"document.write(Icons.GetShortDescription(4, 'CurrentWeather'));  Broken Clouds at 610m, Cloudy at 3700m",2018-04-01
12:00,19°C,19°C,200°17 Km/h,,49%,8°C,1017.0mb,,"document.write(Icons.GetShortDescription(3, 'CurrentWeather'));  Broken Clouds at 760m, Broken Clouds at 3700m",2018-04-01
13:00,17°C,17°C,200°15 Km/h,,64%,10°C,1016.0mb,,"document.write(Icons.GetShortDescription(4, 'CurrentWeather'));  Broken Clouds at 610m, Cloudy at 3700m",2018-04-01
14:00,17°C,17°C,240°7 Km/h,,64%,10°C,1016.0mb,,"document.write(Icons.GetShortDescription(4, 'CurrentWeather'));  Few Clouds at 460m, Broken Clouds at 760m, Cloudy at 3700m",2018-04-01
15:00,17°C,17°C,180°15 Km/h,,68%,11°C,1015.0mb,,"document.write(Icons.GetShortDescription(4, 'CurrentWeather'));  Few Clouds at 460m, Broken Clouds at 760m, Cloudy at 3700m",2018-04-01
16:00,17°C,17°C,210°17 Km/h,,68%,11°C,1015.0mb,,"document.write(Icons.GetShortDescription(3, 'CurrentWeather'));  Few Clouds at 300m, Broken Clouds at 610m",2018-04-01
17:00,17°C,17°C,200°9 Km/h,,73%,12°C,1015.0mb,,"document.write(Icons.GetShortDescription(3, 'CurrentWeather'));  Scattered Clouds at 300m, Broken Clouds at 610m Haze",2018-04-01
18:00,16°C,16°C,220°9 Km/h,,77%,12°C,1015.0mb,,"document.write(Icons.GetShortDescription(3, 'CurrentWeather'));  Scattered Clouds at 300m, Broken Clouds at 610m Haze",2018-04-01
19:00,16°C,16°C,220°11 Km/h,,77%,12°C,1015.0mb,,"document.write(Icons.GetShortDescription(3, 'CurrentWeather'));  Scattered Clouds at 300m, Broken Clouds at 610m Haze",2018-04-01
20:00,16°C,16°C,210°9 Km/h,,77%,12°C,1016.0mb,,"document.write(Icons.GetShortDescription(3, 'CurrentWeather'));  Scattered Clouds at 300m, Broken Clouds at 610m Haze",2018-04-01
21:00,16°C,16°C,200°11 Km/h,,77%,12°C,1016.0mb,,"document.write(Icons.GetShortDescription(3, 'CurrentWeather'));  Scattered Clouds at 300m, Broken Clouds at 610m Haze",2018-04-01
22:00,16°C,16°C,190°11 Km/h,,77%,12°C,1016.0mb,,"document.write(Icons.GetShortDescription(3, 'CurrentWeather'));  Scattered Clouds at 300m, Broken Clouds at 610m Haze",2018-04-01
23:00,16°C,16°C,180°9 Km/h,,77%,12°C,1016.0mb,,"document.write(Icons.GetShortDescription(3, 'CurrentWeather'));  Scattered Clouds at 300m, Broken Clouds at 610m Haze",2018-04-01
