Time,Temperature,Relative Temperature,Wind,Wind Gust,Rel. humidity,Dew Point,Pressure,Icon,DescriptionDetails,date
00:00,7°C,7°C,270°4 Km/h,,46%,-4°C,1015.0mb,,"document.write(Icons.GetShortDescription(1, 'CurrentWeather'));",2018-04-12
01:00,7°C,7°C,90°4 Km/h,,53%,-2°C,1015.0mb,,"document.write(Icons.GetShortDescription(1, 'CurrentWeather'));",2018-04-12
02:00,7°C,6°C,170°7 Km/h,,49%,-3°C,1015.0mb,,"document.write(Icons.GetShortDescription(1, 'CurrentWeather'));",2018-04-12
03:00,5°C,3°C,170°9 Km/h,,57%,-3°C,1015.0mb,,"document.write(Icons.GetShortDescription(1, 'CurrentWeather'));",2018-04-12
04:00,5°C,2°C,140°15 Km/h,,70%,0°C,1015.0mb,,"document.write(Icons.GetShortDescription(1, 'CurrentWeather'));",2018-04-12
05:00,5°C,3°C,140°9 Km/h,,70%,0°C,1015.0mb,,"document.write(Icons.GetShortDescription(1, 'CurrentWeather'));",2018-04-12
06:00,5°C,5°C,320°2 Km/h,,70%,0°C,1017.0mb,,"document.write(Icons.GetShortDescription(1, 'CurrentWeather'));",2018-04-12
07:00,7°C,6°C,140°6 Km/h,,66%,1°C,1017.0mb,,"document.write(Icons.GetShortDescription(1, 'CurrentWeather'));",2018-04-12
08:00,11°C,11°C,170°6 Km/h,,54%,2°C,1017.0mb,,"document.write(Icons.GetShortDescription(1, 'CurrentWeather'));",2018-04-12
09:00,13°C,13°C,210°9 Km/h,,47%,2°C,1018.0mb,,"document.write(Icons.GetShortDescription(1, 'CurrentWeather'));",2018-04-12
10:00,15°C,15°C,310°13 Km/h,,39%,1°C,1018.0mb,,"document.write(Icons.GetShortDescription(1, 'CurrentWeather'));",2018-04-12
11:00,16°C,16°C,320°11 Km/h,,31%,-1°C,1018.0mb,,"document.write(Icons.GetShortDescription(1, 'CurrentWeather'));",2018-04-12
12:00,18°C,18°C,300°13 Km/h,,30%,0°C,1018.0mb,,"document.write(Icons.GetShortDescription(1, 'CurrentWeather'));",2018-04-12
13:00,18°C,18°C,280°20 Km/h,,30%,0°C,1018.0mb,,"document.write(Icons.GetShortDescription(1, 'CurrentWeather'));",2018-04-12
14:00,18°C,18°C,280°20 Km/h,,28%,-1°C,1018.0mb,,"document.write(Icons.GetShortDescription(1, 'CurrentWeather'));",2018-04-12
15:00,18°C,18°C,300°24 Km/h,,30%,0°C,1018.0mb,,"document.write(Icons.GetShortDescription(1, 'CurrentWeather'));",2018-04-12
16:00,18°C,18°C,280°20 Km/h,,24%,-3°C,1018.0mb,,"document.write(Icons.GetShortDescription(1, 'CurrentWeather'));",2018-04-12
17:00,18°C,18°C,290°22 Km/h,,24%,-3°C,1017.0mb,,"document.write(Icons.GetShortDescription(1, 'CurrentWeather'));",2018-04-12
18:00,17°C,17°C,300°17 Km/h,,30%,-1°C,1018.0mb,,"document.write(Icons.GetShortDescription(1, 'CurrentWeather'));",2018-04-12
19:00,15°C,15°C,320°24 Km/h,,18%,-9°C,1018.0mb,,"document.write(Icons.GetShortDescription(1, 'CurrentWeather'));",2018-04-12
20:00,13°C,13°C,360°13 Km/h,,24%,-7°C,1020.0mb,,"document.write(Icons.GetShortDescription(1, 'CurrentWeather'));",2018-04-12
21:00,12°C,12°C,350°15 Km/h,,21%,-10°C,1021.0mb,,"document.write(Icons.GetShortDescription(1, 'CurrentWeather'));",2018-04-12
22:00,11°C,11°C,10°6 Km/h,,24%,-9°C,1022.0mb,,"document.write(Icons.GetShortDescription(1, 'CurrentWeather'));",2018-04-12
23:00,7°C,6°C,260°6 Km/h,,39%,-6°C,1022.0mb,,"document.write(Icons.GetShortDescription(1, 'CurrentWeather'));",2018-04-12
