Time,Temperature,Relative Temperature,Wind,Wind Gust,Rel. humidity,Dew Point,Pressure,Icon,DescriptionDetails,date
00:00,13°C,13°C,320°4 Km/h,,59%,5°C,1019.0mb,,"document.write(Icons.GetShortDescription(1, 'CurrentWeather'));",2018-04-22
01:00,13°C,13°C,360°4 Km/h,,63%,6°C,1019.0mb,,"document.write(Icons.GetShortDescription(3, 'CurrentWeather'));  Few Clouds at 910m, Broken Clouds at 6100m",2018-04-22
02:00,13°C,13°C,340°6 Km/h,,63%,6°C,1019.0mb,,"document.write(Icons.GetShortDescription(3, 'CurrentWeather'));  Few Clouds at 910m, Broken Clouds at 6100m",2018-04-22
03:00,13°C,13°C,340°6 Km/h,,55%,4°C,1019.0mb,,"document.write(Icons.GetShortDescription(2, 'CurrentWeather'));  Few Clouds at 910m, Scattered Clouds at 6100m",2018-04-22
04:00,12°C,12°C,310°6 Km/h,,63%,5°C,1019.0mb,,"document.write(Icons.GetShortDescription(2, 'CurrentWeather'));  Few Clouds at 910m, Scattered Clouds at 6100m",2018-04-22
05:00,12°C,12°C,320°6 Km/h,,63%,5°C,1019.0mb,,"document.write(Icons.GetShortDescription(3, 'CurrentWeather'));  Scattered Clouds at 910m, Broken Clouds at 6100m",2018-04-22
06:00,12°C,12°C,350°4 Km/h,,63%,5°C,1019.0mb,,"document.write(Icons.GetShortDescription(3, 'CurrentWeather'));  Scattered Clouds at 910m, Broken Clouds at 4600m",2018-04-22
07:00,14°C,14°C,340°6 Km/h,,59%,6°C,1019.0mb,,"document.write(Icons.GetShortDescription(4, 'CurrentWeather'));  Scattered Clouds at 1100m, Cloudy at 3700m",2018-04-22
08:00,15°C,15°C,320°7 Km/h,,59%,7°C,1020.0mb,,"document.write(Icons.GetShortDescription(4, 'CurrentWeather'));  Broken Clouds at 1100m, Cloudy at 3700m",2018-04-22
09:00,18°C,18°C,110°7 Km/h,,49%,7°C,1019.0mb,,"document.write(Icons.GetShortDescription(4, 'CurrentWeather'));  Broken Clouds at 1100m, Cloudy at 2400m",2018-04-22
10:00,17°C,17°C,120°13 Km/h,,52%,7°C,1019.0mb,,"document.write(Icons.GetShortDescription(4, 'CurrentWeather'));  Broken Clouds at 1100m, Cloudy at 2400m",2018-04-22
11:00,18°C,18°C,90°9 Km/h,,49%,7°C,1019.0mb,,"document.write(Icons.GetShortDescription(7, 'CurrentWeather'));  Broken Clouds at 1100m, Cloudy at 2100m Light Rain",2018-04-22
12:00,18°C,18°C,340°13 Km/h,,56%,9°C,1019.0mb,,"document.write(Icons.GetShortDescription(7, 'CurrentWeather'));  Broken Clouds at 1100m, Cloudy at 2100m Light Rain",2018-04-22
13:00,18°C,18°C,340°11 Km/h,,60%,10°C,1018.0mb,,"document.write(Icons.GetShortDescription(7, 'CurrentWeather'));  Broken Clouds at 1100m, Cloudy at 2100m Light Rain",2018-04-22
14:00,20°C,20°C,140°9 Km/h,,49%,9°C,1018.0mb,,"document.write(Icons.GetShortDescription(7, 'CurrentWeather'));  Broken Clouds at 1100m, Cloudy at 2100m Light Drizzle",2018-04-22
15:00,18°C,18°C,210°7 Km/h,,56%,9°C,1017.0mb,,"document.write(Icons.GetShortDescription(7, 'CurrentWeather'));  Broken Clouds at 1100m, Cloudy at 2100m Light Rain",2018-04-22
16:00,17°C,17°C,30°11 Km/h,,59%,9°C,1017.0mb,,"document.write(Icons.GetShortDescription(7, 'CurrentWeather'));  Broken Clouds at 1100m, Cloudy at 2100m Light Rain",2018-04-22
17:00,15°C,15°C,360°9 Km/h,,68%,9°C,1017.0mb,,"document.write(Icons.GetShortDescription(7, 'CurrentWeather'));  Broken Clouds at 910m, Cloudy at 2100m Light Rain",2018-04-22
18:00,14°C,14°C,10°15 Km/h,,72%,9°C,1016.0mb,,"document.write(Icons.GetShortDescription(7, 'CurrentWeather'));  Broken Clouds at 910m, Cloudy at 2100m Light Rain",2018-04-22
19:00,13°C,13°C,10°15 Km/h,,77%,9°C,1017.0mb,,"document.write(Icons.GetShortDescription(7, 'CurrentWeather'));  Broken Clouds at 910m, Cloudy at 2100m Light Rain",2018-04-22
20:00,14°C,14°C,80°19 Km/h,,67%,8°C,1018.0mb,,"document.write(Icons.GetShortDescription(7, 'CurrentWeather'));  Broken Clouds at 910m, Cloudy at 2100m Light Rain",2018-04-22
21:00,13°C,13°C,70°15 Km/h,,72%,8°C,1018.0mb,,"document.write(Icons.GetShortDescription(7, 'CurrentWeather'));  Broken Clouds at 1100m, Cloudy at 2100m Light Rain, Haze",2018-04-22
22:00,12°C,12°C,70°9 Km/h,,82%,9°C,1018.0mb,,"document.write(Icons.GetShortDescription(7, 'CurrentWeather'));  Broken Clouds at 1100m, Cloudy at 2100m Rain, Haze",2018-04-22
23:00,12°C,12°C,100°11 Km/h,,82%,9°C,1018.0mb,,"document.write(Icons.GetShortDescription(7, 'CurrentWeather'));  Broken Clouds at 910m, Cloudy at 2100m Light Rain, Haze",2018-04-22
