Time,Temperature,Relative Temperature,Wind,Wind Gust,Rel. humidity,Dew Point,Pressure,Icon,DescriptionDetails,date
00:00,7°C,5°C,350°13 Km/h,,87%,5°C,1013.0mb,,"document.write(Icons.GetShortDescription(7, 'CurrentWeather'));  Scattered Clouds at 240m, Broken Clouds at 610m, Cloudy at 2100m Light Rain, Haze",2018-04-06
01:00,6°C,4°C,330°11 Km/h,,87%,4°C,1012.0mb,,"document.write(Icons.GetShortDescription(7, 'CurrentWeather'));  Scattered Clouds at 150m, Broken Clouds at 610m, Cloudy at 2100m Light Rain, Haze",2018-04-06
02:00,6°C,3°C,340°13 Km/h,,87%,4°C,1012.0mb,,"document.write(Icons.GetShortDescription(7, 'CurrentWeather'));  Scattered Clouds at 150m, Broken Clouds at 610m, Cloudy at 2100m Light Rain, Haze",2018-04-06
03:00,5°C,2°C,330°15 Km/h,,87%,3°C,1011.0mb,,"document.write(Icons.GetShortDescription(7, 'CurrentWeather'));  Scattered Clouds at 150m, Broken Clouds at 610m, Cloudy at 2100m Light Rain",2018-04-06
04:00,5°C,2°C,330°11 Km/h,,87%,3°C,1011.0mb,,"document.write(Icons.GetShortDescription(7, 'CurrentWeather'));  Scattered Clouds at 150m, Broken Clouds at 610m, Cloudy at 2100m Light Rain",2018-04-06
05:00,5°C,3°C,320°9 Km/h,,87%,3°C,1011.0mb,,"document.write(Icons.GetShortDescription(4, 'CurrentWeather'));  Scattered Clouds at 1100m, Cloudy at 2700m",2018-04-06
06:00,6°C,4°C,310°11 Km/h,,81%,3°C,1011.0mb,,"document.write(Icons.GetShortDescription(4, 'CurrentWeather'));  Scattered Clouds at 150m, Broken Clouds at 610m, Cloudy at 3000m",2018-04-06
07:00,6°C,4°C,320°7 Km/h,,87%,4°C,1012.0mb,,"document.write(Icons.GetShortDescription(4, 'CurrentWeather'));  Scattered Clouds at 300m, Broken Clouds at 610m, Cloudy at 3000m",2018-04-06
08:00,6°C,4°C,290°9 Km/h,,87%,4°C,1012.0mb,,"document.write(Icons.GetShortDescription(4, 'CurrentWeather'));  Few Clouds at 300m, Broken Clouds at 610m, Cloudy at 3700m",2018-04-06
09:00,8°C,6°C,290°9 Km/h,,76%,4°C,1012.0mb,,"document.write(Icons.GetShortDescription(2, 'CurrentWeather'));  Few Clouds at 460m, Scattered Clouds at 760m",2018-04-06
10:00,8°C,5°C,270°19 Km/h,,71%,3°C,1012.0mb,,"document.write(Icons.GetShortDescription(3, 'CurrentWeather'));  Few Clouds at 460m, Broken Clouds at 910m",2018-04-06
11:00,6°C,3°C,270°17 Km/h,,71%,1°C,1012.0mb,,"document.write(Icons.GetShortDescription(3, 'CurrentWeather'));  Broken Clouds at 610m, Broken Clouds at 5500m",2018-04-06
12:00,8°C,5°C,260°20 Km/h,,66%,2°C,1012.0mb,,"document.write(Icons.GetShortDescription(3, 'CurrentWeather'));  Broken Clouds at 610m, Broken Clouds at 5500m Haze",2018-04-06
13:00,8°C,4°C,260°28 Km/h,,62%,1°C,1012.0mb,,"document.write(Icons.GetShortDescription(3, 'CurrentWeather'));  Scattered Clouds at 610m, Broken Clouds at 5500m Dust storm",2018-04-06
14:00,8°C,4°C,280°33 Km/h,,57%,0°C,1012.0mb,,"document.write(Icons.GetShortDescription(3, 'CurrentWeather'));  Scattered Clouds at 610m, Broken Clouds at 5500m Dust storm",2018-04-06
15:00,7°C,3°C,260°31 Km/h,,49%,-3°C,1012.0mb,,"document.write(Icons.GetShortDescription(3, 'CurrentWeather'));  Scattered Clouds at 1200m, Broken Clouds at 4600m",2018-04-06
16:00,6°C,1°C,270°31 Km/h,,49%,-4°C,1012.0mb,,"document.write(Icons.GetShortDescription(3, 'CurrentWeather'));  Scattered Clouds at 1200m, Broken Clouds at 4600m",2018-04-06
17:00,7°C,3°C,270°24 Km/h,,49%,-3°C,1011.0mb,,"document.write(Icons.GetShortDescription(3, 'CurrentWeather'));  Few Clouds at 1200m, Broken Clouds at 4600m",2018-04-06
18:00,6°C,1°C,280°31 Km/h,,42%,-6°C,1011.0mb,,"document.write(Icons.GetShortDescription(3, 'CurrentWeather'));  Few Clouds at 1200m, Broken Clouds at 5500m",2018-04-06
19:00,5°C,1°C,280°22 Km/h,,49%,-5°C,1012.0mb,,"document.write(Icons.GetShortDescription(2, 'CurrentWeather'));  Few Clouds at 1200m, Scattered Clouds at 5500m",2018-04-06
20:00,4°C,0°C,260°20 Km/h,,56%,-4°C,1012.0mb,,"document.write(Icons.GetShortDescription(2, 'CurrentWeather'));  Scattered Clouds at 910m",2018-04-06
21:00,4°C,1°C,270°13 Km/h,,65%,-2°C,1012.0mb,,"document.write(Icons.GetShortDescription(2, 'CurrentWeather'));  Scattered Clouds at 910m",2018-04-06
22:00,4°C,1°C,270°11 Km/h,,61%,-3°C,1012.0mb,,"document.write(Icons.GetShortDescription(2, 'CurrentWeather'));  Scattered Clouds at 910m",2018-04-06
22:26,4°C,-1°C,280°28 Km/h,,65%,-2°C,1012.0mb,,"document.write(Icons.GetShortDescription(7, 'CurrentWeather'));  Broken Clouds at 910m Light Rain",2018-04-06
22:39,4°C,-1°C,300°26 Km/h,,65%,-2°C,1012.0mb,,"document.write(Icons.GetShortDescription(2, 'CurrentWeather'));  Scattered Clouds at 910m",2018-04-06
23:00,4°C,-1°C,290°28 Km/h,,65%,-2°C,1012.0mb,,"document.write(Icons.GetShortDescription(2, 'CurrentWeather'));  Scattered Clouds at 910m",2018-04-06
