Time,Temperature,Relative Temperature,Wind,Wind Gust,Rel. humidity,Dew Point,Pressure,Icon,DescriptionDetails,date
00:00,16°C,16°C,160°7 Km/h,,68%,10°C,1017.0mb,,"document.write(Icons.GetShortDescription(3, 'CurrentWeather'));  Broken Clouds at 910m",2018-04-03
01:00,16°C,16°C,160°9 Km/h,,72%,11°C,1017.0mb,,"document.write(Icons.GetShortDescription(3, 'CurrentWeather'));  Broken Clouds at 910m",2018-04-03
02:00,16°C,16°C,170°9 Km/h,,72%,11°C,1017.0mb,,"document.write(Icons.GetShortDescription(3, 'CurrentWeather'));  Broken Clouds at 910m",2018-04-03
03:00,16°C,16°C,160°9 Km/h,,72%,11°C,1016.0mb,,"document.write(Icons.GetShortDescription(3, 'CurrentWeather'));  Broken Clouds at 910m",2018-04-03
04:00,16°C,16°C,200°9 Km/h,,72%,11°C,1016.0mb,,"document.write(Icons.GetShortDescription(3, 'CurrentWeather'));  Broken Clouds at 910m",2018-04-03
05:00,16°C,16°C,170°6 Km/h,,72%,11°C,1016.0mb,,"document.write(Icons.GetShortDescription(3, 'CurrentWeather'));  Broken Clouds at 910m",2018-04-03
06:00,16°C,16°C,180°6 Km/h,,72%,11°C,1016.0mb,,"document.write(Icons.GetShortDescription(3, 'CurrentWeather'));  Broken Clouds at 910m",2018-04-03
07:00,16°C,16°C,160°4 Km/h,,72%,11°C,1017.0mb,,"document.write(Icons.GetShortDescription(3, 'CurrentWeather'));  Broken Clouds at 910m",2018-04-03
08:00,17°C,17°C,200°9 Km/h,,73%,12°C,1018.0mb,,"document.write(Icons.GetShortDescription(3, 'CurrentWeather'));  Broken Clouds at 910m",2018-04-03
09:00,17°C,17°C,200°11 Km/h,,73%,12°C,1018.0mb,,"document.write(Icons.GetShortDescription(7, 'CurrentWeather'));  Broken Clouds at 760m Light Rain",2018-04-03
10:00,18°C,18°C,210°13 Km/h,,73%,13°C,1018.0mb,,"document.write(Icons.GetShortDescription(3, 'CurrentWeather'));  Broken Clouds at 610m",2018-04-03
11:00,19°C,19°C,220°13 Km/h,,68%,13°C,1018.0mb,,"document.write(Icons.GetShortDescription(3, 'CurrentWeather'));  Broken Clouds at 760m",2018-04-03
12:00,21°C,21°C,230°15 Km/h,,57%,12°C,1017.0mb,,"document.write(Icons.GetShortDescription(3, 'CurrentWeather'));  Broken Clouds at 910m",2018-04-03
13:00,20°C,20°C,250°17 Km/h,,60%,12°C,1017.0mb,,"document.write(Icons.GetShortDescription(3, 'CurrentWeather'));  Broken Clouds at 910m",2018-04-03
14:00,20°C,20°C,250°15 Km/h,,56%,11°C,1017.0mb,,"document.write(Icons.GetShortDescription(3, 'CurrentWeather'));  Broken Clouds at 910m",2018-04-03
15:00,19°C,19°C,230°15 Km/h,,60%,11°C,1016.0mb,,"document.write(Icons.GetShortDescription(3, 'CurrentWeather'));  Broken Clouds at 910m",2018-04-03
16:00,19°C,19°C,230°24 Km/h,,60%,11°C,1016.0mb,,"document.write(Icons.GetShortDescription(3, 'CurrentWeather'));  Broken Clouds at 910m",2018-04-03
17:00,19°C,19°C,260°11 Km/h,,60%,11°C,1016.0mb,,"document.write(Icons.GetShortDescription(3, 'CurrentWeather'));  Broken Clouds at 910m",2018-04-03
18:00,18°C,18°C,240°15 Km/h,,68%,12°C,1015.0mb,,"document.write(Icons.GetShortDescription(3, 'CurrentWeather'));  Broken Clouds at 910m",2018-04-03
19:00,17°C,17°C,260°11 Km/h,,73%,12°C,1016.0mb,,"document.write(Icons.GetShortDescription(3, 'CurrentWeather'));  Few Clouds at 300m, Broken Clouds at 760m",2018-04-03
20:00,15°C,15°C,320°11 Km/h,,77%,11°C,1016.0mb,,"document.write(Icons.GetShortDescription(3, 'CurrentWeather'));  Scattered Clouds at 300m, Broken Clouds at 610m",2018-04-03
20:42,14°C,14°C,290°11 Km/h,,82%,11°C,1017.0mb,,"document.write(Icons.GetShortDescription(3, 'CurrentWeather'));  Scattered Clouds at 240m, Broken Clouds at 610m Haze",2018-04-03
21:00,14°C,14°C,310°9 Km/h,,82%,11°C,1017.0mb,,"document.write(Icons.GetShortDescription(3, 'CurrentWeather'));  Scattered Clouds at 240m, Broken Clouds at 610m Haze",2018-04-03
22:00,13°C,13°C,320°4 Km/h,,88%,11°C,1017.0mb,,"document.write(Icons.GetShortDescription(3, 'CurrentWeather'));  Scattered Clouds at 240m, Broken Clouds at 610m Haze",2018-04-03
23:00,14°C,14°C,200°9 Km/h,,88%,12°C,1017.0mb,,"document.write(Icons.GetShortDescription(7, 'CurrentWeather'));  Scattered Clouds at 240m, Broken Clouds at 610m Light Rain, Haze",2018-04-03
