Time,Temperature,Relative Temperature,Wind,Wind Gust,Rel. humidity,Dew Point,Pressure,Icon,DescriptionDetails,date
00:00,13°C,13°C,190°13 Km/h,,72%,8°C,1019.0mb,,"document.write(Icons.GetShortDescription(3, 'CurrentWeather'));  Few Clouds at 300m, Broken Clouds at 610m",2018-03-14
01:00,13°C,13°C,190°13 Km/h,,67%,7°C,1019.0mb,,"document.write(Icons.GetShortDescription(3, 'CurrentWeather'));  Few Clouds at 300m, Broken Clouds at 610m",2018-03-14
02:00,13°C,13°C,190°7 Km/h,,63%,6°C,1019.0mb,,"document.write(Icons.GetShortDescription(3, 'CurrentWeather'));  Few Clouds at 300m, Broken Clouds at 610m",2018-03-14
03:00,13°C,13°C,200°9 Km/h,,63%,6°C,1019.0mb,,"document.write(Icons.GetShortDescription(3, 'CurrentWeather'));  Few Clouds at 300m, Broken Clouds at 610m",2018-03-14
04:00,13°C,13°C,180°7 Km/h,,63%,6°C,1019.0mb,,"document.write(Icons.GetShortDescription(3, 'CurrentWeather'));  Few Clouds at 300m, Broken Clouds at 610m",2018-03-14
05:00,13°C,13°C,190°7 Km/h,,67%,7°C,1019.0mb,,"document.write(Icons.GetShortDescription(3, 'CurrentWeather'));  Broken Clouds at 610m",2018-03-14
06:00,13°C,13°C,200°11 Km/h,,67%,7°C,1019.0mb,,"document.write(Icons.GetShortDescription(3, 'CurrentWeather'));  Broken Clouds at 610m",2018-03-14
07:00,13°C,13°C,160°6 Km/h,,67%,7°C,1020.0mb,,"document.write(Icons.GetShortDescription(3, 'CurrentWeather'));  Broken Clouds at 610m",2018-03-14
08:00,14°C,14°C,160°9 Km/h,,63%,7°C,1020.0mb,,"document.write(Icons.GetShortDescription(3, 'CurrentWeather'));  Broken Clouds at 610m",2018-03-14
09:00,15°C,15°C,170°11 Km/h,,59%,7°C,1021.0mb,,"document.write(Icons.GetShortDescription(3, 'CurrentWeather'));  Broken Clouds at 610m",2018-03-14
10:00,17°C,17°C,200°11 Km/h,,56%,8°C,1021.0mb,,"document.write(Icons.GetShortDescription(3, 'CurrentWeather'));  Broken Clouds at 910m",2018-03-14
11:00,18°C,18°C,210°15 Km/h,,52%,8°C,1020.0mb,,"document.write(Icons.GetShortDescription(3, 'CurrentWeather'));  Broken Clouds at 1200m",2018-03-14
12:00,19°C,19°C,220°17 Km/h,,49%,8°C,1020.0mb,,"document.write(Icons.GetShortDescription(2, 'CurrentWeather'));  Few Clouds at 1200m, Scattered Clouds at 3400m",2018-03-14
13:00,20°C,20°C,220°20 Km/h,,46%,8°C,1019.0mb,,"document.write(Icons.GetShortDescription(2, 'CurrentWeather'));  Few Clouds at 1200m",2018-03-14
14:00,21°C,21°C,240°22 Km/h,,43%,8°C,1018.0mb,,"document.write(Icons.GetShortDescription(2, 'CurrentWeather'));  Few Clouds at 1200m",2018-03-14
15:00,21°C,21°C,240°24 Km/h,,43%,8°C,1018.0mb,,"document.write(Icons.GetShortDescription(2, 'CurrentWeather'));  Few Clouds at 1200m, Scattered Clouds at 3400m",2018-03-14
16:00,19°C,19°C,230°24 Km/h,,49%,8°C,1018.0mb,,"document.write(Icons.GetShortDescription(2, 'CurrentWeather'));  Few Clouds at 1200m",2018-03-14
17:00,19°C,19°C,240°20 Km/h,,49%,8°C,1018.0mb,,"document.write(Icons.GetShortDescription(2, 'CurrentWeather'));  Few Clouds at 1200m",2018-03-14
18:00,18°C,18°C,240°13 Km/h,,52%,8°C,1017.0mb,,"document.write(Icons.GetShortDescription(2, 'CurrentWeather'));  Few Clouds at 1200m",2018-03-14
19:00,17°C,17°C,220°9 Km/h,,56%,8°C,1017.0mb,,"document.write(Icons.GetShortDescription(2, 'CurrentWeather'));  Few Clouds at 1200m, Scattered Clouds at 3400m",2018-03-14
20:00,17°C,17°C,230°11 Km/h,,59%,9°C,1018.0mb,,"document.write(Icons.GetShortDescription(3, 'CurrentWeather'));  Broken Clouds at 760m",2018-03-14
21:00,16°C,16°C,210°11 Km/h,,68%,10°C,1018.0mb,,"document.write(Icons.GetShortDescription(3, 'CurrentWeather'));  Broken Clouds at 760m",2018-03-14
22:00,16°C,16°C,200°17 Km/h,,63%,9°C,1018.0mb,,"document.write(Icons.GetShortDescription(3, 'CurrentWeather'));  Broken Clouds at 760m",2018-03-14
23:00,15°C,15°C,190°13 Km/h,,68%,9°C,1018.0mb,,"document.write(Icons.GetShortDescription(3, 'CurrentWeather'));  Scattered Clouds at 760m, Broken Clouds at 2100m",2018-03-14
