Time,Temperature,Relative Temperature,Wind,Wind Gust,Rel. humidity,Dew Point,Pressure,Icon,DescriptionDetails,date
00:00,-5°C,-5°C,320°4 Km/h,,54%,-13°C,1022.0mb,,"document.write(Icons.GetShortDescription(1, 'CurrentWeather'));",2018-01-06
01:00,-6°C,-9°C,360°6 Km/h,,58%,-13°C,1022.0mb,,"document.write(Icons.GetShortDescription(1, 'CurrentWeather'));",2018-01-06
02:00,-7°C,-7°C,270°2 Km/h,,63%,-13°C,1022.0mb,,"document.write(Icons.GetShortDescription(1, 'CurrentWeather'));",2018-01-06
03:00,-8°C,-8°C,290°4 Km/h,,68%,-13°C,1023.0mb,,"document.write(Icons.GetShortDescription(1, 'CurrentWeather'));",2018-01-06
04:00,-9°C,-9°C,20°2 Km/h,,67%,-14°C,1023.0mb,,"document.write(Icons.GetShortDescription(1, 'CurrentWeather'));",2018-01-06
05:00,-9°C,-9°C,320°2 Km/h,,67%,-14°C,1023.0mb,,"document.write(Icons.GetShortDescription(1, 'CurrentWeather'));",2018-01-06
06:00,-9°C,-9°C,20°4 Km/h,,73%,-13°C,1023.0mb,,"document.write(Icons.GetShortDescription(1, 'CurrentWeather'));",2018-01-06
07:00,-9°C,-9°C,30°4 Km/h,,67%,-14°C,1024.0mb,,"document.write(Icons.GetShortDescription(1, 'CurrentWeather'));",2018-01-06
08:00,-9°C,-12°C,10°6 Km/h,,79%,-12°C,1024.0mb,,"document.write(Icons.GetShortDescription(1, 'CurrentWeather'));",2018-01-06
09:00,-6°C,-6°C,320°4 Km/h,,74%,-10°C,1024.0mb,,"document.write(Icons.GetShortDescription(1, 'CurrentWeather'));",2018-01-06
10:00,-3°C,-3°C,40°4 Km/h,,64%,-9°C,1025.0mb,,"document.write(Icons.GetShortDescription(1, 'CurrentWeather'));",2018-01-06
11:00,-1°C,-4°C,350°9 Km/h,,47%,-11°C,1025.0mb,,"document.write(Icons.GetShortDescription(1, 'CurrentWeather'));",2018-01-06
12:00,-1°C,-1°C,310°4 Km/h,,43%,-12°C,1025.0mb,,"document.write(Icons.GetShortDescription(1, 'CurrentWeather'));",2018-01-06
13:00,0°C,-3°C,310°9 Km/h,,37%,-13°C,1024.0mb,,"document.write(Icons.GetShortDescription(1, 'CurrentWeather'));",2018-01-06
14:00,2°C,-1°C,340°11 Km/h,,30%,-14°C,1023.0mb,,"document.write(Icons.GetShortDescription(1, 'CurrentWeather'));",2018-01-06
15:00,1°C,-2°C,340°11 Km/h,,29%,-15°C,1023.0mb,,"document.write(Icons.GetShortDescription(1, 'CurrentWeather'));",2018-01-06
16:00,1°C,-3°C,340°15 Km/h,,27%,-16°C,1023.0mb,,"document.write(Icons.GetShortDescription(1, 'CurrentWeather'));",2018-01-06
17:00,0°C,-4°C,350°11 Km/h,,29%,-16°C,1023.0mb,,"document.write(Icons.GetShortDescription(1, 'CurrentWeather'));",2018-01-06
18:00,-2°C,-5°C,330°7 Km/h,,37%,-15°C,1023.0mb,,"document.write(Icons.GetShortDescription(1, 'CurrentWeather'));",2018-01-06
19:00,-2°C,-4°C,260°6 Km/h,,40%,-14°C,1024.0mb,,"document.write(Icons.GetShortDescription(1, 'CurrentWeather'));",2018-01-06
20:00,-4°C,-4°C,10°2 Km/h,,46%,-14°C,1025.0mb,,"document.write(Icons.GetShortDescription(1, 'CurrentWeather'));",2018-01-06
21:00,-4°C,-6°C,350°6 Km/h,,50%,-13°C,1025.0mb,,"document.write(Icons.GetShortDescription(1, 'CurrentWeather'));",2018-01-06
22:00,-5°C,-8°C,320°6 Km/h,,58%,-12°C,1025.0mb,,"document.write(Icons.GetShortDescription(1, 'CurrentWeather'));",2018-01-06
23:00,-6°C,-10°C,30°7 Km/h,,58%,-13°C,1025.0mb,,"document.write(Icons.GetShortDescription(1, 'CurrentWeather'));",2018-01-06
