Time,Temperature,Relative Temperature,Wind,Wind Gust,Rel. humidity,Dew Point,Pressure,Icon,DescriptionDetails,date
00:00,0°C,-3°C,350°7 Km/h,,64%,-6°C,1026.0mb,,"document.write(Icons.GetShortDescription(1, 'CurrentWeather'));",2018-03-06
01:00,-1°C,-4°C,320°7 Km/h,,69%,-6°C,1027.0mb,,"document.write(Icons.GetShortDescription(1, 'CurrentWeather'));",2018-03-06
02:00,-1°C,-4°C,330°9 Km/h,,69%,-6°C,1028.0mb,,"document.write(Icons.GetShortDescription(1, 'CurrentWeather'));",2018-03-06
03:00,-1°C,-3°C,310°6 Km/h,,75%,-5°C,1028.0mb,,"document.write(Icons.GetShortDescription(1, 'CurrentWeather'));",2018-03-06
04:00,-1°C,-1°C,310°2 Km/h,,75%,-5°C,1028.0mb,,"document.write(Icons.GetShortDescription(1, 'CurrentWeather'));",2018-03-06
05:00,-2°C,-2°C,320°4 Km/h,,74%,-6°C,1029.0mb,,"document.write(Icons.GetShortDescription(1, 'CurrentWeather'));",2018-03-06
06:00,-2°C,-5°C,330°7 Km/h,,74%,-6°C,1029.0mb,,"document.write(Icons.GetShortDescription(1, 'CurrentWeather'));",2018-03-06
07:00,-3°C,-5°C,340°6 Km/h,,80%,-6°C,1030.0mb,,"document.write(Icons.GetShortDescription(1, 'CurrentWeather'));",2018-03-06
08:00,0°C,0°C,310°2 Km/h,,75%,-4°C,1031.0mb,,"document.write(Icons.GetShortDescription(1, 'CurrentWeather'));",2018-03-06
09:00,2°C,2°C,10°2 Km/h,,75%,-2°C,1031.0mb,,"document.write(Icons.GetShortDescription(1, 'CurrentWeather'));",2018-03-06
10:00,4°C,3°C,310°6 Km/h,,65%,-2°C,1031.0mb,,"document.write(Icons.GetShortDescription(1, 'CurrentWeather'));",2018-03-06
11:00,5°C,5°C,320°4 Km/h,,61%,-2°C,1031.0mb,,"document.write(Icons.GetShortDescription(1, 'CurrentWeather'));",2018-03-06
12:00,6°C,4°C,310°9 Km/h,,46%,-5°C,1031.0mb,,"document.write(Icons.GetShortDescription(1, 'CurrentWeather'));",2018-03-06
13:00,8°C,6°C,330°9 Km/h,,37%,-6°C,1030.0mb,,"document.write(Icons.GetShortDescription(1, 'CurrentWeather'));",2018-03-06
14:00,8°C,6°C,340°11 Km/h,,32%,-8°C,1029.0mb,,"document.write(Icons.GetShortDescription(1, 'CurrentWeather'));",2018-03-06
15:00,8°C,5°C,330°19 Km/h,,37%,-6°C,1029.0mb,,"document.write(Icons.GetShortDescription(1, 'CurrentWeather'));",2018-03-06
16:00,9°C,6°C,320°17 Km/h,,32%,-7°C,1029.0mb,,"document.write(Icons.GetShortDescription(1, 'CurrentWeather'));",2018-03-06
17:00,9°C,7°C,340°13 Km/h,,29%,-8°C,1029.0mb,,"document.write(Icons.GetShortDescription(1, 'CurrentWeather'));",2018-03-06
18:00,7°C,5°C,340°13 Km/h,,34%,-8°C,1029.0mb,,"document.write(Icons.GetShortDescription(1, 'CurrentWeather'));",2018-03-06
19:00,5°C,4°C,330°6 Km/h,,36%,-9°C,1029.0mb,,"document.write(Icons.GetShortDescription(1, 'CurrentWeather'));",2018-03-06
20:00,4°C,2°C,300°9 Km/h,,45%,-7°C,1030.0mb,,"document.write(Icons.GetShortDescription(1, 'CurrentWeather'));",2018-03-06
21:00,3°C,1°C,340°7 Km/h,,52%,-6°C,1030.0mb,,"document.write(Icons.GetShortDescription(1, 'CurrentWeather'));",2018-03-06
22:00,1°C,-2°C,330°11 Km/h,,56%,-7°C,1030.0mb,,"document.write(Icons.GetShortDescription(1, 'CurrentWeather'));",2018-03-06
23:00,1°C,-1°C,350°7 Km/h,,56%,-7°C,1030.0mb,,"document.write(Icons.GetShortDescription(1, 'CurrentWeather'));",2018-03-06
