Time,Temperature,Relative Temperature,Wind,Wind Gust,Rel. humidity,Dew Point,Pressure,Icon,DescriptionDetails,date
00:00,-1°C,-6°C,280°19 Km/h,,64%,-7°C,1010.0mb,,"document.write(Icons.GetShortDescription(4, 'CurrentWeather'));  Broken Clouds at 1200m, Cloudy at 3000m Haze",2018-01-09
01:00,-2°C,-8°C,310°24 Km/h,,64%,-8°C,1010.0mb,,"document.write(Icons.GetShortDescription(26, 'CurrentWeather'));  Broken Clouds at 910m, Cloudy at 3000m Light Snowfall",2018-01-09
02:00,-3°C,-8°C,280°15 Km/h,,64%,-9°C,1010.0mb,,"document.write(Icons.GetShortDescription(4, 'CurrentWeather'));  Broken Clouds at 910m, Cloudy at 3000m",2018-01-09
03:00,-3°C,-9°C,300°19 Km/h,,59%,-10°C,1011.0mb,,"document.write(Icons.GetShortDescription(4, 'CurrentWeather'));  Broken Clouds at 910m, Cloudy at 3000m",2018-01-09
04:00,-5°C,-12°C,320°22 Km/h,,63%,-11°C,1012.0mb,,"document.write(Icons.GetShortDescription(2, 'CurrentWeather'));  Scattered Clouds at 910m",2018-01-09
05:00,-6°C,-11°C,320°11 Km/h,,58%,-13°C,1012.0mb,,"document.write(Icons.GetShortDescription(2, 'CurrentWeather'));  Scattered Clouds at 910m",2018-01-09
06:00,-6°C,-10°C,290°9 Km/h,,54%,-14°C,1012.0mb,,"document.write(Icons.GetShortDescription(2, 'CurrentWeather'));  Few Clouds at 910m",2018-01-09
07:00,-6°C,-11°C,300°11 Km/h,,54%,-14°C,1013.0mb,,"document.write(Icons.GetShortDescription(1, 'CurrentWeather'));",2018-01-09
08:00,-7°C,-11°C,310°9 Km/h,,63%,-13°C,1014.0mb,,"document.write(Icons.GetShortDescription(2, 'CurrentWeather'));  Few Clouds at 910m",2018-01-09
09:00,-5°C,-5°C,250°4 Km/h,,58%,-12°C,1014.0mb,,"document.write(Icons.GetShortDescription(2, 'CurrentWeather'));  Few Clouds at 910m",2018-01-09
10:00,-4°C,-9°C,300°15 Km/h,,54%,-12°C,1015.0mb,,"document.write(Icons.GetShortDescription(2, 'CurrentWeather'));  Few Clouds at 910m",2018-01-09
11:00,-3°C,-8°C,300°15 Km/h,,50%,-12°C,1015.0mb,,"document.write(Icons.GetShortDescription(2, 'CurrentWeather'));  Few Clouds at 910m",2018-01-09
12:00,-3°C,-9°C,300°19 Km/h,,50%,-12°C,1015.0mb,,"document.write(Icons.GetShortDescription(2, 'CurrentWeather'));  Few Clouds at 910m",2018-01-09
13:00,-2°C,-8°C,290°20 Km/h,,47%,-12°C,1014.0mb,,"document.write(Icons.GetShortDescription(2, 'CurrentWeather'));  Few Clouds at 910m",2018-01-09
14:00,-1°C,-7°C,310°24 Km/h,,47%,-11°C,1014.0mb,,"document.write(Icons.GetShortDescription(2, 'CurrentWeather'));  Scattered Clouds at 910m",2018-01-09
15:00,-2°C,-8°C,300°20 Km/h,,51%,-11°C,1014.0mb,,"document.write(Icons.GetShortDescription(26, 'CurrentWeather'));  Scattered Clouds at 910m Light Snowfall Shower",2018-01-09
16:00,-2°C,-8°C,310°19 Km/h,,51%,-11°C,1015.0mb,,"document.write(Icons.GetShortDescription(26, 'CurrentWeather'));  Few Clouds at 460m, Scattered Clouds at 760m Light Snowfall Shower",2018-01-09
17:00,-3°C,-8°C,300°13 Km/h,,50%,-12°C,1015.0mb,,"document.write(Icons.GetShortDescription(2, 'CurrentWeather'));  Few Clouds at 910m",2018-01-09
18:00,-5°C,-9°C,350°9 Km/h,,54%,-13°C,1015.0mb,,"document.write(Icons.GetShortDescription(2, 'CurrentWeather'));  Few Clouds at 910m",2018-01-09
19:00,-5°C,-5°C,310°4 Km/h,,50%,-14°C,1015.0mb,,"document.write(Icons.GetShortDescription(2, 'CurrentWeather'));  Few Clouds at 910m",2018-01-09
20:00,-5°C,-5°C,320°2 Km/h,,50%,-14°C,1015.0mb,,"document.write(Icons.GetShortDescription(2, 'CurrentWeather'));  Scattered Clouds at 910m",2018-01-09
21:00,-5°C,-5°C,320°4 Km/h,,54%,-13°C,1015.0mb,,"document.write(Icons.GetShortDescription(3, 'CurrentWeather'));  Broken Clouds at 910m",2018-01-09
22:00,-4°C,-6°C,330°6 Km/h,,54%,-12°C,1015.0mb,,"document.write(Icons.GetShortDescription(26, 'CurrentWeather'));  Broken Clouds at 910m, Cloudy at 3000m Light Snowfall",2018-01-09
22:21,-4°C,-8°C,340°9 Km/h,,59%,-11°C,1015.0mb,,"document.write(Icons.GetShortDescription(26, 'CurrentWeather'));  Few Clouds at 300m, Broken Clouds at 910m, Cloudy at 3000m Light Snowfall, Haze",2018-01-09
22:36,-5°C,-10°C,360°13 Km/h,,68%,-10°C,1015.0mb,,"document.write(Icons.GetShortDescription(26, 'CurrentWeather'));  Few Clouds at 300m, Broken Clouds at 910m, Cloudy at 3000m Light Snowfall",2018-01-09
23:00,-5°C,-10°C,30°11 Km/h,,68%,-10°C,1015.0mb,,"document.write(Icons.GetShortDescription(26, 'CurrentWeather'));  Few Clouds at 300m, Broken Clouds at 910m, Cloudy at 3000m Light Snowfall, Haze",2018-01-09
