Time,Temperature,Relative Temperature,Wind,Wind Gust,Rel. humidity,Dew Point,Pressure,Icon,DescriptionDetails,date
00:00,9°C,6°C,350°20 Km/h,,71%,4°C,1007.0mb,,"document.write(Icons.GetShortDescription(2, 'CurrentWeather'));  Scattered Clouds at 760m",2018-05-03
01:00,8°C,6°C,350°11 Km/h,,71%,3°C,1008.0mb,,"document.write(Icons.GetShortDescription(2, 'CurrentWeather'));  Scattered Clouds at 760m",2018-05-03
02:00,8°C,7°C,280°7 Km/h,,71%,3°C,1008.0mb,,"document.write(Icons.GetShortDescription(2, 'CurrentWeather'));  Few Clouds at 760m",2018-05-03
03:00,7°C,7°C,160°4 Km/h,,76%,3°C,1008.0mb,,"document.write(Icons.GetShortDescription(2, 'CurrentWeather'));  Few Clouds at 910m",2018-05-03
04:00,7°C,7°C,170°4 Km/h,,76%,3°C,1007.0mb,,"document.write(Icons.GetShortDescription(1, 'CurrentWeather'));",2018-05-03
05:00,8°C,7°C,200°6 Km/h,,82%,5°C,1006.0mb,,"document.write(Icons.GetShortDescription(1, 'CurrentWeather'));",2018-05-03
06:00,9°C,8°C,230°6 Km/h,,76%,5°C,1007.0mb,,"document.write(Icons.GetShortDescription(1, 'CurrentWeather'));",2018-05-03
07:00,11°C,11°C,280°11 Km/h,,67%,5°C,1007.0mb,,"document.write(Icons.GetShortDescription(1, 'CurrentWeather'));",2018-05-03
08:00,13°C,13°C,280°17 Km/h,,55%,4°C,1007.0mb,,"document.write(Icons.GetShortDescription(1, 'CurrentWeather'));",2018-05-03
09:00,15°C,15°C,290°24 Km/h,,45%,3°C,1007.0mb,,"document.write(Icons.GetShortDescription(2, 'CurrentWeather'));  Few Clouds at 910m",2018-05-03
10:00,15°C,15°C,280°24 Km/h,,45%,3°C,1008.0mb,,"document.write(Icons.GetShortDescription(3, 'CurrentWeather'));  Broken Clouds at 910m",2018-05-03
11:00,15°C,15°C,270°22 Km/h,,51%,5°C,1008.0mb,,"document.write(Icons.GetShortDescription(2, 'CurrentWeather'));  Scattered Clouds at 910m",2018-05-03
12:00,16°C,16°C,260°24 Km/h,,48%,5°C,1007.0mb,,"document.write(Icons.GetShortDescription(2, 'CurrentWeather'));  Scattered Clouds at 910m",2018-05-03
13:00,15°C,15°C,270°28 Km/h,,51%,5°C,1007.0mb,,"document.write(Icons.GetShortDescription(3, 'CurrentWeather'));  Broken Clouds at 910m",2018-05-03
14:00,14°C,14°C,270°24 Km/h,,59%,6°C,1007.0mb,,"document.write(Icons.GetShortDescription(3, 'CurrentWeather'));  Broken Clouds at 910m",2018-05-03
15:00,14°C,14°C,330°33 Km/h,,48%,3°C,1007.0mb,,"document.write(Icons.GetShortDescription(3, 'CurrentWeather'));  Broken Clouds at 910m",2018-05-03
16:00,13°C,13°C,310°28 Km/h,,47%,2°C,1007.0mb,,"document.write(Icons.GetShortDescription(3, 'CurrentWeather'));  Broken Clouds at 910m",2018-05-03
17:00,14°C,14°C,310°28 Km/h,,44%,2°C,1007.0mb,,"document.write(Icons.GetShortDescription(2, 'CurrentWeather'));  Scattered Clouds at 910m",2018-05-03
18:00,14°C,14°C,300°19 Km/h,,48%,3°C,1007.0mb,,"document.write(Icons.GetShortDescription(3, 'CurrentWeather'));  Few Clouds at 910m, Broken Clouds at 6100m",2018-05-03
19:00,14°C,14°C,310°20 Km/h,,41%,1°C,1008.0mb,,"document.write(Icons.GetShortDescription(3, 'CurrentWeather'));  Few Clouds at 910m, Broken Clouds at 6100m",2018-05-03
20:00,13°C,13°C,300°11 Km/h,,41%,0°C,1009.0mb,,"document.write(Icons.GetShortDescription(1, 'CurrentWeather'));",2018-05-03
21:00,12°C,12°C,270°11 Km/h,,54%,3°C,1010.0mb,,"document.write(Icons.GetShortDescription(1, 'CurrentWeather'));",2018-05-03
22:00,11°C,11°C,270°11 Km/h,,58%,3°C,1010.0mb,,"document.write(Icons.GetShortDescription(1, 'CurrentWeather'));",2018-05-03
23:00,11°C,11°C,280°11 Km/h,,50%,1°C,1009.0mb,,"document.write(Icons.GetShortDescription(1, 'CurrentWeather'));",2018-05-03
