Time,Temperature,Relative Temperature,Wind,Wind Gust,Rel. humidity,Dew Point,Pressure,Icon,DescriptionDetails,date
00:00,13°C,13°C,240°2 Km/h,,63%,6°C,1013.0mb,,"document.write(Icons.GetShortDescription(2, 'CurrentWeather'));  Few Clouds at 910m, Scattered Clouds at 5500m",2018-04-30
01:00,13°C,13°C,320°4 Km/h,,63%,6°C,1013.0mb,,"document.write(Icons.GetShortDescription(2, 'CurrentWeather'));  Few Clouds at 910m, Scattered Clouds at 5500m Haze",2018-04-30
02:00,13°C,13°C,350°4 Km/h,,67%,7°C,1013.0mb,,"document.write(Icons.GetShortDescription(3, 'CurrentWeather'));  Scattered Clouds at 610m, Broken Clouds at 5500m Haze",2018-04-30
03:00,13°C,13°C,Calm,,67%,7°C,1013.0mb,,"document.write(Icons.GetShortDescription(3, 'CurrentWeather'));  Scattered Clouds at 610m, Broken Clouds at 5500m Haze",2018-04-30
04:00,14°C,14°C,180°4 Km/h,,67%,8°C,1013.0mb,,"document.write(Icons.GetShortDescription(3, 'CurrentWeather'));  Scattered Clouds at 610m, Broken Clouds at 5500m Haze",2018-04-30
05:00,14°C,14°C,170°7 Km/h,,67%,8°C,1013.0mb,,"document.write(Icons.GetShortDescription(2, 'CurrentWeather'));  Few Clouds at 300m, Scattered Clouds at 610m Haze",2018-04-30
06:00,14°C,14°C,210°7 Km/h,,72%,9°C,1014.0mb,,"document.write(Icons.GetShortDescription(3, 'CurrentWeather'));  Scattered Clouds at 300m, Broken Clouds at 610m Haze",2018-04-30
07:00,15°C,15°C,200°9 Km/h,,72%,10°C,1015.0mb,,"document.write(Icons.GetShortDescription(3, 'CurrentWeather'));  Scattered Clouds at 300m, Broken Clouds at 610m Haze",2018-04-30
08:00,16°C,16°C,190°2 Km/h,,72%,11°C,1015.0mb,,"document.write(Icons.GetShortDescription(3, 'CurrentWeather'));  Scattered Clouds at 300m, Broken Clouds at 610m Haze",2018-04-30
09:00,17°C,17°C,150°7 Km/h,,68%,11°C,1015.0mb,,"document.write(Icons.GetShortDescription(2, 'CurrentWeather'));  Scattered Clouds at 610m Haze",2018-04-30
10:00,19°C,19°C,230°7 Km/h,,60%,11°C,1015.0mb,,"document.write(Icons.GetShortDescription(2, 'CurrentWeather'));  Scattered Clouds at 910m",2018-04-30
11:00,20°C,20°C,210°4 Km/h,,56%,11°C,1015.0mb,,"document.write(Icons.GetShortDescription(3, 'CurrentWeather'));  Broken Clouds at 910m",2018-04-30
12:00,21°C,21°C,320°11 Km/h,,57%,12°C,1015.0mb,,"document.write(Icons.GetShortDescription(2, 'CurrentWeather'));  Scattered Clouds at 910m Haze",2018-04-30
13:00,21°C,21°C,310°9 Km/h,,53%,11°C,1015.0mb,,"document.write(Icons.GetShortDescription(2, 'CurrentWeather'));  Few Clouds at 910m Haze",2018-04-30
14:00,23°C,23°C,260°15 Km/h,,50%,12°C,1015.0mb,,"document.write(Icons.GetShortDescription(2, 'CurrentWeather'));  Few Clouds at 910m Haze",2018-04-30
15:00,23°C,23°C,280°9 Km/h,,53%,13°C,1014.0mb,,"document.write(Icons.GetShortDescription(2, 'CurrentWeather'));  Few Clouds at 910m",2018-04-30
16:00,23°C,23°C,250°11 Km/h,,50%,12°C,1014.0mb,,"document.write(Icons.GetShortDescription(2, 'CurrentWeather'));  Few Clouds at 910m Haze",2018-04-30
17:00,23°C,23°C,290°13 Km/h,,50%,12°C,1014.0mb,,"document.write(Icons.GetShortDescription(2, 'CurrentWeather'));  Few Clouds at 910m Haze",2018-04-30
18:00,21°C,21°C,300°17 Km/h,,60%,13°C,1014.0mb,,"document.write(Icons.GetShortDescription(2, 'CurrentWeather'));  Few Clouds at 910m Haze",2018-04-30
19:00,20°C,20°C,300°11 Km/h,,60%,12°C,1014.0mb,,"document.write(Icons.GetShortDescription(2, 'CurrentWeather'));  Few Clouds at 910m, Scattered Clouds at 5500m Haze",2018-04-30
20:00,18°C,18°C,280°11 Km/h,,68%,12°C,1015.0mb,,"document.write(Icons.GetShortDescription(2, 'CurrentWeather'));  Few Clouds at 910m, Scattered Clouds at 5500m Haze",2018-04-30
21:00,17°C,17°C,300°4 Km/h,,73%,12°C,1015.0mb,,"document.write(Icons.GetShortDescription(2, 'CurrentWeather'));  Few Clouds at 910m, Scattered Clouds at 5500m Haze",2018-04-30
22:00,16°C,16°C,320°9 Km/h,,77%,12°C,1016.0mb,,"document.write(Icons.GetShortDescription(2, 'CurrentWeather'));  Few Clouds at 910m, Scattered Clouds at 5500m Haze",2018-04-30
23:00,16°C,16°C,50°4 Km/h,,83%,13°C,1016.0mb,,"document.write(Icons.GetShortDescription(3, 'CurrentWeather'));  Few Clouds at 300m, Scattered Clouds at 910m, Broken Clouds at 5500m Haze",2018-04-30
