Time,Temperature,Relative Temperature,Wind,Wind Gust,Rel. humidity,Dew Point,Pressure,Icon,DescriptionDetails,date
00:00,13°C,13°C,330°11 Km/h,,77%,9°C,1009.0mb,,"document.write(Icons.GetShortDescription(1, 'CurrentWeather'));",2018-05-08
01:00,13°C,13°C,350°7 Km/h,,77%,9°C,1010.0mb,,"document.write(Icons.GetShortDescription(1, 'CurrentWeather'));",2018-05-08
02:00,14°C,14°C,20°9 Km/h,,72%,9°C,1010.0mb,,"document.write(Icons.GetShortDescription(1, 'CurrentWeather'));",2018-05-08
03:00,15°C,15°C,60°6 Km/h,,68%,9°C,1010.0mb,,"document.write(Icons.GetShortDescription(1, 'CurrentWeather'));",2018-05-08
04:00,16°C,16°C,80°13 Km/h,,59%,8°C,1011.0mb,,"document.write(Icons.GetShortDescription(1, 'CurrentWeather'));",2018-05-08
05:00,16°C,16°C,70°9 Km/h,,59%,8°C,1011.0mb,,"document.write(Icons.GetShortDescription(1, 'CurrentWeather'));",2018-05-08
06:00,15°C,15°C,70°7 Km/h,,63%,8°C,1011.0mb,,"document.write(Icons.GetShortDescription(1, 'CurrentWeather'));",2018-05-08
07:00,16°C,16°C,40°9 Km/h,,63%,9°C,1012.0mb,,"document.write(Icons.GetShortDescription(1, 'CurrentWeather'));",2018-05-08
08:00,18°C,18°C,110°17 Km/h,,52%,8°C,1012.0mb,,"document.write(Icons.GetShortDescription(1, 'CurrentWeather'));",2018-05-08
09:00,19°C,19°C,90°19 Km/h,,49%,8°C,1013.0mb,,"document.write(Icons.GetShortDescription(1, 'CurrentWeather'));",2018-05-08
10:00,20°C,20°C,110°20 Km/h,,49%,9°C,1013.0mb,,"document.write(Icons.GetShortDescription(1, 'CurrentWeather'));",2018-05-08
11:00,21°C,21°C,120°19 Km/h,,43%,8°C,1013.0mb,,"document.write(Icons.GetShortDescription(2, 'CurrentWeather'));  Few Clouds at 910m, Scattered Clouds at 5500m",2018-05-08
12:00,22°C,21°C,100°13 Km/h,,41%,8°C,1014.0mb,,"document.write(Icons.GetShortDescription(2, 'CurrentWeather'));  Few Clouds at 910m, Scattered Clouds at 5500m",2018-05-08
13:00,21°C,21°C,100°17 Km/h,,43%,8°C,1013.0mb,,"document.write(Icons.GetShortDescription(3, 'CurrentWeather'));  Scattered Clouds at 1400m, Broken Clouds at 5500m",2018-05-08
14:00,22°C,21°C,80°17 Km/h,,41%,8°C,1013.0mb,,"document.write(Icons.GetShortDescription(2, 'CurrentWeather'));  Scattered Clouds at 1400m, Scattered Clouds at 5500m",2018-05-08
15:00,23°C,22°C,90°17 Km/h,,41%,9°C,1013.0mb,,"document.write(Icons.GetShortDescription(2, 'CurrentWeather'));  Few Clouds at 1400m, Scattered Clouds at 5500m",2018-05-08
16:00,22°C,21°C,70°15 Km/h,,38%,7°C,1013.0mb,,"document.write(Icons.GetShortDescription(2, 'CurrentWeather'));  Scattered Clouds at 1400m",2018-05-08
17:00,21°C,21°C,100°19 Km/h,,40%,7°C,1014.0mb,,"document.write(Icons.GetShortDescription(2, 'CurrentWeather'));  Scattered Clouds at 1400m",2018-05-08
18:00,21°C,21°C,70°17 Km/h,,40%,7°C,1014.0mb,,"document.write(Icons.GetShortDescription(2, 'CurrentWeather'));  Few Clouds at 1400m",2018-05-08
19:00,19°C,19°C,90°20 Km/h,,43%,6°C,1015.0mb,,"document.write(Icons.GetShortDescription(2, 'CurrentWeather'));  Few Clouds at 1400m",2018-05-08
20:00,17°C,17°C,90°22 Km/h,,42%,4°C,1016.0mb,,"document.write(Icons.GetShortDescription(2, 'CurrentWeather'));  Few Clouds at 1400m",2018-05-08
21:00,15°C,15°C,90°17 Km/h,,45%,3°C,1017.0mb,,"document.write(Icons.GetShortDescription(2, 'CurrentWeather'));  Few Clouds at 1400m",2018-05-08
22:00,14°C,14°C,70°22 Km/h,,48%,3°C,1018.0mb,,"document.write(Icons.GetShortDescription(1, 'CurrentWeather'));",2018-05-08
23:00,13°C,13°C,100°19 Km/h,,51%,3°C,1019.0mb,,"document.write(Icons.GetShortDescription(1, 'CurrentWeather'));",2018-05-08
