Time,Temperature,Relative Temperature,Wind,Wind Gust,Rel. humidity,Dew Point,Pressure,Icon,DescriptionDetails,date
00:00,-2°C,-4°C,330°6 Km/h,,51%,-11°C,1026.0mb,,"document.write(Icons.GetShortDescription(1, 'CurrentWeather'));",2018-01-19
01:00,-1°C,-1°C,350°4 Km/h,,51%,-10°C,1026.0mb,,"document.write(Icons.GetShortDescription(1, 'CurrentWeather'));",2018-01-19
02:00,-2°C,-2°C,340°4 Km/h,,51%,-11°C,1026.0mb,,"document.write(Icons.GetShortDescription(1, 'CurrentWeather'));",2018-01-19
03:00,-1°C,-1°C,340°4 Km/h,,47%,-11°C,1026.0mb,,"document.write(Icons.GetShortDescription(1, 'CurrentWeather'));",2018-01-19
04:00,-2°C,-2°C,360°4 Km/h,,51%,-11°C,1025.0mb,,"document.write(Icons.GetShortDescription(1, 'CurrentWeather'));",2018-01-19
05:00,-2°C,-4°C,320°6 Km/h,,51%,-11°C,1025.0mb,,"document.write(Icons.GetShortDescription(1, 'CurrentWeather'));",2018-01-19
06:00,-4°C,-4°C,320°4 Km/h,,59%,-11°C,1025.0mb,,"document.write(Icons.GetShortDescription(1, 'CurrentWeather'));",2018-01-19
07:00,-4°C,-6°C,310°6 Km/h,,54%,-12°C,1026.0mb,,"document.write(Icons.GetShortDescription(1, 'CurrentWeather'));",2018-01-19
08:00,-4°C,-6°C,350°6 Km/h,,54%,-12°C,1026.0mb,,"document.write(Icons.GetShortDescription(1, 'CurrentWeather'));",2018-01-19
09:00,-2°C,-2°C,50°4 Km/h,,55%,-10°C,1026.0mb,,"document.write(Icons.GetShortDescription(1, 'CurrentWeather'));",2018-01-19
10:00,1°C,1°C,140°2 Km/h,,44%,-10°C,1027.0mb,,"document.write(Icons.GetShortDescription(1, 'CurrentWeather'));",2018-01-19
11:00,2°C,2°C,360°4 Km/h,,32%,-13°C,1026.0mb,,"document.write(Icons.GetShortDescription(1, 'CurrentWeather'));",2018-01-19
12:00,3°C,2°C,320°6 Km/h,,28%,-14°C,1025.0mb,,"document.write(Icons.GetShortDescription(1, 'CurrentWeather'));",2018-01-19
13:00,4°C,2°C,350°9 Km/h,,33%,-11°C,1024.0mb,,"document.write(Icons.GetShortDescription(1, 'CurrentWeather'));",2018-01-19
14:00,5°C,3°C,340°9 Km/h,,26%,-13°C,1024.0mb,,"document.write(Icons.GetShortDescription(1, 'CurrentWeather'));",2018-01-19
15:00,5°C,2°C,290°15 Km/h,,26%,-13°C,1023.0mb,,"document.write(Icons.GetShortDescription(1, 'CurrentWeather'));",2018-01-19
16:00,4°C,1°C,280°13 Km/h,,33%,-11°C,1023.0mb,,"document.write(Icons.GetShortDescription(1, 'CurrentWeather'));",2018-01-19
17:00,3°C,0°C,280°9 Km/h,,38%,-10°C,1023.0mb,,"document.write(Icons.GetShortDescription(1, 'CurrentWeather'));",2018-01-19
18:00,2°C,-1°C,280°11 Km/h,,41%,-10°C,1023.0mb,,"document.write(Icons.GetShortDescription(1, 'CurrentWeather'));",2018-01-19
19:00,1°C,-1°C,250°6 Km/h,,44%,-10°C,1023.0mb,,"document.write(Icons.GetShortDescription(1, 'CurrentWeather'));",2018-01-19
20:00,0°C,0°C,320°4 Km/h,,47%,-10°C,1023.0mb,,"document.write(Icons.GetShortDescription(1, 'CurrentWeather'));",2018-01-19
21:00,-2°C,-2°C,30°2 Km/h,,55%,-10°C,1023.0mb,,"document.write(Icons.GetShortDescription(1, 'CurrentWeather'));",2018-01-19
22:00,-2°C,-2°C,340°2 Km/h,,55%,-10°C,1023.0mb,,"document.write(Icons.GetShortDescription(1, 'CurrentWeather'));",2018-01-19
23:00,-4°C,-6°C,140°6 Km/h,,59%,-11°C,1023.0mb,,"document.write(Icons.GetShortDescription(1, 'CurrentWeather'));",2018-01-19
