Time,Temperature,Relative Temperature,Wind,Wind Gust,Rel. humidity,Dew Point,Pressure,Icon,DescriptionDetails,date
00:00,12°C,12°C,340°6 Km/h,,72%,7°C,1022.0mb,,"document.write(Icons.GetShortDescription(1, 'CurrentWeather'));",2018-05-10
01:00,11°C,11°C,320°9 Km/h,,72%,6°C,1022.0mb,,"document.write(Icons.GetShortDescription(1, 'CurrentWeather'));",2018-05-10
02:00,11°C,11°C,300°7 Km/h,,77%,7°C,1023.0mb,,"document.write(Icons.GetShortDescription(1, 'CurrentWeather'));",2018-05-10
03:00,11°C,11°C,320°7 Km/h,,77%,7°C,1022.0mb,,"document.write(Icons.GetShortDescription(1, 'CurrentWeather'));",2018-05-10
04:00,11°C,11°C,350°4 Km/h,,77%,7°C,1023.0mb,,"document.write(Icons.GetShortDescription(1, 'CurrentWeather'));",2018-05-10
05:00,10°C,10°C,40°2 Km/h,,82%,7°C,1023.0mb,,"document.write(Icons.GetShortDescription(1, 'CurrentWeather'));",2018-05-10
06:00,9°C,8°C,160°9 Km/h,,82%,6°C,1023.0mb,,"document.write(Icons.GetShortDescription(1, 'CurrentWeather'));",2018-05-10
07:00,13°C,13°C,200°11 Km/h,,77%,9°C,1024.0mb,,"document.write(Icons.GetShortDescription(1, 'CurrentWeather'));",2018-05-10
08:00,14°C,14°C,180°11 Km/h,,67%,8°C,1024.0mb,,"document.write(Icons.GetShortDescription(1, 'CurrentWeather'));",2018-05-10
09:00,17°C,17°C,220°13 Km/h,,56%,8°C,1024.0mb,,"document.write(Icons.GetShortDescription(1, 'CurrentWeather'));",2018-05-10
10:00,18°C,18°C,240°13 Km/h,,52%,8°C,1024.0mb,,"document.write(Icons.GetShortDescription(1, 'CurrentWeather'));",2018-05-10
11:00,18°C,18°C,260°15 Km/h,,52%,8°C,1024.0mb,,"document.write(Icons.GetShortDescription(2, 'CurrentWeather'));  Few Clouds at 1200m",2018-05-10
12:00,19°C,19°C,260°11 Km/h,,49%,8°C,1024.0mb,,"document.write(Icons.GetShortDescription(1, 'CurrentWeather'));",2018-05-10
13:00,19°C,19°C,250°11 Km/h,,52%,9°C,1023.0mb,,"document.write(Icons.GetShortDescription(1, 'CurrentWeather'));",2018-05-10
14:00,19°C,19°C,270°17 Km/h,,52%,9°C,1023.0mb,,"document.write(Icons.GetShortDescription(2, 'CurrentWeather'));  Few Clouds at 1200m",2018-05-10
15:00,17°C,17°C,310°22 Km/h,,59%,9°C,1022.0mb,,"document.write(Icons.GetShortDescription(2, 'CurrentWeather'));  Few Clouds at 1200m",2018-05-10
16:00,17°C,17°C,310°19 Km/h,,64%,10°C,1022.0mb,,"document.write(Icons.GetShortDescription(1, 'CurrentWeather'));",2018-05-10
17:00,16°C,16°C,300°15 Km/h,,63%,9°C,1021.0mb,,"document.write(Icons.GetShortDescription(1, 'CurrentWeather'));",2018-05-10
18:00,14°C,14°C,310°19 Km/h,,72%,9°C,1021.0mb,,"document.write(Icons.GetShortDescription(1, 'CurrentWeather'));",2018-05-10
19:00,13°C,13°C,300°17 Km/h,,77%,9°C,1021.0mb,,"document.write(Icons.GetShortDescription(1, 'CurrentWeather'));",2018-05-10
19:31,13°C,13°C,290°17 Km/h,,77%,9°C,1022.0mb,,"document.write(Icons.GetShortDescription(2, 'CurrentWeather'));  Few Clouds at 240m, Scattered Clouds at 1200m Haze",2018-05-10
20:00,12°C,12°C,280°15 Km/h,,82%,9°C,1022.0mb,,"document.write(Icons.GetShortDescription(2, 'CurrentWeather'));  Few Clouds at 210m, Scattered Clouds at 910m Haze",2018-05-10
21:00,12°C,12°C,280°9 Km/h,,82%,9°C,1022.0mb,,"document.write(Icons.GetShortDescription(3, 'CurrentWeather'));  Scattered Clouds at 150m, Broken Clouds at 610m Haze",2018-05-10
22:00,12°C,12°C,320°9 Km/h,,82%,9°C,1022.0mb,,"document.write(Icons.GetShortDescription(3, 'CurrentWeather'));  Scattered Clouds at 180m, Broken Clouds at 610m Haze",2018-05-10
23:00,12°C,12°C,300°7 Km/h,,82%,9°C,1022.0mb,,"document.write(Icons.GetShortDescription(3, 'CurrentWeather'));  Scattered Clouds at 180m, Broken Clouds at 610m Haze",2018-05-10
