Time,Temperature,Relative Temperature,Wind,Wind Gust,Rel. humidity,Dew Point,Pressure,Icon,DescriptionDetails,date
00:00,2°C,2°C,130°2 Km/h,,65%,-4°C,1021.0mb,,"document.write(Icons.GetShortDescription(1, 'CurrentWeather'));  Haze",2018-03-13
01:00,2°C,2°C,350°2 Km/h,,70%,-3°C,1021.0mb,,"document.write(Icons.GetShortDescription(1, 'CurrentWeather'));  Haze",2018-03-13
02:00,2°C,2°C,140°4 Km/h,,75%,-2°C,1021.0mb,,"document.write(Icons.GetShortDescription(1, 'CurrentWeather'));  Haze",2018-03-13
03:00,4°C,2°C,140°7 Km/h,,75%,0°C,1020.0mb,,"document.write(Icons.GetShortDescription(2, 'CurrentWeather'));  Scattered Clouds at 1100m Haze",2018-03-13
04:00,5°C,5°C,160°2 Km/h,,70%,0°C,1019.0mb,,"document.write(Icons.GetShortDescription(3, 'CurrentWeather'));  Broken Clouds at 1100m Haze",2018-03-13
05:00,6°C,6°C,40°2 Km/h,,71%,1°C,1019.0mb,,"document.write(Icons.GetShortDescription(3, 'CurrentWeather'));  Broken Clouds at 1100m Haze",2018-03-13
06:00,5°C,5°C,250°2 Km/h,,76%,1°C,1019.0mb,,"document.write(Icons.GetShortDescription(3, 'CurrentWeather'));  Broken Clouds at 1100m Haze",2018-03-13
07:00,7°C,7°C,340°2 Km/h,,66%,1°C,1019.0mb,,"document.write(Icons.GetShortDescription(3, 'CurrentWeather'));  Broken Clouds at 910m",2018-03-13
08:00,8°C,8°C,180°2 Km/h,,66%,2°C,1019.0mb,,"document.write(Icons.GetShortDescription(3, 'CurrentWeather'));  Broken Clouds at 760m",2018-03-13
09:00,11°C,11°C,220°4 Km/h,,50%,1°C,1019.0mb,,"document.write(Icons.GetShortDescription(3, 'CurrentWeather'));  Broken Clouds at 760m",2018-03-13
10:00,14°C,14°C,190°13 Km/h,,41%,1°C,1019.0mb,,"document.write(Icons.GetShortDescription(3, 'CurrentWeather'));  Broken Clouds at 910m",2018-03-13
11:00,14°C,14°C,200°17 Km/h,,44%,2°C,1019.0mb,,"document.write(Icons.GetShortDescription(3, 'CurrentWeather'));  Broken Clouds at 910m",2018-03-13
12:00,15°C,15°C,220°20 Km/h,,48%,4°C,1019.0mb,,"document.write(Icons.GetShortDescription(2, 'CurrentWeather'));  Few Clouds at 910m",2018-03-13
13:00,17°C,17°C,200°24 Km/h,,49%,6°C,1018.0mb,,"document.write(Icons.GetShortDescription(2, 'CurrentWeather'));  Few Clouds at 910m",2018-03-13
14:00,17°C,17°C,210°20 Km/h,,49%,6°C,1017.0mb,,"document.write(Icons.GetShortDescription(2, 'CurrentWeather'));  Few Clouds at 910m",2018-03-13
15:00,17°C,17°C,200°24 Km/h,,52%,7°C,1017.0mb,,"document.write(Icons.GetShortDescription(2, 'CurrentWeather'));  Few Clouds at 910m",2018-03-13
16:00,16°C,16°C,200°28 Km/h,,59%,8°C,1017.0mb,,"document.write(Icons.GetShortDescription(2, 'CurrentWeather'));  Few Clouds at 910m",2018-03-13
17:00,15°C,15°C,200°24 Km/h,,68%,9°C,1017.0mb,,"document.write(Icons.GetShortDescription(2, 'CurrentWeather'));  Scattered Clouds at 760m",2018-03-13
18:00,14°C,14°C,210°15 Km/h,,72%,9°C,1017.0mb,,"document.write(Icons.GetShortDescription(3, 'CurrentWeather'));  Few Clouds at 460m, Broken Clouds at 760m",2018-03-13
19:00,14°C,14°C,200°15 Km/h,,72%,9°C,1017.0mb,,"document.write(Icons.GetShortDescription(3, 'CurrentWeather'));  Few Clouds at 460m, Broken Clouds at 760m",2018-03-13
20:00,13°C,13°C,200°19 Km/h,,77%,9°C,1018.0mb,,"document.write(Icons.GetShortDescription(3, 'CurrentWeather'));  Scattered Clouds at 460m, Broken Clouds at 760m",2018-03-13
21:00,13°C,13°C,200°11 Km/h,,77%,9°C,1018.0mb,,"document.write(Icons.GetShortDescription(3, 'CurrentWeather'));  Scattered Clouds at 300m, Broken Clouds at 610m",2018-03-13
22:00,13°C,13°C,190°13 Km/h,,77%,9°C,1019.0mb,,"document.write(Icons.GetShortDescription(3, 'CurrentWeather'));  Scattered Clouds at 300m, Broken Clouds at 610m",2018-03-13
23:00,13°C,13°C,190°13 Km/h,,77%,9°C,1019.0mb,,"document.write(Icons.GetShortDescription(3, 'CurrentWeather'));  Few Clouds at 300m, Broken Clouds at 610m",2018-03-13
