Time,Temperature,Relative Temperature,Wind,Wind Gust,Rel. humidity,Dew Point,Pressure,Icon,DescriptionDetails,date
00:00,8°C,7°C,170°7 Km/h,,82%,5°C,1017.0mb,,"document.write(Icons.GetShortDescription(1, 'CurrentWeather'));  Haze",2018-03-28
01:00,9°C,8°C,190°7 Km/h,,76%,5°C,1017.0mb,,"document.write(Icons.GetShortDescription(1, 'CurrentWeather'));  Haze",2018-03-28
02:00,9°C,8°C,180°6 Km/h,,76%,5°C,1017.0mb,,"document.write(Icons.GetShortDescription(1, 'CurrentWeather'));  Haze",2018-03-28
03:00,9°C,8°C,170°6 Km/h,,76%,5°C,1016.0mb,,"document.write(Icons.GetShortDescription(1, 'CurrentWeather'));  Haze",2018-03-28
04:00,8°C,7°C,160°6 Km/h,,82%,5°C,1016.0mb,,"document.write(Icons.GetShortDescription(1, 'CurrentWeather'));  Haze",2018-03-28
05:00,7°C,5°C,160°9 Km/h,,81%,4°C,1016.0mb,,"document.write(Icons.GetShortDescription(1, 'CurrentWeather'));  Haze",2018-03-28
06:00,8°C,6°C,170°9 Km/h,,82%,5°C,1017.0mb,,"document.write(Icons.GetShortDescription(1, 'CurrentWeather'));  Haze",2018-03-28
07:00,7°C,6°C,150°6 Km/h,,81%,4°C,1017.0mb,,"document.write(Icons.GetShortDescription(1, 'CurrentWeather'));  Haze",2018-03-28
08:00,11°C,11°C,180°11 Km/h,,77%,7°C,1017.0mb,,"document.write(Icons.GetShortDescription(1, 'CurrentWeather'));  Haze",2018-03-28
09:00,13°C,13°C,210°9 Km/h,,72%,8°C,1018.0mb,,"document.write(Icons.GetShortDescription(2, 'CurrentWeather'));  Few Clouds at 910m",2018-03-28
10:00,15°C,15°C,210°11 Km/h,,63%,8°C,1018.0mb,,"document.write(Icons.GetShortDescription(1, 'CurrentWeather'));",2018-03-28
11:00,16°C,16°C,220°20 Km/h,,59%,8°C,1018.0mb,,"document.write(Icons.GetShortDescription(1, 'CurrentWeather'));",2018-03-28
12:00,17°C,17°C,220°17 Km/h,,56%,8°C,1017.0mb,,"document.write(Icons.GetShortDescription(1, 'CurrentWeather'));",2018-03-28
13:00,17°C,17°C,230°22 Km/h,,56%,8°C,1017.0mb,,"document.write(Icons.GetShortDescription(1, 'CurrentWeather'));",2018-03-28
14:00,19°C,19°C,230°20 Km/h,,46%,7°C,1016.0mb,,"document.write(Icons.GetShortDescription(1, 'CurrentWeather'));",2018-03-28
15:00,17°C,17°C,230°22 Km/h,,49%,6°C,1016.0mb,,"document.write(Icons.GetShortDescription(1, 'CurrentWeather'));",2018-03-28
16:00,18°C,18°C,240°19 Km/h,,49%,7°C,1016.0mb,,"document.write(Icons.GetShortDescription(3, 'CurrentWeather'));  Scattered Clouds at 1200m, Broken Clouds at 2100m",2018-03-28
17:00,17°C,17°C,240°17 Km/h,,52%,7°C,1016.0mb,,"document.write(Icons.GetShortDescription(1, 'CurrentWeather'));",2018-03-28
18:00,16°C,16°C,240°11 Km/h,,55%,7°C,1016.0mb,,"document.write(Icons.GetShortDescription(1, 'CurrentWeather'));",2018-03-28
19:00,14°C,14°C,310°9 Km/h,,63%,7°C,1016.0mb,,"document.write(Icons.GetShortDescription(1, 'CurrentWeather'));",2018-03-28
20:00,12°C,12°C,320°11 Km/h,,72%,7°C,1017.0mb,,"document.write(Icons.GetShortDescription(1, 'CurrentWeather'));",2018-03-28
21:00,12°C,12°C,50°2 Km/h,,72%,7°C,1017.0mb,,"document.write(Icons.GetShortDescription(1, 'CurrentWeather'));  Haze",2018-03-28
22:00,11°C,11°C,340°4 Km/h,,72%,6°C,1018.0mb,,"document.write(Icons.GetShortDescription(2, 'CurrentWeather'));  Few Clouds at 910m Haze",2018-03-28
23:00,11°C,11°C,280°2 Km/h,,77%,7°C,1018.0mb,,"document.write(Icons.GetShortDescription(2, 'CurrentWeather'));  Scattered Clouds at 910m Haze",2018-03-28
