Time,Temperature,Relative Temperature,Wind,Wind Gust,Rel. humidity,Dew Point,Pressure,Icon,DescriptionDetails,date
00:00,-1°C,-3°C,350°6 Km/h,,51%,-10°C,1018.0mb,,"document.write(Icons.GetShortDescription(4, 'CurrentWeather'));  Scattered Clouds at 910m, Cloudy at 2400m",2018-01-08
01:00,-1°C,-1°C,330°2 Km/h,,55%,-9°C,1017.0mb,,"document.write(Icons.GetShortDescription(4, 'CurrentWeather'));  Broken Clouds at 910m, Cloudy at 2400m",2018-01-08
02:00,-1°C,-1°C,310°4 Km/h,,55%,-9°C,1017.0mb,,"document.write(Icons.GetShortDescription(4, 'CurrentWeather'));  Broken Clouds at 1400m, Cloudy at 3000m",2018-01-08
03:00,-1°C,-5°C,340°11 Km/h,,55%,-9°C,1016.0mb,,"document.write(Icons.GetShortDescription(4, 'CurrentWeather'));  Broken Clouds at 1400m, Cloudy at 3000m",2018-01-08
04:00,-1°C,-5°C,340°11 Km/h,,51%,-10°C,1015.0mb,,"document.write(Icons.GetShortDescription(4, 'CurrentWeather'));  Scattered Clouds at 1100m, Cloudy at 2100m",2018-01-08
05:00,-1°C,-4°C,340°9 Km/h,,51%,-10°C,1015.0mb,,"document.write(Icons.GetShortDescription(4, 'CurrentWeather'));  Broken Clouds at 1200m, Cloudy at 2100m",2018-01-08
06:00,-1°C,-1°C,360°4 Km/h,,51%,-10°C,1014.0mb,,"document.write(Icons.GetShortDescription(4, 'CurrentWeather'));  Scattered Clouds at 1200m, Cloudy at 2100m",2018-01-08
07:00,-1°C,-4°C,340°9 Km/h,,51%,-10°C,1014.0mb,,"document.write(Icons.GetShortDescription(4, 'CurrentWeather'));  Broken Clouds at 1400m, Cloudy at 2100m",2018-01-08
08:00,-1°C,-1°C,300°2 Km/h,,51%,-10°C,1013.0mb,,"document.write(Icons.GetShortDescription(4, 'CurrentWeather'));  Broken Clouds at 1400m, Cloudy at 2400m",2018-01-08
09:00,0°C,0°C,320°4 Km/h,,51%,-9°C,1014.0mb,,"document.write(Icons.GetShortDescription(4, 'CurrentWeather'));  Scattered Clouds at 1200m, Cloudy at 2400m",2018-01-08
10:00,1°C,1°C,330°4 Km/h,,41%,-11°C,1014.0mb,,"document.write(Icons.GetShortDescription(4, 'CurrentWeather'));  Scattered Clouds at 1200m, Cloudy at 2400m",2018-01-08
11:00,3°C,2°C,350°6 Km/h,,35%,-11°C,1013.0mb,,"document.write(Icons.GetShortDescription(2, 'CurrentWeather'));  Few Clouds at 910m, Scattered Clouds at 3700m",2018-01-08
12:00,3°C,2°C,300°6 Km/h,,33%,-12°C,1012.0mb,,"document.write(Icons.GetShortDescription(3, 'CurrentWeather'));  Few Clouds at 910m, Broken Clouds at 3000m",2018-01-08
13:00,4°C,2°C,210°7 Km/h,,30%,-12°C,1011.0mb,,"document.write(Icons.GetShortDescription(3, 'CurrentWeather'));  Few Clouds at 910m, Broken Clouds at 3000m",2018-01-08
14:00,4°C,1°C,230°13 Km/h,,30%,-12°C,1009.0mb,,"document.write(Icons.GetShortDescription(3, 'CurrentWeather'));  Few Clouds at 910m, Broken Clouds at 3000m",2018-01-08
15:00,4°C,2°C,220°9 Km/h,,36%,-10°C,1008.0mb,,"document.write(Icons.GetShortDescription(3, 'CurrentWeather'));  Few Clouds at 910m, Broken Clouds at 3000m",2018-01-08
16:00,3°C,0°C,260°9 Km/h,,41%,-9°C,1008.0mb,,"document.write(Icons.GetShortDescription(4, 'CurrentWeather'));  Scattered Clouds at 910m, Cloudy at 3000m",2018-01-08
17:00,2°C,-1°C,250°9 Km/h,,52%,-7°C,1008.0mb,,"document.write(Icons.GetShortDescription(26, 'CurrentWeather'));  Scattered Clouds at 910m, Cloudy at 3000m Light Snowfall",2018-01-08
17:46,1°C,-3°C,240°15 Km/h,,65%,-5°C,1008.0mb,,"document.write(Icons.GetShortDescription(26, 'CurrentWeather'));  Few Clouds at 300m, Broken Clouds at 760m, Cloudy at 2400m Light Snowfall, Haze",2018-01-08
18:00,1°C,-2°C,220°9 Km/h,,70%,-4°C,1008.0mb,,"document.write(Icons.GetShortDescription(26, 'CurrentWeather'));  Few Clouds at 300m, Broken Clouds at 760m, Cloudy at 2400m Light Snowfall, Haze",2018-01-08
18:06,1°C,-2°C,220°9 Km/h,,70%,-4°C,1008.0mb,,"document.write(Icons.GetShortDescription(26, 'CurrentWeather'));  Few Clouds at 300m, Broken Clouds at 760m, Cloudy at 2400m Light Snowfall",2018-01-08
18:30,0°C,-3°C,230°7 Km/h,,75%,-4°C,1008.0mb,,"document.write(Icons.GetShortDescription(26, 'CurrentWeather'));  Few Clouds at 300m, Broken Clouds at 760m, Cloudy at 2400m Snowfall, Haze",2018-01-08
18:49,1°C,-2°C,230°9 Km/h,,75%,-3°C,1008.0mb,,"document.write(Icons.GetShortDescription(26, 'CurrentWeather'));  Few Clouds at 300m, Broken Clouds at 760m, Cloudy at 2400m Light Snowfall, Haze",2018-01-08
19:00,1°C,-3°C,280°13 Km/h,,75%,-3°C,1008.0mb,,"document.write(Icons.GetShortDescription(26, 'CurrentWeather'));  Few Clouds at 300m, Broken Clouds at 760m, Cloudy at 2400m Light Snowfall",2018-01-08
20:00,2°C,-2°C,280°17 Km/h,,75%,-2°C,1009.0mb,,"document.write(Icons.GetShortDescription(4, 'CurrentWeather'));  Few Clouds at 300m, Scattered Clouds at 910m, Cloudy at 3000m",2018-01-08
21:00,1°C,-6°C,290°35 Km/h,,70%,-4°C,1009.0mb,,"document.write(Icons.GetShortDescription(26, 'CurrentWeather'));  Few Clouds at 300m, Broken Clouds at 610m, Cloudy at 2400m Light Snowfall",2018-01-08
22:00,0°C,-6°C,300°22 Km/h,,60%,-7°C,1009.0mb,,"document.write(Icons.GetShortDescription(3, 'CurrentWeather'));  Scattered Clouds at 1400m, Broken Clouds at 2700m",2018-01-08
23:00,-1°C,-7°C,290°22 Km/h,,59%,-8°C,1010.0mb,,"document.write(Icons.GetShortDescription(26, 'CurrentWeather'));  Broken Clouds at 910m, Cloudy at 2700m Light Snowfall",2018-01-08
23:20,-1°C,-8°C,300°33 Km/h,,59%,-8°C,1010.0mb,,"document.write(Icons.GetShortDescription(26, 'CurrentWeather'));  Broken Clouds at 760m, Cloudy at 2400m Light Snowfall, Haze",2018-01-08
