Time,Temperature,Relative Temperature,Wind,Wind Gust,Rel. humidity,Dew Point,Pressure,Icon,DescriptionDetails,date
00:00,-14°C,-19°C,290°7 Km/h,,47%,-23°C,1030.0mb,,"document.write(Icons.GetShortDescription(2, 'CurrentWeather'));  Few Clouds at 910m",2018-01-12
01:00,-14°C,-18°C,330°6 Km/h,,43%,-24°C,1031.0mb,,"document.write(Icons.GetShortDescription(2, 'CurrentWeather'));  Few Clouds at 910m",2018-01-12
02:00,-15°C,-15°C,310°2 Km/h,,46%,-24°C,1031.0mb,,"document.write(Icons.GetShortDescription(2, 'CurrentWeather'));  Few Clouds at 910m",2018-01-12
03:00,-15°C,-20°C,300°7 Km/h,,51%,-23°C,1031.0mb,,"document.write(Icons.GetShortDescription(2, 'CurrentWeather'));  Few Clouds at 910m",2018-01-12
04:00,-16°C,-21°C,310°7 Km/h,,50%,-24°C,1031.0mb,,"document.write(Icons.GetShortDescription(2, 'CurrentWeather'));  Few Clouds at 910m",2018-01-12
05:00,-15°C,-21°C,300°9 Km/h,,46%,-24°C,1031.0mb,,"document.write(Icons.GetShortDescription(1, 'CurrentWeather'));",2018-01-12
06:00,-16°C,-21°C,320°7 Km/h,,50%,-24°C,1031.0mb,,"document.write(Icons.GetShortDescription(1, 'CurrentWeather'));",2018-01-12
07:00,-16°C,-22°C,350°9 Km/h,,50%,-24°C,1032.0mb,,"document.write(Icons.GetShortDescription(1, 'CurrentWeather'));",2018-01-12
08:00,-16°C,-21°C,350°7 Km/h,,50%,-24°C,1033.0mb,,"document.write(Icons.GetShortDescription(2, 'CurrentWeather'));  Few Clouds at 910m",2018-01-12
09:00,-14°C,-20°C,330°9 Km/h,,47%,-23°C,1033.0mb,,"document.write(Icons.GetShortDescription(1, 'CurrentWeather'));",2018-01-12
10:00,-12°C,-17°C,320°7 Km/h,,40%,-23°C,1034.0mb,,"document.write(Icons.GetShortDescription(1, 'CurrentWeather'));",2018-01-12
11:00,-11°C,-17°C,350°13 Km/h,,37%,-23°C,1034.0mb,,"document.write(Icons.GetShortDescription(1, 'CurrentWeather'));",2018-01-12
12:00,-10°C,-15°C,360°9 Km/h,,34%,-23°C,1033.0mb,,"document.write(Icons.GetShortDescription(1, 'CurrentWeather'));",2018-01-12
13:00,-9°C,-13°C,350°7 Km/h,,31%,-23°C,1033.0mb,,"document.write(Icons.GetShortDescription(1, 'CurrentWeather'));",2018-01-12
14:00,-8°C,-13°C,30°9 Km/h,,29%,-23°C,1032.0mb,,"document.write(Icons.GetShortDescription(1, 'CurrentWeather'));",2018-01-12
15:00,-7°C,-10°C,120°6 Km/h,,32%,-21°C,1031.0mb,,"document.write(Icons.GetShortDescription(1, 'CurrentWeather'));",2018-01-12
16:00,-6°C,-6°C,20°2 Km/h,,30%,-21°C,1031.0mb,,"document.write(Icons.GetShortDescription(1, 'CurrentWeather'));",2018-01-12
17:00,-7°C,-7°C,10°4 Km/h,,27%,-23°C,1031.0mb,,"document.write(Icons.GetShortDescription(1, 'CurrentWeather'));",2018-01-12
18:00,-8°C,-11°C,300°6 Km/h,,29%,-23°C,1031.0mb,,"document.write(Icons.GetShortDescription(1, 'CurrentWeather'));",2018-01-12
19:00,-9°C,-9°C,360°4 Km/h,,41%,-20°C,1031.0mb,,"document.write(Icons.GetShortDescription(1, 'CurrentWeather'));",2018-01-12
20:00,-8°C,-11°C,340°6 Km/h,,45%,-18°C,1032.0mb,,"document.write(Icons.GetShortDescription(3, 'CurrentWeather'));  Scattered Clouds at 1400m, Broken Clouds at 1200m",2018-01-12
21:00,-7°C,-7°C,330°4 Km/h,,45%,-17°C,1032.0mb,,"document.write(Icons.GetShortDescription(3, 'CurrentWeather'));  Broken Clouds at 1200m",2018-01-12
22:00,-7°C,-7°C,10°4 Km/h,,45%,-17°C,1032.0mb,,"document.write(Icons.GetShortDescription(3, 'CurrentWeather'));  Broken Clouds at 1100m",2018-01-12
23:00,-7°C,-7°C,50°4 Km/h,,45%,-17°C,1032.0mb,,"document.write(Icons.GetShortDescription(26, 'CurrentWeather'));  Broken Clouds at 910m Light Snowfall",2018-01-12
