Time,Temperature,Relative Temperature,Wind,Wind Gust,Rel. humidity,Dew Point,Pressure,Icon,DescriptionDetails,date
00:00,-5°C,-5°C,330°4 Km/h,,63%,-11°C,1029.0mb,,"document.write(Icons.GetShortDescription(1, 'CurrentWeather'));",2018-01-02
01:00,-5°C,-5°C,300°4 Km/h,,68%,-10°C,1029.0mb,,"document.write(Icons.GetShortDescription(1, 'CurrentWeather'));",2018-01-02
02:00,-6°C,-6°C,360°2 Km/h,,74%,-10°C,1029.0mb,,"document.write(Icons.GetShortDescription(1, 'CurrentWeather'));",2018-01-02
03:00,-6°C,-6°C,340°4 Km/h,,74%,-10°C,1029.0mb,,"document.write(Icons.GetShortDescription(1, 'CurrentWeather'));",2018-01-02
04:00,-6°C,-9°C,330°6 Km/h,,74%,-10°C,1028.0mb,,"document.write(Icons.GetShortDescription(1, 'CurrentWeather'));",2018-01-02
05:00,-5°C,-8°C,310°7 Km/h,,74%,-9°C,1029.0mb,,"document.write(Icons.GetShortDescription(1, 'CurrentWeather'));",2018-01-02
06:00,-6°C,-10°C,330°7 Km/h,,80%,-9°C,1029.0mb,,"document.write(Icons.GetShortDescription(1, 'CurrentWeather'));",2018-01-02
07:00,-6°C,-10°C,340°7 Km/h,,74%,-10°C,1029.0mb,,"document.write(Icons.GetShortDescription(1, 'CurrentWeather'));",2018-01-02
08:00,-6°C,-9°C,340°6 Km/h,,68%,-11°C,1029.0mb,,"document.write(Icons.GetShortDescription(1, 'CurrentWeather'));",2018-01-02
09:00,-5°C,-5°C,30°4 Km/h,,74%,-9°C,1030.0mb,,"document.write(Icons.GetShortDescription(1, 'CurrentWeather'));",2018-01-02
10:00,-2°C,-2°C,30°4 Km/h,,64%,-8°C,1030.0mb,,"document.write(Icons.GetShortDescription(1, 'CurrentWeather'));",2018-01-02
11:00,-1°C,-6°C,340°17 Km/h,,47%,-11°C,1030.0mb,,"document.write(Icons.GetShortDescription(1, 'CurrentWeather'));",2018-01-02
12:00,0°C,-5°C,330°19 Km/h,,37%,-13°C,1030.0mb,,"document.write(Icons.GetShortDescription(1, 'CurrentWeather'));",2018-01-02
13:00,1°C,-4°C,330°20 Km/h,,27%,-16°C,1029.0mb,,"document.write(Icons.GetShortDescription(1, 'CurrentWeather'));",2018-01-02
14:00,1°C,-5°C,350°24 Km/h,,25%,-17°C,1029.0mb,,"document.write(Icons.GetShortDescription(2, 'CurrentWeather'));  Few Clouds at 910m, Scattered Clouds at 5500m",2018-01-02
15:00,1°C,-4°C,340°20 Km/h,,25%,-17°C,1028.0mb,,"document.write(Icons.GetShortDescription(2, 'CurrentWeather'));  Few Clouds at 910m, Scattered Clouds at 5500m",2018-01-02
16:00,1°C,-3°C,350°15 Km/h,,27%,-16°C,1028.0mb,,"document.write(Icons.GetShortDescription(2, 'CurrentWeather'));  Few Clouds at 910m, Scattered Clouds at 5500m",2018-01-02
17:00,0°C,-5°C,310°19 Km/h,,25%,-18°C,1029.0mb,,"document.write(Icons.GetShortDescription(1, 'CurrentWeather'));",2018-01-02
18:00,-1°C,-4°C,270°7 Km/h,,29%,-17°C,1030.0mb,,"document.write(Icons.GetShortDescription(1, 'CurrentWeather'));",2018-01-02
19:00,-3°C,-8°C,310°13 Km/h,,33%,-17°C,1029.0mb,,"document.write(Icons.GetShortDescription(1, 'CurrentWeather'));",2018-01-02
20:00,-3°C,-8°C,320°13 Km/h,,36%,-16°C,1029.0mb,,"document.write(Icons.GetShortDescription(1, 'CurrentWeather'));",2018-01-02
21:00,-3°C,-8°C,330°15 Km/h,,31%,-18°C,1029.0mb,,"document.write(Icons.GetShortDescription(1, 'CurrentWeather'));",2018-01-02
22:00,-4°C,-9°C,330°15 Km/h,,39%,-16°C,1029.0mb,,"document.write(Icons.GetShortDescription(1, 'CurrentWeather'));",2018-01-02
23:00,-4°C,-9°C,330°15 Km/h,,39%,-16°C,1030.0mb,,"document.write(Icons.GetShortDescription(1, 'CurrentWeather'));",2018-01-02
