Time,Temperature,Relative Temperature,Wind,Wind Gust,Rel. humidity,Dew Point,Pressure,Icon,DescriptionDetails,date
00:00,7°C,4°C,340°20 Km/h,,81%,4°C,1016.0mb,,"document.write(Icons.GetShortDescription(2, 'CurrentWeather'));  Few Clouds at 460m, Scattered Clouds at 760m",2018-03-16
01:00,7°C,4°C,10°15 Km/h,,76%,3°C,1017.0mb,,"document.write(Icons.GetShortDescription(2, 'CurrentWeather'));  Few Clouds at 460m, Scattered Clouds at 760m",2018-03-16
02:00,7°C,4°C,40°15 Km/h,,76%,3°C,1018.0mb,,"document.write(Icons.GetShortDescription(3, 'CurrentWeather'));  Few Clouds at 460m, Broken Clouds at 760m",2018-03-16
03:00,7°C,4°C,40°17 Km/h,,71%,2°C,1019.0mb,,"document.write(Icons.GetShortDescription(3, 'CurrentWeather'));  Few Clouds at 460m, Broken Clouds at 760m",2018-03-16
04:00,6°C,3°C,50°13 Km/h,,71%,1°C,1019.0mb,,"document.write(Icons.GetShortDescription(3, 'CurrentWeather'));  Broken Clouds at 910m",2018-03-16
05:00,6°C,3°C,40°15 Km/h,,66%,0°C,1020.0mb,,"document.write(Icons.GetShortDescription(2, 'CurrentWeather'));  Scattered Clouds at 910m",2018-03-16
06:00,4°C,1°C,20°11 Km/h,,70%,-1°C,1021.0mb,,"document.write(Icons.GetShortDescription(2, 'CurrentWeather'));  Few Clouds at 910m",2018-03-16
07:00,3°C,0°C,30°13 Km/h,,70%,-2°C,1022.0mb,,"document.write(Icons.GetShortDescription(2, 'CurrentWeather'));  Few Clouds at 910m",2018-03-16
08:00,5°C,2°C,30°11 Km/h,,66%,-1°C,1024.0mb,,"document.write(Icons.GetShortDescription(2, 'CurrentWeather'));  Few Clouds at 910m",2018-03-16
09:00,6°C,4°C,60°11 Km/h,,57%,-2°C,1025.0mb,,"document.write(Icons.GetShortDescription(2, 'CurrentWeather'));  Few Clouds at 910m",2018-03-16
10:00,7°C,4°C,110°15 Km/h,,53%,-2°C,1026.0mb,,"document.write(Icons.GetShortDescription(2, 'CurrentWeather'));  Few Clouds at 910m",2018-03-16
11:00,7°C,5°C,50°9 Km/h,,49%,-3°C,1026.0mb,,"document.write(Icons.GetShortDescription(2, 'CurrentWeather'));  Few Clouds at 910m",2018-03-16
12:00,8°C,6°C,100°13 Km/h,,46%,-3°C,1026.0mb,,"document.write(Icons.GetShortDescription(2, 'CurrentWeather'));  Few Clouds at 910m",2018-03-16
13:00,9°C,7°C,120°15 Km/h,,43%,-3°C,1026.0mb,,"document.write(Icons.GetShortDescription(2, 'CurrentWeather'));  Few Clouds at 910m",2018-03-16
14:00,10°C,8°C,110°15 Km/h,,40%,-3°C,1025.0mb,,"document.write(Icons.GetShortDescription(2, 'CurrentWeather'));  Few Clouds at 910m",2018-03-16
15:00,11°C,11°C,130°11 Km/h,,38%,-3°C,1025.0mb,,"document.write(Icons.GetShortDescription(2, 'CurrentWeather'));  Few Clouds at 910m",2018-03-16
16:00,11°C,11°C,100°9 Km/h,,35%,-4°C,1025.0mb,,"document.write(Icons.GetShortDescription(2, 'CurrentWeather'));  Few Clouds at 910m",2018-03-16
17:00,10°C,8°C,110°13 Km/h,,35%,-5°C,1025.0mb,,"document.write(Icons.GetShortDescription(1, 'CurrentWeather'));",2018-03-16
18:00,9°C,7°C,120°13 Km/h,,37%,-5°C,1025.0mb,,"document.write(Icons.GetShortDescription(1, 'CurrentWeather'));",2018-03-16
19:00,8°C,6°C,100°13 Km/h,,37%,-6°C,1025.0mb,,"document.write(Icons.GetShortDescription(1, 'CurrentWeather'));",2018-03-16
20:00,7°C,5°C,120°11 Km/h,,39%,-6°C,1026.0mb,,"document.write(Icons.GetShortDescription(1, 'CurrentWeather'));",2018-03-16
21:00,7°C,4°C,100°15 Km/h,,42%,-5°C,1027.0mb,,"document.write(Icons.GetShortDescription(1, 'CurrentWeather'));",2018-03-16
22:00,6°C,4°C,60°9 Km/h,,46%,-5°C,1028.0mb,,"document.write(Icons.GetShortDescription(1, 'CurrentWeather'));",2018-03-16
23:00,5°C,2°C,100°11 Km/h,,49%,-5°C,1028.0mb,,"document.write(Icons.GetShortDescription(1, 'CurrentWeather'));",2018-03-16
