Time,Temperature,Relative Temperature,Wind,Wind Gust,Rel. humidity,Dew Point,Pressure,Icon,DescriptionDetails,date
00:00,2°C,0°C,300°7 Km/h,,70%,-3°C,1021.0mb,,"document.write(Icons.GetShortDescription(2, 'CurrentWeather'));  Scattered Clouds at 910m Haze",2018-03-09
01:00,2°C,0°C,320°7 Km/h,,75%,-2°C,1022.0mb,,"document.write(Icons.GetShortDescription(2, 'CurrentWeather'));  Scattered Clouds at 910m Haze",2018-03-09
02:00,2°C,2°C,310°4 Km/h,,75%,-2°C,1022.0mb,,"document.write(Icons.GetShortDescription(3, 'CurrentWeather'));  Broken Clouds at 910m",2018-03-09
03:00,2°C,0°C,320°7 Km/h,,75%,-2°C,1022.0mb,,"document.write(Icons.GetShortDescription(3, 'CurrentWeather'));  Broken Clouds at 1200m",2018-03-09
04:00,2°C,-1°C,320°9 Km/h,,75%,-2°C,1022.0mb,,"document.write(Icons.GetShortDescription(2, 'CurrentWeather'));  Scattered Clouds at 1200m",2018-03-09
05:00,2°C,0°C,330°7 Km/h,,75%,-2°C,1022.0mb,,"document.write(Icons.GetShortDescription(2, 'CurrentWeather'));  Scattered Clouds at 1200m",2018-03-09
06:00,2°C,2°C,20°4 Km/h,,70%,-3°C,1023.0mb,,"document.write(Icons.GetShortDescription(2, 'CurrentWeather'));  Scattered Clouds at 1200m",2018-03-09
07:00,1°C,-1°C,310°6 Km/h,,75%,-3°C,1023.0mb,,"document.write(Icons.GetShortDescription(2, 'CurrentWeather'));  Few Clouds at 1200m",2018-03-09
08:00,1°C,-1°C,330°7 Km/h,,75%,-3°C,1024.0mb,,"document.write(Icons.GetShortDescription(2, 'CurrentWeather'));  Few Clouds at 1200m",2018-03-09
09:00,4°C,3°C,320°6 Km/h,,70%,-1°C,1024.0mb,,"document.write(Icons.GetShortDescription(2, 'CurrentWeather'));  Few Clouds at 1200m",2018-03-09
10:00,5°C,5°C,320°4 Km/h,,61%,-2°C,1025.0mb,,"document.write(Icons.GetShortDescription(3, 'CurrentWeather'));  Broken Clouds at 1200m",2018-03-09
11:00,7°C,7°C,150°4 Km/h,,57%,-1°C,1025.0mb,,"document.write(Icons.GetShortDescription(2, 'CurrentWeather'));  Scattered Clouds at 1200m",2018-03-09
12:00,8°C,8°C,220°4 Km/h,,50%,-2°C,1024.0mb,,"document.write(Icons.GetShortDescription(3, 'CurrentWeather'));  Broken Clouds at 1200m",2018-03-09
13:00,7°C,7°C,270°4 Km/h,,53%,-2°C,1024.0mb,,"document.write(Icons.GetShortDescription(3, 'CurrentWeather'));  Broken Clouds at 1200m",2018-03-09
14:00,8°C,6°C,230°11 Km/h,,53%,-1°C,1023.0mb,,"document.write(Icons.GetShortDescription(3, 'CurrentWeather'));  Broken Clouds at 1200m",2018-03-09
15:00,8°C,7°C,240°7 Km/h,,50%,-2°C,1023.0mb,,"document.write(Icons.GetShortDescription(3, 'CurrentWeather'));  Broken Clouds at 1200m",2018-03-09
16:00,8°C,6°C,260°13 Km/h,,50%,-2°C,1023.0mb,,"document.write(Icons.GetShortDescription(3, 'CurrentWeather'));  Broken Clouds at 1200m",2018-03-09
17:00,7°C,4°C,280°17 Km/h,,53%,-2°C,1023.0mb,,"document.write(Icons.GetShortDescription(2, 'CurrentWeather'));  Scattered Clouds at 1200m",2018-03-09
18:00,6°C,3°C,290°13 Km/h,,53%,-3°C,1023.0mb,,"document.write(Icons.GetShortDescription(2, 'CurrentWeather'));  Few Clouds at 1200m",2018-03-09
19:00,3°C,0°C,300°9 Km/h,,65%,-3°C,1024.0mb,,"document.write(Icons.GetShortDescription(2, 'CurrentWeather'));  Few Clouds at 1200m",2018-03-09
20:00,3°C,3°C,10°4 Km/h,,65%,-3°C,1024.0mb,,"document.write(Icons.GetShortDescription(1, 'CurrentWeather'));",2018-03-09
21:00,1°C,-1°C,350°6 Km/h,,70%,-4°C,1024.0mb,,"document.write(Icons.GetShortDescription(1, 'CurrentWeather'));",2018-03-09
22:00,1°C,1°C,320°2 Km/h,,70%,-4°C,1024.0mb,,"document.write(Icons.GetShortDescription(1, 'CurrentWeather'));",2018-03-09
23:00,0°C,0°C,360°2 Km/h,,75%,-4°C,1025.0mb,,"document.write(Icons.GetShortDescription(1, 'CurrentWeather'));",2018-03-09
