Time,Temperature,Relative Temperature,Wind,Wind Gust,Rel. humidity,Dew Point,Pressure,Icon,DescriptionDetails,date
00:00,8°C,7°C,350°6 Km/h,,57%,0°C,1014.0mb,,"document.write(Icons.GetShortDescription(1, 'CurrentWeather'));",2018-04-25
01:00,7°C,6°C,330°7 Km/h,,61%,0°C,1014.0mb,,"document.write(Icons.GetShortDescription(1, 'CurrentWeather'));",2018-04-25
02:00,6°C,4°C,330°7 Km/h,,66%,0°C,1014.0mb,,"document.write(Icons.GetShortDescription(1, 'CurrentWeather'));",2018-04-25
03:00,6°C,4°C,340°7 Km/h,,61%,-1°C,1013.0mb,,"document.write(Icons.GetShortDescription(1, 'CurrentWeather'));",2018-04-25
04:00,6°C,4°C,330°7 Km/h,,66%,0°C,1013.0mb,,"document.write(Icons.GetShortDescription(1, 'CurrentWeather'));",2018-04-25
05:00,6°C,6°C,350°4 Km/h,,61%,-1°C,1014.0mb,,"document.write(Icons.GetShortDescription(1, 'CurrentWeather'));",2018-04-25
06:00,5°C,3°C,360°7 Km/h,,66%,-1°C,1014.0mb,,"document.write(Icons.GetShortDescription(1, 'CurrentWeather'));",2018-04-25
07:00,8°C,8°C,60°4 Km/h,,66%,2°C,1015.0mb,,"document.write(Icons.GetShortDescription(1, 'CurrentWeather'));",2018-04-25
08:00,10°C,10°C,290°2 Km/h,,58%,2°C,1015.0mb,,"document.write(Icons.GetShortDescription(1, 'CurrentWeather'));",2018-04-25
09:00,12°C,12°C,10°4 Km/h,,51%,2°C,1015.0mb,,"document.write(Icons.GetShortDescription(1, 'CurrentWeather'));",2018-04-25
10:00,15°C,15°C,40°9 Km/h,,36%,0°C,1015.0mb,,"document.write(Icons.GetShortDescription(1, 'CurrentWeather'));",2018-04-25
11:00,18°C,18°C,360°9 Km/h,,28%,-1°C,1015.0mb,,"document.write(Icons.GetShortDescription(1, 'CurrentWeather'));",2018-04-25
12:00,19°C,19°C,20°6 Km/h,,26%,-1°C,1014.0mb,,"document.write(Icons.GetShortDescription(1, 'CurrentWeather'));",2018-04-25
13:00,20°C,20°C,310°6 Km/h,,26%,0°C,1014.0mb,,"document.write(Icons.GetShortDescription(1, 'CurrentWeather'));",2018-04-25
14:00,22°C,21°C,320°7 Km/h,,23%,0°C,1013.0mb,,"document.write(Icons.GetShortDescription(1, 'CurrentWeather'));",2018-04-25
15:00,22°C,21°C,290°9 Km/h,,25%,1°C,1012.0mb,,"document.write(Icons.GetShortDescription(1, 'CurrentWeather'));",2018-04-25
16:00,22°C,21°C,280°15 Km/h,,27%,2°C,1012.0mb,,"document.write(Icons.GetShortDescription(1, 'CurrentWeather'));",2018-04-25
17:00,21°C,21°C,280°15 Km/h,,33%,4°C,1012.0mb,,"document.write(Icons.GetShortDescription(1, 'CurrentWeather'));",2018-04-25
18:00,19°C,19°C,270°11 Km/h,,35%,3°C,1012.0mb,,"document.write(Icons.GetShortDescription(1, 'CurrentWeather'));",2018-04-25
19:00,17°C,17°C,260°6 Km/h,,34%,1°C,1012.0mb,,"document.write(Icons.GetShortDescription(1, 'CurrentWeather'));",2018-04-25
20:00,16°C,16°C,320°6 Km/h,,36%,1°C,1013.0mb,,"document.write(Icons.GetShortDescription(1, 'CurrentWeather'));",2018-04-25
21:00,14°C,14°C,10°4 Km/h,,44%,2°C,1014.0mb,,"document.write(Icons.GetShortDescription(1, 'CurrentWeather'));",2018-04-25
22:00,13°C,13°C,50°2 Km/h,,51%,3°C,1014.0mb,,"document.write(Icons.GetShortDescription(1, 'CurrentWeather'));",2018-04-25
23:00,12°C,12°C,360°4 Km/h,,58%,4°C,1014.0mb,,"document.write(Icons.GetShortDescription(1, 'CurrentWeather'));",2018-04-25
