Time,Temperature,Relative Temperature,Wind,Wind Gust,Rel. humidity,Dew Point,Pressure,Icon,DescriptionDetails,date
00:00,7°C,3°C,80°24 Km/h,,39%,-6°C,1021.0mb,,"document.write(Icons.GetShortDescription(2, 'CurrentWeather'));  Few Clouds at 1200m, Scattered Clouds at 2100m",2018-03-20
01:00,6°C,2°C,90°26 Km/h,,39%,-7°C,1022.0mb,,"document.write(Icons.GetShortDescription(1, 'CurrentWeather'));",2018-03-20
02:00,6°C,3°C,90°19 Km/h,,39%,-7°C,1022.0mb,,"document.write(Icons.GetShortDescription(1, 'CurrentWeather'));",2018-03-20
03:00,5°C,1°C,80°22 Km/h,,45%,-6°C,1022.0mb,,"document.write(Icons.GetShortDescription(1, 'CurrentWeather'));",2018-03-20
04:00,5°C,1°C,80°24 Km/h,,42%,-7°C,1023.0mb,,"document.write(Icons.GetShortDescription(1, 'CurrentWeather'));",2018-03-20
05:00,5°C,1°C,80°19 Km/h,,42%,-7°C,1023.0mb,,"document.write(Icons.GetShortDescription(1, 'CurrentWeather'));",2018-03-20
06:00,5°C,0°C,90°26 Km/h,,39%,-8°C,1023.0mb,,"document.write(Icons.GetShortDescription(1, 'CurrentWeather'));",2018-03-20
07:00,5°C,0°C,90°26 Km/h,,42%,-7°C,1024.0mb,,"document.write(Icons.GetShortDescription(1, 'CurrentWeather'));",2018-03-20
08:00,5°C,0°C,80°26 Km/h,,42%,-7°C,1024.0mb,,"document.write(Icons.GetShortDescription(1, 'CurrentWeather'));",2018-03-20
09:00,6°C,1°C,90°30 Km/h,,42%,-6°C,1024.0mb,,"document.write(Icons.GetShortDescription(1, 'CurrentWeather'));",2018-03-20
10:00,8°C,5°C,90°22 Km/h,,34%,-7°C,1025.0mb,,"document.write(Icons.GetShortDescription(1, 'CurrentWeather'));",2018-03-20
11:00,8°C,4°C,70°30 Km/h,,37%,-6°C,1024.0mb,,"document.write(Icons.GetShortDescription(1, 'CurrentWeather'));",2018-03-20
12:00,8°C,4°C,80°28 Km/h,,37%,-6°C,1024.0mb,,"document.write(Icons.GetShortDescription(1, 'CurrentWeather'));",2018-03-20
13:00,8°C,4°C,100°28 Km/h,,34%,-7°C,1024.0mb,,"document.write(Icons.GetShortDescription(1, 'CurrentWeather'));",2018-03-20
14:00,7°C,3°C,90°30 Km/h,,37%,-7°C,1023.0mb,,"document.write(Icons.GetShortDescription(1, 'CurrentWeather'));",2018-03-20
15:00,6°C,1°C,80°35 Km/h,,39%,-7°C,1023.0mb,,"document.write(Icons.GetShortDescription(1, 'CurrentWeather'));",2018-03-20
16:00,6°C,2°C,70°26 Km/h,,39%,-7°C,1024.0mb,,"document.write(Icons.GetShortDescription(1, 'CurrentWeather'));",2018-03-20
17:00,5°C,0°C,80°30 Km/h,,42%,-7°C,1023.0mb,,"document.write(Icons.GetShortDescription(1, 'CurrentWeather'));",2018-03-20
18:00,4°C,-1°C,70°28 Km/h,,42%,-8°C,1023.0mb,,"document.write(Icons.GetShortDescription(1, 'CurrentWeather'));",2018-03-20
19:00,4°C,-1°C,80°26 Km/h,,42%,-8°C,1024.0mb,,"document.write(Icons.GetShortDescription(1, 'CurrentWeather'));",2018-03-20
20:00,3°C,-2°C,90°26 Km/h,,41%,-9°C,1024.0mb,,"document.write(Icons.GetShortDescription(1, 'CurrentWeather'));",2018-03-20
21:00,3°C,-2°C,90°28 Km/h,,38%,-10°C,1024.0mb,,"document.write(Icons.GetShortDescription(1, 'CurrentWeather'));",2018-03-20
22:00,3°C,-2°C,90°22 Km/h,,33%,-12°C,1025.0mb,,"document.write(Icons.GetShortDescription(1, 'CurrentWeather'));",2018-03-20
23:00,3°C,-1°C,90°19 Km/h,,33%,-12°C,1024.0mb,,"document.write(Icons.GetShortDescription(1, 'CurrentWeather'));",2018-03-20
