Time,Temperature,Relative Temperature,Wind,Wind Gust,Rel. humidity,Dew Point,Pressure,Icon,DescriptionDetails,date
00:00,-3°C,-7°C,130°9 Km/h,,59%,-10°C,1023.0mb,,"document.write(Icons.GetShortDescription(1, 'CurrentWeather'));",2018-01-20
01:00,-4°C,-7°C,150°7 Km/h,,63%,-10°C,1023.0mb,,"document.write(Icons.GetShortDescription(1, 'CurrentWeather'));",2018-01-20
02:00,-4°C,-7°C,150°7 Km/h,,63%,-10°C,1023.0mb,,"document.write(Icons.GetShortDescription(2, 'CurrentWeather'));  Few Clouds at 1200m",2018-01-20
03:00,-4°C,-6°C,190°6 Km/h,,69%,-9°C,1023.0mb,,"document.write(Icons.GetShortDescription(2, 'CurrentWeather'));  Few Clouds at 1100m",2018-01-20
04:00,-3°C,-7°C,170°9 Km/h,,69%,-8°C,1022.0mb,,"document.write(Icons.GetShortDescription(2, 'CurrentWeather'));  Scattered Clouds at 1100m",2018-01-20
05:00,-4°C,-7°C,160°7 Km/h,,63%,-10°C,1022.0mb,,"document.write(Icons.GetShortDescription(2, 'CurrentWeather'));  Scattered Clouds at 1100m",2018-01-20
06:00,-2°C,-5°C,160°9 Km/h,,64%,-8°C,1022.0mb,,"document.write(Icons.GetShortDescription(2, 'CurrentWeather'));  Scattered Clouds at 1100m",2018-01-20
07:00,-3°C,-6°C,150°7 Km/h,,69%,-8°C,1022.0mb,,"document.write(Icons.GetShortDescription(2, 'CurrentWeather'));  Scattered Clouds at 1100m",2018-01-20
08:00,-2°C,-5°C,140°9 Km/h,,64%,-8°C,1022.0mb,,"document.write(Icons.GetShortDescription(2, 'CurrentWeather'));  Scattered Clouds at 1100m",2018-01-20
09:00,-1°C,-5°C,150°11 Km/h,,69%,-6°C,1023.0mb,,"document.write(Icons.GetShortDescription(3, 'CurrentWeather'));  Scattered Clouds at 1100m, Broken Clouds at 3700m",2018-01-20
10:00,2°C,0°C,170°7 Km/h,,60%,-5°C,1023.0mb,,"document.write(Icons.GetShortDescription(3, 'CurrentWeather'));  Scattered Clouds at 1100m, Broken Clouds at 4600m",2018-01-20
11:00,4°C,1°C,210°15 Km/h,,56%,-4°C,1023.0mb,,"document.write(Icons.GetShortDescription(1, 'CurrentWeather'));",2018-01-20
12:00,6°C,4°C,210°11 Km/h,,53%,-3°C,1023.0mb,,"document.write(Icons.GetShortDescription(2, 'CurrentWeather'));  Few Clouds at 1400m",2018-01-20
13:00,6°C,3°C,240°13 Km/h,,53%,-3°C,1022.0mb,,"document.write(Icons.GetShortDescription(2, 'CurrentWeather'));  Scattered Clouds at 1400m",2018-01-20
14:00,6°C,3°C,290°13 Km/h,,57%,-2°C,1022.0mb,,"document.write(Icons.GetShortDescription(2, 'CurrentWeather'));  Scattered Clouds at 1400m",2018-01-20
15:00,6°C,3°C,290°17 Km/h,,53%,-3°C,1021.0mb,,"document.write(Icons.GetShortDescription(2, 'CurrentWeather'));  Scattered Clouds at 1400m Haze",2018-01-20
16:00,6°C,3°C,280°13 Km/h,,49%,-4°C,1021.0mb,,"document.write(Icons.GetShortDescription(2, 'CurrentWeather'));  Scattered Clouds at 910m Haze",2018-01-20
17:00,5°C,2°C,270°11 Km/h,,49%,-5°C,1021.0mb,,"document.write(Icons.GetShortDescription(2, 'CurrentWeather'));  Few Clouds at 910m Haze",2018-01-20
17:50,4°C,1°C,290°15 Km/h,,56%,-4°C,1022.0mb,,"document.write(Icons.GetShortDescription(2, 'CurrentWeather'));  Few Clouds at 910m Haze",2018-01-20
18:00,3°C,0°C,290°13 Km/h,,60%,-4°C,1022.0mb,,"document.write(Icons.GetShortDescription(2, 'CurrentWeather'));  Few Clouds at 910m Haze",2018-01-20
19:00,2°C,-2°C,300°13 Km/h,,70%,-3°C,1023.0mb,,"document.write(Icons.GetShortDescription(1, 'CurrentWeather'));  Haze",2018-01-20
20:00,0°C,-3°C,310°9 Km/h,,75%,-4°C,1023.0mb,,"document.write(Icons.GetShortDescription(1, 'CurrentWeather'));  Haze",2018-01-20
20:33,0°C,-3°C,340°7 Km/h,,64%,-6°C,1023.0mb,,"document.write(Icons.GetShortDescription(1, 'CurrentWeather'));  Haze",2018-01-20
21:00,-1°C,-5°C,340°11 Km/h,,59%,-8°C,1024.0mb,,"document.write(Icons.GetShortDescription(1, 'CurrentWeather'));  Haze",2018-01-20
22:00,-2°C,-6°C,340°11 Km/h,,55%,-10°C,1024.0mb,,"document.write(Icons.GetShortDescription(1, 'CurrentWeather'));  Haze",2018-01-20
23:00,-2°C,-5°C,340°9 Km/h,,55%,-10°C,1024.0mb,,"document.write(Icons.GetShortDescription(1, 'CurrentWeather'));  Haze",2018-01-20
