Time,Temperature,Relative Temperature,Wind,Wind Gust,Rel. humidity,Dew Point,Pressure,Icon,DescriptionDetails,date
00:00,11°C,11°C,70°2 Km/h,,62%,4°C,1014.0mb,,"document.write(Icons.GetShortDescription(1, 'CurrentWeather'));",2018-04-26
01:00,9°C,8°C,160°6 Km/h,,66%,3°C,1014.0mb,,"document.write(Icons.GetShortDescription(1, 'CurrentWeather'));",2018-04-26
02:00,9°C,9°C,Calm,,71%,4°C,1014.0mb,,"document.write(Icons.GetShortDescription(1, 'CurrentWeather'));",2018-04-26
03:00,9°C,8°C,160°7 Km/h,,71%,4°C,1014.0mb,,"document.write(Icons.GetShortDescription(1, 'CurrentWeather'));",2018-04-26
04:00,9°C,8°C,170°7 Km/h,,76%,5°C,1014.0mb,,"document.write(Icons.GetShortDescription(1, 'CurrentWeather'));",2018-04-26
05:00,7°C,5°C,170°9 Km/h,,76%,3°C,1014.0mb,,"document.write(Icons.GetShortDescription(1, 'CurrentWeather'));",2018-04-26
06:00,8°C,7°C,160°7 Km/h,,76%,4°C,1015.0mb,,"document.write(Icons.GetShortDescription(1, 'CurrentWeather'));",2018-04-26
07:00,11°C,11°C,170°7 Km/h,,77%,7°C,1015.0mb,,"document.write(Icons.GetShortDescription(1, 'CurrentWeather'));",2018-04-26
08:00,12°C,12°C,140°11 Km/h,,72%,7°C,1016.0mb,,"document.write(Icons.GetShortDescription(1, 'CurrentWeather'));",2018-04-26
09:00,14°C,14°C,150°7 Km/h,,63%,7°C,1015.0mb,,"document.write(Icons.GetShortDescription(1, 'CurrentWeather'));",2018-04-26
10:00,17°C,17°C,180°7 Km/h,,52%,7°C,1016.0mb,,"document.write(Icons.GetShortDescription(1, 'CurrentWeather'));",2018-04-26
11:00,19°C,19°C,210°11 Km/h,,43%,6°C,1015.0mb,,"document.write(Icons.GetShortDescription(1, 'CurrentWeather'));",2018-04-26
12:00,20°C,20°C,250°11 Km/h,,33%,3°C,1015.0mb,,"document.write(Icons.GetShortDescription(1, 'CurrentWeather'));",2018-04-26
13:00,20°C,20°C,260°11 Km/h,,33%,3°C,1014.0mb,,"document.write(Icons.GetShortDescription(1, 'CurrentWeather'));",2018-04-26
14:00,21°C,21°C,250°15 Km/h,,29%,2°C,1014.0mb,,"document.write(Icons.GetShortDescription(1, 'CurrentWeather'));",2018-04-26
15:00,21°C,21°C,240°13 Km/h,,25%,0°C,1013.0mb,,"document.write(Icons.GetShortDescription(1, 'CurrentWeather'));",2018-04-26
16:00,20°C,20°C,260°13 Km/h,,28%,1°C,1013.0mb,,"document.write(Icons.GetShortDescription(1, 'CurrentWeather'));",2018-04-26
17:00,16°C,16°C,290°22 Km/h,,48%,5°C,1013.0mb,,"document.write(Icons.GetShortDescription(1, 'CurrentWeather'));",2018-04-26
18:00,15°C,15°C,290°11 Km/h,,48%,4°C,1013.0mb,,"document.write(Icons.GetShortDescription(1, 'CurrentWeather'));",2018-04-26
19:00,14°C,14°C,300°13 Km/h,,48%,3°C,1013.0mb,,"document.write(Icons.GetShortDescription(1, 'CurrentWeather'));",2018-04-26
20:00,13°C,13°C,290°6 Km/h,,55%,4°C,1013.0mb,,"document.write(Icons.GetShortDescription(1, 'CurrentWeather'));",2018-04-26
21:00,12°C,12°C,320°2 Km/h,,58%,4°C,1014.0mb,,"document.write(Icons.GetShortDescription(1, 'CurrentWeather'));",2018-04-26
22:00,11°C,11°C,60°6 Km/h,,62%,4°C,1014.0mb,,"document.write(Icons.GetShortDescription(1, 'CurrentWeather'));",2018-04-26
23:00,11°C,11°C,90°2 Km/h,,62%,4°C,1014.0mb,,"document.write(Icons.GetShortDescription(1, 'CurrentWeather'));",2018-04-26
