Time,Temperature,Relative Temperature,Wind,Wind Gust,Rel. humidity,Dew Point,Pressure,Icon,DescriptionDetails,date
00:00,-6°C,-9°C,240°6 Km/h,,63%,-12°C,1026.0mb,,"document.write(Icons.GetShortDescription(1, 'CurrentWeather'));",2018-01-07
01:00,-7°C,-7°C,10°2 Km/h,,68%,-12°C,1025.0mb,,"document.write(Icons.GetShortDescription(1, 'CurrentWeather'));",2018-01-07
02:00,-8°C,-8°C,330°4 Km/h,,73%,-12°C,1025.0mb,,"document.write(Icons.GetShortDescription(1, 'CurrentWeather'));",2018-01-07
03:00,-9°C,-9°C,310°4 Km/h,,73%,-13°C,1025.0mb,,"document.write(Icons.GetShortDescription(1, 'CurrentWeather'));",2018-01-07
04:00,-8°C,-8°C,10°4 Km/h,,73%,-12°C,1024.0mb,,"document.write(Icons.GetShortDescription(1, 'CurrentWeather'));",2018-01-07
05:00,-8°C,-12°C,10°7 Km/h,,68%,-13°C,1024.0mb,,"document.write(Icons.GetShortDescription(1, 'CurrentWeather'));",2018-01-07
06:00,-9°C,-9°C,360°4 Km/h,,73%,-13°C,1024.0mb,,"document.write(Icons.GetShortDescription(1, 'CurrentWeather'));",2018-01-07
07:00,-8°C,-13°C,320°9 Km/h,,73%,-12°C,1024.0mb,,"document.write(Icons.GetShortDescription(1, 'CurrentWeather'));",2018-01-07
08:00,-8°C,-13°C,30°9 Km/h,,68%,-13°C,1023.0mb,,"document.write(Icons.GetShortDescription(1, 'CurrentWeather'));",2018-01-07
09:00,-5°C,-8°C,340°6 Km/h,,68%,-10°C,1023.0mb,,"document.write(Icons.GetShortDescription(1, 'CurrentWeather'));",2018-01-07
10:00,-2°C,-5°C,220°7 Km/h,,59%,-9°C,1025.0mb,,"document.write(Icons.GetShortDescription(1, 'CurrentWeather'));",2018-01-07
11:00,1°C,1°C,180°4 Km/h,,44%,-10°C,1024.0mb,,"document.write(Icons.GetShortDescription(1, 'CurrentWeather'));",2018-01-07
12:00,1°C,-1°C,210°6 Km/h,,44%,-10°C,1023.0mb,,"document.write(Icons.GetShortDescription(1, 'CurrentWeather'));",2018-01-07
13:00,1°C,1°C,130°2 Km/h,,41%,-11°C,1022.0mb,,"document.write(Icons.GetShortDescription(1, 'CurrentWeather'));",2018-01-07
14:00,1°C,1°C,70°4 Km/h,,38%,-12°C,1021.0mb,,"document.write(Icons.GetShortDescription(3, 'CurrentWeather'));  Few Clouds at 910m, Broken Clouds at 3700m",2018-01-07
15:00,2°C,0°C,60°7 Km/h,,35%,-12°C,1020.0mb,,"document.write(Icons.GetShortDescription(3, 'CurrentWeather'));  Few Clouds at 910m, Broken Clouds at 3400m",2018-01-07
16:00,2°C,0°C,340°6 Km/h,,35%,-12°C,1020.0mb,,"document.write(Icons.GetShortDescription(3, 'CurrentWeather'));  Few Clouds at 910m, Broken Clouds at 3400m",2018-01-07
17:00,1°C,-2°C,340°9 Km/h,,41%,-11°C,1020.0mb,,"document.write(Icons.GetShortDescription(4, 'CurrentWeather'));  Few Clouds at 910m, Cloudy at 3000m",2018-01-07
18:00,0°C,-3°C,360°9 Km/h,,44%,-11°C,1020.0mb,,"document.write(Icons.GetShortDescription(4, 'CurrentWeather'));  Few Clouds at 910m, Cloudy at 3000m",2018-01-07
19:00,0°C,-2°C,310°6 Km/h,,47%,-10°C,1020.0mb,,"document.write(Icons.GetShortDescription(4, 'CurrentWeather'));  Scattered Clouds at 910m, Cloudy at 2700m",2018-01-07
20:00,0°C,-2°C,360°6 Km/h,,47%,-10°C,1020.0mb,,"document.write(Icons.GetShortDescription(4, 'CurrentWeather'));  Scattered Clouds at 910m, Cloudy at 2700m",2018-01-07
21:00,0°C,-2°C,320°6 Km/h,,47%,-10°C,1019.0mb,,"document.write(Icons.GetShortDescription(4, 'CurrentWeather'));  Scattered Clouds at 910m, Cloudy at 2700m",2018-01-07
22:00,-1°C,-3°C,330°6 Km/h,,51%,-10°C,1019.0mb,,"document.write(Icons.GetShortDescription(4, 'CurrentWeather'));  Scattered Clouds at 910m, Cloudy at 2100m",2018-01-07
23:00,-1°C,-3°C,320°6 Km/h,,55%,-9°C,1019.0mb,,"document.write(Icons.GetShortDescription(4, 'CurrentWeather'));  Scattered Clouds at 910m, Cloudy at 2400m",2018-01-07
