Time,Temperature,Relative Temperature,Wind,Wind Gust,Rel. humidity,Dew Point,Pressure,Icon,DescriptionDetails,date
00:00,17°C,17°C,270°2 Km/h,,77%,13°C,1016.0mb,,"document.write(Icons.GetShortDescription(7, 'CurrentWeather'));  Scattered Clouds at 300m, Broken Clouds at 910m, Broken Clouds at 5500m Light Drizzle",2018-05-01
01:00,17°C,17°C,10°4 Km/h,,83%,14°C,1016.0mb,,"document.write(Icons.GetShortDescription(3, 'CurrentWeather'));  Scattered Clouds at 300m, Broken Clouds at 910m, Broken Clouds at 5500m Haze",2018-05-01
02:00,17°C,17°C,30°6 Km/h,,83%,14°C,1016.0mb,,"document.write(Icons.GetShortDescription(3, 'CurrentWeather'));  Scattered Clouds at 300m, Broken Clouds at 610m, Broken Clouds at 5500m Haze",2018-05-01
03:00,17°C,17°C,60°4 Km/h,,88%,15°C,1016.0mb,,"document.write(Icons.GetShortDescription(3, 'CurrentWeather'));  Scattered Clouds at 300m, Broken Clouds at 610m, Broken Clouds at 5500m Haze",2018-05-01
04:00,17°C,17°C,60°6 Km/h,,83%,14°C,1016.0mb,,"document.write(Icons.GetShortDescription(3, 'CurrentWeather'));  Scattered Clouds at 300m, Broken Clouds at 610m, Broken Clouds at 5500m Haze",2018-05-01
05:00,17°C,17°C,10°2 Km/h,,83%,14°C,1016.0mb,,"document.write(Icons.GetShortDescription(3, 'CurrentWeather'));  Scattered Clouds at 300m, Broken Clouds at 610m, Broken Clouds at 5500m Haze",2018-05-01
06:00,17°C,17°C,40°4 Km/h,,83%,14°C,1015.0mb,,"document.write(Icons.GetShortDescription(3, 'CurrentWeather'));  Few Clouds at 300m, Broken Clouds at 610m Haze",2018-05-01
07:00,18°C,18°C,20°4 Km/h,,83%,15°C,1015.0mb,,"document.write(Icons.GetShortDescription(3, 'CurrentWeather'));  Few Clouds at 300m, Broken Clouds at 610m Haze",2018-05-01
08:00,19°C,19°C,20°7 Km/h,,78%,15°C,1015.0mb,,"document.write(Icons.GetShortDescription(3, 'CurrentWeather'));  Few Clouds at 300m, Broken Clouds at 760m Haze",2018-05-01
09:00,21°C,21°C,90°7 Km/h,,69%,15°C,1015.0mb,,"document.write(Icons.GetShortDescription(2, 'CurrentWeather'));  Scattered Clouds at 910m Haze",2018-05-01
10:00,21°C,21°C,20°2 Km/h,,69%,15°C,1015.0mb,,"document.write(Icons.GetShortDescription(3, 'CurrentWeather'));  Broken Clouds at 760m",2018-05-01
11:00,21°C,21°C,330°11 Km/h,,69%,15°C,1015.0mb,,"document.write(Icons.GetShortDescription(3, 'CurrentWeather'));  Broken Clouds at 760m Haze",2018-05-01
12:00,21°C,21°C,320°17 Km/h,,69%,15°C,1015.0mb,,"document.write(Icons.GetShortDescription(3, 'CurrentWeather'));  Scattered Clouds at 760m, Broken Clouds at 3700m",2018-05-01
13:00,22°C,22°C,340°17 Km/h,,65%,15°C,1014.0mb,,"document.write(Icons.GetShortDescription(3, 'CurrentWeather'));  Few Clouds at 760m, Broken Clouds at 3700m",2018-05-01
14:00,22°C,22°C,340°19 Km/h,,65%,15°C,1014.0mb,,"document.write(Icons.GetShortDescription(3, 'CurrentWeather'));  Scattered Clouds at 910m, Broken Clouds at 3700m",2018-05-01
15:00,22°C,22°C,350°11 Km/h,,65%,15°C,1013.0mb,,"document.write(Icons.GetShortDescription(3, 'CurrentWeather'));  Few Clouds at 910m, Broken Clouds at 3700m",2018-05-01
16:00,22°C,22°C,330°9 Km/h,,61%,14°C,1012.0mb,,"document.write(Icons.GetShortDescription(3, 'CurrentWeather'));  Few Clouds at 910m, Broken Clouds at 3700m",2018-05-01
17:00,22°C,22°C,290°11 Km/h,,65%,15°C,1012.0mb,,"document.write(Icons.GetShortDescription(3, 'CurrentWeather'));  Scattered Clouds at 760m, Broken Clouds at 3700m",2018-05-01
18:00,21°C,21°C,320°7 Km/h,,64%,14°C,1012.0mb,,"document.write(Icons.GetShortDescription(3, 'CurrentWeather'));  Few Clouds at 910m, Broken Clouds at 3700m",2018-05-01
19:00,20°C,20°C,280°4 Km/h,,69%,14°C,1012.0mb,,"document.write(Icons.GetShortDescription(3, 'CurrentWeather'));  Few Clouds at 910m, Broken Clouds at 3700m",2018-05-01
20:00,20°C,20°C,270°4 Km/h,,69%,14°C,1012.0mb,,"document.write(Icons.GetShortDescription(3, 'CurrentWeather'));  Few Clouds at 910m, Broken Clouds at 3700m",2018-05-01
21:00,19°C,19°C,40°2 Km/h,,73%,14°C,1012.0mb,,"document.write(Icons.GetShortDescription(3, 'CurrentWeather'));  Few Clouds at 910m, Broken Clouds at 3700m Haze",2018-05-01
22:00,19°C,19°C,160°13 Km/h,,73%,14°C,1011.0mb,,"document.write(Icons.GetShortDescription(3, 'CurrentWeather'));  Scattered Clouds at 910m, Broken Clouds at 3700m Haze",2018-05-01
23:00,19°C,19°C,230°7 Km/h,,73%,14°C,1011.0mb,,"document.write(Icons.GetShortDescription(7, 'CurrentWeather'));  Scattered Clouds at 910m, Cloudy at 3400m Light Rain, Haze",2018-05-01
