Time,Temperature,Relative Temperature,Wind,Wind Gust,Rel. humidity,Dew Point,Pressure,Icon,DescriptionDetails,date
00:00,3°C,1°C,280°7 Km/h,,45%,-8°C,1017.0mb,,"document.write(Icons.GetShortDescription(1, 'CurrentWeather'));",2018-04-08
01:00,3°C,0°C,270°11 Km/h,,45%,-8°C,1017.0mb,,"document.write(Icons.GetShortDescription(1, 'CurrentWeather'));",2018-04-08
02:00,3°C,0°C,280°9 Km/h,,45%,-8°C,1017.0mb,,"document.write(Icons.GetShortDescription(1, 'CurrentWeather'));",2018-04-08
03:00,3°C,0°C,270°11 Km/h,,41%,-9°C,1017.0mb,,"document.write(Icons.GetShortDescription(1, 'CurrentWeather'));",2018-04-08
04:00,2°C,-1°C,290°9 Km/h,,44%,-9°C,1017.0mb,,"document.write(Icons.GetShortDescription(1, 'CurrentWeather'));",2018-04-08
05:00,1°C,1°C,50°2 Km/h,,48%,-9°C,1017.0mb,,"document.write(Icons.GetShortDescription(1, 'CurrentWeather'));",2018-04-08
06:00,0°C,0°C,150°4 Km/h,,47%,-10°C,1017.0mb,,"document.write(Icons.GetShortDescription(1, 'CurrentWeather'));",2018-04-08
07:00,1°C,-2°C,150°9 Km/h,,60%,-6°C,1016.0mb,,"document.write(Icons.GetShortDescription(1, 'CurrentWeather'));",2018-04-08
08:00,5°C,2°C,200°11 Km/h,,53%,-4°C,1017.0mb,,"document.write(Icons.GetShortDescription(1, 'CurrentWeather'));",2018-04-08
09:00,7°C,4°C,220°15 Km/h,,46%,-4°C,1017.0mb,,"document.write(Icons.GetShortDescription(1, 'CurrentWeather'));",2018-04-08
10:00,7°C,4°C,200°17 Km/h,,42%,-5°C,1017.0mb,,"document.write(Icons.GetShortDescription(3, 'CurrentWeather'));  Few Clouds at 1200m, Broken Clouds at 3700m",2018-04-08
11:00,7°C,4°C,190°15 Km/h,,37%,-7°C,1017.0mb,,"document.write(Icons.GetShortDescription(3, 'CurrentWeather'));  Scattered Clouds at 1200m, Broken Clouds at 3000m",2018-04-08
12:00,7°C,5°C,190°9 Km/h,,34%,-8°C,1016.0mb,,"document.write(Icons.GetShortDescription(4, 'CurrentWeather'));  Few Clouds at 1200m, Cloudy at 3000m",2018-04-08
13:00,8°C,8°C,200°2 Km/h,,32%,-8°C,1015.0mb,,"document.write(Icons.GetShortDescription(4, 'CurrentWeather'));  Few Clouds at 1200m, Cloudy at 2400m",2018-04-08
14:00,8°C,8°C,230°4 Km/h,,29%,-9°C,1014.0mb,,"document.write(Icons.GetShortDescription(4, 'CurrentWeather'));  Scattered Clouds at 1200m, Cloudy at 2400m",2018-04-08
15:00,7°C,5°C,190°11 Km/h,,39%,-6°C,1014.0mb,,"document.write(Icons.GetShortDescription(7, 'CurrentWeather'));  Broken Clouds at 760m, Cloudy at 2400m Light Rain",2018-04-08
16:00,6°C,2°C,80°20 Km/h,,57%,-2°C,1012.0mb,,"document.write(Icons.GetShortDescription(7, 'CurrentWeather'));  Broken Clouds at 1200m, Cloudy at 2400m Light Rain",2018-04-08
17:00,5°C,2°C,20°17 Km/h,,66%,-1°C,1012.0mb,,"document.write(Icons.GetShortDescription(7, 'CurrentWeather'));  Broken Clouds at 910m, Cloudy at 2400m Light Rain",2018-04-08
17:13,4°C,1°C,30°13 Km/h,,70%,-1°C,1012.0mb,,"document.write(Icons.GetShortDescription(7, 'CurrentWeather'));  Few Clouds at 460m, Broken Clouds at 610m, Cloudy at 2400m Light Rain, Haze",2018-04-08
18:00,3°C,-1°C,360°15 Km/h,,75%,-1°C,1012.0mb,,"document.write(Icons.GetShortDescription(7, 'CurrentWeather'));  Few Clouds at 150m, Broken Clouds at 610m, Cloudy at 2400m Light Rain, Haze",2018-04-08
19:00,3°C,0°C,20°11 Km/h,,81%,0°C,1012.0mb,,"document.write(Icons.GetShortDescription(7, 'CurrentWeather'));  Scattered Clouds at 150m, Broken Clouds at 610m, Cloudy at 2400m Light Rain, Haze",2018-04-08
19:25,3°C,-1°C,360°17 Km/h,,81%,0°C,1013.0mb,,"document.write(Icons.GetShortDescription(4, 'CurrentWeather'));  Few Clouds at 150m, Broken Clouds at 610m, Cloudy at 2400m Haze",2018-04-08
20:00,3°C,0°C,20°11 Km/h,,81%,0°C,1013.0mb,,"document.write(Icons.GetShortDescription(4, 'CurrentWeather'));  Few Clouds at 300m, Broken Clouds at 910m, Cloudy at 2400m",2018-04-08
21:00,3°C,0°C,20°9 Km/h,,81%,0°C,1014.0mb,,"document.write(Icons.GetShortDescription(7, 'CurrentWeather'));  Scattered Clouds at 300m, Broken Clouds at 910m, Cloudy at 2400m Light Drizzle",2018-04-08
22:00,3°C,0°C,20°11 Km/h,,81%,0°C,1015.0mb,,"document.write(Icons.GetShortDescription(4, 'CurrentWeather'));  Scattered Clouds at 300m, Broken Clouds at 910m, Cloudy at 2400m",2018-04-08
23:00,3°C,3°C,310°2 Km/h,,81%,0°C,1015.0mb,,"document.write(Icons.GetShortDescription(3, 'CurrentWeather'));  Scattered Clouds at 300m, Broken Clouds at 910m, Broken Clouds at 2400m",2018-04-08
