Time,Temperature,Relative Temperature,Wind,Wind Gust,Rel. humidity,Dew Point,Pressure,Icon,DescriptionDetails,date
00:00,12°C,12°C,300°7 Km/h,,82%,9°C,1022.0mb,,"document.write(Icons.GetShortDescription(3, 'CurrentWeather'));  Scattered Clouds at 180m, Broken Clouds at 610m Haze",2018-05-11
01:00,12°C,12°C,320°9 Km/h,,82%,9°C,1022.0mb,,"document.write(Icons.GetShortDescription(3, 'CurrentWeather'));  Scattered Clouds at 180m, Broken Clouds at 610m Haze",2018-05-11
02:00,11°C,11°C,340°7 Km/h,,82%,8°C,1022.0mb,,"document.write(Icons.GetShortDescription(3, 'CurrentWeather'));  Scattered Clouds at 150m, Broken Clouds at 610m Haze",2018-05-11
03:00,11°C,11°C,330°6 Km/h,,82%,8°C,1021.0mb,,"document.write(Icons.GetShortDescription(3, 'CurrentWeather'));  Scattered Clouds at 150m, Broken Clouds at 610m Haze",2018-05-11
04:00,11°C,11°C,340°6 Km/h,,82%,8°C,1021.0mb,,"document.write(Icons.GetShortDescription(3, 'CurrentWeather'));  Scattered Clouds at 150m, Broken Clouds at 610m Haze",2018-05-11
05:00,11°C,11°C,320°6 Km/h,,82%,8°C,1021.0mb,,"document.write(Icons.GetShortDescription(3, 'CurrentWeather'));  Scattered Clouds at 150m, Broken Clouds at 610m Haze",2018-05-11
05:22,11°C,11°C,330°6 Km/h,,82%,8°C,1021.0mb,,"document.write(Icons.GetShortDescription(3, 'CurrentWeather'));  Scattered Clouds at 150m, Broken Clouds at 610m Haze",2018-05-11
06:00,11°C,11°C,320°6 Km/h,,88%,9°C,1021.0mb,,"document.write(Icons.GetShortDescription(3, 'CurrentWeather'));  Scattered Clouds at 210m, Broken Clouds at 610m Haze",2018-05-11
07:00,12°C,12°C,320°4 Km/h,,82%,9°C,1021.0mb,,"document.write(Icons.GetShortDescription(3, 'CurrentWeather'));  Scattered Clouds at 300m, Broken Clouds at 610m Haze",2018-05-11
08:00,13°C,13°C,210°4 Km/h,,77%,9°C,1021.0mb,,"document.write(Icons.GetShortDescription(3, 'CurrentWeather'));  Scattered Clouds at 300m, Broken Clouds at 610m Haze",2018-05-11
09:00,13°C,13°C,290°6 Km/h,,77%,9°C,1021.0mb,,"document.write(Icons.GetShortDescription(3, 'CurrentWeather'));  Scattered Clouds at 300m, Broken Clouds at 610m Haze",2018-05-11
10:00,16°C,16°C,230°9 Km/h,,63%,9°C,1020.0mb,,"document.write(Icons.GetShortDescription(3, 'CurrentWeather'));  Few Clouds at 760m, Broken Clouds at 6100m",2018-05-11
11:00,17°C,17°C,250°9 Km/h,,64%,10°C,1020.0mb,,"document.write(Icons.GetShortDescription(1, 'CurrentWeather'));",2018-05-11
12:00,18°C,18°C,340°7 Km/h,,60%,10°C,1019.0mb,,"document.write(Icons.GetShortDescription(1, 'CurrentWeather'));",2018-05-11
13:00,19°C,19°C,320°13 Km/h,,56%,10°C,1019.0mb,,"document.write(Icons.GetShortDescription(3, 'CurrentWeather'));  Few Clouds at 910m, Broken Clouds at 6100m Haze",2018-05-11
14:00,19°C,19°C,320°11 Km/h,,56%,10°C,1018.0mb,,"document.write(Icons.GetShortDescription(3, 'CurrentWeather'));  Few Clouds at 910m, Broken Clouds at 6100m Haze",2018-05-11
15:00,18°C,18°C,310°17 Km/h,,52%,8°C,1017.0mb,,"document.write(Icons.GetShortDescription(4, 'CurrentWeather'));  Few Clouds at 910m, Cloudy at 4900m Haze",2018-05-11
16:00,18°C,18°C,320°11 Km/h,,56%,9°C,1017.0mb,,"document.write(Icons.GetShortDescription(4, 'CurrentWeather'));  Few Clouds at 910m, Cloudy at 4900m",2018-05-11
17:00,18°C,18°C,320°9 Km/h,,56%,9°C,1017.0mb,,"document.write(Icons.GetShortDescription(1, 'CurrentWeather'));",2018-05-11
18:00,17°C,17°C,310°15 Km/h,,56%,8°C,1017.0mb,,"document.write(Icons.GetShortDescription(1, 'CurrentWeather'));",2018-05-11
19:00,16°C,16°C,310°9 Km/h,,59%,8°C,1017.0mb,,"document.write(Icons.GetShortDescription(1, 'CurrentWeather'));",2018-05-11
20:00,16°C,16°C,30°6 Km/h,,52%,6°C,1016.0mb,,"document.write(Icons.GetShortDescription(1, 'CurrentWeather'));",2018-05-11
21:00,15°C,15°C,320°7 Km/h,,59%,7°C,1016.0mb,,"document.write(Icons.GetShortDescription(1, 'CurrentWeather'));",2018-05-11
22:00,15°C,15°C,40°7 Km/h,,63%,8°C,1016.0mb,,"document.write(Icons.GetShortDescription(1, 'CurrentWeather'));",2018-05-11
23:00,15°C,15°C,290°6 Km/h,,59%,7°C,1016.0mb,,"document.write(Icons.GetShortDescription(1, 'CurrentWeather'));",2018-05-11
