Time,Temperature,Relative Temperature,Wind,Wind Gust,Rel. humidity,Dew Point,Pressure,Icon,DescriptionDetails,date
00:00,-14°C,-24°C,330°24 Km/h,,33%,-27°C,1028.0mb,,"document.write(Icons.GetShortDescription(1, 'CurrentWeather'));",2018-01-24
01:00,-15°C,-24°C,340°19 Km/h,,35%,-27°C,1029.0mb,,"document.write(Icons.GetShortDescription(1, 'CurrentWeather'));",2018-01-24
02:00,-15°C,-22°C,320°11 Km/h,,35%,-27°C,1029.0mb,,"document.write(Icons.GetShortDescription(1, 'CurrentWeather'));",2018-01-24
03:00,-15°C,-24°C,330°19 Km/h,,35%,-27°C,1029.0mb,,"document.write(Icons.GetShortDescription(1, 'CurrentWeather'));",2018-01-24
