Time,Temperature,Relative Temperature,Wind,Wind Gust,Rel. humidity,Dew Point,Pressure,Icon,DescriptionDetails,date
00:00,0°C,0°C,360°4 Km/h,,51%,-9°C,1016.0mb,,"document.write(Icons.GetShortDescription(3, 'CurrentWeather'));  Few Clouds at 910m, Broken Clouds at 2100m",2018-03-03
03:00,0°C,0°C,330°4 Km/h,,51%,-9°C,1017.0mb,,"document.write(Icons.GetShortDescription(3, 'CurrentWeather'));  Few Clouds at 910m, Broken Clouds at 2100m",2018-03-03
04:00,0°C,0°C,360°4 Km/h,,55%,-8°C,1016.0mb,,"document.write(Icons.GetShortDescription(3, 'CurrentWeather'));  Few Clouds at 910m, Broken Clouds at 2100m",2018-03-03
05:00,0°C,0°C,240°4 Km/h,,55%,-8°C,1016.0mb,,"document.write(Icons.GetShortDescription(3, 'CurrentWeather'));  Few Clouds at 910m, Broken Clouds at 2100m",2018-03-03
06:00,-1°C,-1°C,20°4 Km/h,,59%,-8°C,1015.0mb,,"document.write(Icons.GetShortDescription(3, 'CurrentWeather'));  Few Clouds at 910m, Broken Clouds at 2100m",2018-03-03
07:00,-1°C,-1°C,230°2 Km/h,,59%,-8°C,1016.0mb,,"document.write(Icons.GetShortDescription(1, 'CurrentWeather'));",2018-03-03
08:00,1°C,1°C,80°2 Km/h,,56%,-7°C,1015.0mb,,"document.write(Icons.GetShortDescription(1, 'CurrentWeather'));",2018-03-03
09:00,4°C,1°C,130°15 Km/h,,36%,-10°C,1015.0mb,,"document.write(Icons.GetShortDescription(1, 'CurrentWeather'));",2018-03-03
10:00,6°C,4°C,120°11 Km/h,,31%,-10°C,1015.0mb,,"document.write(Icons.GetShortDescription(1, 'CurrentWeather'));",2018-03-03
11:00,8°C,6°C,130°13 Km/h,,27%,-10°C,1014.0mb,,"document.write(Icons.GetShortDescription(1, 'CurrentWeather'));",2018-03-03
12:00,10°C,8°C,120°13 Km/h,,22%,-11°C,1014.0mb,,"document.write(Icons.GetShortDescription(1, 'CurrentWeather'));",2018-03-03
13:00,12°C,12°C,200°6 Km/h,,19%,-11°C,1013.0mb,,"document.write(Icons.GetShortDescription(1, 'CurrentWeather'));",2018-03-03
14:00,14°C,14°C,210°9 Km/h,,14%,-13°C,1012.0mb,,"document.write(Icons.GetShortDescription(1, 'CurrentWeather'));",2018-03-03
15:00,15°C,15°C,220°9 Km/h,,13%,-13°C,1012.0mb,,"document.write(Icons.GetShortDescription(1, 'CurrentWeather'));",2018-03-03
16:00,15°C,15°C,230°15 Km/h,,18%,-9°C,1012.0mb,,"document.write(Icons.GetShortDescription(1, 'CurrentWeather'));",2018-03-03
17:00,14°C,14°C,210°15 Km/h,,23%,-7°C,1011.0mb,,"document.write(Icons.GetShortDescription(3, 'CurrentWeather'));  Few Clouds at 1400m, Broken Clouds at 6100m",2018-03-03
18:00,12°C,12°C,250°9 Km/h,,28%,-6°C,1012.0mb,,"document.write(Icons.GetShortDescription(3, 'CurrentWeather'));  Broken Clouds at 1400m",2018-03-03
19:00,11°C,11°C,250°9 Km/h,,41%,-2°C,1013.0mb,,"document.write(Icons.GetShortDescription(3, 'CurrentWeather'));  Broken Clouds at 1400m",2018-03-03
20:00,7°C,5°C,310°11 Km/h,,31%,-9°C,1013.0mb,,"document.write(Icons.GetShortDescription(3, 'CurrentWeather'));  Broken Clouds at 1400m",2018-03-03
21:00,8°C,7°C,350°6 Km/h,,32%,-8°C,1014.0mb,,"document.write(Icons.GetShortDescription(3, 'CurrentWeather'));  Broken Clouds at 910m",2018-03-03
22:00,8°C,8°C,270°4 Km/h,,34%,-7°C,1014.0mb,,"document.write(Icons.GetShortDescription(3, 'CurrentWeather'));  Few Clouds at 460m, Broken Clouds at 910m",2018-03-03
23:00,7°C,7°C,270°4 Km/h,,53%,-2°C,1015.0mb,,"document.write(Icons.GetShortDescription(7, 'CurrentWeather'));  Few Clouds at 300m, Broken Clouds at 760m, Cloudy at 2400m Light Rain",2018-03-03
