Time,Temperature,Relative Temperature,Wind,Wind Gust,Rel. humidity,Dew Point,Pressure,Icon,DescriptionDetails,date
00:00,7°C,7°C,120°4 Km/h,,71%,2°C,1015.0mb,,"document.write(Icons.GetShortDescription(7, 'CurrentWeather'));  Scattered Clouds at 300m, Broken Clouds at 760m, Cloudy at 2400m Light Rain, Haze",2018-03-04
00:16,6°C,6°C,150°2 Km/h,,76%,2°C,1015.0mb,,"document.write(Icons.GetShortDescription(7, 'CurrentWeather'));  Scattered Clouds at 300m, Broken Clouds at 760m, Cloudy at 2400m Light Rain, Haze",2018-03-04
01:00,6°C,6°C,Calm,,81%,3°C,1015.0mb,,"document.write(Icons.GetShortDescription(7, 'CurrentWeather'));  Scattered Clouds at 240m, Broken Clouds at 760m, Cloudy at 2400m Light Rain, Haze",2018-03-04
02:00,6°C,6°C,140°2 Km/h,,81%,3°C,1014.0mb,,"document.write(Icons.GetShortDescription(7, 'CurrentWeather'));  Scattered Clouds at 240m, Broken Clouds at 760m, Cloudy at 2400m Light Rain, Haze",2018-03-04
03:00,7°C,6°C,180°7 Km/h,,87%,5°C,1015.0mb,,"document.write(Icons.GetShortDescription(7, 'CurrentWeather'));  Scattered Clouds at 300m, Broken Clouds at 760m, Cloudy at 2400m Light Drizzle, Haze",2018-03-04
04:00,7°C,7°C,200°2 Km/h,,87%,5°C,1014.0mb,,"document.write(Icons.GetShortDescription(7, 'CurrentWeather'));  Scattered Clouds at 300m, Broken Clouds at 760m, Cloudy at 2400m Light Drizzle, Haze",2018-03-04
04:24,7°C,7°C,310°4 Km/h,,87%,5°C,1015.0mb,,"document.write(Icons.GetShortDescription(7, 'CurrentWeather'));  Scattered Clouds at 300m, Broken Clouds at 760m, Cloudy at 2400m Light Rain, Partial Fog",2018-03-04
04:40,7°C,7°C,340°4 Km/h,,87%,5°C,1015.0mb,,"document.write(Icons.GetShortDescription(7, 'CurrentWeather'));  Scattered Clouds at 300m, Broken Clouds at 760m, Cloudy at 2400m Light Drizzle, Fog",2018-03-04
05:00,7°C,6°C,320°6 Km/h,,87%,5°C,1015.0mb,,"document.write(Icons.GetShortDescription(7, 'CurrentWeather'));  Scattered Clouds at 240m, Broken Clouds at 760m, Cloudy at 2400m Drizzle, Fog",2018-03-04
06:00,7°C,6°C,330°7 Km/h,,87%,5°C,1016.0mb,,"document.write(Icons.GetShortDescription(7, 'CurrentWeather'));  Scattered Clouds at 150m, Broken Clouds at 760m, Cloudy at 2400m Drizzle, Fog",2018-03-04
07:00,7°C,7°C,340°2 Km/h,,87%,5°C,1016.0mb,,"document.write(Icons.GetShortDescription(7, 'CurrentWeather'));  Scattered Clouds at 240m, Broken Clouds at 760m, Cloudy at 2400m Drizzle, Fog",2018-03-04
07:23,7°C,7°C,200°2 Km/h,,87%,5°C,1017.0mb,,"document.write(Icons.GetShortDescription(7, 'CurrentWeather'));  Scattered Clouds at 240m, Broken Clouds at 760m, Cloudy at 2400m Drizzle, Fog",2018-03-04
08:00,7°C,7°C,70°2 Km/h,,87%,5°C,1017.0mb,,"document.write(Icons.GetShortDescription(7, 'CurrentWeather'));  Scattered Clouds at 240m, Broken Clouds at 760m, Cloudy at 2400m Drizzle, Fog",2018-03-04
08:18,7°C,6°C,140°6 Km/h,,87%,5°C,1017.0mb,,"document.write(Icons.GetShortDescription(7, 'CurrentWeather'));  Scattered Clouds at 300m, Broken Clouds at 760m, Cloudy at 2400m Light Drizzle, Haze",2018-03-04
09:00,9°C,7°C,160°13 Km/h,,87%,7°C,1016.0mb,,"document.write(Icons.GetShortDescription(3, 'CurrentWeather'));  Scattered Clouds at 240m, Broken Clouds at 760m Haze",2018-03-04
09:23,9°C,8°C,160°9 Km/h,,87%,7°C,1016.0mb,,"document.write(Icons.GetShortDescription(3, 'CurrentWeather'));  Few Clouds at 240m, Broken Clouds at 760m Haze",2018-03-04
10:00,9°C,9°C,260°4 Km/h,,87%,7°C,1016.0mb,,"document.write(Icons.GetShortDescription(3, 'CurrentWeather'));  Scattered Clouds at 240m, Broken Clouds at 760m Haze",2018-03-04
11:00,9°C,9°C,350°4 Km/h,,87%,7°C,1016.0mb,,"document.write(Icons.GetShortDescription(3, 'CurrentWeather'));  Scattered Clouds at 240m, Broken Clouds at 760m Haze",2018-03-04
12:00,10°C,10°C,60°4 Km/h,,82%,7°C,1016.0mb,,"document.write(Icons.GetShortDescription(3, 'CurrentWeather'));  Scattered Clouds at 460m, Broken Clouds at 760m Haze",2018-03-04
13:00,10°C,10°C,50°6 Km/h,,82%,7°C,1015.0mb,,"document.write(Icons.GetShortDescription(4, 'CurrentWeather'));  Scattered Clouds at 460m, Broken Clouds at 760m, Cloudy at 2400m Haze",2018-03-04
14:00,11°C,11°C,20°9 Km/h,,82%,8°C,1014.0mb,,"document.write(Icons.GetShortDescription(4, 'CurrentWeather'));  Scattered Clouds at 460m, Broken Clouds at 760m, Cloudy at 2400m Haze",2018-03-04
15:00,12°C,12°C,100°7 Km/h,,77%,8°C,1013.0mb,,"document.write(Icons.GetShortDescription(4, 'CurrentWeather'));  Scattered Clouds at 460m, Broken Clouds at 760m, Cloudy at 2400m",2018-03-04
16:00,10°C,9°C,350°9 Km/h,,82%,7°C,1013.0mb,,"document.write(Icons.GetShortDescription(4, 'CurrentWeather'));  Few Clouds at 460m, Broken Clouds at 760m, Cloudy at 2400m Haze",2018-03-04
16:30,11°C,11°C,350°9 Km/h,,82%,8°C,1012.0mb,,"document.write(Icons.GetShortDescription(4, 'CurrentWeather'));  Few Clouds at 460m, Broken Clouds at 760m, Cloudy at 2400m Haze",2018-03-04
17:00,11°C,11°C,10°9 Km/h,,77%,7°C,1012.0mb,,"document.write(Icons.GetShortDescription(4, 'CurrentWeather'));  Few Clouds at 460m, Broken Clouds at 760m, Cloudy at 2400m Haze",2018-03-04
18:00,9°C,8°C,340°7 Km/h,,87%,7°C,1011.0mb,,"document.write(Icons.GetShortDescription(4, 'CurrentWeather'));  Few Clouds at 460m, Broken Clouds at 760m, Cloudy at 2100m Haze",2018-03-04
19:00,9°C,6°C,330°19 Km/h,,82%,6°C,1011.0mb,,"document.write(Icons.GetShortDescription(4, 'CurrentWeather'));  Few Clouds at 460m, Broken Clouds at 760m, Cloudy at 2100m Haze",2018-03-04
20:00,8°C,5°C,330°19 Km/h,,87%,6°C,1011.0mb,,"document.write(Icons.GetShortDescription(7, 'CurrentWeather'));  Few Clouds at 460m, Broken Clouds at 760m, Cloudy at 2100m Light Rain",2018-03-04
20:15,9°C,6°C,360°19 Km/h,,82%,6°C,1011.0mb,,"document.write(Icons.GetShortDescription(7, 'CurrentWeather'));  Few Clouds at 460m, Broken Clouds at 760m, Cloudy at 2100m Light Rain, Haze",2018-03-04
21:00,9°C,6°C,10°20 Km/h,,82%,6°C,1011.0mb,,"document.write(Icons.GetShortDescription(7, 'CurrentWeather'));  Few Clouds at 460m, Broken Clouds at 910m, Cloudy at 2400m Rain, Haze",2018-03-04
22:00,8°C,4°C,10°24 Km/h,,82%,5°C,1011.0mb,,"document.write(Icons.GetShortDescription(7, 'CurrentWeather'));  Few Clouds at 300m, Broken Clouds at 610m, Cloudy at 2400m Rain, Haze",2018-03-04
23:00,7°C,3°C,360°24 Km/h,,87%,5°C,1010.0mb,,"document.write(Icons.GetShortDescription(7, 'CurrentWeather'));  Few Clouds at 300m, Broken Clouds at 610m, Cloudy at 2400m Rain, Haze",2018-03-04
