Time,Temperature,Relative Temperature,Wind,Wind Gust,Rel. humidity,Dew Point,Pressure,Icon,DescriptionDetails,date
00:00,7°C,7°C,240°2 Km/h,,66%,1°C,1017.0mb,,"document.write(Icons.GetShortDescription(1, 'CurrentWeather'));",2018-04-10
01:00,6°C,6°C,210°4 Km/h,,71%,1°C,1016.0mb,,"document.write(Icons.GetShortDescription(1, 'CurrentWeather'));",2018-04-10
02:00,6°C,5°C,230°6 Km/h,,66%,0°C,1016.0mb,,"document.write(Icons.GetShortDescription(1, 'CurrentWeather'));",2018-04-10
03:00,6°C,5°C,150°6 Km/h,,61%,-1°C,1015.0mb,,"document.write(Icons.GetShortDescription(1, 'CurrentWeather'));",2018-04-10
04:00,5°C,5°C,200°4 Km/h,,70%,0°C,1015.0mb,,"document.write(Icons.GetShortDescription(1, 'CurrentWeather'));",2018-04-10
05:00,6°C,4°C,150°7 Km/h,,61%,-1°C,1015.0mb,,"document.write(Icons.GetShortDescription(1, 'CurrentWeather'));",2018-04-10
06:00,6°C,4°C,160°7 Km/h,,66%,0°C,1015.0mb,,"document.write(Icons.GetShortDescription(1, 'CurrentWeather'));",2018-04-10
07:00,8°C,6°C,150°9 Km/h,,62%,1°C,1014.0mb,,"document.write(Icons.GetShortDescription(1, 'CurrentWeather'));",2018-04-10
08:00,12°C,12°C,140°11 Km/h,,47%,1°C,1015.0mb,,"document.write(Icons.GetShortDescription(1, 'CurrentWeather'));",2018-04-10
09:00,14°C,14°C,140°15 Km/h,,39%,0°C,1014.0mb,,"document.write(Icons.GetShortDescription(1, 'CurrentWeather'));",2018-04-10
10:00,18°C,18°C,180°19 Km/h,,32%,1°C,1014.0mb,,"document.write(Icons.GetShortDescription(1, 'CurrentWeather'));",2018-04-10
11:00,20°C,20°C,200°24 Km/h,,40%,6°C,1013.0mb,,"document.write(Icons.GetShortDescription(1, 'CurrentWeather'));",2018-04-10
12:00,21°C,21°C,210°39 Km/h,,46%,9°C,1011.0mb,,"document.write(Icons.GetShortDescription(2, 'CurrentWeather'));  Few Clouds at 910m",2018-04-10
13:00,22°C,21°C,210°37 Km/h,,44%,9°C,1010.0mb,,"document.write(Icons.GetShortDescription(3, 'CurrentWeather'));  Few Clouds at 910m, Broken Clouds at 6100m",2018-04-10
14:00,21°C,21°C,220°37 Km/h,,46%,9°C,1009.0mb,,"document.write(Icons.GetShortDescription(3, 'CurrentWeather'));  Few Clouds at 910m, Broken Clouds at 6100m",2018-04-10
15:00,21°C,21°C,210°41 Km/h,,46%,9°C,1008.0mb,,"document.write(Icons.GetShortDescription(3, 'CurrentWeather'));  Scattered Clouds at 910m, Broken Clouds at 6100m",2018-04-10
16:00,20°C,20°C,200°37 Km/h,,49%,9°C,1006.0mb,,"document.write(Icons.GetShortDescription(3, 'CurrentWeather'));  Scattered Clouds at 910m, Broken Clouds at 6100m",2018-04-10
17:00,19°C,19°C,210°43 Km/h,,52%,9°C,1006.0mb,,"document.write(Icons.GetShortDescription(3, 'CurrentWeather'));  Scattered Clouds at 910m, Broken Clouds at 6100m",2018-04-10
18:00,19°C,19°C,210°41 Km/h,,52%,9°C,1005.0mb,,"document.write(Icons.GetShortDescription(3, 'CurrentWeather'));  Scattered Clouds at 910m, Broken Clouds at 6100m",2018-04-10
19:00,19°C,19°C,200°46 Km/h,,56%,10°C,1004.0mb,,"document.write(Icons.GetShortDescription(3, 'CurrentWeather'));  Broken Clouds at 910m, Broken Clouds at 4600m",2018-04-10
20:00,18°C,18°C,220°44 Km/h,,60%,10°C,1005.0mb,,"document.write(Icons.GetShortDescription(7, 'CurrentWeather'));  Broken Clouds at 910m, Cloudy at 3000m Light Rain",2018-04-10
21:00,17°C,17°C,220°44 Km/h,,68%,11°C,1004.0mb,,"document.write(Icons.GetShortDescription(7, 'CurrentWeather'));  Broken Clouds at 760m, Cloudy at 2400m Light Rain",2018-04-10
22:00,15°C,15°C,230°33 Km/h,,77%,11°C,1005.0mb,,"document.write(Icons.GetShortDescription(7, 'CurrentWeather'));  Few Clouds at 520m, Broken Clouds at 760m, Cloudy at 2400m Light Rain",2018-04-10
23:00,14°C,14°C,240°37 Km/h,,77%,10°C,1005.0mb,,"document.write(Icons.GetShortDescription(4, 'CurrentWeather'));  Few Clouds at 460m, Cloudy at 910m",2018-04-10
