Time,Temperature,Relative Temperature,Wind,Wind Gust,Rel. humidity,Dew Point,Pressure,Icon,DescriptionDetails,date
00:00,0°C,0°C,40°2 Km/h,,75%,-4°C,1025.0mb,,"document.write(Icons.GetShortDescription(1, 'CurrentWeather'));",2018-03-10
01:00,-1°C,-1°C,130°4 Km/h,,69%,-6°C,1024.0mb,,"document.write(Icons.GetShortDescription(1, 'CurrentWeather'));",2018-03-10
02:00,-1°C,-4°C,140°7 Km/h,,75%,-5°C,1025.0mb,,"document.write(Icons.GetShortDescription(1, 'CurrentWeather'));",2018-03-10
03:00,-1°C,-1°C,300°4 Km/h,,75%,-5°C,1024.0mb,,"document.write(Icons.GetShortDescription(1, 'CurrentWeather'));",2018-03-10
04:00,-2°C,-2°C,Calm,,80%,-5°C,1024.0mb,,"document.write(Icons.GetShortDescription(1, 'CurrentWeather'));",2018-03-10
04:39,-1°C,-1°C,150°4 Km/h,,80%,-4°C,1024.0mb,,"document.write(Icons.GetShortDescription(1, 'CurrentWeather'));  Haze",2018-03-10
05:00,-1°C,-3°C,170°6 Km/h,,80%,-4°C,1024.0mb,,"document.write(Icons.GetShortDescription(1, 'CurrentWeather'));  Haze",2018-03-10
06:00,-2°C,-6°C,140°11 Km/h,,86%,-4°C,1024.0mb,,"document.write(Icons.GetShortDescription(1, 'CurrentWeather'));  Haze",2018-03-10
07:00,-1°C,-4°C,170°9 Km/h,,80%,-4°C,1025.0mb,,"document.write(Icons.GetShortDescription(1, 'CurrentWeather'));",2018-03-10
08:00,0°C,-3°C,160°7 Km/h,,80%,-3°C,1025.0mb,,"document.write(Icons.GetShortDescription(1, 'CurrentWeather'));",2018-03-10
09:00,3°C,1°C,200°7 Km/h,,75%,-1°C,1025.0mb,,"document.write(Icons.GetShortDescription(1, 'CurrentWeather'));",2018-03-10
10:00,3°C,0°C,200°13 Km/h,,70%,-2°C,1025.0mb,,"document.write(Icons.GetShortDescription(2, 'CurrentWeather'));  Scattered Clouds at 610m",2018-03-10
11:00,5°C,2°C,200°13 Km/h,,61%,-2°C,1025.0mb,,"document.write(Icons.GetShortDescription(2, 'CurrentWeather'));  Few Clouds at 760m",2018-03-10
12:00,6°C,4°C,230°11 Km/h,,53%,-3°C,1024.0mb,,"document.write(Icons.GetShortDescription(2, 'CurrentWeather'));  Few Clouds at 760m",2018-03-10
13:00,7°C,5°C,240°13 Km/h,,46%,-4°C,1024.0mb,,"document.write(Icons.GetShortDescription(1, 'CurrentWeather'));",2018-03-10
14:00,7°C,4°C,230°19 Km/h,,46%,-4°C,1023.0mb,,"document.write(Icons.GetShortDescription(1, 'CurrentWeather'));",2018-03-10
15:00,8°C,5°C,240°17 Km/h,,43%,-4°C,1023.0mb,,"document.write(Icons.GetShortDescription(1, 'CurrentWeather'));",2018-03-10
16:00,7°C,4°C,240°15 Km/h,,46%,-4°C,1023.0mb,,"document.write(Icons.GetShortDescription(1, 'CurrentWeather'));",2018-03-10
17:00,6°C,4°C,250°11 Km/h,,57%,-2°C,1023.0mb,,"document.write(Icons.GetShortDescription(1, 'CurrentWeather'));",2018-03-10
18:00,5°C,2°C,250°11 Km/h,,61%,-2°C,1023.0mb,,"document.write(Icons.GetShortDescription(2, 'CurrentWeather'));  Scattered Clouds at 760m",2018-03-10
19:00,5°C,2°C,230°15 Km/h,,66%,-1°C,1023.0mb,,"document.write(Icons.GetShortDescription(2, 'CurrentWeather'));  Scattered Clouds at 760m",2018-03-10
20:00,5°C,3°C,240°9 Km/h,,66%,-1°C,1024.0mb,,"document.write(Icons.GetShortDescription(2, 'CurrentWeather'));  Scattered Clouds at 760m",2018-03-10
21:00,5°C,2°C,240°11 Km/h,,66%,-1°C,1024.0mb,,"document.write(Icons.GetShortDescription(3, 'CurrentWeather'));  Broken Clouds at 610m",2018-03-10
22:00,5°C,3°C,230°9 Km/h,,70%,0°C,1024.0mb,,"document.write(Icons.GetShortDescription(3, 'CurrentWeather'));  Few Clouds at 460m, Broken Clouds at 760m",2018-03-10
23:00,5°C,4°C,270°6 Km/h,,70%,0°C,1024.0mb,,"document.write(Icons.GetShortDescription(3, 'CurrentWeather'));  Few Clouds at 460m, Broken Clouds at 760m",2018-03-10
