Time,Temperature,Relative Temperature,Wind,Wind Gust,Rel. humidity,Dew Point,Pressure,Icon,DescriptionDetails,date
00:00,-6°C,-9°C,310°6 Km/h,,54%,-14°C,1024.0mb,,"document.write(Icons.GetShortDescription(1, 'CurrentWeather'));",2018-01-05
01:00,-6°C,-9°C,320°6 Km/h,,54%,-14°C,1024.0mb,,"document.write(Icons.GetShortDescription(1, 'CurrentWeather'));",2018-01-05
02:00,-7°C,-10°C,310°6 Km/h,,58%,-14°C,1023.0mb,,"document.write(Icons.GetShortDescription(1, 'CurrentWeather'));",2018-01-05
03:00,-7°C,-11°C,340°7 Km/h,,58%,-14°C,1023.0mb,,"document.write(Icons.GetShortDescription(1, 'CurrentWeather'));",2018-01-05
04:00,-7°C,-10°C,330°6 Km/h,,63%,-13°C,1023.0mb,,"document.write(Icons.GetShortDescription(1, 'CurrentWeather'));",2018-01-05
05:00,-6°C,-9°C,320°6 Km/h,,58%,-13°C,1022.0mb,,"document.write(Icons.GetShortDescription(1, 'CurrentWeather'));",2018-01-05
06:00,-6°C,-6°C,Calm,,58%,-13°C,1022.0mb,,"document.write(Icons.GetShortDescription(1, 'CurrentWeather'));",2018-01-05
07:00,-6°C,-6°C,Calm,,58%,-13°C,1022.0mb,,"document.write(Icons.GetShortDescription(1, 'CurrentWeather'));",2018-01-05
08:00,-7°C,-7°C,290°2 Km/h,,63%,-13°C,1022.0mb,,"document.write(Icons.GetShortDescription(1, 'CurrentWeather'));",2018-01-05
09:00,-5°C,-8°C,350°6 Km/h,,63%,-11°C,1022.0mb,,"document.write(Icons.GetShortDescription(1, 'CurrentWeather'));",2018-01-05
10:00,-3°C,-6°C,20°7 Km/h,,59%,-10°C,1022.0mb,,"document.write(Icons.GetShortDescription(1, 'CurrentWeather'));",2018-01-05
11:00,-2°C,-4°C,350°6 Km/h,,51%,-11°C,1022.0mb,,"document.write(Icons.GetShortDescription(1, 'CurrentWeather'));",2018-01-05
12:00,-1°C,-1°C,10°4 Km/h,,47%,-11°C,1021.0mb,,"document.write(Icons.GetShortDescription(1, 'CurrentWeather'));",2018-01-05
13:00,0°C,-2°C,340°6 Km/h,,44%,-11°C,1020.0mb,,"document.write(Icons.GetShortDescription(1, 'CurrentWeather'));",2018-01-05
14:00,1°C,-1°C,230°7 Km/h,,35%,-13°C,1020.0mb,,"document.write(Icons.GetShortDescription(1, 'CurrentWeather'));",2018-01-05
15:00,0°C,-4°C,280°15 Km/h,,37%,-13°C,1020.0mb,,"document.write(Icons.GetShortDescription(1, 'CurrentWeather'));",2018-01-05
16:00,0°C,-5°C,290°17 Km/h,,37%,-13°C,1020.0mb,,"document.write(Icons.GetShortDescription(1, 'CurrentWeather'));",2018-01-05
17:00,-1°C,-5°C,300°13 Km/h,,37%,-14°C,1020.0mb,,"document.write(Icons.GetShortDescription(1, 'CurrentWeather'));",2018-01-05
18:00,-2°C,-5°C,310°7 Km/h,,43%,-13°C,1020.0mb,,"document.write(Icons.GetShortDescription(1, 'CurrentWeather'));",2018-01-05
19:00,-4°C,-4°C,Calm,,46%,-14°C,1020.0mb,,"document.write(Icons.GetShortDescription(1, 'CurrentWeather'));",2018-01-05
20:00,-4°C,-4°C,250°4 Km/h,,50%,-13°C,1021.0mb,,"document.write(Icons.GetShortDescription(1, 'CurrentWeather'));",2018-01-05
21:00,-5°C,-5°C,320°4 Km/h,,58%,-12°C,1021.0mb,,"document.write(Icons.GetShortDescription(1, 'CurrentWeather'));",2018-01-05
22:00,-4°C,-8°C,290°9 Km/h,,54%,-12°C,1021.0mb,,"document.write(Icons.GetShortDescription(1, 'CurrentWeather'));",2018-01-05
23:00,-5°C,-9°C,310°9 Km/h,,54%,-13°C,1022.0mb,,"document.write(Icons.GetShortDescription(1, 'CurrentWeather'));",2018-01-05
