Time,Temperature,Relative Temperature,Wind,Wind Gust,Rel. humidity,Dew Point,Pressure,Icon,DescriptionDetails,date
00:00,11°C,11°C,200°6 Km/h,,58%,3°C,1014.0mb,,"document.write(Icons.GetShortDescription(1, 'CurrentWeather'));",2018-04-27
01:00,11°C,11°C,220°2 Km/h,,54%,2°C,1014.0mb,,"document.write(Icons.GetShortDescription(1, 'CurrentWeather'));",2018-04-27
02:00,9°C,9°C,210°4 Km/h,,66%,3°C,1013.0mb,,"document.write(Icons.GetShortDescription(1, 'CurrentWeather'));",2018-04-27
03:00,9°C,8°C,180°6 Km/h,,71%,4°C,1013.0mb,,"document.write(Icons.GetShortDescription(1, 'CurrentWeather'));",2018-04-27
04:00,8°C,7°C,140°7 Km/h,,71%,3°C,1013.0mb,,"document.write(Icons.GetShortDescription(1, 'CurrentWeather'));",2018-04-27
05:00,8°C,7°C,160°7 Km/h,,71%,3°C,1013.0mb,,"document.write(Icons.GetShortDescription(1, 'CurrentWeather'));",2018-04-27
06:00,7°C,5°C,150°11 Km/h,,76%,3°C,1013.0mb,,"document.write(Icons.GetShortDescription(1, 'CurrentWeather'));",2018-04-27
07:00,10°C,9°C,170°9 Km/h,,71%,5°C,1013.0mb,,"document.write(Icons.GetShortDescription(2, 'CurrentWeather'));  Scattered Clouds at 1200m",2018-04-27
08:00,12°C,12°C,180°7 Km/h,,63%,5°C,1014.0mb,,"document.write(Icons.GetShortDescription(1, 'CurrentWeather'));",2018-04-27
09:00,14°C,14°C,190°9 Km/h,,59%,6°C,1014.0mb,,"document.write(Icons.GetShortDescription(1, 'CurrentWeather'));",2018-04-27
10:00,15°C,15°C,210°9 Km/h,,55%,6°C,1015.0mb,,"document.write(Icons.GetShortDescription(1, 'CurrentWeather'));",2018-04-27
11:00,17°C,17°C,230°6 Km/h,,52%,7°C,1015.0mb,,"document.write(Icons.GetShortDescription(1, 'CurrentWeather'));",2018-04-27
12:00,18°C,18°C,240°6 Km/h,,49%,7°C,1015.0mb,,"document.write(Icons.GetShortDescription(1, 'CurrentWeather'));",2018-04-27
13:00,20°C,20°C,140°6 Km/h,,40%,6°C,1015.0mb,,"document.write(Icons.GetShortDescription(1, 'CurrentWeather'));",2018-04-27
14:00,21°C,21°C,250°7 Km/h,,40%,7°C,1014.0mb,,"document.write(Icons.GetShortDescription(1, 'CurrentWeather'));",2018-04-27
15:00,21°C,21°C,300°15 Km/h,,43%,8°C,1014.0mb,,"document.write(Icons.GetShortDescription(1, 'CurrentWeather'));",2018-04-27
16:00,21°C,21°C,260°11 Km/h,,40%,7°C,1014.0mb,,"document.write(Icons.GetShortDescription(1, 'CurrentWeather'));",2018-04-27
17:00,20°C,20°C,290°13 Km/h,,46%,8°C,1014.0mb,,"document.write(Icons.GetShortDescription(1, 'CurrentWeather'));",2018-04-27
18:00,19°C,19°C,310°13 Km/h,,49%,8°C,1014.0mb,,"document.write(Icons.GetShortDescription(1, 'CurrentWeather'));",2018-04-27
19:00,16°C,16°C,320°13 Km/h,,55%,7°C,1015.0mb,,"document.write(Icons.GetShortDescription(1, 'CurrentWeather'));",2018-04-27
20:00,13°C,13°C,310°13 Km/h,,63%,6°C,1016.0mb,,"document.write(Icons.GetShortDescription(1, 'CurrentWeather'));",2018-04-27
21:00,13°C,13°C,310°4 Km/h,,67%,7°C,1016.0mb,,"document.write(Icons.GetShortDescription(1, 'CurrentWeather'));",2018-04-27
22:00,12°C,12°C,30°2 Km/h,,72%,7°C,1017.0mb,,"document.write(Icons.GetShortDescription(1, 'CurrentWeather'));",2018-04-27
23:00,11°C,11°C,150°7 Km/h,,77%,7°C,1017.0mb,,"document.write(Icons.GetShortDescription(1, 'CurrentWeather'));  Haze",2018-04-27
