Time,Temperature,Relative Temperature,Wind,Wind Gust,Rel. humidity,Dew Point,Pressure,Icon,DescriptionDetails,date
00:00,7°C,7°C,360°4 Km/h,,57%,-1°C,1022.0mb,,"document.write(Icons.GetShortDescription(1, 'CurrentWeather'));",2018-04-17
01:00,6°C,6°C,30°2 Km/h,,57%,-2°C,1021.0mb,,"document.write(Icons.GetShortDescription(1, 'CurrentWeather'));",2018-04-17
02:00,6°C,6°C,320°4 Km/h,,66%,0°C,1021.0mb,,"document.write(Icons.GetShortDescription(1, 'CurrentWeather'));",2018-04-17
03:00,4°C,4°C,340°4 Km/h,,70%,-1°C,1021.0mb,,"document.write(Icons.GetShortDescription(1, 'CurrentWeather'));",2018-04-17
04:00,4°C,4°C,110°2 Km/h,,70%,-1°C,1021.0mb,,"document.write(Icons.GetShortDescription(1, 'CurrentWeather'));",2018-04-17
05:00,4°C,4°C,40°2 Km/h,,65%,-2°C,1021.0mb,,"document.write(Icons.GetShortDescription(1, 'CurrentWeather'));",2018-04-17
06:00,4°C,4°C,170°2 Km/h,,65%,-2°C,1021.0mb,,"document.write(Icons.GetShortDescription(1, 'CurrentWeather'));",2018-04-17
07:00,6°C,6°C,170°4 Km/h,,66%,0°C,1021.0mb,,"document.write(Icons.GetShortDescription(1, 'CurrentWeather'));",2018-04-17
08:00,10°C,10°C,350°2 Km/h,,62%,3°C,1022.0mb,,"document.write(Icons.GetShortDescription(1, 'CurrentWeather'));",2018-04-17
09:00,14°C,14°C,230°2 Km/h,,44%,2°C,1022.0mb,,"document.write(Icons.GetShortDescription(1, 'CurrentWeather'));",2018-04-17
10:00,16°C,16°C,220°6 Km/h,,34%,0°C,1022.0mb,,"document.write(Icons.GetShortDescription(1, 'CurrentWeather'));",2018-04-17
11:00,17°C,17°C,340°7 Km/h,,34%,1°C,1021.0mb,,"document.write(Icons.GetShortDescription(1, 'CurrentWeather'));",2018-04-17
12:00,19°C,19°C,220°6 Km/h,,30%,1°C,1021.0mb,,"document.write(Icons.GetShortDescription(1, 'CurrentWeather'));",2018-04-17
13:00,19°C,19°C,320°15 Km/h,,26%,-1°C,1020.0mb,,"document.write(Icons.GetShortDescription(1, 'CurrentWeather'));",2018-04-17
14:00,19°C,19°C,290°11 Km/h,,28%,0°C,1019.0mb,,"document.write(Icons.GetShortDescription(1, 'CurrentWeather'));",2018-04-17
15:00,19°C,19°C,260°15 Km/h,,28%,0°C,1019.0mb,,"document.write(Icons.GetShortDescription(1, 'CurrentWeather'));",2018-04-17
16:00,19°C,19°C,300°20 Km/h,,28%,0°C,1018.0mb,,"document.write(Icons.GetShortDescription(1, 'CurrentWeather'));",2018-04-17
17:00,17°C,17°C,300°20 Km/h,,30%,-1°C,1018.0mb,,"document.write(Icons.GetShortDescription(1, 'CurrentWeather'));",2018-04-17
18:00,15°C,15°C,290°19 Km/h,,27%,-4°C,1018.0mb,,"document.write(Icons.GetShortDescription(1, 'CurrentWeather'));",2018-04-17
19:00,13°C,13°C,270°7 Km/h,,28%,-5°C,1018.0mb,,"document.write(Icons.GetShortDescription(1, 'CurrentWeather'));",2018-04-17
20:00,11°C,11°C,150°4 Km/h,,35%,-4°C,1019.0mb,,"document.write(Icons.GetShortDescription(1, 'CurrentWeather'));",2018-04-17
21:00,9°C,7°C,330°13 Km/h,,37%,-5°C,1019.0mb,,"document.write(Icons.GetShortDescription(1, 'CurrentWeather'));",2018-04-17
22:00,9°C,8°C,350°7 Km/h,,43%,-3°C,1019.0mb,,"document.write(Icons.GetShortDescription(1, 'CurrentWeather'));",2018-04-17
23:00,7°C,6°C,320°7 Km/h,,57%,-1°C,1019.0mb,,"document.write(Icons.GetShortDescription(1, 'CurrentWeather'));",2018-04-17
