Time,Temperature,Relative Temperature,Wind,Wind Gust,Rel. humidity,Dew Point,Pressure,Icon,DescriptionDetails,date
00:00,-4°C,-4°C,350°4 Km/h,,50%,-13°C,1026.0mb,,"document.write(Icons.GetShortDescription(1, 'CurrentWeather'));",2018-01-01
01:00,-6°C,-6°C,260°2 Km/h,,58%,-13°C,1026.0mb,,"document.write(Icons.GetShortDescription(1, 'CurrentWeather'));",2018-01-01
02:00,-6°C,-6°C,40°2 Km/h,,63%,-12°C,1026.0mb,,"document.write(Icons.GetShortDescription(1, 'CurrentWeather'));",2018-01-01
03:00,-7°C,-7°C,350°2 Km/h,,68%,-12°C,1026.0mb,,"document.write(Icons.GetShortDescription(1, 'CurrentWeather'));",2018-01-01
04:00,-6°C,-6°C,330°4 Km/h,,63%,-12°C,1027.0mb,,"document.write(Icons.GetShortDescription(1, 'CurrentWeather'));",2018-01-01
05:00,-7°C,-7°C,350°4 Km/h,,68%,-12°C,1027.0mb,,"document.write(Icons.GetShortDescription(1, 'CurrentWeather'));",2018-01-01
06:00,-7°C,-7°C,340°4 Km/h,,68%,-12°C,1027.0mb,,"document.write(Icons.GetShortDescription(1, 'CurrentWeather'));",2018-01-01
07:00,-7°C,-7°C,360°4 Km/h,,68%,-12°C,1027.0mb,,"document.write(Icons.GetShortDescription(1, 'CurrentWeather'));",2018-01-01
08:00,-7°C,-7°C,350°2 Km/h,,73%,-11°C,1028.0mb,,"document.write(Icons.GetShortDescription(1, 'CurrentWeather'));",2018-01-01
09:00,-4°C,-4°C,350°2 Km/h,,74%,-8°C,1028.0mb,,"document.write(Icons.GetShortDescription(1, 'CurrentWeather'));",2018-01-01
10:00,-1°C,-1°C,Calm,,64%,-7°C,1029.0mb,,"document.write(Icons.GetShortDescription(1, 'CurrentWeather'));",2018-01-01
11:00,1°C,1°C,270°2 Km/h,,48%,-9°C,1029.0mb,,"document.write(Icons.GetShortDescription(1, 'CurrentWeather'));",2018-01-01
12:00,1°C,-1°C,330°6 Km/h,,35%,-13°C,1029.0mb,,"document.write(Icons.GetShortDescription(1, 'CurrentWeather'));",2018-01-01
13:00,2°C,0°C,20°6 Km/h,,27%,-15°C,1028.0mb,,"document.write(Icons.GetShortDescription(1, 'CurrentWeather'));",2018-01-01
14:00,3°C,1°C,60°7 Km/h,,26%,-15°C,1027.0mb,,"document.write(Icons.GetShortDescription(2, 'CurrentWeather'));  Few Clouds at 1200m",2018-01-01
15:00,3°C,0°C,270°9 Km/h,,28%,-14°C,1027.0mb,,"document.write(Icons.GetShortDescription(2, 'CurrentWeather'));  Few Clouds at 1200m",2018-01-01
16:00,2°C,-1°C,290°11 Km/h,,32%,-13°C,1027.0mb,,"document.write(Icons.GetShortDescription(2, 'CurrentWeather'));  Scattered Clouds at 1200m",2018-01-01
17:00,1°C,-1°C,280°7 Km/h,,32%,-14°C,1028.0mb,,"document.write(Icons.GetShortDescription(2, 'CurrentWeather'));  Few Clouds at 1200m",2018-01-01
18:00,-1°C,-1°C,290°4 Km/h,,40%,-13°C,1028.0mb,,"document.write(Icons.GetShortDescription(2, 'CurrentWeather'));  Few Clouds at 1200m",2018-01-01
19:00,-1°C,-1°C,20°2 Km/h,,40%,-13°C,1028.0mb,,"document.write(Icons.GetShortDescription(1, 'CurrentWeather'));",2018-01-01
20:00,-2°C,-2°C,20°2 Km/h,,43%,-13°C,1028.0mb,,"document.write(Icons.GetShortDescription(1, 'CurrentWeather'));",2018-01-01
21:00,-3°C,-3°C,40°4 Km/h,,50%,-12°C,1028.0mb,,"document.write(Icons.GetShortDescription(1, 'CurrentWeather'));",2018-01-01
22:00,-4°C,-4°C,20°2 Km/h,,59%,-11°C,1028.0mb,,"document.write(Icons.GetShortDescription(1, 'CurrentWeather'));",2018-01-01
23:00,-4°C,-4°C,320°2 Km/h,,63%,-10°C,1028.0mb,,"document.write(Icons.GetShortDescription(1, 'CurrentWeather'));",2018-01-01
