Time,Temperature,Relative Temperature,Wind,Wind Gust,Rel. humidity,Dew Point,Pressure,Icon,DescriptionDetails,date
00:00,5°C,2°C,130°15 Km/h,,45%,-6°C,1028.0mb,,"document.write(Icons.GetShortDescription(1, 'CurrentWeather'));",2018-03-17
01:00,2°C,-2°C,150°13 Km/h,,56%,-6°C,1028.0mb,,"document.write(Icons.GetShortDescription(1, 'CurrentWeather'));",2018-03-17
02:00,3°C,2°C,180°6 Km/h,,52%,-6°C,1028.0mb,,"document.write(Icons.GetShortDescription(1, 'CurrentWeather'));",2018-03-17
03:00,2°C,-1°C,160°9 Km/h,,56%,-6°C,1028.0mb,,"document.write(Icons.GetShortDescription(1, 'CurrentWeather'));",2018-03-17
04:00,1°C,-2°C,160°9 Km/h,,60%,-6°C,1028.0mb,,"document.write(Icons.GetShortDescription(1, 'CurrentWeather'));",2018-03-17
05:00,1°C,-1°C,170°6 Km/h,,60%,-6°C,1029.0mb,,"document.write(Icons.GetShortDescription(1, 'CurrentWeather'));",2018-03-17
06:00,2°C,-2°C,120°13 Km/h,,60%,-5°C,1029.0mb,,"document.write(Icons.GetShortDescription(1, 'CurrentWeather'));",2018-03-17
07:00,3°C,-1°C,120°15 Km/h,,52%,-6°C,1029.0mb,,"document.write(Icons.GetShortDescription(1, 'CurrentWeather'));",2018-03-17
08:00,4°C,1°C,130°11 Km/h,,52%,-5°C,1029.0mb,,"document.write(Icons.GetShortDescription(1, 'CurrentWeather'));",2018-03-17
09:00,5°C,2°C,140°11 Km/h,,49%,-5°C,1030.0mb,,"document.write(Icons.GetShortDescription(1, 'CurrentWeather'));",2018-03-17
10:00,7°C,5°C,140°11 Km/h,,42%,-5°C,1029.0mb,,"document.write(Icons.GetShortDescription(1, 'CurrentWeather'));",2018-03-17
11:00,8°C,7°C,150°7 Km/h,,43%,-4°C,1029.0mb,,"document.write(Icons.GetShortDescription(1, 'CurrentWeather'));",2018-03-17
12:00,10°C,10°C,150°4 Km/h,,40%,-3°C,1028.0mb,,"document.write(Icons.GetShortDescription(1, 'CurrentWeather'));",2018-03-17
13:00,10°C,10°C,60°6 Km/h,,37%,-4°C,1027.0mb,,"document.write(Icons.GetShortDescription(1, 'CurrentWeather'));",2018-03-17
14:00,11°C,11°C,290°6 Km/h,,38%,-3°C,1026.0mb,,"document.write(Icons.GetShortDescription(1, 'CurrentWeather'));",2018-03-17
15:00,12°C,12°C,320°9 Km/h,,35%,-3°C,1026.0mb,,"document.write(Icons.GetShortDescription(1, 'CurrentWeather'));",2018-03-17
16:00,12°C,12°C,300°13 Km/h,,38%,-2°C,1025.0mb,,"document.write(Icons.GetShortDescription(1, 'CurrentWeather'));",2018-03-17
17:00,10°C,8°C,300°15 Km/h,,43%,-2°C,1025.0mb,,"document.write(Icons.GetShortDescription(1, 'CurrentWeather'));",2018-03-17
18:00,8°C,5°C,290°17 Km/h,,46%,-3°C,1025.0mb,,"document.write(Icons.GetShortDescription(1, 'CurrentWeather'));",2018-03-17
19:00,7°C,5°C,300°11 Km/h,,49%,-3°C,1026.0mb,,"document.write(Icons.GetShortDescription(1, 'CurrentWeather'));",2018-03-17
20:00,7°C,5°C,290°9 Km/h,,53%,-2°C,1026.0mb,,"document.write(Icons.GetShortDescription(1, 'CurrentWeather'));",2018-03-17
21:00,5°C,4°C,300°6 Km/h,,61%,-2°C,1026.0mb,,"document.write(Icons.GetShortDescription(1, 'CurrentWeather'));",2018-03-17
22:00,5°C,3°C,310°9 Km/h,,61%,-2°C,1026.0mb,,"document.write(Icons.GetShortDescription(1, 'CurrentWeather'));",2018-03-17
23:00,5°C,4°C,330°6 Km/h,,61%,-2°C,1026.0mb,,"document.write(Icons.GetShortDescription(1, 'CurrentWeather'));",2018-03-17
