Time,Temperature,Relative Temperature,Wind,Wind Gust,Rel. humidity,Dew Point,Pressure,Icon,DescriptionDetails,date
00:00,10°C,10°C,200°6 Km/h,,71%,5°C,1023.0mb,,"document.write(Icons.GetShortDescription(1, 'CurrentWeather'));",2018-03-31
01:00,9°C,9°C,280°2 Km/h,,76%,5°C,1023.0mb,,"document.write(Icons.GetShortDescription(1, 'CurrentWeather'));  Haze",2018-03-31
02:00,8°C,8°C,250°4 Km/h,,76%,4°C,1023.0mb,,"document.write(Icons.GetShortDescription(1, 'CurrentWeather'));  Haze",2018-03-31
03:00,8°C,8°C,Calm,,76%,4°C,1023.0mb,,"document.write(Icons.GetShortDescription(1, 'CurrentWeather'));  Haze",2018-03-31
04:00,7°C,7°C,40°4 Km/h,,76%,3°C,1022.0mb,,"document.write(Icons.GetShortDescription(1, 'CurrentWeather'));  Haze",2018-03-31
05:00,7°C,7°C,80°2 Km/h,,76%,3°C,1022.0mb,,"document.write(Icons.GetShortDescription(2, 'CurrentWeather'));  Few Clouds at 610m",2018-03-31
06:00,7°C,7°C,190°4 Km/h,,76%,3°C,1022.0mb,,"document.write(Icons.GetShortDescription(2, 'CurrentWeather'));  Scattered Clouds at 610m",2018-03-31
07:00,8°C,8°C,240°2 Km/h,,82%,5°C,1022.0mb,,"document.write(Icons.GetShortDescription(2, 'CurrentWeather'));  Few Clouds at 610m",2018-03-31
08:00,11°C,11°C,160°2 Km/h,,72%,6°C,1022.0mb,,"document.write(Icons.GetShortDescription(2, 'CurrentWeather'));  Few Clouds at 910m",2018-03-31
09:00,14°C,14°C,210°4 Km/h,,63%,7°C,1022.0mb,,"document.write(Icons.GetShortDescription(1, 'CurrentWeather'));",2018-03-31
10:00,16°C,16°C,140°4 Km/h,,52%,6°C,1022.0mb,,"document.write(Icons.GetShortDescription(1, 'CurrentWeather'));",2018-03-31
11:00,18°C,18°C,180°6 Km/h,,43%,5°C,1022.0mb,,"document.write(Icons.GetShortDescription(1, 'CurrentWeather'));",2018-03-31
12:00,18°C,18°C,240°17 Km/h,,40%,4°C,1021.0mb,,"document.write(Icons.GetShortDescription(2, 'CurrentWeather'));  Scattered Clouds at 910m",2018-03-31
13:00,18°C,18°C,240°19 Km/h,,34%,2°C,1020.0mb,,"document.write(Icons.GetShortDescription(2, 'CurrentWeather'));  Scattered Clouds at 1200m",2018-03-31
14:00,18°C,18°C,260°17 Km/h,,30%,0°C,1020.0mb,,"document.write(Icons.GetShortDescription(2, 'CurrentWeather'));  Few Clouds at 1100m, Scattered Clouds at 4000m",2018-03-31
15:00,18°C,18°C,230°17 Km/h,,32%,1°C,1019.0mb,,"document.write(Icons.GetShortDescription(3, 'CurrentWeather'));  Few Clouds at 1100m, Broken Clouds at 4000m",2018-03-31
16:00,17°C,17°C,300°19 Km/h,,37%,2°C,1019.0mb,,"document.write(Icons.GetShortDescription(3, 'CurrentWeather'));  Few Clouds at 1200m, Broken Clouds at 4000m",2018-03-31
17:00,17°C,17°C,250°9 Km/h,,34%,1°C,1018.0mb,,"document.write(Icons.GetShortDescription(1, 'CurrentWeather'));",2018-03-31
18:00,15°C,15°C,300°13 Km/h,,39%,1°C,1018.0mb,,"document.write(Icons.GetShortDescription(2, 'CurrentWeather'));  Few Clouds at 1200m, Scattered Clouds at 5500m",2018-03-31
19:00,13°C,13°C,310°11 Km/h,,47%,2°C,1018.0mb,,"document.write(Icons.GetShortDescription(2, 'CurrentWeather'));  Few Clouds at 1200m",2018-03-31
20:00,11°C,11°C,320°7 Km/h,,54%,2°C,1019.0mb,,"document.write(Icons.GetShortDescription(1, 'CurrentWeather'));",2018-03-31
21:00,12°C,12°C,220°9 Km/h,,54%,3°C,1019.0mb,,"document.write(Icons.GetShortDescription(2, 'CurrentWeather'));  Few Clouds at 1200m",2018-03-31
22:00,11°C,11°C,330°4 Km/h,,54%,2°C,1019.0mb,,"document.write(Icons.GetShortDescription(2, 'CurrentWeather'));  Few Clouds at 1200m",2018-03-31
23:00,10°C,10°C,290°2 Km/h,,58%,2°C,1019.0mb,,"document.write(Icons.GetShortDescription(2, 'CurrentWeather'));  Few Clouds at 1200m",2018-03-31
