Time,Temperature,Relative Temperature,Wind,Wind Gust,Rel. humidity,Dew Point,Pressure,Icon,DescriptionDetails,date
00:00,5°C,3°C,280°7 Km/h,,70%,0°C,1025.0mb,,"document.write(Icons.GetShortDescription(3, 'CurrentWeather'));  Few Clouds at 460m, Broken Clouds at 760m",2018-03-11
01:00,4°C,2°C,220°9 Km/h,,75%,0°C,1024.0mb,,"document.write(Icons.GetShortDescription(2, 'CurrentWeather'));  Few Clouds at 460m, Scattered Clouds at 760m",2018-03-11
02:00,3°C,3°C,260°4 Km/h,,75%,-1°C,1024.0mb,,"document.write(Icons.GetShortDescription(2, 'CurrentWeather'));  Few Clouds at 460m, Scattered Clouds at 760m Haze",2018-03-11
03:00,2°C,0°C,330°6 Km/h,,81%,-1°C,1025.0mb,,"document.write(Icons.GetShortDescription(2, 'CurrentWeather'));  Few Clouds at 300m, Scattered Clouds at 610m Haze",2018-03-11
04:00,3°C,0°C,330°9 Km/h,,81%,0°C,1025.0mb,,"document.write(Icons.GetShortDescription(3, 'CurrentWeather'));  Few Clouds at 300m, Broken Clouds at 610m Haze",2018-03-11
05:00,3°C,0°C,340°13 Km/h,,81%,0°C,1025.0mb,,"document.write(Icons.GetShortDescription(3, 'CurrentWeather'));  Scattered Clouds at 150m, Broken Clouds at 610m Haze",2018-03-11
06:00,1°C,1°C,80°2 Km/h,,87%,-1°C,1025.0mb,,"document.write(Icons.GetShortDescription(3, 'CurrentWeather'));  Few Clouds at 460m, Broken Clouds at 760m Haze",2018-03-11
07:00,1°C,1°C,330°2 Km/h,,87%,-1°C,1026.0mb,,"document.write(Icons.GetShortDescription(3, 'CurrentWeather'));  Few Clouds at 460m, Broken Clouds at 760m Haze",2018-03-11
08:00,1°C,1°C,360°4 Km/h,,87%,-1°C,1026.0mb,,"document.write(Icons.GetShortDescription(2, 'CurrentWeather'));  Few Clouds at 460m, Scattered Clouds at 760m Haze",2018-03-11
09:00,3°C,1°C,340°7 Km/h,,81%,0°C,1027.0mb,,"document.write(Icons.GetShortDescription(2, 'CurrentWeather'));  Scattered Clouds at 460m Haze",2018-03-11
10:00,5°C,5°C,320°4 Km/h,,76%,1°C,1027.0mb,,"document.write(Icons.GetShortDescription(2, 'CurrentWeather'));  Scattered Clouds at 460m Haze",2018-03-11
11:00,6°C,5°C,300°6 Km/h,,76%,2°C,1027.0mb,,"document.write(Icons.GetShortDescription(2, 'CurrentWeather'));  Few Clouds at 460m Haze",2018-03-11
12:00,8°C,7°C,350°7 Km/h,,53%,-1°C,1026.0mb,,"document.write(Icons.GetShortDescription(1, 'CurrentWeather'));",2018-03-11
13:00,9°C,8°C,330°9 Km/h,,43%,-3°C,1026.0mb,,"document.write(Icons.GetShortDescription(1, 'CurrentWeather'));",2018-03-11
14:00,10°C,9°C,300°7 Km/h,,35%,-5°C,1025.0mb,,"document.write(Icons.GetShortDescription(1, 'CurrentWeather'));",2018-03-11
15:00,11°C,11°C,300°15 Km/h,,35%,-4°C,1025.0mb,,"document.write(Icons.GetShortDescription(1, 'CurrentWeather'));",2018-03-11
16:00,11°C,11°C,290°13 Km/h,,32%,-5°C,1025.0mb,,"document.write(Icons.GetShortDescription(1, 'CurrentWeather'));",2018-03-11
17:00,9°C,7°C,300°15 Km/h,,37%,-5°C,1025.0mb,,"document.write(Icons.GetShortDescription(1, 'CurrentWeather'));",2018-03-11
18:00,8°C,6°C,270°13 Km/h,,37%,-6°C,1025.0mb,,"document.write(Icons.GetShortDescription(1, 'CurrentWeather'));",2018-03-11
19:00,6°C,6°C,300°4 Km/h,,46%,-5°C,1025.0mb,,"document.write(Icons.GetShortDescription(1, 'CurrentWeather'));",2018-03-11
20:00,4°C,2°C,340°7 Km/h,,56%,-4°C,1025.0mb,,"document.write(Icons.GetShortDescription(1, 'CurrentWeather'));  Haze",2018-03-11
21:00,2°C,-1°C,320°11 Km/h,,70%,-3°C,1025.0mb,,"document.write(Icons.GetShortDescription(1, 'CurrentWeather'));  Haze",2018-03-11
22:00,2°C,0°C,360°6 Km/h,,75%,-2°C,1026.0mb,,"document.write(Icons.GetShortDescription(1, 'CurrentWeather'));  Haze",2018-03-11
23:00,2°C,0°C,310°7 Km/h,,75%,-2°C,1026.0mb,,"document.write(Icons.GetShortDescription(1, 'CurrentWeather'));  Haze",2018-03-11
