Time,Temperature,Relative Temperature,Wind,Wind Gust,Rel. humidity,Dew Point,Pressure,Icon,DescriptionDetails,date
00:00,19°C,19°C,220°17 Km/h,,60%,11°C,1013.0mb,,"document.write(Icons.GetShortDescription(7, 'CurrentWeather'));  Scattered Clouds at 760m, Broken Clouds at 3700m Light Rain",2018-05-06
01:00,17°C,17°C,230°11 Km/h,,68%,11°C,1013.0mb,,"document.write(Icons.GetShortDescription(7, 'CurrentWeather'));  Broken Clouds at 760m, Cloudy at 3700m Light Rain",2018-05-06
02:00,16°C,16°C,230°13 Km/h,,77%,12°C,1013.0mb,,"document.write(Icons.GetShortDescription(7, 'CurrentWeather'));  Few Clouds at 300m, Broken Clouds at 910m, Cloudy at 3700m Light Rain",2018-05-06
03:00,16°C,16°C,190°11 Km/h,,77%,12°C,1012.0mb,,"document.write(Icons.GetShortDescription(7, 'CurrentWeather'));  Few Clouds at 300m, Broken Clouds at 910m, Cloudy at 3000m Light Rain, Haze",2018-05-06
04:00,15°C,15°C,140°2 Km/h,,88%,13°C,1011.0mb,,"document.write(Icons.GetShortDescription(7, 'CurrentWeather'));  Few Clouds at 300m, Broken Clouds at 760m, Cloudy at 2400m Light Rain, Haze",2018-05-06
05:00,15°C,15°C,150°4 Km/h,,88%,13°C,1011.0mb,,"document.write(Icons.GetShortDescription(7, 'CurrentWeather'));  Few Clouds at 300m, Broken Clouds at 760m, Cloudy at 2400m Rain, Haze",2018-05-06
06:00,15°C,15°C,40°4 Km/h,,88%,13°C,1010.0mb,,"document.write(Icons.GetShortDescription(7, 'CurrentWeather'));  Few Clouds at 300m, Broken Clouds at 760m, Cloudy at 2400m Rain, Haze",2018-05-06
07:00,15°C,15°C,60°9 Km/h,,88%,13°C,1009.0mb,,"document.write(Icons.GetShortDescription(7, 'CurrentWeather'));  Scattered Clouds at 150m, Broken Clouds at 760m, Cloudy at 2400m Rain, Haze",2018-05-06
08:00,16°C,16°C,90°11 Km/h,,83%,13°C,1009.0mb,,"document.write(Icons.GetShortDescription(7, 'CurrentWeather'));  Scattered Clouds at 150m, Broken Clouds at 760m, Cloudy at 2400m Light Rain, Haze",2018-05-06
09:00,16°C,16°C,90°13 Km/h,,83%,13°C,1009.0mb,,"document.write(Icons.GetShortDescription(7, 'CurrentWeather'));  Few Clouds at 300m, Broken Clouds at 910m, Cloudy at 2400m Light Rain, Haze",2018-05-06
10:00,16°C,16°C,90°9 Km/h,,83%,13°C,1008.0mb,,"document.write(Icons.GetShortDescription(7, 'CurrentWeather'));  Scattered Clouds at 300m, Broken Clouds at 760m, Cloudy at 2400m Light Rain, Haze",2018-05-06
11:00,16°C,16°C,60°11 Km/h,,83%,13°C,1008.0mb,,"document.write(Icons.GetShortDescription(7, 'CurrentWeather'));  Scattered Clouds at 300m, Broken Clouds at 760m, Cloudy at 2400m Light Rain, Haze",2018-05-06
12:00,16°C,16°C,50°9 Km/h,,88%,14°C,1007.0mb,,"document.write(Icons.GetShortDescription(7, 'CurrentWeather'));  Few Clouds at 300m, Broken Clouds at 1100m, Cloudy at 2400m Light Rain",2018-05-06
13:00,17°C,17°C,70°7 Km/h,,83%,14°C,1007.0mb,,"document.write(Icons.GetShortDescription(7, 'CurrentWeather'));  Broken Clouds at 1200m, Cloudy at 3000m Light Rain",2018-05-06
14:00,18°C,18°C,110°13 Km/h,,73%,13°C,1006.0mb,,"document.write(Icons.GetShortDescription(7, 'CurrentWeather'));  Broken Clouds at 1200m, Cloudy at 3000m Light Rain",2018-05-06
15:00,18°C,18°C,100°15 Km/h,,78%,14°C,1005.0mb,,"document.write(Icons.GetShortDescription(4, 'CurrentWeather'));  Scattered Clouds at 1200m, Cloudy at 2700m",2018-05-06
16:00,20°C,20°C,80°17 Km/h,,64%,13°C,1005.0mb,,"document.write(Icons.GetShortDescription(3, 'CurrentWeather'));  Few Clouds at 1200m, Broken Clouds at 5500m",2018-05-06
17:00,20°C,20°C,40°7 Km/h,,60%,12°C,1005.0mb,,"document.write(Icons.GetShortDescription(2, 'CurrentWeather'));  Few Clouds at 1100m, Scattered Clouds at 5500m",2018-05-06
18:00,20°C,20°C,90°9 Km/h,,60%,12°C,1005.0mb,,"document.write(Icons.GetShortDescription(2, 'CurrentWeather'));  Few Clouds at 1100m",2018-05-06
19:00,19°C,19°C,90°9 Km/h,,64%,12°C,1006.0mb,,"document.write(Icons.GetShortDescription(3, 'CurrentWeather'));  Few Clouds at 1100m, Broken Clouds at 5500m",2018-05-06
20:00,18°C,18°C,110°11 Km/h,,68%,12°C,1006.0mb,,"document.write(Icons.GetShortDescription(3, 'CurrentWeather'));  Few Clouds at 1100m, Broken Clouds at 5500m",2018-05-06
21:00,18°C,18°C,100°7 Km/h,,68%,12°C,1007.0mb,,"document.write(Icons.GetShortDescription(3, 'CurrentWeather'));  Few Clouds at 1100m, Broken Clouds at 5500m",2018-05-06
22:00,16°C,16°C,40°7 Km/h,,72%,11°C,1007.0mb,,"document.write(Icons.GetShortDescription(3, 'CurrentWeather'));  Few Clouds at 1100m, Broken Clouds at 5500m",2018-05-06
23:00,16°C,16°C,10°7 Km/h,,77%,12°C,1007.0mb,,"document.write(Icons.GetShortDescription(1, 'CurrentWeather'));",2018-05-06
