Time,Temperature,Relative Temperature,Wind,Wind Gust,Rel. humidity,Dew Point,Pressure,Icon,DescriptionDetails,date
00:00,-5°C,-11°C,330°15 Km/h,,42%,-16°C,1031.0mb,,"document.write(Icons.GetShortDescription(1, 'CurrentWeather'));",2018-01-03
01:00,-5°C,-11°C,360°19 Km/h,,39%,-17°C,1030.0mb,,"document.write(Icons.GetShortDescription(1, 'CurrentWeather'));",2018-01-03
02:00,-6°C,-12°C,350°15 Km/h,,42%,-17°C,1031.0mb,,"document.write(Icons.GetShortDescription(1, 'CurrentWeather'));",2018-01-03
03:00,-7°C,-11°C,330°9 Km/h,,49%,-16°C,1032.0mb,,"document.write(Icons.GetShortDescription(1, 'CurrentWeather'));",2018-01-03
04:00,-7°C,-13°C,340°13 Km/h,,49%,-16°C,1031.0mb,,"document.write(Icons.GetShortDescription(1, 'CurrentWeather'));",2018-01-03
05:00,-8°C,-13°C,330°9 Km/h,,53%,-16°C,1031.0mb,,"document.write(Icons.GetShortDescription(1, 'CurrentWeather'));",2018-01-03
06:00,-7°C,-7°C,20°2 Km/h,,49%,-16°C,1031.0mb,,"document.write(Icons.GetShortDescription(1, 'CurrentWeather'));",2018-01-03
07:00,-8°C,-13°C,290°9 Km/h,,49%,-17°C,1032.0mb,,"document.write(Icons.GetShortDescription(1, 'CurrentWeather'));",2018-01-03
08:00,-8°C,-12°C,310°7 Km/h,,45%,-18°C,1032.0mb,,"document.write(Icons.GetShortDescription(1, 'CurrentWeather'));",2018-01-03
09:00,-6°C,-11°C,330°13 Km/h,,42%,-17°C,1033.0mb,,"document.write(Icons.GetShortDescription(1, 'CurrentWeather'));",2018-01-03
10:00,-5°C,-11°C,340°19 Km/h,,42%,-16°C,1033.0mb,,"document.write(Icons.GetShortDescription(1, 'CurrentWeather'));",2018-01-03
11:00,-4°C,-9°C,340°13 Km/h,,36%,-17°C,1033.0mb,,"document.write(Icons.GetShortDescription(1, 'CurrentWeather'));",2018-01-03
12:00,-3°C,-9°C,340°19 Km/h,,33%,-17°C,1032.0mb,,"document.write(Icons.GetShortDescription(1, 'CurrentWeather'));",2018-01-03
13:00,-3°C,-8°C,330°15 Km/h,,31%,-18°C,1031.0mb,,"document.write(Icons.GetShortDescription(1, 'CurrentWeather'));",2018-01-03
14:00,-2°C,-8°C,350°20 Km/h,,31%,-17°C,1031.0mb,,"document.write(Icons.GetShortDescription(1, 'CurrentWeather'));",2018-01-03
15:00,-1°C,-7°C,10°20 Km/h,,29%,-17°C,1030.0mb,,"document.write(Icons.GetShortDescription(1, 'CurrentWeather'));",2018-01-03
16:00,-1°C,-6°C,350°17 Km/h,,29%,-17°C,1030.0mb,,"document.write(Icons.GetShortDescription(1, 'CurrentWeather'));",2018-01-03
17:00,-3°C,-8°C,340°15 Km/h,,33%,-17°C,1030.0mb,,"document.write(Icons.GetShortDescription(1, 'CurrentWeather'));",2018-01-03
18:00,-5°C,-10°C,340°13 Km/h,,42%,-16°C,1030.0mb,,"document.write(Icons.GetShortDescription(1, 'CurrentWeather'));",2018-01-03
19:00,-4°C,-7°C,300°7 Km/h,,42%,-15°C,1031.0mb,,"document.write(Icons.GetShortDescription(1, 'CurrentWeather'));",2018-01-03
20:00,-6°C,-6°C,360°4 Km/h,,49%,-15°C,1031.0mb,,"document.write(Icons.GetShortDescription(1, 'CurrentWeather'));",2018-01-03
21:00,-6°C,-11°C,340°13 Km/h,,49%,-15°C,1031.0mb,,"document.write(Icons.GetShortDescription(1, 'CurrentWeather'));",2018-01-03
22:00,-6°C,-12°C,340°15 Km/h,,49%,-15°C,1031.0mb,,"document.write(Icons.GetShortDescription(1, 'CurrentWeather'));",2018-01-03
23:00,-7°C,-13°C,340°15 Km/h,,53%,-15°C,1031.0mb,,"document.write(Icons.GetShortDescription(1, 'CurrentWeather'));",2018-01-03
