Time,Temperature,Relative Temperature,Wind,Wind Gust,Rel. humidity,Dew Point,Pressure,Icon,DescriptionDetails,date
00:00,12°C,12°C,70°15 Km/h,,77%,8°C,1017.0mb,,"document.write(Icons.GetShortDescription(7, 'CurrentWeather'));  Broken Clouds at 910m, Cloudy at 2100m Light Rain",2018-04-23
01:00,12°C,12°C,100°20 Km/h,,72%,7°C,1017.0mb,,"document.write(Icons.GetShortDescription(4, 'CurrentWeather'));  Broken Clouds at 1100m, Cloudy at 3000m",2018-04-23
02:00,11°C,11°C,100°26 Km/h,,77%,7°C,1017.0mb,,"document.write(Icons.GetShortDescription(7, 'CurrentWeather'));  Broken Clouds at 1100m, Cloudy at 2400m Light Rain",2018-04-23
03:00,11°C,11°C,90°20 Km/h,,77%,7°C,1016.0mb,,"document.write(Icons.GetShortDescription(7, 'CurrentWeather'));  Broken Clouds at 1100m, Cloudy at 2400m Light Rain",2018-04-23
04:00,10°C,7°C,100°24 Km/h,,82%,7°C,1016.0mb,,"document.write(Icons.GetShortDescription(7, 'CurrentWeather'));  Broken Clouds at 910m, Cloudy at 2400m Rain, Haze",2018-04-23
05:00,10°C,8°C,90°19 Km/h,,82%,7°C,1015.0mb,,"document.write(Icons.GetShortDescription(7, 'CurrentWeather'));  Broken Clouds at 910m, Cloudy at 2400m Rain, Haze",2018-04-23
06:00,10°C,8°C,80°17 Km/h,,82%,7°C,1016.0mb,,"document.write(Icons.GetShortDescription(7, 'CurrentWeather'));  Few Clouds at 300m, Broken Clouds at 910m, Cloudy at 2400m Rain, Haze",2018-04-23
07:00,10°C,8°C,80°17 Km/h,,82%,7°C,1016.0mb,,"document.write(Icons.GetShortDescription(7, 'CurrentWeather'));  Scattered Clouds at 300m, Broken Clouds at 610m, Cloudy at 2400m Rain, Haze",2018-04-23
08:00,10°C,7°C,80°20 Km/h,,82%,7°C,1016.0mb,,"document.write(Icons.GetShortDescription(7, 'CurrentWeather'));  Scattered Clouds at 300m, Broken Clouds at 760m, Cloudy at 2400m Rain, Haze",2018-04-23
09:00,10°C,8°C,90°15 Km/h,,82%,7°C,1017.0mb,,"document.write(Icons.GetShortDescription(7, 'CurrentWeather'));  Scattered Clouds at 300m, Broken Clouds at 760m, Cloudy at 2400m Rain",2018-04-23
10:00,10°C,8°C,80°17 Km/h,,82%,7°C,1017.0mb,,"document.write(Icons.GetShortDescription(7, 'CurrentWeather'));  Scattered Clouds at 400m, Broken Clouds at 910m, Cloudy at 2400m Rain",2018-04-23
10:54,10°C,8°C,80°17 Km/h,,82%,7°C,1017.0mb,,"document.write(Icons.GetShortDescription(7, 'CurrentWeather'));  Scattered Clouds at 300m, Broken Clouds at 910m, Cloudy at 2400m Rain, Haze",2018-04-23
11:00,10°C,8°C,80°15 Km/h,,82%,7°C,1017.0mb,,"document.write(Icons.GetShortDescription(7, 'CurrentWeather'));  Scattered Clouds at 400m, Broken Clouds at 910m, Cloudy at 2400m Rain, Haze",2018-04-23
12:00,10°C,8°C,90°15 Km/h,,82%,7°C,1016.0mb,,"document.write(Icons.GetShortDescription(7, 'CurrentWeather'));  Scattered Clouds at 400m, Broken Clouds at 910m, Cloudy at 2400m Rain, Haze",2018-04-23
12:41,10°C,7°C,90°22 Km/h,,82%,7°C,1016.0mb,,"document.write(Icons.GetShortDescription(7, 'CurrentWeather'));  Scattered Clouds at 400m, Broken Clouds at 910m, Cloudy at 2400m Rain, Haze",2018-04-23
13:00,10°C,7°C,90°20 Km/h,,82%,7°C,1016.0mb,,"document.write(Icons.GetShortDescription(7, 'CurrentWeather'));  Scattered Clouds at 300m, Broken Clouds at 910m, Cloudy at 2400m Light Rain, Haze",2018-04-23
13:31,10°C,7°C,90°20 Km/h,,82%,7°C,1016.0mb,,"document.write(Icons.GetShortDescription(7, 'CurrentWeather'));  Scattered Clouds at 300m, Broken Clouds at 910m, Cloudy at 2400m Rain, Haze",2018-04-23
14:00,10°C,8°C,90°19 Km/h,,82%,7°C,1015.0mb,,"document.write(Icons.GetShortDescription(7, 'CurrentWeather'));  Scattered Clouds at 400m, Broken Clouds at 910m, Cloudy at 2400m Rain, Haze",2018-04-23
14:07,10°C,8°C,90°19 Km/h,,82%,7°C,1015.0mb,,"document.write(Icons.GetShortDescription(7, 'CurrentWeather'));  Scattered Clouds at 300m, Broken Clouds at 910m, Cloudy at 2400m Light Rain, Haze",2018-04-23
14:44,10°C,8°C,90°19 Km/h,,82%,7°C,1015.0mb,,"document.write(Icons.GetShortDescription(7, 'CurrentWeather'));  Scattered Clouds at 300m, Broken Clouds at 910m, Cloudy at 2400m Light Rain",2018-04-23
15:00,10°C,8°C,100°15 Km/h,,82%,7°C,1015.0mb,,"document.write(Icons.GetShortDescription(7, 'CurrentWeather'));  Scattered Clouds at 300m, Broken Clouds at 910m, Cloudy at 2400m Light Rain",2018-04-23
16:00,11°C,11°C,80°26 Km/h,,77%,7°C,1014.0mb,,"document.write(Icons.GetShortDescription(7, 'CurrentWeather'));  Scattered Clouds at 400m, Broken Clouds at 910m, Cloudy at 2400m Light Rain",2018-04-23
17:00,10°C,7°C,90°22 Km/h,,82%,7°C,1014.0mb,,"document.write(Icons.GetShortDescription(7, 'CurrentWeather'));  Scattered Clouds at 400m, Broken Clouds at 910m, Cloudy at 2400m Light Rain",2018-04-23
18:00,10°C,8°C,90°19 Km/h,,82%,7°C,1014.0mb,,"document.write(Icons.GetShortDescription(7, 'CurrentWeather'));  Few Clouds at 300m, Broken Clouds at 760m, Cloudy at 2400m Light Rain",2018-04-23
19:00,10°C,8°C,90°13 Km/h,,82%,7°C,1014.0mb,,"document.write(Icons.GetShortDescription(7, 'CurrentWeather'));  Few Clouds at 300m, Broken Clouds at 760m, Cloudy at 2400m Light Rain",2018-04-23
20:00,10°C,8°C,100°11 Km/h,,82%,7°C,1014.0mb,,"document.write(Icons.GetShortDescription(7, 'CurrentWeather'));  Few Clouds at 400m, Broken Clouds at 910m, Cloudy at 2400m Light Rain",2018-04-23
21:00,10°C,9°C,80°7 Km/h,,82%,7°C,1015.0mb,,"document.write(Icons.GetShortDescription(7, 'CurrentWeather'));  Few Clouds at 460m, Broken Clouds at 1100m, Cloudy at 2400m Light Rain",2018-04-23
22:00,11°C,11°C,80°17 Km/h,,77%,7°C,1015.0mb,,"document.write(Icons.GetShortDescription(7, 'CurrentWeather'));  Few Clouds at 460m, Broken Clouds at 1100m, Cloudy at 2400m Light Drizzle",2018-04-23
23:00,11°C,11°C,80°19 Km/h,,72%,6°C,1014.0mb,,"document.write(Icons.GetShortDescription(4, 'CurrentWeather'));  Few Clouds at 460m, Broken Clouds at 1100m, Cloudy at 2400m",2018-04-23
