Time,Temperature,Relative Temperature,Wind,Wind Gust,Rel. humidity,Dew Point,Pressure,Icon,DescriptionDetails,date
00:00,13°C,13°C,310°2 Km/h,,63%,6°C,1019.0mb,,"document.write(Icons.GetShortDescription(1, 'CurrentWeather'));",2018-04-21
01:00,12°C,12°C,360°4 Km/h,,67%,6°C,1019.0mb,,"document.write(Icons.GetShortDescription(1, 'CurrentWeather'));",2018-04-21
02:00,11°C,11°C,330°6 Km/h,,72%,6°C,1019.0mb,,"document.write(Icons.GetShortDescription(1, 'CurrentWeather'));",2018-04-21
03:00,10°C,10°C,320°6 Km/h,,71%,5°C,1019.0mb,,"document.write(Icons.GetShortDescription(1, 'CurrentWeather'));",2018-04-21
04:00,10°C,10°C,20°4 Km/h,,71%,5°C,1018.0mb,,"document.write(Icons.GetShortDescription(1, 'CurrentWeather'));  Haze",2018-04-21
05:00,8°C,8°C,220°4 Km/h,,76%,4°C,1018.0mb,,"document.write(Icons.GetShortDescription(1, 'CurrentWeather'));  Haze",2018-04-21
06:00,8°C,8°C,320°2 Km/h,,82%,5°C,1018.0mb,,"document.write(Icons.GetShortDescription(1, 'CurrentWeather'));  Haze",2018-04-21
07:00,11°C,11°C,10°2 Km/h,,82%,8°C,1019.0mb,,"document.write(Icons.GetShortDescription(1, 'CurrentWeather'));  Haze",2018-04-21
08:00,16°C,16°C,130°4 Km/h,,63%,9°C,1019.0mb,,"document.write(Icons.GetShortDescription(1, 'CurrentWeather'));  Haze",2018-04-21
09:00,19°C,19°C,230°6 Km/h,,46%,7°C,1019.0mb,,"document.write(Icons.GetShortDescription(1, 'CurrentWeather'));",2018-04-21
10:00,21°C,21°C,200°9 Km/h,,29%,2°C,1019.0mb,,"document.write(Icons.GetShortDescription(1, 'CurrentWeather'));",2018-04-21
11:00,23°C,22°C,220°9 Km/h,,20%,-1°C,1019.0mb,,"document.write(Icons.GetShortDescription(1, 'CurrentWeather'));",2018-04-21
12:00,23°C,22°C,260°15 Km/h,,16%,-4°C,1019.0mb,,"document.write(Icons.GetShortDescription(1, 'CurrentWeather'));",2018-04-21
13:00,23°C,22°C,250°17 Km/h,,14%,-6°C,1018.0mb,,"document.write(Icons.GetShortDescription(1, 'CurrentWeather'));",2018-04-21
14:00,23°C,22°C,240°17 Km/h,,13%,-7°C,1018.0mb,,"document.write(Icons.GetShortDescription(1, 'CurrentWeather'));",2018-04-21
15:00,23°C,22°C,250°19 Km/h,,11%,-9°C,1018.0mb,,"document.write(Icons.GetShortDescription(1, 'CurrentWeather'));",2018-04-21
16:00,23°C,22°C,240°13 Km/h,,13%,-7°C,1017.0mb,,"document.write(Icons.GetShortDescription(1, 'CurrentWeather'));",2018-04-21
17:00,22°C,21°C,240°15 Km/h,,10%,-11°C,1017.0mb,,"document.write(Icons.GetShortDescription(1, 'CurrentWeather'));",2018-04-21
18:00,22°C,21°C,290°7 Km/h,,17%,-4°C,1017.0mb,,"document.write(Icons.GetShortDescription(1, 'CurrentWeather'));",2018-04-21
19:00,18°C,18°C,310°11 Km/h,,26%,-2°C,1018.0mb,,"document.write(Icons.GetShortDescription(1, 'CurrentWeather'));",2018-04-21
20:00,16°C,16°C,260°6 Km/h,,36%,1°C,1018.0mb,,"document.write(Icons.GetShortDescription(1, 'CurrentWeather'));",2018-04-21
21:00,15°C,15°C,180°2 Km/h,,36%,0°C,1019.0mb,,"document.write(Icons.GetShortDescription(1, 'CurrentWeather'));",2018-04-21
22:00,13°C,13°C,220°2 Km/h,,47%,2°C,1019.0mb,,"document.write(Icons.GetShortDescription(1, 'CurrentWeather'));",2018-04-21
23:00,13°C,13°C,240°2 Km/h,,51%,3°C,1019.0mb,,"document.write(Icons.GetShortDescription(1, 'CurrentWeather'));",2018-04-21
