Time,Temperature,Relative Temperature,Wind,Wind Gust,Rel. humidity,Dew Point,Pressure,Icon,DescriptionDetails,date
00:00,-2°C,-5°C,350°7 Km/h,,55%,-10°C,1024.0mb,,"document.write(Icons.GetShortDescription(1, 'CurrentWeather'));  Haze",2018-01-21
01:00,-4°C,-6°C,350°6 Km/h,,63%,-10°C,1025.0mb,,"document.write(Icons.GetShortDescription(1, 'CurrentWeather'));  Haze",2018-01-21
02:00,-4°C,-6°C,320°6 Km/h,,63%,-10°C,1025.0mb,,"document.write(Icons.GetShortDescription(1, 'CurrentWeather'));",2018-01-21
03:00,-4°C,-6°C,330°6 Km/h,,63%,-10°C,1025.0mb,,"document.write(Icons.GetShortDescription(1, 'CurrentWeather'));",2018-01-21
04:00,-5°C,-8°C,360°6 Km/h,,63%,-11°C,1025.0mb,,"document.write(Icons.GetShortDescription(1, 'CurrentWeather'));",2018-01-21
05:00,-5°C,-8°C,320°7 Km/h,,63%,-11°C,1024.0mb,,"document.write(Icons.GetShortDescription(1, 'CurrentWeather'));",2018-01-21
06:00,-5°C,-8°C,320°6 Km/h,,63%,-11°C,1024.0mb,,"document.write(Icons.GetShortDescription(1, 'CurrentWeather'));",2018-01-21
07:00,-5°C,-5°C,330°4 Km/h,,63%,-11°C,1025.0mb,,"document.write(Icons.GetShortDescription(1, 'CurrentWeather'));",2018-01-21
08:00,-7°C,-10°C,320°6 Km/h,,68%,-12°C,1025.0mb,,"document.write(Icons.GetShortDescription(1, 'CurrentWeather'));",2018-01-21
09:00,-3°C,-5°C,360°6 Km/h,,64%,-9°C,1025.0mb,,"document.write(Icons.GetShortDescription(1, 'CurrentWeather'));",2018-01-21
10:00,-2°C,-5°C,340°9 Km/h,,64%,-8°C,1026.0mb,,"document.write(Icons.GetShortDescription(1, 'CurrentWeather'));",2018-01-21
11:00,0°C,-2°C,320°6 Km/h,,51%,-9°C,1026.0mb,,"document.write(Icons.GetShortDescription(1, 'CurrentWeather'));",2018-01-21
12:00,1°C,-1°C,340°6 Km/h,,41%,-11°C,1025.0mb,,"document.write(Icons.GetShortDescription(1, 'CurrentWeather'));",2018-01-21
13:00,3°C,1°C,360°7 Km/h,,30%,-13°C,1024.0mb,,"document.write(Icons.GetShortDescription(1, 'CurrentWeather'));",2018-01-21
14:00,4°C,3°C,350°6 Km/h,,22%,-16°C,1023.0mb,,"document.write(Icons.GetShortDescription(1, 'CurrentWeather'));",2018-01-21
15:00,4°C,2°C,330°9 Km/h,,20%,-17°C,1023.0mb,,"document.write(Icons.GetShortDescription(1, 'CurrentWeather'));",2018-01-21
16:00,4°C,2°C,360°9 Km/h,,20%,-17°C,1023.0mb,,"document.write(Icons.GetShortDescription(1, 'CurrentWeather'));",2018-01-21
17:00,2°C,-1°C,360°9 Km/h,,25%,-16°C,1022.0mb,,"document.write(Icons.GetShortDescription(1, 'CurrentWeather'));",2018-01-21
18:00,0°C,-3°C,320°9 Km/h,,29%,-16°C,1023.0mb,,"document.write(Icons.GetShortDescription(1, 'CurrentWeather'));",2018-01-21
19:00,-1°C,-1°C,350°2 Km/h,,34%,-15°C,1023.0mb,,"document.write(Icons.GetShortDescription(1, 'CurrentWeather'));",2018-01-21
20:00,-2°C,-5°C,320°7 Km/h,,40%,-14°C,1023.0mb,,"document.write(Icons.GetShortDescription(1, 'CurrentWeather'));",2018-01-21
21:00,-2°C,-2°C,10°2 Km/h,,43%,-13°C,1022.0mb,,"document.write(Icons.GetShortDescription(1, 'CurrentWeather'));",2018-01-21
22:00,-3°C,-5°C,330°6 Km/h,,50%,-12°C,1022.0mb,,"document.write(Icons.GetShortDescription(1, 'CurrentWeather'));",2018-01-21
23:00,-2°C,-4°C,310°6 Km/h,,51%,-11°C,1021.0mb,,"document.write(Icons.GetShortDescription(1, 'CurrentWeather'));",2018-01-21
