Time,Temperature,Relative Temperature,Wind,Wind Gust,Rel. humidity,Dew Point,Pressure,Icon,DescriptionDetails,date
00:00,8°C,8°C,310°4 Km/h,,82%,5°C,1022.0mb,,"document.write(Icons.GetShortDescription(2, 'CurrentWeather'));  Few Clouds at 910m, Scattered Clouds at 6100m Haze",2018-03-30
01:00,8°C,7°C,10°7 Km/h,,82%,5°C,1022.0mb,,"document.write(Icons.GetShortDescription(2, 'CurrentWeather'));  Few Clouds at 910m Haze",2018-03-30
02:00,7°C,6°C,340°7 Km/h,,87%,5°C,1022.0mb,,"document.write(Icons.GetShortDescription(1, 'CurrentWeather'));  Haze",2018-03-30
03:00,7°C,6°C,330°6 Km/h,,81%,4°C,1022.0mb,,"document.write(Icons.GetShortDescription(1, 'CurrentWeather'));  Haze",2018-03-30
04:00,6°C,4°C,340°7 Km/h,,87%,4°C,1022.0mb,,"document.write(Icons.GetShortDescription(1, 'CurrentWeather'));  Haze",2018-03-30
05:00,6°C,6°C,340°4 Km/h,,81%,3°C,1023.0mb,,"document.write(Icons.GetShortDescription(1, 'CurrentWeather'));  Haze",2018-03-30
06:00,6°C,6°C,340°4 Km/h,,87%,4°C,1023.0mb,,"document.write(Icons.GetShortDescription(1, 'CurrentWeather'));  Haze",2018-03-30
07:00,6°C,5°C,290°6 Km/h,,87%,4°C,1023.0mb,,"document.write(Icons.GetShortDescription(1, 'CurrentWeather'));  Haze",2018-03-30
07:40,8°C,8°C,340°4 Km/h,,87%,6°C,1024.0mb,,"document.write(Icons.GetShortDescription(1, 'CurrentWeather'));  Haze",2018-03-30
08:00,10°C,10°C,340°6 Km/h,,82%,7°C,1024.0mb,,"document.write(Icons.GetShortDescription(1, 'CurrentWeather'));",2018-03-30
09:00,15°C,15°C,120°20 Km/h,,42%,2°C,1025.0mb,,"document.write(Icons.GetShortDescription(1, 'CurrentWeather'));",2018-03-30
10:00,16°C,16°C,120°17 Km/h,,31%,-1°C,1025.0mb,,"document.write(Icons.GetShortDescription(1, 'CurrentWeather'));",2018-03-30
11:00,18°C,18°C,110°11 Km/h,,30%,0°C,1025.0mb,,"document.write(Icons.GetShortDescription(1, 'CurrentWeather'));",2018-03-30
12:00,19°C,19°C,200°11 Km/h,,30%,1°C,1024.0mb,,"document.write(Icons.GetShortDescription(1, 'CurrentWeather'));",2018-03-30
13:00,20°C,20°C,190°9 Km/h,,33%,3°C,1024.0mb,,"document.write(Icons.GetShortDescription(1, 'CurrentWeather'));",2018-03-30
14:00,20°C,20°C,230°7 Km/h,,33%,3°C,1023.0mb,,"document.write(Icons.GetShortDescription(1, 'CurrentWeather'));",2018-03-30
15:00,20°C,20°C,250°19 Km/h,,35%,4°C,1022.0mb,,"document.write(Icons.GetShortDescription(1, 'CurrentWeather'));",2018-03-30
16:00,19°C,19°C,240°20 Km/h,,46%,7°C,1022.0mb,,"document.write(Icons.GetShortDescription(1, 'CurrentWeather'));",2018-03-30
17:00,17°C,17°C,240°19 Km/h,,52%,7°C,1022.0mb,,"document.write(Icons.GetShortDescription(1, 'CurrentWeather'));",2018-03-30
18:00,16°C,16°C,230°19 Km/h,,55%,7°C,1022.0mb,,"document.write(Icons.GetShortDescription(1, 'CurrentWeather'));",2018-03-30
19:00,14°C,14°C,230°7 Km/h,,63%,7°C,1022.0mb,,"document.write(Icons.GetShortDescription(1, 'CurrentWeather'));",2018-03-30
20:00,11°C,11°C,310°13 Km/h,,72%,6°C,1023.0mb,,"document.write(Icons.GetShortDescription(1, 'CurrentWeather'));",2018-03-30
21:00,10°C,10°C,300°4 Km/h,,71%,5°C,1024.0mb,,"document.write(Icons.GetShortDescription(1, 'CurrentWeather'));",2018-03-30
22:00,9°C,9°C,350°2 Km/h,,76%,5°C,1024.0mb,,"document.write(Icons.GetShortDescription(1, 'CurrentWeather'));",2018-03-30
23:00,10°C,10°C,140°2 Km/h,,71%,5°C,1024.0mb,,"document.write(Icons.GetShortDescription(1, 'CurrentWeather'));",2018-03-30
