Time,Temperature,Relative Temperature,Wind,Wind Gust,Rel. humidity,Dew Point,Pressure,Icon,DescriptionDetails,date
00:00,16°C,16°C,180°11 Km/h,,77%,12°C,1016.0mb,,"document.write(Icons.GetShortDescription(3, 'CurrentWeather'));  Scattered Clouds at 300m, Broken Clouds at 610m Haze",2018-04-02
01:00,15°C,15°C,170°6 Km/h,,77%,11°C,1016.0mb,,"document.write(Icons.GetShortDescription(3, 'CurrentWeather'));  Scattered Clouds at 300m, Broken Clouds at 610m Haze",2018-04-02
02:00,14°C,14°C,160°7 Km/h,,82%,11°C,1016.0mb,,"document.write(Icons.GetShortDescription(3, 'CurrentWeather'));  Few Clouds at 300m, Broken Clouds at 610m Haze",2018-04-02
03:00,15°C,15°C,200°7 Km/h,,77%,11°C,1016.0mb,,"document.write(Icons.GetShortDescription(3, 'CurrentWeather'));  Broken Clouds at 610m Haze",2018-04-02
04:00,14°C,14°C,170°4 Km/h,,82%,11°C,1016.0mb,,"document.write(Icons.GetShortDescription(3, 'CurrentWeather'));  Broken Clouds at 760m Haze",2018-04-02
05:00,13°C,13°C,160°9 Km/h,,82%,10°C,1015.0mb,,"document.write(Icons.GetShortDescription(3, 'CurrentWeather'));  Broken Clouds at 1200m Haze",2018-04-02
06:00,14°C,14°C,160°6 Km/h,,82%,11°C,1015.0mb,,"document.write(Icons.GetShortDescription(3, 'CurrentWeather'));  Broken Clouds at 1200m",2018-04-02
07:00,15°C,15°C,150°7 Km/h,,77%,11°C,1016.0mb,,"document.write(Icons.GetShortDescription(3, 'CurrentWeather'));  Broken Clouds at 1200m",2018-04-02
08:00,16°C,16°C,160°9 Km/h,,72%,11°C,1016.0mb,,"document.write(Icons.GetShortDescription(3, 'CurrentWeather'));  Broken Clouds at 1200m",2018-04-02
09:00,17°C,17°C,180°9 Km/h,,68%,11°C,1016.0mb,,"document.write(Icons.GetShortDescription(3, 'CurrentWeather'));  Broken Clouds at 1200m",2018-04-02
10:00,18°C,18°C,180°11 Km/h,,64%,11°C,1017.0mb,,"document.write(Icons.GetShortDescription(3, 'CurrentWeather'));  Broken Clouds at 1200m",2018-04-02
11:00,19°C,19°C,200°11 Km/h,,60%,11°C,1016.0mb,,"document.write(Icons.GetShortDescription(3, 'CurrentWeather'));  Broken Clouds at 1200m",2018-04-02
12:00,21°C,21°C,200°15 Km/h,,53%,11°C,1016.0mb,,"document.write(Icons.GetShortDescription(3, 'CurrentWeather'));  Broken Clouds at 1200m",2018-04-02
13:00,22°C,21°C,220°20 Km/h,,47%,10°C,1015.0mb,,"document.write(Icons.GetShortDescription(3, 'CurrentWeather'));  Broken Clouds at 1200m",2018-04-02
14:00,23°C,22°C,210°22 Km/h,,41%,9°C,1015.0mb,,"document.write(Icons.GetShortDescription(3, 'CurrentWeather'));  Broken Clouds at 1200m",2018-04-02
15:00,23°C,23°C,240°20 Km/h,,44%,10°C,1014.0mb,,"document.write(Icons.GetShortDescription(3, 'CurrentWeather'));  Broken Clouds at 1200m",2018-04-02
16:00,22°C,21°C,230°22 Km/h,,47%,10°C,1014.0mb,,"document.write(Icons.GetShortDescription(2, 'CurrentWeather'));  Scattered Clouds at 1200m",2018-04-02
17:00,21°C,21°C,250°17 Km/h,,50%,10°C,1014.0mb,,"document.write(Icons.GetShortDescription(2, 'CurrentWeather'));  Few Clouds at 1200m",2018-04-02
18:00,20°C,20°C,260°13 Km/h,,53%,10°C,1015.0mb,,"document.write(Icons.GetShortDescription(2, 'CurrentWeather'));  Few Clouds at 1200m",2018-04-02
19:00,19°C,19°C,250°7 Km/h,,56%,10°C,1015.0mb,,"document.write(Icons.GetShortDescription(2, 'CurrentWeather'));  Scattered Clouds at 1200m",2018-04-02
20:00,18°C,18°C,220°6 Km/h,,60%,10°C,1016.0mb,,"document.write(Icons.GetShortDescription(2, 'CurrentWeather'));  Scattered Clouds at 1200m",2018-04-02
21:00,17°C,17°C,210°7 Km/h,,64%,10°C,1016.0mb,,"document.write(Icons.GetShortDescription(1, 'CurrentWeather'));",2018-04-02
22:00,17°C,17°C,200°7 Km/h,,64%,10°C,1016.0mb,,"document.write(Icons.GetShortDescription(2, 'CurrentWeather'));  Few Clouds at 760m",2018-04-02
23:00,16°C,16°C,170°7 Km/h,,68%,10°C,1016.0mb,,"document.write(Icons.GetShortDescription(2, 'CurrentWeather'));  Scattered Clouds at 910m",2018-04-02
