Time,Temperature,Relative Temperature,Wind,Wind Gust,Rel. humidity,Dew Point,Pressure,Icon,DescriptionDetails,date
00:00,15°C,15°C,140°19 Km/h,,27%,-4°C,1018.0mb,,"document.write(Icons.GetShortDescription(4, 'CurrentWeather'));  Scattered Clouds at 910m, Cloudy at 3000m",2018-04-14
01:00,14°C,14°C,150°15 Km/h,,27%,-5°C,1017.0mb,,"document.write(Icons.GetShortDescription(7, 'CurrentWeather'));  Broken Clouds at 910m, Cloudy at 3000m Light Rain",2018-04-14
01:38,14°C,14°C,140°11 Km/h,,29%,-4°C,1017.0mb,,"document.write(Icons.GetShortDescription(7, 'CurrentWeather'));  Broken Clouds at 910m, Cloudy at 3000m Light Rain",2018-04-14
02:00,13°C,13°C,140°11 Km/h,,31%,-4°C,1016.0mb,,"document.write(Icons.GetShortDescription(7, 'CurrentWeather'));  Broken Clouds at 910m, Cloudy at 3000m Light Rain",2018-04-14
03:00,12°C,12°C,110°15 Km/h,,38%,-2°C,1015.0mb,,"document.write(Icons.GetShortDescription(7, 'CurrentWeather'));  Broken Clouds at 910m, Cloudy at 2400m Light Rain",2018-04-14
04:00,11°C,11°C,100°9 Km/h,,47%,0°C,1015.0mb,,"document.write(Icons.GetShortDescription(7, 'CurrentWeather'));  Broken Clouds at 910m, Cloudy at 2400m Light Rain",2018-04-14
05:00,9°C,8°C,40°7 Km/h,,66%,3°C,1014.0mb,,"document.write(Icons.GetShortDescription(7, 'CurrentWeather'));  Broken Clouds at 910m, Cloudy at 2400m Light Rain",2018-04-14
06:00,9°C,8°C,10°6 Km/h,,71%,4°C,1013.0mb,,"document.write(Icons.GetShortDescription(7, 'CurrentWeather'));  Broken Clouds at 910m, Cloudy at 2400m Light Rain",2018-04-14
07:00,8°C,7°C,60°7 Km/h,,76%,4°C,1013.0mb,,"document.write(Icons.GetShortDescription(7, 'CurrentWeather'));  Broken Clouds at 910m, Cloudy at 2400m Light Rain",2018-04-14
08:00,8°C,6°C,70°9 Km/h,,76%,4°C,1011.0mb,,"document.write(Icons.GetShortDescription(7, 'CurrentWeather'));  Few Clouds at 300m, Broken Clouds at 910m, Cloudy at 2400m Light Rain, Haze",2018-04-14
09:00,8°C,6°C,50°11 Km/h,,82%,5°C,1011.0mb,,"document.write(Icons.GetShortDescription(7, 'CurrentWeather'));  Few Clouds at 300m, Broken Clouds at 910m, Cloudy at 2400m Light Rain, Haze",2018-04-14
09:06,8°C,6°C,50°11 Km/h,,82%,5°C,1011.0mb,,"document.write(Icons.GetShortDescription(7, 'CurrentWeather'));  Few Clouds at 150m, Broken Clouds at 910m, Cloudy at 2400m Light Rain, Haze",2018-04-14
10:00,8°C,6°C,40°9 Km/h,,82%,5°C,1010.0mb,,"document.write(Icons.GetShortDescription(7, 'CurrentWeather'));  Few Clouds at 300m, Broken Clouds at 910m, Cloudy at 2400m Light Rain, Haze",2018-04-14
10:32,8°C,7°C,70°7 Km/h,,82%,5°C,1009.0mb,,"document.write(Icons.GetShortDescription(7, 'CurrentWeather'));  Few Clouds at 300m, Broken Clouds at 910m, Cloudy at 2400m Light Drizzle",2018-04-14
11:00,8°C,7°C,30°6 Km/h,,82%,5°C,1009.0mb,,"document.write(Icons.GetShortDescription(7, 'CurrentWeather'));  Few Clouds at 300m, Broken Clouds at 910m, Cloudy at 2400m Light Drizzle",2018-04-14
12:00,9°C,8°C,10°9 Km/h,,82%,6°C,1008.0mb,,"document.write(Icons.GetShortDescription(4, 'CurrentWeather'));  Few Clouds at 300m, Broken Clouds at 910m, Cloudy at 2400m",2018-04-14
13:00,8°C,5°C,330°15 Km/h,,87%,6°C,1008.0mb,,"document.write(Icons.GetShortDescription(7, 'CurrentWeather'));  Scattered Clouds at 300m, Broken Clouds at 910m, Cloudy at 2400m Light Rain",2018-04-14
14:00,9°C,7°C,340°13 Km/h,,82%,6°C,1006.0mb,,"document.write(Icons.GetShortDescription(7, 'CurrentWeather'));  Scattered Clouds at 300m, Broken Clouds at 910m, Cloudy at 2400m Light Drizzle",2018-04-14
15:00,9°C,6°C,340°20 Km/h,,82%,6°C,1006.0mb,,"document.write(Icons.GetShortDescription(7, 'CurrentWeather'));  Scattered Clouds at 300m, Broken Clouds at 910m, Cloudy at 2400m Light Drizzle",2018-04-14
16:00,9°C,6°C,340°17 Km/h,,82%,6°C,1007.0mb,,"document.write(Icons.GetShortDescription(3, 'CurrentWeather'));  Few Clouds at 300m, Broken Clouds at 910m, Broken Clouds at 2400m",2018-04-14
17:00,10°C,8°C,340°19 Km/h,,76%,6°C,1006.0mb,,"document.write(Icons.GetShortDescription(3, 'CurrentWeather'));  Broken Clouds at 910m",2018-04-14
18:00,10°C,7°C,330°20 Km/h,,71%,5°C,1007.0mb,,"document.write(Icons.GetShortDescription(3, 'CurrentWeather'));  Broken Clouds at 910m",2018-04-14
19:00,10°C,8°C,310°15 Km/h,,71%,5°C,1007.0mb,,"document.write(Icons.GetShortDescription(3, 'CurrentWeather'));  Broken Clouds at 910m",2018-04-14
20:00,10°C,7°C,310°20 Km/h,,67%,4°C,1008.0mb,,"document.write(Icons.GetShortDescription(3, 'CurrentWeather'));  Broken Clouds at 1100m",2018-04-14
21:00,9°C,6°C,310°17 Km/h,,71%,4°C,1009.0mb,,"document.write(Icons.GetShortDescription(3, 'CurrentWeather'));  Scattered Clouds at 1100m, Broken Clouds at 2400m",2018-04-14
22:00,9°C,6°C,310°19 Km/h,,66%,3°C,1009.0mb,,"document.write(Icons.GetShortDescription(3, 'CurrentWeather'));  Scattered Clouds at 1200m, Broken Clouds at 3700m",2018-04-14
23:00,8°C,5°C,320°15 Km/h,,71%,3°C,1010.0mb,,"document.write(Icons.GetShortDescription(3, 'CurrentWeather'));  Scattered Clouds at 1200m, Broken Clouds at 4000m",2018-04-14
