Time,Temperature,Relative Temperature,Wind,Wind Gust,Rel. humidity,Dew Point,Pressure,Icon,DescriptionDetails,date
00:00,-4°C,-10°C,330°17 Km/h,,50%,-13°C,1020.0mb,,"document.write(Icons.GetShortDescription(1, 'CurrentWeather'));",2018-03-02
01:00,-4°C,-8°C,330°11 Km/h,,46%,-14°C,1020.0mb,,"document.write(Icons.GetShortDescription(1, 'CurrentWeather'));",2018-03-02
02:00,-4°C,-10°C,340°17 Km/h,,42%,-15°C,1020.0mb,,"document.write(Icons.GetShortDescription(1, 'CurrentWeather'));",2018-03-02
03:00,-5°C,-9°C,340°9 Km/h,,46%,-15°C,1020.0mb,,"document.write(Icons.GetShortDescription(1, 'CurrentWeather'));",2018-03-02
04:00,-6°C,-6°C,280°4 Km/h,,45%,-16°C,1020.0mb,,"document.write(Icons.GetShortDescription(1, 'CurrentWeather'));",2018-03-02
05:00,-6°C,-9°C,330°6 Km/h,,45%,-16°C,1020.0mb,,"document.write(Icons.GetShortDescription(1, 'CurrentWeather'));",2018-03-02
06:00,-6°C,-9°C,220°6 Km/h,,54%,-14°C,1020.0mb,,"document.write(Icons.GetShortDescription(1, 'CurrentWeather'));",2018-03-02
07:00,-6°C,-9°C,350°6 Km/h,,54%,-14°C,1020.0mb,,"document.write(Icons.GetShortDescription(1, 'CurrentWeather'));",2018-03-02
08:00,-4°C,-4°C,300°2 Km/h,,54%,-12°C,1020.0mb,,"document.write(Icons.GetShortDescription(1, 'CurrentWeather'));",2018-03-02
09:00,-3°C,-3°C,270°2 Km/h,,43%,-14°C,1021.0mb,,"document.write(Icons.GetShortDescription(1, 'CurrentWeather'));",2018-03-02
10:00,-1°C,-1°C,260°4 Km/h,,34%,-15°C,1021.0mb,,"document.write(Icons.GetShortDescription(1, 'CurrentWeather'));",2018-03-02
11:00,0°C,-3°C,190°9 Km/h,,29%,-16°C,1020.0mb,,"document.write(Icons.GetShortDescription(1, 'CurrentWeather'));",2018-03-02
12:00,1°C,-1°C,250°7 Km/h,,27%,-16°C,1020.0mb,,"document.write(Icons.GetShortDescription(1, 'CurrentWeather'));",2018-03-02
13:00,1°C,-2°C,240°11 Km/h,,27%,-16°C,1019.0mb,,"document.write(Icons.GetShortDescription(1, 'CurrentWeather'));",2018-03-02
14:00,3°C,1°C,190°7 Km/h,,23%,-16°C,1018.0mb,,"document.write(Icons.GetShortDescription(1, 'CurrentWeather'));",2018-03-02
15:00,3°C,2°C,50°6 Km/h,,23%,-16°C,1017.0mb,,"document.write(Icons.GetShortDescription(1, 'CurrentWeather'));",2018-03-02
16:00,4°C,4°C,50°2 Km/h,,22%,-16°C,1017.0mb,,"document.write(Icons.GetShortDescription(1, 'CurrentWeather'));",2018-03-02
17:00,4°C,2°C,320°7 Km/h,,28%,-13°C,1017.0mb,,"document.write(Icons.GetShortDescription(1, 'CurrentWeather'));",2018-03-02
18:00,2°C,-2°C,300°13 Km/h,,35%,-12°C,1016.0mb,,"document.write(Icons.GetShortDescription(1, 'CurrentWeather'));",2018-03-02
19:00,1°C,-2°C,290°11 Km/h,,38%,-12°C,1017.0mb,,"document.write(Icons.GetShortDescription(1, 'CurrentWeather'));",2018-03-02
20:00,0°C,-3°C,330°7 Km/h,,44%,-11°C,1017.0mb,,"document.write(Icons.GetShortDescription(1, 'CurrentWeather'));",2018-03-02
21:00,-1°C,-4°C,340°7 Km/h,,51%,-10°C,1017.0mb,,"document.write(Icons.GetShortDescription(1, 'CurrentWeather'));",2018-03-02
22:00,-1°C,-4°C,330°7 Km/h,,55%,-9°C,1017.0mb,,"document.write(Icons.GetShortDescription(1, 'CurrentWeather'));",2018-03-02
23:00,0°C,0°C,330°4 Km/h,,51%,-9°C,1017.0mb,,"document.write(Icons.GetShortDescription(2, 'CurrentWeather'));  Few Clouds at 910m, Scattered Clouds at 2100m",2018-03-02
