Time,Temperature,Relative Temperature,Wind,Wind Gust,Rel. humidity,Dew Point,Pressure,Icon,DescriptionDetails,date
00:00,1°C,1°C,360°4 Km/h,,81%,-2°C,1025.0mb,,"document.write(Icons.GetShortDescription(1, 'CurrentWeather'));  Haze",2018-03-12
01:00,1°C,-1°C,320°7 Km/h,,75%,-3°C,1025.0mb,,"document.write(Icons.GetShortDescription(1, 'CurrentWeather'));  Haze",2018-03-12
02:00,-1°C,-1°C,110°2 Km/h,,80%,-4°C,1025.0mb,,"document.write(Icons.GetShortDescription(2, 'CurrentWeather'));  Scattered Clouds at 90m Partial Fog",2018-03-12
03:00,-1°C,-1°C,Calm,,80%,-4°C,1024.0mb,,"document.write(Icons.GetShortDescription(2, 'CurrentWeather'));  Few Clouds at 300m, Scattered Clouds at 610m Partial Fog",2018-03-12
04:00,1°C,1°C,210°4 Km/h,,81%,-2°C,1024.0mb,,"document.write(Icons.GetShortDescription(2, 'CurrentWeather'));  Few Clouds at 300m, Scattered Clouds at 610m Haze",2018-03-12
05:00,0°C,-3°C,330°9 Km/h,,80%,-3°C,1024.0mb,,"document.write(Icons.GetShortDescription(2, 'CurrentWeather'));  Scattered Clouds at 910m Haze",2018-03-12
06:00,0°C,0°C,340°4 Km/h,,87%,-2°C,1024.0mb,,"document.write(Icons.GetShortDescription(2, 'CurrentWeather'));  Few Clouds at 150m, Scattered Clouds at 610m Partial Fog",2018-03-12
07:00,1°C,1°C,290°4 Km/h,,87%,-1°C,1024.0mb,,"document.write(Icons.GetShortDescription(2, 'CurrentWeather'));  Scattered Clouds at 910m Haze",2018-03-12
08:00,2°C,2°C,Calm,,87%,0°C,1024.0mb,,"document.write(Icons.GetShortDescription(2, 'CurrentWeather'));  Scattered Clouds at 910m Haze",2018-03-12
09:00,4°C,4°C,260°4 Km/h,,81%,1°C,1024.0mb,,"document.write(Icons.GetShortDescription(3, 'CurrentWeather'));  Broken Clouds at 910m Haze",2018-03-12
10:00,7°C,6°C,190°6 Km/h,,66%,1°C,1024.0mb,,"document.write(Icons.GetShortDescription(3, 'CurrentWeather'));  Broken Clouds at 1200m Haze",2018-03-12
11:00,10°C,10°C,180°6 Km/h,,50%,0°C,1023.0mb,,"document.write(Icons.GetShortDescription(2, 'CurrentWeather'));  Few Clouds at 1200m Haze",2018-03-12
12:00,12°C,12°C,200°9 Km/h,,44%,0°C,1023.0mb,,"document.write(Icons.GetShortDescription(1, 'CurrentWeather'));  Haze",2018-03-12
13:00,13°C,13°C,240°13 Km/h,,41%,0°C,1022.0mb,,"document.write(Icons.GetShortDescription(1, 'CurrentWeather'));  Haze",2018-03-12
14:00,14°C,14°C,230°11 Km/h,,36%,-1°C,1021.0mb,,"document.write(Icons.GetShortDescription(1, 'CurrentWeather'));  Haze",2018-03-12
15:00,13°C,13°C,250°19 Km/h,,36%,-2°C,1021.0mb,,"document.write(Icons.GetShortDescription(1, 'CurrentWeather'));  Haze",2018-03-12
16:00,13°C,13°C,250°15 Km/h,,38%,-1°C,1021.0mb,,"document.write(Icons.GetShortDescription(1, 'CurrentWeather'));  Haze",2018-03-12
17:00,12°C,12°C,230°13 Km/h,,38%,-2°C,1020.0mb,,"document.write(Icons.GetShortDescription(1, 'CurrentWeather'));",2018-03-12
18:00,11°C,11°C,250°11 Km/h,,41%,-2°C,1020.0mb,,"document.write(Icons.GetShortDescription(1, 'CurrentWeather'));  Haze",2018-03-12
19:00,9°C,8°C,230°7 Km/h,,46%,-2°C,1020.0mb,,"document.write(Icons.GetShortDescription(1, 'CurrentWeather'));  Haze",2018-03-12
20:00,8°C,7°C,310°6 Km/h,,46%,-3°C,1021.0mb,,"document.write(Icons.GetShortDescription(1, 'CurrentWeather'));  Haze",2018-03-12
21:00,5°C,5°C,80°2 Km/h,,53%,-4°C,1021.0mb,,"document.write(Icons.GetShortDescription(1, 'CurrentWeather'));  Haze",2018-03-12
22:00,5°C,5°C,310°2 Km/h,,53%,-4°C,1021.0mb,,"document.write(Icons.GetShortDescription(1, 'CurrentWeather'));  Haze",2018-03-12
23:00,3°C,3°C,90°2 Km/h,,60%,-4°C,1021.0mb,,"document.write(Icons.GetShortDescription(1, 'CurrentWeather'));  Haze",2018-03-12
