Time,Temperature,Relative Temperature,Wind,Wind Gust,Rel. humidity,Dew Point,Pressure,Icon,DescriptionDetails,date
00:00,17°C,17°C,330°2 Km/h,,83%,14°C,1011.0mb,,"document.write(Icons.GetShortDescription(1, 'CurrentWeather'));  Haze",2018-05-15
01:00,16°C,16°C,300°6 Km/h,,83%,13°C,1011.0mb,,"document.write(Icons.GetShortDescription(1, 'CurrentWeather'));  Haze",2018-05-15
02:00,15°C,15°C,360°2 Km/h,,82%,12°C,1011.0mb,,"document.write(Icons.GetShortDescription(1, 'CurrentWeather'));  Haze",2018-05-15
03:00,15°C,15°C,310°2 Km/h,,82%,12°C,1011.0mb,,"document.write(Icons.GetShortDescription(1, 'CurrentWeather'));  Haze",2018-05-15
04:00,14°C,14°C,60°2 Km/h,,88%,12°C,1011.0mb,,"document.write(Icons.GetShortDescription(1, 'CurrentWeather'));  Haze",2018-05-15
05:00,14°C,14°C,360°4 Km/h,,88%,12°C,1011.0mb,,"document.write(Icons.GetShortDescription(2, 'CurrentWeather'));  Few Clouds at 300m, Scattered Clouds at 6100m Haze",2018-05-15
06:00,14°C,14°C,340°4 Km/h,,88%,12°C,1011.0mb,,"document.write(Icons.GetShortDescription(2, 'CurrentWeather'));  Few Clouds at 300m, Scattered Clouds at 6100m Haze",2018-05-15
07:00,16°C,16°C,280°2 Km/h,,88%,14°C,1012.0mb,,"document.write(Icons.GetShortDescription(1, 'CurrentWeather'));  Haze",2018-05-15
08:00,20°C,20°C,120°2 Km/h,,73%,15°C,1012.0mb,,"document.write(Icons.GetShortDescription(1, 'CurrentWeather'));  Haze",2018-05-15
08:43,22°C,22°C,110°4 Km/h,,57%,13°C,1013.0mb,,"document.write(Icons.GetShortDescription(1, 'CurrentWeather'));  Haze",2018-05-15
09:00,23°C,23°C,180°6 Km/h,,50%,12°C,1013.0mb,,"document.write(Icons.GetShortDescription(1, 'CurrentWeather'));  Haze",2018-05-15
10:00,24°C,24°C,200°6 Km/h,,41%,10°C,1012.0mb,,"document.write(Icons.GetShortDescription(1, 'CurrentWeather'));",2018-05-15
11:00,26°C,26°C,150°9 Km/h,,34%,9°C,1012.0mb,,"document.write(Icons.GetShortDescription(1, 'CurrentWeather'));",2018-05-15
12:00,28°C,27°C,170°7 Km/h,,32%,10°C,1011.0mb,,"document.write(Icons.GetShortDescription(1, 'CurrentWeather'));",2018-05-15
13:00,29°C,28°C,170°6 Km/h,,35%,12°C,1010.0mb,,"document.write(Icons.GetShortDescription(1, 'CurrentWeather'));",2018-05-15
14:00,29°C,28°C,220°9 Km/h,,35%,12°C,1010.0mb,,"document.write(Icons.GetShortDescription(1, 'CurrentWeather'));",2018-05-15
15:00,30°C,29°C,220°13 Km/h,,35%,13°C,1009.0mb,,"document.write(Icons.GetShortDescription(1, 'CurrentWeather'));",2018-05-15
16:00,29°C,29°C,180°13 Km/h,,40%,14°C,1008.0mb,,"document.write(Icons.GetShortDescription(3, 'CurrentWeather'));  Few Clouds at 1200m, Broken Clouds at 5500m",2018-05-15
17:00,28°C,28°C,220°13 Km/h,,45%,15°C,1008.0mb,,"document.write(Icons.GetShortDescription(3, 'CurrentWeather'));  Scattered Clouds at 1200m, Broken Clouds at 4600m",2018-05-15
18:00,27°C,27°C,220°11 Km/h,,45%,14°C,1008.0mb,,"document.write(Icons.GetShortDescription(3, 'CurrentWeather'));  Scattered Clouds at 1200m, Broken Clouds at 4600m",2018-05-15
19:00,26°C,26°C,230°6 Km/h,,48%,14°C,1008.0mb,,"document.write(Icons.GetShortDescription(3, 'CurrentWeather'));  Scattered Clouds at 1200m, Broken Clouds at 4600m",2018-05-15
20:00,26°C,26°C,240°4 Km/h,,54%,16°C,1008.0mb,,"document.write(Icons.GetShortDescription(3, 'CurrentWeather'));  Scattered Clouds at 1100m, Broken Clouds at 4600m",2018-05-15
21:00,25°C,25°C,160°4 Km/h,,57%,16°C,1008.0mb,,"document.write(Icons.GetShortDescription(3, 'CurrentWeather'));  Scattered Clouds at 1100m, Broken Clouds at 4600m",2018-05-15
22:00,25°C,25°C,150°4 Km/h,,61%,17°C,1008.0mb,,"document.write(Icons.GetShortDescription(4, 'CurrentWeather'));  Scattered Clouds at 1100m, Cloudy at 3700m",2018-05-15
23:00,25°C,25°C,250°2 Km/h,,61%,17°C,1008.0mb,,"document.write(Icons.GetShortDescription(7, 'CurrentWeather'));  Broken Clouds at 1100m, Cloudy at 3000m Light Rain",2018-05-15
