Time,Temperature,Relative Temperature,Wind,Wind Gust,Rel. humidity,Dew Point,Pressure,Icon,DescriptionDetails,date
00:00,-8°C,-13°C,330°11 Km/h,,53%,-16°C,1031.0mb,,"document.write(Icons.GetShortDescription(1, 'CurrentWeather'));",2018-01-04
01:00,-9°C,-14°C,330°9 Km/h,,57%,-16°C,1031.0mb,,"document.write(Icons.GetShortDescription(1, 'CurrentWeather'));",2018-01-04
02:00,-9°C,-14°C,320°9 Km/h,,57%,-16°C,1031.0mb,,"document.write(Icons.GetShortDescription(1, 'CurrentWeather'));",2018-01-04
03:00,-8°C,-8°C,290°4 Km/h,,53%,-16°C,1032.0mb,,"document.write(Icons.GetShortDescription(1, 'CurrentWeather'));",2018-01-04
04:00,-9°C,-12°C,310°6 Km/h,,53%,-17°C,1031.0mb,,"document.write(Icons.GetShortDescription(1, 'CurrentWeather'));",2018-01-04
05:00,-9°C,-12°C,320°6 Km/h,,48%,-18°C,1031.0mb,,"document.write(Icons.GetShortDescription(1, 'CurrentWeather'));",2018-01-04
06:00,-9°C,-14°C,350°9 Km/h,,48%,-18°C,1031.0mb,,"document.write(Icons.GetShortDescription(1, 'CurrentWeather'));",2018-01-04
07:00,-9°C,-12°C,330°6 Km/h,,53%,-17°C,1030.0mb,,"document.write(Icons.GetShortDescription(1, 'CurrentWeather'));",2018-01-04
08:00,-9°C,-13°C,340°7 Km/h,,48%,-18°C,1030.0mb,,"document.write(Icons.GetShortDescription(1, 'CurrentWeather'));",2018-01-04
09:00,-7°C,-11°C,340°9 Km/h,,49%,-16°C,1030.0mb,,"document.write(Icons.GetShortDescription(1, 'CurrentWeather'));",2018-01-04
10:00,-6°C,-9°C,340°6 Km/h,,45%,-16°C,1030.0mb,,"document.write(Icons.GetShortDescription(1, 'CurrentWeather'));",2018-01-04
11:00,-5°C,-5°C,320°4 Km/h,,42%,-16°C,1030.0mb,,"document.write(Icons.GetShortDescription(1, 'CurrentWeather'));",2018-01-04
12:00,-4°C,-4°C,50°4 Km/h,,39%,-16°C,1028.0mb,,"document.write(Icons.GetShortDescription(1, 'CurrentWeather'));",2018-01-04
13:00,-3°C,-5°C,30°6 Km/h,,36%,-16°C,1028.0mb,,"document.write(Icons.GetShortDescription(1, 'CurrentWeather'));",2018-01-04
14:00,-3°C,-6°C,330°7 Km/h,,36%,-16°C,1026.0mb,,"document.write(Icons.GetShortDescription(1, 'CurrentWeather'));",2018-01-04
15:00,-3°C,-8°C,330°13 Km/h,,36%,-16°C,1026.0mb,,"document.write(Icons.GetShortDescription(1, 'CurrentWeather'));",2018-01-04
16:00,-3°C,-7°C,320°11 Km/h,,36%,-16°C,1026.0mb,,"document.write(Icons.GetShortDescription(1, 'CurrentWeather'));",2018-01-04
17:00,-3°C,-7°C,320°9 Km/h,,36%,-16°C,1026.0mb,,"document.write(Icons.GetShortDescription(3, 'CurrentWeather'));  Few Clouds at 910m, Broken Clouds at 5500m",2018-01-04
18:00,-4°C,-8°C,330°9 Km/h,,42%,-15°C,1026.0mb,,"document.write(Icons.GetShortDescription(1, 'CurrentWeather'));",2018-01-04
19:00,-4°C,-8°C,340°9 Km/h,,46%,-14°C,1025.0mb,,"document.write(Icons.GetShortDescription(1, 'CurrentWeather'));",2018-01-04
20:00,-4°C,-7°C,320°7 Km/h,,46%,-14°C,1026.0mb,,"document.write(Icons.GetShortDescription(1, 'CurrentWeather'));",2018-01-04
21:00,-4°C,-7°C,330°7 Km/h,,46%,-14°C,1025.0mb,,"document.write(Icons.GetShortDescription(1, 'CurrentWeather'));",2018-01-04
22:00,-5°C,-8°C,320°6 Km/h,,50%,-14°C,1025.0mb,,"document.write(Icons.GetShortDescription(1, 'CurrentWeather'));",2018-01-04
23:00,-6°C,-9°C,340°6 Km/h,,54%,-14°C,1024.0mb,,"document.write(Icons.GetShortDescription(1, 'CurrentWeather'));",2018-01-04
