Time,Temperature,Relative Temperature,Wind,Wind Gust,Rel. humidity,Dew Point,Pressure,Icon,DescriptionDetails,date
00:00,11°C,11°C,280°13 Km/h,,54%,2°C,1010.0mb,,"document.write(Icons.GetShortDescription(1, 'CurrentWeather'));",2018-05-04
01:00,11°C,11°C,280°7 Km/h,,58%,3°C,1009.0mb,,"document.write(Icons.GetShortDescription(1, 'CurrentWeather'));",2018-05-04
02:00,11°C,11°C,290°9 Km/h,,54%,2°C,1010.0mb,,"document.write(Icons.GetShortDescription(1, 'CurrentWeather'));",2018-05-04
03:00,11°C,11°C,300°6 Km/h,,54%,2°C,1010.0mb,,"document.write(Icons.GetShortDescription(1, 'CurrentWeather'));",2018-05-04
04:00,11°C,11°C,290°13 Km/h,,50%,1°C,1010.0mb,,"document.write(Icons.GetShortDescription(1, 'CurrentWeather'));",2018-05-04
05:00,11°C,11°C,280°7 Km/h,,50%,1°C,1010.0mb,,"document.write(Icons.GetShortDescription(1, 'CurrentWeather'));",2018-05-04
06:00,10°C,8°C,310°11 Km/h,,54%,1°C,1011.0mb,,"document.write(Icons.GetShortDescription(1, 'CurrentWeather'));",2018-05-04
07:00,12°C,12°C,280°13 Km/h,,51%,2°C,1012.0mb,,"document.write(Icons.GetShortDescription(1, 'CurrentWeather'));",2018-05-04
08:00,14°C,14°C,280°13 Km/h,,48%,3°C,1012.0mb,,"document.write(Icons.GetShortDescription(1, 'CurrentWeather'));",2018-05-04
09:00,15°C,15°C,280°19 Km/h,,45%,3°C,1012.0mb,,"document.write(Icons.GetShortDescription(1, 'CurrentWeather'));",2018-05-04
10:00,17°C,17°C,280°20 Km/h,,37%,2°C,1012.0mb,,"document.write(Icons.GetShortDescription(1, 'CurrentWeather'));",2018-05-04
11:00,17°C,17°C,280°19 Km/h,,37%,2°C,1012.0mb,,"document.write(Icons.GetShortDescription(1, 'CurrentWeather'));",2018-05-04
12:00,18°C,18°C,270°26 Km/h,,34%,2°C,1012.0mb,,"document.write(Icons.GetShortDescription(1, 'CurrentWeather'));",2018-05-04
13:00,18°C,18°C,260°20 Km/h,,34%,2°C,1011.0mb,,"document.write(Icons.GetShortDescription(1, 'CurrentWeather'));",2018-05-04
14:00,19°C,19°C,250°24 Km/h,,32%,2°C,1011.0mb,,"document.write(Icons.GetShortDescription(1, 'CurrentWeather'));",2018-05-04
15:00,18°C,18°C,270°26 Km/h,,34%,2°C,1011.0mb,,"document.write(Icons.GetShortDescription(1, 'CurrentWeather'));",2018-05-04
16:00,18°C,18°C,270°31 Km/h,,34%,2°C,1011.0mb,,"document.write(Icons.GetShortDescription(1, 'CurrentWeather'));",2018-05-04
17:00,17°C,17°C,270°31 Km/h,,37%,2°C,1011.0mb,,"document.write(Icons.GetShortDescription(1, 'CurrentWeather'));",2018-05-04
18:00,16°C,16°C,270°28 Km/h,,39%,2°C,1011.0mb,,"document.write(Icons.GetShortDescription(1, 'CurrentWeather'));",2018-05-04
19:00,14°C,14°C,270°24 Km/h,,44%,2°C,1012.0mb,,"document.write(Icons.GetShortDescription(1, 'CurrentWeather'));",2018-05-04
20:00,14°C,14°C,250°17 Km/h,,44%,2°C,1013.0mb,,"document.write(Icons.GetShortDescription(1, 'CurrentWeather'));",2018-05-04
21:00,13°C,13°C,190°11 Km/h,,51%,3°C,1013.0mb,,"document.write(Icons.GetShortDescription(1, 'CurrentWeather'));",2018-05-04
22:00,12°C,12°C,170°9 Km/h,,54%,3°C,1014.0mb,,"document.write(Icons.GetShortDescription(1, 'CurrentWeather'));",2018-05-04
23:00,12°C,12°C,180°11 Km/h,,58%,4°C,1014.0mb,,"document.write(Icons.GetShortDescription(1, 'CurrentWeather'));",2018-05-04
