Time,Temperature,Relative Temperature,Wind,Wind Gust,Rel. humidity,Dew Point,Pressure,Icon,DescriptionDetails,date
00:00,7°C,7°C,10°4 Km/h,,53%,-2°C,1017.0mb,,"document.write(Icons.GetShortDescription(1, 'CurrentWeather'));",2018-04-19
01:00,7°C,7°C,Calm,,57%,-1°C,1017.0mb,,"document.write(Icons.GetShortDescription(1, 'CurrentWeather'));",2018-04-19
02:00,7°C,7°C,360°2 Km/h,,57%,-1°C,1016.0mb,,"document.write(Icons.GetShortDescription(1, 'CurrentWeather'));",2018-04-19
03:00,6°C,5°C,330°6 Km/h,,61%,-1°C,1017.0mb,,"document.write(Icons.GetShortDescription(1, 'CurrentWeather'));",2018-04-19
04:00,5°C,4°C,320°6 Km/h,,66%,-1°C,1017.0mb,,"document.write(Icons.GetShortDescription(1, 'CurrentWeather'));",2018-04-19
05:00,5°C,5°C,Calm,,66%,-1°C,1017.0mb,,"document.write(Icons.GetShortDescription(1, 'CurrentWeather'));",2018-04-19
06:00,5°C,5°C,330°4 Km/h,,70%,0°C,1018.0mb,,"document.write(Icons.GetShortDescription(1, 'CurrentWeather'));",2018-04-19
07:00,7°C,7°C,Calm,,66%,1°C,1018.0mb,,"document.write(Icons.GetShortDescription(1, 'CurrentWeather'));",2018-04-19
08:00,11°C,11°C,170°7 Km/h,,50%,1°C,1018.0mb,,"document.write(Icons.GetShortDescription(1, 'CurrentWeather'));",2018-04-19
09:00,13°C,13°C,210°11 Km/h,,36%,-2°C,1019.0mb,,"document.write(Icons.GetShortDescription(1, 'CurrentWeather'));",2018-04-19
10:00,15°C,15°C,220°11 Km/h,,25%,-5°C,1019.0mb,,"document.write(Icons.GetShortDescription(1, 'CurrentWeather'));",2018-04-19
11:00,16°C,16°C,230°13 Km/h,,22%,-6°C,1019.0mb,,"document.write(Icons.GetShortDescription(1, 'CurrentWeather'));",2018-04-19
12:00,18°C,18°C,220°7 Km/h,,19%,-6°C,1018.0mb,,"document.write(Icons.GetShortDescription(1, 'CurrentWeather'));",2018-04-19
13:00,18°C,18°C,240°13 Km/h,,15%,-9°C,1018.0mb,,"document.write(Icons.GetShortDescription(1, 'CurrentWeather'));",2018-04-19
14:00,19°C,19°C,240°13 Km/h,,17%,-7°C,1018.0mb,,"document.write(Icons.GetShortDescription(1, 'CurrentWeather'));",2018-04-19
15:00,19°C,19°C,240°15 Km/h,,21%,-4°C,1018.0mb,,"document.write(Icons.GetShortDescription(1, 'CurrentWeather'));",2018-04-19
16:00,19°C,19°C,230°15 Km/h,,24%,-2°C,1017.0mb,,"document.write(Icons.GetShortDescription(1, 'CurrentWeather'));",2018-04-19
17:00,19°C,19°C,240°13 Km/h,,28%,0°C,1017.0mb,,"document.write(Icons.GetShortDescription(1, 'CurrentWeather'));",2018-04-19
18:00,17°C,17°C,240°13 Km/h,,32%,0°C,1017.0mb,,"document.write(Icons.GetShortDescription(1, 'CurrentWeather'));",2018-04-19
19:00,15°C,15°C,270°9 Km/h,,36%,0°C,1018.0mb,,"document.write(Icons.GetShortDescription(1, 'CurrentWeather'));",2018-04-19
20:00,14°C,14°C,260°6 Km/h,,39%,0°C,1018.0mb,,"document.write(Icons.GetShortDescription(1, 'CurrentWeather'));",2018-04-19
21:00,13°C,13°C,260°6 Km/h,,47%,2°C,1019.0mb,,"document.write(Icons.GetShortDescription(1, 'CurrentWeather'));",2018-04-19
22:00,13°C,13°C,270°6 Km/h,,55%,4°C,1019.0mb,,"document.write(Icons.GetShortDescription(1, 'CurrentWeather'));",2018-04-19
23:00,11°C,11°C,340°4 Km/h,,62%,4°C,1019.0mb,,"document.write(Icons.GetShortDescription(1, 'CurrentWeather'));",2018-04-19
