Time,Temperature,Relative Temperature,Wind,Wind Gust,Rel. humidity,Dew Point,Pressure,Icon,DescriptionDetails,date
00:00,12°C,12°C,180°6 Km/h,,58%,4°C,1015.0mb,,"document.write(Icons.GetShortDescription(1, 'CurrentWeather'));",2018-05-05
01:00,10°C,8°C,150°15 Km/h,,62%,3°C,1014.0mb,,"document.write(Icons.GetShortDescription(1, 'CurrentWeather'));",2018-05-05
02:00,9°C,7°C,160°13 Km/h,,66%,3°C,1014.0mb,,"document.write(Icons.GetShortDescription(1, 'CurrentWeather'));",2018-05-05
03:00,10°C,8°C,160°11 Km/h,,62%,3°C,1015.0mb,,"document.write(Icons.GetShortDescription(1, 'CurrentWeather'));",2018-05-05
04:00,11°C,11°C,180°11 Km/h,,58%,3°C,1015.0mb,,"document.write(Icons.GetShortDescription(1, 'CurrentWeather'));",2018-05-05
05:00,10°C,8°C,170°13 Km/h,,62%,3°C,1015.0mb,,"document.write(Icons.GetShortDescription(1, 'CurrentWeather'));",2018-05-05
06:00,9°C,7°C,160°11 Km/h,,66%,3°C,1016.0mb,,"document.write(Icons.GetShortDescription(1, 'CurrentWeather'));",2018-05-05
07:00,13°C,13°C,150°13 Km/h,,59%,5°C,1016.0mb,,"document.write(Icons.GetShortDescription(1, 'CurrentWeather'));",2018-05-05
08:00,15°C,15°C,170°13 Km/h,,55%,6°C,1017.0mb,,"document.write(Icons.GetShortDescription(1, 'CurrentWeather'));",2018-05-05
09:00,17°C,17°C,210°13 Km/h,,49%,6°C,1017.0mb,,"document.write(Icons.GetShortDescription(1, 'CurrentWeather'));",2018-05-05
10:00,19°C,19°C,220°19 Km/h,,46%,7°C,1017.0mb,,"document.write(Icons.GetShortDescription(1, 'CurrentWeather'));",2018-05-05
11:00,21°C,21°C,220°20 Km/h,,40%,7°C,1016.0mb,,"document.write(Icons.GetShortDescription(1, 'CurrentWeather'));",2018-05-05
12:00,23°C,22°C,220°17 Km/h,,36%,7°C,1016.0mb,,"document.write(Icons.GetShortDescription(1, 'CurrentWeather'));",2018-05-05
13:00,24°C,23°C,210°20 Km/h,,31%,6°C,1015.0mb,,"document.write(Icons.GetShortDescription(1, 'CurrentWeather'));",2018-05-05
14:00,24°C,23°C,220°20 Km/h,,31%,6°C,1015.0mb,,"document.write(Icons.GetShortDescription(1, 'CurrentWeather'));",2018-05-05
15:00,24°C,23°C,220°22 Km/h,,31%,6°C,1014.0mb,,"document.write(Icons.GetShortDescription(1, 'CurrentWeather'));",2018-05-05
16:00,23°C,22°C,240°20 Km/h,,31%,5°C,1014.0mb,,"document.write(Icons.GetShortDescription(1, 'CurrentWeather'));",2018-05-05
17:00,24°C,23°C,230°19 Km/h,,31%,6°C,1013.0mb,,"document.write(Icons.GetShortDescription(1, 'CurrentWeather'));",2018-05-05
18:00,21°C,21°C,230°20 Km/h,,43%,8°C,1013.0mb,,"document.write(Icons.GetShortDescription(1, 'CurrentWeather'));",2018-05-05
19:00,20°C,20°C,220°17 Km/h,,49%,9°C,1014.0mb,,"document.write(Icons.GetShortDescription(1, 'CurrentWeather'));",2018-05-05
20:00,19°C,19°C,220°19 Km/h,,52%,9°C,1014.0mb,,"document.write(Icons.GetShortDescription(1, 'CurrentWeather'));",2018-05-05
21:00,19°C,19°C,210°15 Km/h,,56%,10°C,1014.0mb,,"document.write(Icons.GetShortDescription(3, 'CurrentWeather'));  Few Clouds at 910m, Broken Clouds at 5500m",2018-05-05
22:00,19°C,19°C,210°19 Km/h,,60%,11°C,1014.0mb,,"document.write(Icons.GetShortDescription(3, 'CurrentWeather'));  Few Clouds at 910m, Broken Clouds at 4600m",2018-05-05
23:00,19°C,19°C,210°15 Km/h,,60%,11°C,1014.0mb,,"document.write(Icons.GetShortDescription(3, 'CurrentWeather'));  Few Clouds at 910m, Broken Clouds at 4600m",2018-05-05
