Time,Temperature,Relative Temperature,Wind,Wind Gust,Rel. humidity,Dew Point,Pressure,Icon,DescriptionDetails,date
00:00,13°C,13°C,240°31 Km/h,,77%,9°C,1006.0mb,,"document.write(Icons.GetShortDescription(3, 'CurrentWeather'));  Few Clouds at 460m, Broken Clouds at 910m",2018-04-11
01:00,12°C,12°C,240°28 Km/h,,77%,8°C,1006.0mb,,"document.write(Icons.GetShortDescription(2, 'CurrentWeather'));  Scattered Clouds at 910m",2018-04-11
02:00,11°C,11°C,230°22 Km/h,,77%,7°C,1006.0mb,,"document.write(Icons.GetShortDescription(3, 'CurrentWeather'));  Few Clouds at 300m, Broken Clouds at 910m",2018-04-11
03:00,10°C,8°C,220°13 Km/h,,82%,7°C,1007.0mb,,"document.write(Icons.GetShortDescription(3, 'CurrentWeather'));  Few Clouds at 300m, Broken Clouds at 910m",2018-04-11
04:00,9°C,7°C,270°11 Km/h,,82%,6°C,1007.0mb,,"document.write(Icons.GetShortDescription(3, 'CurrentWeather'));  Few Clouds at 240m, Broken Clouds at 910m",2018-04-11
05:00,8°C,7°C,250°6 Km/h,,82%,5°C,1008.0mb,,"document.write(Icons.GetShortDescription(2, 'CurrentWeather'));  Few Clouds at 300m, Scattered Clouds at 910m",2018-04-11
06:00,7°C,7°C,170°2 Km/h,,87%,5°C,1009.0mb,,"document.write(Icons.GetShortDescription(1, 'CurrentWeather'));",2018-04-11
07:00,8°C,7°C,210°7 Km/h,,87%,6°C,1010.0mb,,"document.write(Icons.GetShortDescription(1, 'CurrentWeather'));",2018-04-11
08:00,11°C,11°C,190°7 Km/h,,77%,7°C,1010.0mb,,"document.write(Icons.GetShortDescription(1, 'CurrentWeather'));",2018-04-11
09:00,13°C,13°C,310°9 Km/h,,59%,5°C,1011.0mb,,"document.write(Icons.GetShortDescription(1, 'CurrentWeather'));",2018-04-11
10:00,14°C,14°C,300°13 Km/h,,48%,3°C,1012.0mb,,"document.write(Icons.GetShortDescription(1, 'CurrentWeather'));",2018-04-11
11:00,15°C,15°C,260°19 Km/h,,45%,3°C,1012.0mb,,"document.write(Icons.GetShortDescription(1, 'CurrentWeather'));",2018-04-11
12:00,15°C,15°C,250°20 Km/h,,48%,4°C,1012.0mb,,"document.write(Icons.GetShortDescription(1, 'CurrentWeather'));",2018-04-11
13:00,16°C,16°C,270°17 Km/h,,39%,2°C,1012.0mb,,"document.write(Icons.GetShortDescription(1, 'CurrentWeather'));",2018-04-11
14:00,16°C,16°C,280°20 Km/h,,34%,0°C,1012.0mb,,"document.write(Icons.GetShortDescription(1, 'CurrentWeather'));",2018-04-11
15:00,16°C,16°C,280°19 Km/h,,29%,-2°C,1011.0mb,,"document.write(Icons.GetShortDescription(1, 'CurrentWeather'));",2018-04-11
16:00,16°C,16°C,280°24 Km/h,,25%,-4°C,1011.0mb,,"document.write(Icons.GetShortDescription(1, 'CurrentWeather'));",2018-04-11
17:00,15°C,15°C,280°24 Km/h,,23%,-6°C,1011.0mb,,"document.write(Icons.GetShortDescription(1, 'CurrentWeather'));",2018-04-11
18:00,14°C,14°C,270°22 Km/h,,25%,-6°C,1012.0mb,,"document.write(Icons.GetShortDescription(1, 'CurrentWeather'));",2018-04-11
19:00,12°C,12°C,270°11 Km/h,,33%,-4°C,1013.0mb,,"document.write(Icons.GetShortDescription(1, 'CurrentWeather'));",2018-04-11
20:00,10°C,9°C,200°7 Km/h,,40%,-3°C,1013.0mb,,"document.write(Icons.GetShortDescription(1, 'CurrentWeather'));",2018-04-11
21:00,10°C,10°C,260°6 Km/h,,40%,-3°C,1014.0mb,,"document.write(Icons.GetShortDescription(1, 'CurrentWeather'));",2018-04-11
22:00,9°C,9°C,220°4 Km/h,,43%,-3°C,1014.0mb,,"document.write(Icons.GetShortDescription(1, 'CurrentWeather'));",2018-04-11
23:00,10°C,10°C,250°6 Km/h,,37%,-4°C,1015.0mb,,"document.write(Icons.GetShortDescription(1, 'CurrentWeather'));",2018-04-11
