Time,Temperature,Relative Temperature,Wind,Wind Gust,Rel. humidity,Dew Point,Pressure,Icon,DescriptionDetails,date
00:00,5°C,4°C,210°6 Km/h,,76%,1°C,1024.0mb,,"document.write(Icons.GetShortDescription(7, 'CurrentWeather'));  Broken Clouds at 610m, Cloudy at 2100m Light Rain, Haze",2018-03-08
01:00,4°C,3°C,310°6 Km/h,,81%,1°C,1024.0mb,,"document.write(Icons.GetShortDescription(7, 'CurrentWeather'));  Broken Clouds at 610m, Cloudy at 2100m Light Rain, Haze",2018-03-08
02:00,4°C,4°C,340°2 Km/h,,81%,1°C,1023.0mb,,"document.write(Icons.GetShortDescription(7, 'CurrentWeather'));  Few Clouds at 300m, Broken Clouds at 760m, Cloudy at 2100m Light Rain, Haze",2018-03-08
03:00,4°C,3°C,320°6 Km/h,,75%,0°C,1023.0mb,,"document.write(Icons.GetShortDescription(7, 'CurrentWeather'));  Few Clouds at 300m, Broken Clouds at 760m, Cloudy at 2100m Light Rain, Haze",2018-03-08
04:00,3°C,3°C,360°2 Km/h,,81%,0°C,1022.0mb,,"document.write(Icons.GetShortDescription(7, 'CurrentWeather'));  Few Clouds at 300m, Broken Clouds at 760m, Cloudy at 2100m Light Rain, Haze",2018-03-08
05:00,3°C,3°C,350°4 Km/h,,81%,0°C,1021.0mb,,"document.write(Icons.GetShortDescription(7, 'CurrentWeather'));  Scattered Clouds at 460m, Broken Clouds at 760m, Cloudy at 2100m Light Rain, Haze",2018-03-08
06:00,3°C,0°C,20°9 Km/h,,87%,1°C,1021.0mb,,"document.write(Icons.GetShortDescription(7, 'CurrentWeather'));  Few Clouds at 150m, Broken Clouds at 760m, Cloudy at 2100m Light Rain, Haze",2018-03-08
07:00,3°C,0°C,360°9 Km/h,,81%,0°C,1021.0mb,,"document.write(Icons.GetShortDescription(7, 'CurrentWeather'));  Few Clouds at 240m, Broken Clouds at 760m, Cloudy at 2100m Light Rain, Haze",2018-03-08
08:00,3°C,0°C,30°11 Km/h,,81%,0°C,1021.0mb,,"document.write(Icons.GetShortDescription(7, 'CurrentWeather'));  Few Clouds at 300m, Broken Clouds at 760m, Cloudy at 2100m Light Rain, Haze",2018-03-08
08:49,3°C,-1°C,10°17 Km/h,,81%,0°C,1021.0mb,,"document.write(Icons.GetShortDescription(7, 'CurrentWeather'));  Few Clouds at 300m, Broken Clouds at 760m, Cloudy at 2100m Light Rain, Haze",2018-03-08
09:00,3°C,-1°C,10°19 Km/h,,81%,0°C,1021.0mb,,"document.write(Icons.GetShortDescription(7, 'CurrentWeather'));  Few Clouds at 300m, Broken Clouds at 760m, Cloudy at 2100m Light Rain, Haze",2018-03-08
10:00,4°C,1°C,360°15 Km/h,,81%,1°C,1021.0mb,,"document.write(Icons.GetShortDescription(7, 'CurrentWeather'));  Few Clouds at 300m, Broken Clouds at 760m, Broken Clouds at 2400m Light Drizzle",2018-03-08
11:00,5°C,1°C,20°20 Km/h,,76%,1°C,1020.0mb,,"document.write(Icons.GetShortDescription(3, 'CurrentWeather'));  Few Clouds at 300m, Broken Clouds at 760m",2018-03-08
12:00,6°C,3°C,330°15 Km/h,,71%,1°C,1019.0mb,,"document.write(Icons.GetShortDescription(3, 'CurrentWeather'));  Few Clouds at 460m, Broken Clouds at 760m",2018-03-08
13:00,7°C,5°C,340°11 Km/h,,66%,1°C,1019.0mb,,"document.write(Icons.GetShortDescription(3, 'CurrentWeather'));  Few Clouds at 460m, Broken Clouds at 760m",2018-03-08
14:00,8°C,6°C,330°13 Km/h,,62%,1°C,1018.0mb,,"document.write(Icons.GetShortDescription(3, 'CurrentWeather'));  Broken Clouds at 760m",2018-03-08
15:00,9°C,7°C,310°13 Km/h,,54%,0°C,1017.0mb,,"document.write(Icons.GetShortDescription(2, 'CurrentWeather'));  Scattered Clouds at 910m",2018-03-08
16:00,8°C,5°C,330°15 Km/h,,62%,1°C,1017.0mb,,"document.write(Icons.GetShortDescription(2, 'CurrentWeather'));  Scattered Clouds at 910m",2018-03-08
17:00,6°C,2°C,340°26 Km/h,,66%,0°C,1018.0mb,,"document.write(Icons.GetShortDescription(2, 'CurrentWeather'));  Few Clouds at 1200m",2018-03-08
18:00,4°C,0°C,350°20 Km/h,,65%,-2°C,1019.0mb,,"document.write(Icons.GetShortDescription(2, 'CurrentWeather'));  Few Clouds at 1200m",2018-03-08
19:00,3°C,-1°C,330°17 Km/h,,70%,-2°C,1019.0mb,,"document.write(Icons.GetShortDescription(2, 'CurrentWeather'));  Few Clouds at 1200m",2018-03-08
20:00,2°C,-3°C,330°20 Km/h,,70%,-3°C,1020.0mb,,"document.write(Icons.GetShortDescription(2, 'CurrentWeather'));  Few Clouds at 910m",2018-03-08
21:00,1°C,-2°C,330°11 Km/h,,70%,-4°C,1020.0mb,,"document.write(Icons.GetShortDescription(1, 'CurrentWeather'));",2018-03-08
22:00,1°C,-2°C,320°9 Km/h,,75%,-3°C,1021.0mb,,"document.write(Icons.GetShortDescription(1, 'CurrentWeather'));",2018-03-08
23:00,1°C,-1°C,300°7 Km/h,,75%,-3°C,1021.0mb,,"document.write(Icons.GetShortDescription(1, 'CurrentWeather'));  Haze",2018-03-08
