Time,Temperature,Relative Temperature,Wind,Wind Gust,Rel. humidity,Dew Point,Pressure,Icon,DescriptionDetails,date
00:00,11°C,11°C,290°4 Km/h,,77%,7°C,1018.0mb,,"document.write(Icons.GetShortDescription(2, 'CurrentWeather'));  Scattered Clouds at 910m Haze",2018-03-29
01:00,11°C,11°C,20°6 Km/h,,77%,7°C,1018.0mb,,"document.write(Icons.GetShortDescription(3, 'CurrentWeather'));  Few Clouds at 400m, Broken Clouds at 760m Haze",2018-03-29
02:00,12°C,12°C,30°6 Km/h,,77%,8°C,1018.0mb,,"document.write(Icons.GetShortDescription(3, 'CurrentWeather'));  Scattered Clouds at 300m, Broken Clouds at 760m Haze",2018-03-29
03:00,12°C,12°C,40°7 Km/h,,82%,9°C,1018.0mb,,"document.write(Icons.GetShortDescription(3, 'CurrentWeather'));  Scattered Clouds at 300m, Broken Clouds at 760m Haze",2018-03-29
04:00,12°C,12°C,330°2 Km/h,,82%,9°C,1018.0mb,,"document.write(Icons.GetShortDescription(3, 'CurrentWeather'));  Scattered Clouds at 300m, Broken Clouds at 760m Haze",2018-03-29
05:00,12°C,12°C,310°4 Km/h,,82%,9°C,1018.0mb,,"document.write(Icons.GetShortDescription(3, 'CurrentWeather'));  Scattered Clouds at 300m, Broken Clouds at 760m Haze",2018-03-29
06:00,11°C,11°C,190°4 Km/h,,82%,8°C,1019.0mb,,"document.write(Icons.GetShortDescription(3, 'CurrentWeather'));  Scattered Clouds at 300m, Broken Clouds at 610m Haze",2018-03-29
07:00,12°C,12°C,30°4 Km/h,,82%,9°C,1019.0mb,,"document.write(Icons.GetShortDescription(3, 'CurrentWeather'));  Scattered Clouds at 300m, Broken Clouds at 610m Haze",2018-03-29
08:00,12°C,12°C,330°7 Km/h,,82%,9°C,1020.0mb,,"document.write(Icons.GetShortDescription(3, 'CurrentWeather'));  Scattered Clouds at 300m, Broken Clouds at 610m Haze",2018-03-29
09:00,13°C,13°C,330°11 Km/h,,77%,9°C,1021.0mb,,"document.write(Icons.GetShortDescription(3, 'CurrentWeather'));  Scattered Clouds at 300m, Broken Clouds at 610m Haze",2018-03-29
10:00,15°C,15°C,350°7 Km/h,,72%,10°C,1022.0mb,,"document.write(Icons.GetShortDescription(3, 'CurrentWeather'));  Scattered Clouds at 460m, Broken Clouds at 760m Haze",2018-03-29
11:00,17°C,17°C,230°4 Km/h,,64%,10°C,1021.0mb,,"document.write(Icons.GetShortDescription(3, 'CurrentWeather'));  Few Clouds at 460m, Broken Clouds at 1100m Haze",2018-03-29
12:00,18°C,18°C,320°6 Km/h,,56%,9°C,1021.0mb,,"document.write(Icons.GetShortDescription(2, 'CurrentWeather'));  Scattered Clouds at 910m Haze",2018-03-29
13:00,19°C,19°C,340°9 Km/h,,52%,9°C,1020.0mb,,"document.write(Icons.GetShortDescription(2, 'CurrentWeather'));  Few Clouds at 910m Haze",2018-03-29
14:00,20°C,20°C,350°6 Km/h,,43%,7°C,1019.0mb,,"document.write(Icons.GetShortDescription(2, 'CurrentWeather'));  Few Clouds at 910m",2018-03-29
15:00,19°C,19°C,290°17 Km/h,,49%,8°C,1019.0mb,,"document.write(Icons.GetShortDescription(2, 'CurrentWeather'));  Few Clouds at 910m",2018-03-29
16:00,19°C,19°C,290°15 Km/h,,49%,8°C,1019.0mb,,"document.write(Icons.GetShortDescription(1, 'CurrentWeather'));",2018-03-29
17:00,19°C,19°C,260°11 Km/h,,52%,9°C,1019.0mb,,"document.write(Icons.GetShortDescription(1, 'CurrentWeather'));",2018-03-29
18:00,17°C,17°C,300°11 Km/h,,56%,8°C,1019.0mb,,"document.write(Icons.GetShortDescription(1, 'CurrentWeather'));",2018-03-29
19:00,14°C,14°C,310°9 Km/h,,63%,7°C,1020.0mb,,"document.write(Icons.GetShortDescription(1, 'CurrentWeather'));",2018-03-29
20:00,12°C,12°C,330°7 Km/h,,72%,7°C,1020.0mb,,"document.write(Icons.GetShortDescription(1, 'CurrentWeather'));",2018-03-29
21:00,10°C,10°C,350°6 Km/h,,76%,6°C,1021.0mb,,"document.write(Icons.GetShortDescription(2, 'CurrentWeather'));  Few Clouds at 910m Haze",2018-03-29
22:00,10°C,10°C,350°2 Km/h,,76%,6°C,1021.0mb,,"document.write(Icons.GetShortDescription(2, 'CurrentWeather'));  Few Clouds at 910m Haze",2018-03-29
23:00,9°C,8°C,350°6 Km/h,,76%,5°C,1021.0mb,,"document.write(Icons.GetShortDescription(2, 'CurrentWeather'));  Few Clouds at 910m Haze",2018-03-29
