Time,Temperature,Relative Temperature,Wind,Wind Gust,Rel. humidity,Dew Point,Pressure,Icon,DescriptionDetails,date
00:00,15°C,15°C,360°6 Km/h,,77%,11°C,1007.0mb,,"document.write(Icons.GetShortDescription(1, 'CurrentWeather'));",2018-05-07
01:00,14°C,14°C,340°6 Km/h,,88%,12°C,1007.0mb,,"document.write(Icons.GetShortDescription(1, 'CurrentWeather'));",2018-05-07
02:00,14°C,14°C,360°2 Km/h,,82%,11°C,1007.0mb,,"document.write(Icons.GetShortDescription(1, 'CurrentWeather'));",2018-05-07
03:00,14°C,14°C,320°4 Km/h,,82%,11°C,1006.0mb,,"document.write(Icons.GetShortDescription(1, 'CurrentWeather'));",2018-05-07
04:00,14°C,14°C,330°4 Km/h,,82%,11°C,1006.0mb,,"document.write(Icons.GetShortDescription(1, 'CurrentWeather'));",2018-05-07
05:00,13°C,13°C,340°7 Km/h,,88%,11°C,1006.0mb,,"document.write(Icons.GetShortDescription(1, 'CurrentWeather'));",2018-05-07
06:00,14°C,14°C,350°7 Km/h,,82%,11°C,1006.0mb,,"document.write(Icons.GetShortDescription(1, 'CurrentWeather'));",2018-05-07
07:00,14°C,14°C,340°2 Km/h,,82%,11°C,1006.0mb,,"document.write(Icons.GetShortDescription(1, 'CurrentWeather'));",2018-05-07
08:00,15°C,15°C,350°7 Km/h,,82%,12°C,1007.0mb,,"document.write(Icons.GetShortDescription(1, 'CurrentWeather'));",2018-05-07
09:00,16°C,16°C,360°7 Km/h,,77%,12°C,1007.0mb,,"document.write(Icons.GetShortDescription(1, 'CurrentWeather'));",2018-05-07
10:00,17°C,17°C,340°7 Km/h,,73%,12°C,1007.0mb,,"document.write(Icons.GetShortDescription(1, 'CurrentWeather'));",2018-05-07
11:00,20°C,20°C,330°7 Km/h,,64%,13°C,1007.0mb,,"document.write(Icons.GetShortDescription(1, 'CurrentWeather'));",2018-05-07
12:00,22°C,21°C,10°7 Km/h,,47%,10°C,1007.0mb,,"document.write(Icons.GetShortDescription(1, 'CurrentWeather'));",2018-05-07
13:00,24°C,24°C,50°4 Km/h,,41%,10°C,1006.0mb,,"document.write(Icons.GetShortDescription(1, 'CurrentWeather'));",2018-05-07
14:00,24°C,24°C,230°6 Km/h,,41%,10°C,1006.0mb,,"document.write(Icons.GetShortDescription(1, 'CurrentWeather'));",2018-05-07
15:00,24°C,24°C,310°13 Km/h,,41%,10°C,1006.0mb,,"document.write(Icons.GetShortDescription(1, 'CurrentWeather'));",2018-05-07
16:00,23°C,23°C,300°11 Km/h,,50%,12°C,1006.0mb,,"document.write(Icons.GetShortDescription(1, 'CurrentWeather'));",2018-05-07
17:00,25°C,25°C,280°9 Km/h,,42%,11°C,1005.0mb,,"document.write(Icons.GetShortDescription(1, 'CurrentWeather'));",2018-05-07
18:00,24°C,24°C,280°7 Km/h,,47%,12°C,1006.0mb,,"document.write(Icons.GetShortDescription(1, 'CurrentWeather'));",2018-05-07
19:00,20°C,20°C,290°7 Km/h,,56%,11°C,1006.0mb,,"document.write(Icons.GetShortDescription(1, 'CurrentWeather'));",2018-05-07
20:00,19°C,19°C,210°7 Km/h,,52%,9°C,1007.0mb,,"document.write(Icons.GetShortDescription(1, 'CurrentWeather'));",2018-05-07
21:00,18°C,18°C,220°6 Km/h,,60%,10°C,1008.0mb,,"document.write(Icons.GetShortDescription(1, 'CurrentWeather'));",2018-05-07
22:00,16°C,16°C,Calm,,63%,9°C,1008.0mb,,"document.write(Icons.GetShortDescription(1, 'CurrentWeather'));",2018-05-07
23:00,14°C,14°C,150°6 Km/h,,67%,8°C,1008.0mb,,"document.write(Icons.GetShortDescription(1, 'CurrentWeather'));",2018-05-07
