Time,Temperature,Relative Temperature,Wind,Wind Gust,Rel. humidity,Dew Point,Pressure,Icon,DescriptionDetails,date
00:00,2°C,-1°C,290°9 Km/h,,75%,-2°C,1016.0mb,,"document.write(Icons.GetShortDescription(4, 'CurrentWeather'));  Broken Clouds at 910m, Cloudy at 2700m",2018-03-22
01:00,1°C,-1°C,310°7 Km/h,,81%,-2°C,1016.0mb,,"document.write(Icons.GetShortDescription(4, 'CurrentWeather'));  Few Clouds at 520m, Broken Clouds at 910m, Cloudy at 3000m",2018-03-22
02:00,2°C,2°C,290°4 Km/h,,81%,-1°C,1016.0mb,,"document.write(Icons.GetShortDescription(4, 'CurrentWeather'));  Few Clouds at 460m, Scattered Clouds at 1200m, Cloudy at 3700m Haze",2018-03-22
03:00,1°C,-1°C,310°6 Km/h,,81%,-2°C,1015.0mb,,"document.write(Icons.GetShortDescription(4, 'CurrentWeather'));  Scattered Clouds at 1200m, Cloudy at 4000m Haze",2018-03-22
04:00,1°C,1°C,340°2 Km/h,,81%,-2°C,1015.0mb,,"document.write(Icons.GetShortDescription(3, 'CurrentWeather'));  Few Clouds at 1200m, Broken Clouds at 4000m Haze",2018-03-22
05:00,1°C,1°C,300°4 Km/h,,81%,-2°C,1014.0mb,,"document.write(Icons.GetShortDescription(3, 'CurrentWeather'));  Few Clouds at 1200m, Broken Clouds at 4000m Haze",2018-03-22
06:00,0°C,-3°C,300°7 Km/h,,80%,-3°C,1015.0mb,,"document.write(Icons.GetShortDescription(1, 'CurrentWeather'));  Haze",2018-03-22
06:32,0°C,0°C,320°4 Km/h,,87%,-2°C,1015.0mb,,"document.write(Icons.GetShortDescription(1, 'CurrentWeather'));  Haze",2018-03-22
07:00,-1°C,-1°C,10°2 Km/h,,86%,-3°C,1014.0mb,,"document.write(Icons.GetShortDescription(1, 'CurrentWeather'));",2018-03-22
08:00,2°C,2°C,Calm,,81%,-1°C,1015.0mb,,"document.write(Icons.GetShortDescription(1, 'CurrentWeather'));",2018-03-22
09:00,4°C,4°C,300°4 Km/h,,65%,-2°C,1015.0mb,,"document.write(Icons.GetShortDescription(1, 'CurrentWeather'));",2018-03-22
10:00,5°C,4°C,290°6 Km/h,,57%,-3°C,1015.0mb,,"document.write(Icons.GetShortDescription(1, 'CurrentWeather'));",2018-03-22
11:00,7°C,6°C,320°7 Km/h,,46%,-4°C,1015.0mb,,"document.write(Icons.GetShortDescription(1, 'CurrentWeather'));",2018-03-22
12:00,9°C,8°C,280°7 Km/h,,37%,-5°C,1015.0mb,,"document.write(Icons.GetShortDescription(1, 'CurrentWeather'));",2018-03-22
13:00,10°C,8°C,300°11 Km/h,,35%,-5°C,1014.0mb,,"document.write(Icons.GetShortDescription(1, 'CurrentWeather'));",2018-03-22
14:00,10°C,8°C,300°17 Km/h,,35%,-5°C,1014.0mb,,"document.write(Icons.GetShortDescription(1, 'CurrentWeather'));",2018-03-22
15:00,10°C,8°C,240°17 Km/h,,37%,-4°C,1014.0mb,,"document.write(Icons.GetShortDescription(1, 'CurrentWeather'));",2018-03-22
16:00,9°C,6°C,230°20 Km/h,,40%,-4°C,1014.0mb,,"document.write(Icons.GetShortDescription(1, 'CurrentWeather'));",2018-03-22
17:00,8°C,5°C,240°19 Km/h,,46%,-3°C,1014.0mb,,"document.write(Icons.GetShortDescription(1, 'CurrentWeather'));",2018-03-22
18:00,7°C,4°C,280°15 Km/h,,37%,-7°C,1015.0mb,,"document.write(Icons.GetShortDescription(1, 'CurrentWeather'));",2018-03-22
19:00,5°C,4°C,240°6 Km/h,,42%,-7°C,1015.0mb,,"document.write(Icons.GetShortDescription(1, 'CurrentWeather'));",2018-03-22
20:00,5°C,3°C,250°7 Km/h,,49%,-5°C,1016.0mb,,"document.write(Icons.GetShortDescription(1, 'CurrentWeather'));",2018-03-22
21:00,4°C,3°C,240°6 Km/h,,56%,-4°C,1016.0mb,,"document.write(Icons.GetShortDescription(1, 'CurrentWeather'));",2018-03-22
22:00,3°C,1°C,220°7 Km/h,,70%,-2°C,1017.0mb,,"document.write(Icons.GetShortDescription(1, 'CurrentWeather'));",2018-03-22
23:00,2°C,2°C,210°4 Km/h,,70%,-3°C,1017.0mb,,"document.write(Icons.GetShortDescription(1, 'CurrentWeather'));",2018-03-22
