Time,Temperature,Relative Temperature,Wind,Wind Gust,Rel. humidity,Dew Point,Pressure,Icon,DescriptionDetails,date
00:00,1°C,-3°C,340°13 Km/h,,75%,-3°C,1017.0mb,,"document.write(Icons.GetShortDescription(4, 'CurrentWeather'));  Scattered Clouds at 1400m, Cloudy at 3700m Haze",2018-01-17
01:00,1°C,-1°C,330°7 Km/h,,75%,-3°C,1016.0mb,,"document.write(Icons.GetShortDescription(4, 'CurrentWeather'));  Scattered Clouds at 1400m, Cloudy at 3700m Haze",2018-01-17
02:00,0°C,-3°C,330°7 Km/h,,75%,-4°C,1016.0mb,,"document.write(Icons.GetShortDescription(4, 'CurrentWeather'));  Few Clouds at 1400m, Cloudy at 3700m Haze",2018-01-17
03:00,1°C,-2°C,330°9 Km/h,,75%,-3°C,1016.0mb,,"document.write(Icons.GetShortDescription(4, 'CurrentWeather'));  Few Clouds at 1400m, Cloudy at 3700m Haze",2018-01-17
04:00,1°C,-1°C,340°7 Km/h,,75%,-3°C,1017.0mb,,"document.write(Icons.GetShortDescription(4, 'CurrentWeather'));  Few Clouds at 1400m, Cloudy at 3700m Haze",2018-01-17
05:00,1°C,1°C,320°4 Km/h,,81%,-2°C,1016.0mb,,"document.write(Icons.GetShortDescription(4, 'CurrentWeather'));  Few Clouds at 1400m, Cloudy at 3700m Haze",2018-01-17
06:00,0°C,-3°C,340°9 Km/h,,80%,-3°C,1017.0mb,,"document.write(Icons.GetShortDescription(4, 'CurrentWeather'));  Few Clouds at 1400m, Cloudy at 4300m Haze",2018-01-17
07:00,0°C,-3°C,330°7 Km/h,,80%,-3°C,1017.0mb,,"document.write(Icons.GetShortDescription(4, 'CurrentWeather'));  Few Clouds at 1400m, Cloudy at 5500m Haze",2018-01-17
08:00,0°C,-2°C,350°6 Km/h,,80%,-3°C,1017.0mb,,"document.write(Icons.GetShortDescription(4, 'CurrentWeather'));  Scattered Clouds at 1100m, Cloudy at 4300m Haze",2018-01-17
09:00,1°C,-2°C,330°9 Km/h,,81%,-2°C,1017.0mb,,"document.write(Icons.GetShortDescription(3, 'CurrentWeather'));  Scattered Clouds at 910m, Broken Clouds at 4300m Haze",2018-01-17
10:00,2°C,0°C,350°6 Km/h,,75%,-2°C,1018.0mb,,"document.write(Icons.GetShortDescription(3, 'CurrentWeather'));  Broken Clouds at 910m Haze",2018-01-17
11:00,4°C,3°C,350°6 Km/h,,70%,-1°C,1018.0mb,,"document.write(Icons.GetShortDescription(2, 'CurrentWeather'));  Scattered Clouds at 910m Haze",2018-01-17
12:00,7°C,7°C,160°4 Km/h,,57%,-1°C,1017.0mb,,"document.write(Icons.GetShortDescription(2, 'CurrentWeather'));  Few Clouds at 910m Haze",2018-01-17
13:00,7°C,4°C,300°20 Km/h,,53%,-2°C,1018.0mb,,"document.write(Icons.GetShortDescription(2, 'CurrentWeather'));  Scattered Clouds at 910m Haze",2018-01-17
14:00,8°C,6°C,290°9 Km/h,,50%,-2°C,1018.0mb,,"document.write(Icons.GetShortDescription(2, 'CurrentWeather'));  Scattered Clouds at 910m Haze",2018-01-17
14:34,8°C,5°C,290°15 Km/h,,50%,-2°C,1017.0mb,,"document.write(Icons.GetShortDescription(2, 'CurrentWeather'));  Few Clouds at 910m Haze",2018-01-17
15:00,8°C,6°C,290°9 Km/h,,46%,-3°C,1017.0mb,,"document.write(Icons.GetShortDescription(2, 'CurrentWeather'));  Few Clouds at 910m Haze",2018-01-17
16:00,7°C,6°C,280°6 Km/h,,53%,-2°C,1016.0mb,,"document.write(Icons.GetShortDescription(2, 'CurrentWeather'));  Few Clouds at 910m Haze",2018-01-17
17:00,5°C,1°C,280°20 Km/h,,57%,-3°C,1019.0mb,,"document.write(Icons.GetShortDescription(2, 'CurrentWeather'));  Few Clouds at 910m Haze",2018-01-17
18:00,4°C,3°C,220°6 Km/h,,61%,-3°C,1019.0mb,,"document.write(Icons.GetShortDescription(1, 'CurrentWeather'));  Haze",2018-01-17
19:00,3°C,3°C,270°2 Km/h,,60%,-4°C,1019.0mb,,"document.write(Icons.GetShortDescription(1, 'CurrentWeather'));  Haze",2018-01-17
20:00,3°C,3°C,270°4 Km/h,,65%,-3°C,1019.0mb,,"document.write(Icons.GetShortDescription(2, 'CurrentWeather'));  Few Clouds at 910m, Scattered Clouds at 5500m Haze",2018-01-17
21:00,1°C,1°C,320°4 Km/h,,70%,-4°C,1020.0mb,,"document.write(Icons.GetShortDescription(2, 'CurrentWeather'));  Few Clouds at 910m, Scattered Clouds at 5500m Haze",2018-01-17
22:00,1°C,-1°C,90°6 Km/h,,75%,-3°C,1020.0mb,,"document.write(Icons.GetShortDescription(3, 'CurrentWeather'));  Few Clouds at 910m, Broken Clouds at 5500m Haze",2018-01-17
23:00,0°C,-3°C,170°9 Km/h,,75%,-4°C,1020.0mb,,"document.write(Icons.GetShortDescription(3, 'CurrentWeather'));  Scattered Clouds at 910m, Broken Clouds at 5500m Haze",2018-01-17
