Time,Temperature,Relative Temperature,Wind,Wind Gust,Rel. humidity,Dew Point,Pressure,Icon,DescriptionDetails,date
10:00,5°C,3°C,330°7 Km/h,,61%,-2°C,1015.0mb,,"document.write(Icons.GetShortDescription(4, 'CurrentWeather'));  Scattered Clouds at 910m, Cloudy at 2400m",2018-02-28
11:00,7°C,7°C,30°4 Km/h,,53%,-2°C,1015.0mb,,"document.write(Icons.GetShortDescription(4, 'CurrentWeather'));  Scattered Clouds at 910m, Cloudy at 2400m",2018-02-28
12:00,8°C,5°C,100°15 Km/h,,43%,-4°C,1013.0mb,,"document.write(Icons.GetShortDescription(4, 'CurrentWeather'));  Scattered Clouds at 910m, Cloudy at 2400m",2018-02-28
13:00,8°C,5°C,90°17 Km/h,,50%,-2°C,1011.0mb,,"document.write(Icons.GetShortDescription(7, 'CurrentWeather'));  Scattered Clouds at 910m, Cloudy at 2400m Light Rain, Haze",2018-02-28
14:00,6°C,2°C,90°22 Km/h,,66%,0°C,1008.0mb,,"document.write(Icons.GetShortDescription(7, 'CurrentWeather'));  Broken Clouds at 910m, Cloudy at 2400m Light Rain, Haze",2018-02-28
15:00,5°C,2°C,80°15 Km/h,,76%,1°C,1007.0mb,,"document.write(Icons.GetShortDescription(7, 'CurrentWeather'));  Broken Clouds at 910m, Cloudy at 2400m Rain, Haze",2018-02-28
16:00,4°C,2°C,40°9 Km/h,,81%,1°C,1005.0mb,,"document.write(Icons.GetShortDescription(7, 'CurrentWeather'));  Broken Clouds at 910m, Cloudy at 2400m Rain, Haze",2018-02-28
16:31,4°C,0°C,80°19 Km/h,,81%,1°C,1004.0mb,,"document.write(Icons.GetShortDescription(7, 'CurrentWeather'));  Broken Clouds at 910m, Cloudy at 2400m Rain",2018-02-28
17:00,4°C,2°C,40°7 Km/h,,75%,0°C,1004.0mb,,"document.write(Icons.GetShortDescription(7, 'CurrentWeather'));  Few Clouds at 300m, Broken Clouds at 910m, Cloudy at 2400m Rain",2018-02-28
18:00,2°C,-3°C,10°19 Km/h,,81%,-1°C,1003.0mb,,"document.write(Icons.GetShortDescription(26, 'CurrentWeather'));  Scattered Clouds at 300m, Broken Clouds at 910m, Cloudy at 2400m Rain and Snowfall, Haze",2018-02-28
19:00,2°C,-1°C,10°11 Km/h,,81%,-1°C,1003.0mb,,"document.write(Icons.GetShortDescription(26, 'CurrentWeather'));  Scattered Clouds at 300m, Broken Clouds at 910m, Cloudy at 2400m Rain and Snowfall, Haze",2018-02-28
20:00,1°C,-5°C,360°24 Km/h,,87%,-1°C,1003.0mb,,"document.write(Icons.GetShortDescription(26, 'CurrentWeather'));  Scattered Clouds at 300m, Broken Clouds at 910m, Cloudy at 2400m Rain and Snowfall",2018-02-28
21:00,2°C,-3°C,360°20 Km/h,,81%,-1°C,1003.0mb,,"document.write(Icons.GetShortDescription(7, 'CurrentWeather'));  Few Clouds at 300m, Broken Clouds at 910m, Cloudy at 2400m Light Rain",2018-02-28
22:00,1°C,-4°C,350°19 Km/h,,87%,-1°C,1004.0mb,,"document.write(Icons.GetShortDescription(26, 'CurrentWeather'));  Scattered Clouds at 300m, Broken Clouds at 910m, Cloudy at 2400m Light Rain and Snowfall",2018-02-28
23:00,2°C,-2°C,350°17 Km/h,,81%,-1°C,1004.0mb,,"document.write(Icons.GetShortDescription(7, 'CurrentWeather'));  Scattered Clouds at 300m, Broken Clouds at 910m, Cloudy at 2400m Light Rain",2018-02-28
