Time,Temperature,Relative Temperature,Wind,Wind Gust,Rel. humidity,Dew Point,Pressure,Icon,DescriptionDetails,date
00:00,5°C,3°C,340°7 Km/h,,87%,3°C,1024.0mb,,"document.write(Icons.GetShortDescription(3, 'CurrentWeather'));  Broken Clouds at 30m Fog",2018-03-26
00:31,5°C,3°C,330°7 Km/h,,87%,3°C,1024.0mb,,"document.write(Icons.GetShortDescription(3, 'CurrentWeather'));  Broken Clouds at 30m Fog",2018-03-26
01:00,5°C,3°C,330°7 Km/h,,87%,3°C,1024.0mb,,"document.write(Icons.GetShortDescription(3, 'CurrentWeather'));  Broken Clouds at 30m Fog",2018-03-26
02:00,5°C,5°C,330°4 Km/h,,87%,3°C,1024.0mb,,"document.write(Icons.GetShortDescription(3, 'CurrentWeather'));  Broken Clouds at 30m Fog",2018-03-26
03:00,5°C,3°C,320°7 Km/h,,87%,3°C,1024.0mb,,"document.write(Icons.GetShortDescription(3, 'CurrentWeather'));  Broken Clouds at 30m Fog",2018-03-26
04:00,5°C,3°C,320°7 Km/h,,87%,3°C,1023.0mb,,"document.write(Icons.GetShortDescription(3, 'CurrentWeather'));  Broken Clouds at 30m Fog",2018-03-26
05:00,5°C,5°C,350°4 Km/h,,87%,3°C,1023.0mb,,"document.write(Icons.GetShortDescription(3, 'CurrentWeather'));  Broken Clouds at 30m Fog",2018-03-26
06:00,5°C,5°C,190°2 Km/h,,87%,3°C,1023.0mb,,"document.write(Icons.GetShortDescription(3, 'CurrentWeather'));  Broken Clouds at 30m Fog",2018-03-26
07:00,5°C,3°C,140°9 Km/h,,87%,3°C,1024.0mb,,"document.write(Icons.GetShortDescription(4, 'CurrentWeather'));  Cloudy at 30m Fog",2018-03-26
08:00,5°C,3°C,140°7 Km/h,,93%,4°C,1024.0mb,,"document.write(Icons.GetShortDescription(4, 'CurrentWeather'));  Cloudy at 60m Fog",2018-03-26
08:13,6°C,5°C,140°6 Km/h,,87%,4°C,1024.0mb,,"document.write(Icons.GetShortDescription(4, 'CurrentWeather'));  Cloudy at 90m Haze",2018-03-26
08:47,6°C,5°C,200°6 Km/h,,87%,4°C,1024.0mb,,"document.write(Icons.GetShortDescription(3, 'CurrentWeather'));  Broken Clouds at 150m Haze",2018-03-26
09:00,6°C,6°C,160°4 Km/h,,93%,5°C,1024.0mb,,"document.write(Icons.GetShortDescription(3, 'CurrentWeather'));  Broken Clouds at 150m Haze",2018-03-26
10:00,8°C,7°C,210°7 Km/h,,87%,6°C,1024.0mb,,"document.write(Icons.GetShortDescription(2, 'CurrentWeather'));  Scattered Clouds at 300m Haze",2018-03-26
11:00,10°C,10°C,180°6 Km/h,,76%,6°C,1024.0mb,,"document.write(Icons.GetShortDescription(2, 'CurrentWeather'));  Few Clouds at 300m Haze",2018-03-26
12:00,13°C,13°C,210°7 Km/h,,63%,6°C,1023.0mb,,"document.write(Icons.GetShortDescription(1, 'CurrentWeather'));  Haze",2018-03-26
13:00,15°C,15°C,210°11 Km/h,,55%,6°C,1022.0mb,,"document.write(Icons.GetShortDescription(1, 'CurrentWeather'));  Haze",2018-03-26
14:00,17°C,17°C,220°9 Km/h,,45%,5°C,1021.0mb,,"document.write(Icons.GetShortDescription(1, 'CurrentWeather'));",2018-03-26
15:00,16°C,16°C,250°11 Km/h,,42%,3°C,1021.0mb,,"document.write(Icons.GetShortDescription(1, 'CurrentWeather'));",2018-03-26
16:00,16°C,16°C,230°17 Km/h,,36%,1°C,1020.0mb,,"document.write(Icons.GetShortDescription(1, 'CurrentWeather'));",2018-03-26
18:00,15°C,15°C,240°9 Km/h,,39%,1°C,1019.0mb,,"document.write(Icons.GetShortDescription(1, 'CurrentWeather'));",2018-03-26
19:00,12°C,12°C,250°6 Km/h,,47%,1°C,1020.0mb,,"document.write(Icons.GetShortDescription(1, 'CurrentWeather'));",2018-03-26
20:00,9°C,8°C,300°7 Km/h,,66%,3°C,1020.0mb,,"document.write(Icons.GetShortDescription(1, 'CurrentWeather'));  Haze",2018-03-26
21:00,7°C,6°C,330°7 Km/h,,76%,3°C,1020.0mb,,"document.write(Icons.GetShortDescription(1, 'CurrentWeather'));  Haze",2018-03-26
22:00,6°C,6°C,310°4 Km/h,,81%,3°C,1021.0mb,,"document.write(Icons.GetShortDescription(1, 'CurrentWeather'));  Haze",2018-03-26
23:00,6°C,6°C,120°2 Km/h,,81%,3°C,1020.0mb,,"document.write(Icons.GetShortDescription(1, 'CurrentWeather'));  Haze",2018-03-26
