Time,Temperature,Relative Temperature,Wind,Wind Gust,Rel. humidity,Dew Point,Pressure,Icon,DescriptionDetails,date
00:00,-11°C,-16°C,300°9 Km/h,,52%,-19°C,1024.0mb,,"document.write(Icons.GetShortDescription(1, 'CurrentWeather'));",2018-01-11
01:00,-11°C,-17°C,320°11 Km/h,,48%,-20°C,1024.0mb,,"document.write(Icons.GetShortDescription(1, 'CurrentWeather'));",2018-01-11
02:00,-11°C,-17°C,300°13 Km/h,,48%,-20°C,1024.0mb,,"document.write(Icons.GetShortDescription(1, 'CurrentWeather'));",2018-01-11
03:00,-11°C,-18°C,310°17 Km/h,,48%,-20°C,1025.0mb,,"document.write(Icons.GetShortDescription(1, 'CurrentWeather'));",2018-01-11
04:00,-12°C,-19°C,310°15 Km/h,,52%,-20°C,1025.0mb,,"document.write(Icons.GetShortDescription(1, 'CurrentWeather'));",2018-01-11
05:00,-13°C,-18°C,300°7 Km/h,,56%,-20°C,1025.0mb,,"document.write(Icons.GetShortDescription(1, 'CurrentWeather'));",2018-01-11
06:00,-12°C,-17°C,300°9 Km/h,,52%,-20°C,1025.0mb,,"document.write(Icons.GetShortDescription(1, 'CurrentWeather'));",2018-01-11
07:00,-12°C,-16°C,280°6 Km/h,,52%,-20°C,1026.0mb,,"document.write(Icons.GetShortDescription(1, 'CurrentWeather'));",2018-01-11
08:00,-13°C,-18°C,290°7 Km/h,,56%,-20°C,1026.0mb,,"document.write(Icons.GetShortDescription(1, 'CurrentWeather'));",2018-01-11
09:00,-11°C,-18°C,330°15 Km/h,,48%,-20°C,1027.0mb,,"document.write(Icons.GetShortDescription(1, 'CurrentWeather'));",2018-01-11
10:00,-10°C,-17°C,330°17 Km/h,,44%,-20°C,1028.0mb,,"document.write(Icons.GetShortDescription(1, 'CurrentWeather'));",2018-01-11
11:00,-10°C,-17°C,330°15 Km/h,,44%,-20°C,1028.0mb,,"document.write(Icons.GetShortDescription(1, 'CurrentWeather'));",2018-01-11
12:00,-9°C,-15°C,310°15 Km/h,,41%,-20°C,1027.0mb,,"document.write(Icons.GetShortDescription(2, 'CurrentWeather'));  Few Clouds at 910m",2018-01-11
13:00,-9°C,-16°C,310°17 Km/h,,41%,-20°C,1027.0mb,,"document.write(Icons.GetShortDescription(2, 'CurrentWeather'));  Few Clouds at 910m",2018-01-11
14:00,-8°C,-14°C,280°15 Km/h,,38%,-20°C,1027.0mb,,"document.write(Icons.GetShortDescription(2, 'CurrentWeather'));  Few Clouds at 910m",2018-01-11
15:00,-8°C,-15°C,290°20 Km/h,,38%,-20°C,1027.0mb,,"document.write(Icons.GetShortDescription(2, 'CurrentWeather'));  Few Clouds at 910m",2018-01-11
16:00,-9°C,-16°C,310°19 Km/h,,37%,-21°C,1027.0mb,,"document.write(Icons.GetShortDescription(2, 'CurrentWeather'));  Few Clouds at 910m",2018-01-11
17:00,-10°C,-16°C,290°13 Km/h,,41%,-21°C,1028.0mb,,"document.write(Icons.GetShortDescription(2, 'CurrentWeather'));  Few Clouds at 910m",2018-01-11
18:00,-11°C,-18°C,300°15 Km/h,,44%,-21°C,1028.0mb,,"document.write(Icons.GetShortDescription(2, 'CurrentWeather'));  Few Clouds at 910m",2018-01-11
19:00,-12°C,-19°C,320°13 Km/h,,47%,-21°C,1029.0mb,,"document.write(Icons.GetShortDescription(2, 'CurrentWeather'));  Few Clouds at 910m",2018-01-11
20:00,-12°C,-19°C,320°13 Km/h,,47%,-21°C,1029.0mb,,"document.write(Icons.GetShortDescription(2, 'CurrentWeather'));  Few Clouds at 910m",2018-01-11
21:00,-13°C,-22°C,320°20 Km/h,,43%,-23°C,1030.0mb,,"document.write(Icons.GetShortDescription(2, 'CurrentWeather'));  Few Clouds at 910m",2018-01-11
22:00,-13°C,-20°C,310°15 Km/h,,43%,-23°C,1030.0mb,,"document.write(Icons.GetShortDescription(2, 'CurrentWeather'));  Few Clouds at 910m",2018-01-11
23:00,-14°C,-20°C,300°11 Km/h,,47%,-23°C,1030.0mb,,"document.write(Icons.GetShortDescription(2, 'CurrentWeather'));  Few Clouds at 910m",2018-01-11
