Time,Temperature,Relative Temperature,Wind,Wind Gust,Rel. humidity,Dew Point,Pressure,Icon,DescriptionDetails,date
00:00,2°C,-3°C,80°20 Km/h,,35%,-12°C,1024.0mb,,"document.write(Icons.GetShortDescription(1, 'CurrentWeather'));",2018-03-21
01:00,2°C,-2°C,70°15 Km/h,,35%,-12°C,1023.0mb,,"document.write(Icons.GetShortDescription(1, 'CurrentWeather'));",2018-03-21
02:00,2°C,-2°C,70°15 Km/h,,35%,-12°C,1022.0mb,,"document.write(Icons.GetShortDescription(1, 'CurrentWeather'));",2018-03-21
03:00,1°C,-3°C,30°13 Km/h,,41%,-11°C,1022.0mb,,"document.write(Icons.GetShortDescription(1, 'CurrentWeather'));",2018-03-21
04:00,1°C,-2°C,40°11 Km/h,,41%,-11°C,1021.0mb,,"document.write(Icons.GetShortDescription(1, 'CurrentWeather'));",2018-03-21
05:00,1°C,-3°C,20°15 Km/h,,41%,-11°C,1021.0mb,,"document.write(Icons.GetShortDescription(1, 'CurrentWeather'));",2018-03-21
06:00,1°C,-4°C,30°19 Km/h,,38%,-12°C,1021.0mb,,"document.write(Icons.GetShortDescription(1, 'CurrentWeather'));",2018-03-21
07:00,1°C,-3°C,30°17 Km/h,,41%,-11°C,1020.0mb,,"document.write(Icons.GetShortDescription(1, 'CurrentWeather'));",2018-03-21
08:00,2°C,-2°C,30°17 Km/h,,38%,-11°C,1020.0mb,,"document.write(Icons.GetShortDescription(4, 'CurrentWeather'));  Few Clouds at 910m, Cloudy at 3400m",2018-03-21
09:00,3°C,-1°C,20°19 Km/h,,35%,-11°C,1020.0mb,,"document.write(Icons.GetShortDescription(4, 'CurrentWeather'));  Scattered Clouds at 910m, Cloudy at 3400m",2018-03-21
10:00,4°C,0°C,30°17 Km/h,,39%,-9°C,1020.0mb,,"document.write(Icons.GetShortDescription(4, 'CurrentWeather'));  Scattered Clouds at 910m, Cloudy at 3700m",2018-03-21
11:00,5°C,2°C,40°15 Km/h,,36%,-9°C,1019.0mb,,"document.write(Icons.GetShortDescription(4, 'CurrentWeather'));  Scattered Clouds at 910m, Cloudy at 3700m",2018-03-21
12:00,6°C,3°C,60°15 Km/h,,34%,-9°C,1018.0mb,,"document.write(Icons.GetShortDescription(4, 'CurrentWeather'));  Broken Clouds at 910m, Cloudy at 3700m",2018-03-21
13:00,5°C,2°C,90°15 Km/h,,45%,-6°C,1018.0mb,,"document.write(Icons.GetShortDescription(4, 'CurrentWeather'));  Broken Clouds at 910m, Cloudy at 2400m",2018-03-21
14:00,4°C,0°C,50°19 Km/h,,56%,-4°C,1017.0mb,,"document.write(Icons.GetShortDescription(26, 'CurrentWeather'));  Few Clouds at 460m, Broken Clouds at 910m, Cloudy at 2400m Light Snowfall",2018-03-21
14:18,2°C,-3°C,60°22 Km/h,,65%,-4°C,1017.0mb,,"document.write(Icons.GetShortDescription(26, 'CurrentWeather'));  Scattered Clouds at 460m, Broken Clouds at 910m, Cloudy at 2400m Light Snowfall, Haze",2018-03-21
14:40,2°C,-3°C,40°19 Km/h,,70%,-3°C,1017.0mb,,"document.write(Icons.GetShortDescription(26, 'CurrentWeather'));  Scattered Clouds at 300m, Broken Clouds at 910m, Cloudy at 2400m Light Snowfall, Haze",2018-03-21
15:00,2°C,-1°C,50°11 Km/h,,75%,-2°C,1017.0mb,,"document.write(Icons.GetShortDescription(26, 'CurrentWeather'));  Scattered Clouds at 300m, Broken Clouds at 910m, Cloudy at 2400m Light Snowfall, Haze",2018-03-21
15:10,2°C,-1°C,40°11 Km/h,,75%,-2°C,1017.0mb,,"document.write(Icons.GetShortDescription(26, 'CurrentWeather'));  Few Clouds at 300m, Broken Clouds at 610m, Cloudy at 2400m Light Rain and Snowfall, Haze",2018-03-21
16:00,3°C,-1°C,20°19 Km/h,,65%,-3°C,1017.0mb,,"document.write(Icons.GetShortDescription(4, 'CurrentWeather'));  Few Clouds at 460m, Broken Clouds at 910m, Cloudy at 2400m",2018-03-21
17:00,1°C,-3°C,20°17 Km/h,,75%,-3°C,1017.0mb,,"document.write(Icons.GetShortDescription(26, 'CurrentWeather'));  Scattered Clouds at 240m, Broken Clouds at 610m, Cloudy at 2400m Light Rain and Snowfall, Haze",2018-03-21
17:34,1°C,-3°C,20°17 Km/h,,81%,-2°C,1017.0mb,,"document.write(Icons.GetShortDescription(26, 'CurrentWeather'));  Scattered Clouds at 240m, Broken Clouds at 610m, Cloudy at 2400m Light Rain and Snowfall, Haze",2018-03-21
18:00,1°C,-3°C,20°15 Km/h,,81%,-2°C,1017.0mb,,"document.write(Icons.GetShortDescription(26, 'CurrentWeather'));  Scattered Clouds at 300m, Broken Clouds at 610m, Cloudy at 2100m Light Snowfall, Haze",2018-03-21
18:24,1°C,-3°C,10°15 Km/h,,81%,-2°C,1016.0mb,,"document.write(Icons.GetShortDescription(26, 'CurrentWeather'));  Scattered Clouds at 300m, Broken Clouds at 610m, Cloudy at 2100m Light Snowfall, Haze",2018-03-21
19:00,2°C,-1°C,30°11 Km/h,,75%,-2°C,1016.0mb,,"document.write(Icons.GetShortDescription(26, 'CurrentWeather'));  Few Clouds at 300m, Broken Clouds at 760m, Cloudy at 2400m Light Rain and Snowfall",2018-03-21
20:00,2°C,-3°C,40°19 Km/h,,75%,-2°C,1016.0mb,,"document.write(Icons.GetShortDescription(26, 'CurrentWeather'));  Few Clouds at 300m, Broken Clouds at 760m, Cloudy at 2400m Light Rain and Snowfall",2018-03-21
21:00,2°C,-2°C,120°13 Km/h,,75%,-2°C,1017.0mb,,"document.write(Icons.GetShortDescription(26, 'CurrentWeather'));  Few Clouds at 300m, Broken Clouds at 1100m, Cloudy at 2400m Light Rain and Snowfall",2018-03-21
22:00,2°C,0°C,240°6 Km/h,,75%,-2°C,1017.0mb,,"document.write(Icons.GetShortDescription(4, 'CurrentWeather'));  Broken Clouds at 1200m, Cloudy at 3000m",2018-03-21
23:00,2°C,0°C,290°7 Km/h,,75%,-2°C,1016.0mb,,"document.write(Icons.GetShortDescription(4, 'CurrentWeather'));  Broken Clouds at 910m, Cloudy at 3000m",2018-03-21
