Time,Temperature,Relative Temperature,Wind,Wind Gust,Rel. humidity,Dew Point,Pressure,Icon,DescriptionDetails,date
00:00,6°C,6°C,260°4 Km/h,,81%,3°C,1024.0mb,,"document.write(Icons.GetShortDescription(3, 'CurrentWeather'));  Scattered Clouds at 180m, Broken Clouds at 910m Haze",2018-03-25
01:00,6°C,5°C,230°6 Km/h,,76%,2°C,1025.0mb,,"document.write(Icons.GetShortDescription(3, 'CurrentWeather'));  Scattered Clouds at 240m, Broken Clouds at 910m Haze",2018-03-25
02:00,5°C,5°C,320°2 Km/h,,81%,2°C,1024.0mb,,"document.write(Icons.GetShortDescription(3, 'CurrentWeather'));  Scattered Clouds at 240m, Broken Clouds at 910m Haze",2018-03-25
03:00,5°C,3°C,180°7 Km/h,,81%,2°C,1024.0mb,,"document.write(Icons.GetShortDescription(3, 'CurrentWeather'));  Scattered Clouds at 240m, Broken Clouds at 910m Haze",2018-03-25
04:00,5°C,3°C,160°7 Km/h,,76%,1°C,1024.0mb,,"document.write(Icons.GetShortDescription(3, 'CurrentWeather'));  Scattered Clouds at 240m, Broken Clouds at 910m Haze",2018-03-25
05:00,5°C,4°C,140°6 Km/h,,76%,1°C,1025.0mb,,"document.write(Icons.GetShortDescription(3, 'CurrentWeather'));  Scattered Clouds at 240m, Broken Clouds at 910m Haze",2018-03-25
06:00,5°C,5°C,100°4 Km/h,,76%,1°C,1025.0mb,,"document.write(Icons.GetShortDescription(3, 'CurrentWeather'));  Scattered Clouds at 240m, Broken Clouds at 910m Haze",2018-03-25
07:00,5°C,5°C,180°2 Km/h,,76%,1°C,1026.0mb,,"document.write(Icons.GetShortDescription(3, 'CurrentWeather'));  Scattered Clouds at 270m, Broken Clouds at 910m Haze",2018-03-25
08:00,5°C,5°C,300°2 Km/h,,76%,1°C,1026.0mb,,"document.write(Icons.GetShortDescription(3, 'CurrentWeather'));  Scattered Clouds at 300m, Broken Clouds at 910m Haze",2018-03-25
09:00,7°C,6°C,180°6 Km/h,,66%,1°C,1026.0mb,,"document.write(Icons.GetShortDescription(3, 'CurrentWeather'));  Few Clouds at 300m, Broken Clouds at 910m Haze",2018-03-25
10:00,9°C,8°C,180°7 Km/h,,62%,2°C,1026.0mb,,"document.write(Icons.GetShortDescription(3, 'CurrentWeather'));  Few Clouds at 300m, Broken Clouds at 910m Haze",2018-03-25
11:00,10°C,10°C,190°6 Km/h,,58%,2°C,1026.0mb,,"document.write(Icons.GetShortDescription(2, 'CurrentWeather'));  Few Clouds at 300m, Scattered Clouds at 910m Haze",2018-03-25
12:00,13°C,13°C,190°4 Km/h,,51%,3°C,1026.0mb,,"document.write(Icons.GetShortDescription(2, 'CurrentWeather'));  Few Clouds at 300m, Scattered Clouds at 910m Haze",2018-03-25
13:00,14°C,14°C,220°9 Km/h,,44%,2°C,1025.0mb,,"document.write(Icons.GetShortDescription(2, 'CurrentWeather'));  Scattered Clouds at 910m Haze",2018-03-25
14:00,14°C,14°C,240°15 Km/h,,44%,2°C,1025.0mb,,"document.write(Icons.GetShortDescription(2, 'CurrentWeather'));  Scattered Clouds at 910m Haze",2018-03-25
15:00,14°C,14°C,250°11 Km/h,,44%,2°C,1024.0mb,,"document.write(Icons.GetShortDescription(2, 'CurrentWeather'));  Scattered Clouds at 910m Haze",2018-03-25
16:00,14°C,14°C,250°11 Km/h,,48%,3°C,1024.0mb,,"document.write(Icons.GetShortDescription(2, 'CurrentWeather'));  Scattered Clouds at 910m Haze",2018-03-25
17:00,14°C,14°C,230°15 Km/h,,48%,3°C,1023.0mb,,"document.write(Icons.GetShortDescription(2, 'CurrentWeather'));  Scattered Clouds at 910m Haze",2018-03-25
18:00,11°C,11°C,310°13 Km/h,,58%,3°C,1023.0mb,,"document.write(Icons.GetShortDescription(2, 'CurrentWeather'));  Few Clouds at 910m Haze",2018-03-25
19:00,7°C,5°C,290°11 Km/h,,76%,3°C,1024.0mb,,"document.write(Icons.GetShortDescription(2, 'CurrentWeather'));  Few Clouds at 910m Haze",2018-03-25
20:00,6°C,4°C,310°11 Km/h,,76%,2°C,1024.0mb,,"document.write(Icons.GetShortDescription(2, 'CurrentWeather'));  Few Clouds at 910m Haze",2018-03-25
21:00,5°C,3°C,340°7 Km/h,,81%,2°C,1024.0mb,,"document.write(Icons.GetShortDescription(2, 'CurrentWeather'));  Scattered Clouds at 150m Haze",2018-03-25
22:00,5°C,3°C,340°9 Km/h,,81%,2°C,1024.0mb,,"document.write(Icons.GetShortDescription(2, 'CurrentWeather'));  Few Clouds at 150m Haze",2018-03-25
23:00,4°C,2°C,350°7 Km/h,,87%,2°C,1024.0mb,,"document.write(Icons.GetShortDescription(3, 'CurrentWeather'));  Broken Clouds at 150m Haze",2018-03-25
