Time,Temperature,Relative Temperature,Wind,Wind Gust,Rel. humidity,Dew Point,Pressure,Icon,DescriptionDetails,date
00:00,11°C,11°C,330°6 Km/h,,88%,9°C,1012.0mb,,"document.write(Icons.GetShortDescription(2, 'CurrentWeather'));  Few Clouds at 150m Haze",2018-05-14
01:00,11°C,11°C,310°9 Km/h,,88%,9°C,1012.0mb,,"document.write(Icons.GetShortDescription(2, 'CurrentWeather'));  Scattered Clouds at 150m Haze",2018-05-14
02:00,11°C,11°C,260°4 Km/h,,88%,9°C,1012.0mb,,"document.write(Icons.GetShortDescription(2, 'CurrentWeather'));  Scattered Clouds at 150m Haze",2018-05-14
03:00,11°C,11°C,300°9 Km/h,,88%,9°C,1012.0mb,,"document.write(Icons.GetShortDescription(2, 'CurrentWeather'));  Scattered Clouds at 150m Haze",2018-05-14
04:00,11°C,11°C,320°6 Km/h,,88%,9°C,1012.0mb,,"document.write(Icons.GetShortDescription(2, 'CurrentWeather'));  Scattered Clouds at 150m Haze",2018-05-14
05:00,11°C,11°C,80°2 Km/h,,88%,9°C,1012.0mb,,"document.write(Icons.GetShortDescription(2, 'CurrentWeather'));  Scattered Clouds at 150m Haze",2018-05-14
06:00,11°C,11°C,150°11 Km/h,,88%,9°C,1013.0mb,,"document.write(Icons.GetShortDescription(2, 'CurrentWeather'));  Scattered Clouds at 150m Haze",2018-05-14
07:00,12°C,12°C,190°6 Km/h,,82%,9°C,1013.0mb,,"document.write(Icons.GetShortDescription(2, 'CurrentWeather'));  Scattered Clouds at 240m Haze",2018-05-14
08:00,13°C,13°C,230°4 Km/h,,82%,10°C,1013.0mb,,"document.write(Icons.GetShortDescription(2, 'CurrentWeather'));  Scattered Clouds at 300m Haze",2018-05-14
09:00,15°C,15°C,170°9 Km/h,,77%,11°C,1013.0mb,,"document.write(Icons.GetShortDescription(3, 'CurrentWeather'));  Scattered Clouds at 300m, Broken Clouds at 610m Haze",2018-05-14
10:00,16°C,16°C,190°7 Km/h,,72%,11°C,1013.0mb,,"document.write(Icons.GetShortDescription(3, 'CurrentWeather'));  Scattered Clouds at 300m, Broken Clouds at 610m Haze",2018-05-14
11:00,17°C,17°C,190°6 Km/h,,73%,12°C,1013.0mb,,"document.write(Icons.GetShortDescription(3, 'CurrentWeather'));  Scattered Clouds at 300m, Broken Clouds at 610m Haze",2018-05-14
12:00,19°C,19°C,190°6 Km/h,,68%,13°C,1012.0mb,,"document.write(Icons.GetShortDescription(2, 'CurrentWeather'));  Few Clouds at 460m, Scattered Clouds at 1100m Haze",2018-05-14
13:00,21°C,21°C,230°4 Km/h,,64%,14°C,1012.0mb,,"document.write(Icons.GetShortDescription(2, 'CurrentWeather'));  Few Clouds at 460m, Scattered Clouds at 4600m Haze",2018-05-14
14:00,23°C,23°C,180°6 Km/h,,61%,15°C,1011.0mb,,"document.write(Icons.GetShortDescription(2, 'CurrentWeather'));  Few Clouds at 460m, Scattered Clouds at 4600m Haze",2018-05-14
15:00,23°C,23°C,300°11 Km/h,,61%,15°C,1011.0mb,,"document.write(Icons.GetShortDescription(2, 'CurrentWeather'));  Few Clouds at 460m, Scattered Clouds at 4600m Haze",2018-05-14
16:00,24°C,24°C,260°13 Km/h,,54%,14°C,1010.0mb,,"document.write(Icons.GetShortDescription(1, 'CurrentWeather'));  Haze",2018-05-14
17:00,24°C,24°C,250°17 Km/h,,54%,14°C,1010.0mb,,"document.write(Icons.GetShortDescription(1, 'CurrentWeather'));  Haze",2018-05-14
18:00,23°C,23°C,240°11 Km/h,,53%,13°C,1010.0mb,,"document.write(Icons.GetShortDescription(1, 'CurrentWeather'));  Haze",2018-05-14
19:00,22°C,22°C,280°9 Km/h,,57%,13°C,1010.0mb,,"document.write(Icons.GetShortDescription(1, 'CurrentWeather'));  Haze",2018-05-14
20:00,19°C,19°C,300°9 Km/h,,68%,13°C,1010.0mb,,"document.write(Icons.GetShortDescription(1, 'CurrentWeather'));  Haze",2018-05-14
21:00,18°C,18°C,330°2 Km/h,,73%,13°C,1011.0mb,,"document.write(Icons.GetShortDescription(1, 'CurrentWeather'));  Haze",2018-05-14
22:00,18°C,18°C,330°2 Km/h,,78%,14°C,1011.0mb,,"document.write(Icons.GetShortDescription(1, 'CurrentWeather'));  Haze",2018-05-14
23:00,17°C,17°C,300°2 Km/h,,77%,13°C,1011.0mb,,"document.write(Icons.GetShortDescription(1, 'CurrentWeather'));  Haze",2018-05-14
