Time,Temperature,Relative Temperature,Wind,Wind Gust,Rel. humidity,Dew Point,Pressure,Icon,DescriptionDetails,date
00:00,10°C,8°C,100°17 Km/h,,58%,2°C,1019.0mb,,"document.write(Icons.GetShortDescription(3, 'CurrentWeather'));  Few Clouds at 1200m, Broken Clouds at 5500m",2018-04-05
01:00,10°C,8°C,90°13 Km/h,,58%,2°C,1019.0mb,,"document.write(Icons.GetShortDescription(3, 'CurrentWeather'));  Few Clouds at 1200m, Broken Clouds at 4600m",2018-04-05
02:00,10°C,8°C,100°15 Km/h,,58%,2°C,1019.0mb,,"document.write(Icons.GetShortDescription(3, 'CurrentWeather'));  Few Clouds at 1200m, Broken Clouds at 4600m",2018-04-05
03:00,10°C,8°C,100°17 Km/h,,58%,2°C,1019.0mb,,"document.write(Icons.GetShortDescription(3, 'CurrentWeather'));  Few Clouds at 1200m, Broken Clouds at 4600m",2018-04-05
04:00,10°C,8°C,110°19 Km/h,,58%,2°C,1019.0mb,,"document.write(Icons.GetShortDescription(3, 'CurrentWeather'));  Scattered Clouds at 910m, Broken Clouds at 3700m",2018-04-05
05:00,9°C,6°C,130°22 Km/h,,66%,3°C,1018.0mb,,"document.write(Icons.GetShortDescription(7, 'CurrentWeather'));  Broken Clouds at 910m, Cloudy at 3000m Light Rain",2018-04-05
06:00,8°C,6°C,110°13 Km/h,,76%,4°C,1018.0mb,,"document.write(Icons.GetShortDescription(7, 'CurrentWeather'));  Few Clouds at 300m, Broken Clouds at 760m, Cloudy at 2400m Light Rain",2018-04-05
07:00,8°C,5°C,80°17 Km/h,,82%,5°C,1019.0mb,,"document.write(Icons.GetShortDescription(7, 'CurrentWeather'));  Few Clouds at 300m, Broken Clouds at 610m, Cloudy at 2400m Light Rain, Haze",2018-04-05
08:00,8°C,5°C,100°19 Km/h,,76%,4°C,1019.0mb,,"document.write(Icons.GetShortDescription(7, 'CurrentWeather'));  Few Clouds at 300m, Broken Clouds at 610m, Cloudy at 2400m Light Rain",2018-04-05
09:00,8°C,5°C,100°19 Km/h,,76%,4°C,1018.0mb,,"document.write(Icons.GetShortDescription(7, 'CurrentWeather'));  Few Clouds at 300m, Broken Clouds at 610m, Cloudy at 2400m Light Rain",2018-04-05
10:00,8°C,4°C,120°24 Km/h,,76%,4°C,1018.0mb,,"document.write(Icons.GetShortDescription(4, 'CurrentWeather'));  Scattered Clouds at 300m, Broken Clouds at 610m, Cloudy at 2400m",2018-04-05
10:53,8°C,5°C,70°15 Km/h,,82%,5°C,1018.0mb,,"document.write(Icons.GetShortDescription(7, 'CurrentWeather'));  Scattered Clouds at 300m, Broken Clouds at 610m, Cloudy at 2400m Light Rain, Haze",2018-04-05
11:00,8°C,5°C,80°17 Km/h,,76%,4°C,1018.0mb,,"document.write(Icons.GetShortDescription(7, 'CurrentWeather'));  Scattered Clouds at 300m, Broken Clouds at 610m, Cloudy at 2100m Light Rain, Haze",2018-04-05
12:00,8°C,6°C,100°13 Km/h,,82%,5°C,1017.0mb,,"document.write(Icons.GetShortDescription(7, 'CurrentWeather'));  Scattered Clouds at 240m, Broken Clouds at 610m, Cloudy at 2100m Light Rain, Haze",2018-04-05
12:46,8°C,5°C,120°20 Km/h,,87%,6°C,1016.0mb,,"document.write(Icons.GetShortDescription(7, 'CurrentWeather'));  Scattered Clouds at 240m, Broken Clouds at 610m, Cloudy at 2100m Light Drizzle, Haze",2018-04-05
13:00,8°C,5°C,120°19 Km/h,,87%,6°C,1016.0mb,,"document.write(Icons.GetShortDescription(4, 'CurrentWeather'));  Scattered Clouds at 300m, Broken Clouds at 610m, Cloudy at 2100m",2018-04-05
14:00,9°C,7°C,120°13 Km/h,,82%,6°C,1015.0mb,,"document.write(Icons.GetShortDescription(7, 'CurrentWeather'));  Scattered Clouds at 300m, Broken Clouds at 610m, Cloudy at 2100m Light Drizzle",2018-04-05
14:19,9°C,7°C,110°11 Km/h,,82%,6°C,1015.0mb,,"document.write(Icons.GetShortDescription(7, 'CurrentWeather'));  Scattered Clouds at 300m, Broken Clouds at 610m, Cloudy at 2100m Light Drizzle, Haze",2018-04-05
15:00,9°C,7°C,120°15 Km/h,,82%,6°C,1014.0mb,,"document.write(Icons.GetShortDescription(7, 'CurrentWeather'));  Scattered Clouds at 300m, Broken Clouds at 610m, Cloudy at 2100m Light Rain, Haze",2018-04-05
15:45,9°C,6°C,120°19 Km/h,,82%,6°C,1014.0mb,,"document.write(Icons.GetShortDescription(7, 'CurrentWeather'));  Scattered Clouds at 150m, Broken Clouds at 610m, Cloudy at 2100m Light Rain, Haze",2018-04-05
16:00,9°C,7°C,110°11 Km/h,,82%,6°C,1014.0mb,,"document.write(Icons.GetShortDescription(7, 'CurrentWeather'));  Scattered Clouds at 150m, Broken Clouds at 610m, Cloudy at 2100m Light Rain, Haze",2018-04-05
17:00,8°C,6°C,70°9 Km/h,,87%,6°C,1014.0mb,,"document.write(Icons.GetShortDescription(7, 'CurrentWeather'));  Scattered Clouds at 150m, Broken Clouds at 610m, Cloudy at 2100m Light Rain, Haze",2018-04-05
17:22,8°C,6°C,70°9 Km/h,,87%,6°C,1014.0mb,,"document.write(Icons.GetShortDescription(7, 'CurrentWeather'));  Scattered Clouds at 150m, Broken Clouds at 610m, Cloudy at 2100m Light Rain, Haze",2018-04-05
18:00,8°C,6°C,50°11 Km/h,,87%,6°C,1014.0mb,,"document.write(Icons.GetShortDescription(7, 'CurrentWeather'));  Scattered Clouds at 150m, Broken Clouds at 610m, Cloudy at 2100m Light Rain, Haze",2018-04-05
19:00,8°C,6°C,80°11 Km/h,,87%,6°C,1014.0mb,,"document.write(Icons.GetShortDescription(7, 'CurrentWeather'));  Scattered Clouds at 300m, Broken Clouds at 610m, Cloudy at 2100m Light Rain",2018-04-05
20:00,8°C,6°C,110°13 Km/h,,87%,6°C,1013.0mb,,"document.write(Icons.GetShortDescription(7, 'CurrentWeather'));  Scattered Clouds at 300m, Broken Clouds at 610m, Cloudy at 2100m Light Rain",2018-04-05
21:00,8°C,6°C,80°9 Km/h,,82%,5°C,1014.0mb,,"document.write(Icons.GetShortDescription(7, 'CurrentWeather'));  Scattered Clouds at 300m, Broken Clouds at 610m, Cloudy at 2100m Light Rain",2018-04-05
22:00,8°C,6°C,50°11 Km/h,,82%,5°C,1013.0mb,,"document.write(Icons.GetShortDescription(7, 'CurrentWeather'));  Scattered Clouds at 300m, Broken Clouds at 610m, Cloudy at 2100m Light Rain",2018-04-05
23:00,8°C,7°C,30°7 Km/h,,82%,5°C,1013.0mb,,"document.write(Icons.GetShortDescription(7, 'CurrentWeather'));  Scattered Clouds at 300m, Broken Clouds at 610m, Cloudy at 2100m Light Rain",2018-04-05
