Time,Temperature,Relative Temperature,Wind,Wind Gust,Rel. humidity,Dew Point,Pressure,Icon,DescriptionDetails,date
00:00,14°C,14°C,240°9 Km/h,,88%,12°C,1007.0mb,,"document.write(Icons.GetShortDescription(7, 'CurrentWeather'));  Few Clouds at 300m, Broken Clouds at 910m, Cloudy at 3000m Light Rain, Haze",2018-05-13
01:00,14°C,14°C,230°9 Km/h,,88%,12°C,1007.0mb,,"document.write(Icons.GetShortDescription(7, 'CurrentWeather'));  Few Clouds at 300m, Broken Clouds at 910m, Cloudy at 3000m Light Rain, Haze",2018-05-13
01:17,14°C,14°C,220°7 Km/h,,88%,12°C,1006.0mb,,"document.write(Icons.GetShortDescription(4, 'CurrentWeather'));  Few Clouds at 300m, Broken Clouds at 910m, Cloudy at 3000m Haze",2018-05-13
02:00,14°C,14°C,260°4 Km/h,,88%,12°C,1006.0mb,,"document.write(Icons.GetShortDescription(4, 'CurrentWeather'));  Scattered Clouds at 60m, Broken Clouds at 910m, Cloudy at 3000m Haze",2018-05-13
03:00,14°C,14°C,320°6 Km/h,,88%,12°C,1007.0mb,,"document.write(Icons.GetShortDescription(3, 'CurrentWeather'));  Scattered Clouds at 90m, Broken Clouds at 910m Haze",2018-05-13
03:40,13°C,13°C,290°11 Km/h,,88%,11°C,1007.0mb,,"document.write(Icons.GetShortDescription(3, 'CurrentWeather'));  Scattered Clouds at 60m, Broken Clouds at 910m Partial Fog",2018-05-13
04:00,13°C,13°C,280°9 Km/h,,88%,11°C,1007.0mb,,"document.write(Icons.GetShortDescription(3, 'CurrentWeather'));  Scattered Clouds at 60m, Broken Clouds at 760m Partial Fog",2018-05-13
05:00,13°C,13°C,300°6 Km/h,,88%,11°C,1007.0mb,,"document.write(Icons.GetShortDescription(3, 'CurrentWeather'));  Scattered Clouds at 60m, Broken Clouds at 610m Haze",2018-05-13
05:23,13°C,13°C,320°4 Km/h,,94%,12°C,1007.0mb,,"document.write(Icons.GetShortDescription(3, 'CurrentWeather'));  Scattered Clouds at 270m, Broken Clouds at 610m Haze",2018-05-13
06:00,13°C,13°C,340°9 Km/h,,88%,11°C,1007.0mb,,"document.write(Icons.GetShortDescription(3, 'CurrentWeather'));  Scattered Clouds at 210m, Broken Clouds at 610m",2018-05-13
07:00,14°C,14°C,310°7 Km/h,,88%,12°C,1007.0mb,,"document.write(Icons.GetShortDescription(3, 'CurrentWeather'));  Scattered Clouds at 210m, Broken Clouds at 610m",2018-05-13
08:00,14°C,14°C,270°4 Km/h,,88%,12°C,1008.0mb,,"document.write(Icons.GetShortDescription(3, 'CurrentWeather'));  Scattered Clouds at 210m, Broken Clouds at 610m Haze",2018-05-13
09:00,15°C,15°C,300°7 Km/h,,82%,12°C,1008.0mb,,"document.write(Icons.GetShortDescription(3, 'CurrentWeather'));  Scattered Clouds at 300m, Broken Clouds at 610m",2018-05-13
10:00,16°C,16°C,310°11 Km/h,,77%,12°C,1008.0mb,,"document.write(Icons.GetShortDescription(3, 'CurrentWeather'));  Few Clouds at 300m, Broken Clouds at 760m",2018-05-13
11:00,17°C,17°C,230°7 Km/h,,77%,13°C,1009.0mb,,"document.write(Icons.GetShortDescription(3, 'CurrentWeather'));  Broken Clouds at 760m",2018-05-13
12:00,18°C,18°C,210°9 Km/h,,68%,12°C,1009.0mb,,"document.write(Icons.GetShortDescription(3, 'CurrentWeather'));  Broken Clouds at 760m",2018-05-13
13:00,18°C,18°C,250°9 Km/h,,68%,12°C,1009.0mb,,"document.write(Icons.GetShortDescription(3, 'CurrentWeather'));  Broken Clouds at 760m",2018-05-13
14:00,18°C,18°C,250°11 Km/h,,64%,11°C,1008.0mb,,"document.write(Icons.GetShortDescription(3, 'CurrentWeather'));  Broken Clouds at 1100m",2018-05-13
15:00,19°C,19°C,220°19 Km/h,,64%,12°C,1008.0mb,,"document.write(Icons.GetShortDescription(2, 'CurrentWeather'));  Scattered Clouds at 1100m",2018-05-13
16:00,18°C,18°C,230°17 Km/h,,64%,11°C,1008.0mb,,"document.write(Icons.GetShortDescription(2, 'CurrentWeather'));  Few Clouds at 1100m",2018-05-13
17:00,18°C,18°C,240°13 Km/h,,64%,11°C,1008.0mb,,"document.write(Icons.GetShortDescription(1, 'CurrentWeather'));",2018-05-13
18:00,17°C,17°C,220°11 Km/h,,64%,10°C,1008.0mb,,"document.write(Icons.GetShortDescription(1, 'CurrentWeather'));",2018-05-13
19:00,14°C,14°C,300°17 Km/h,,72%,9°C,1009.0mb,,"document.write(Icons.GetShortDescription(1, 'CurrentWeather'));",2018-05-13
20:00,12°C,12°C,310°13 Km/h,,82%,9°C,1010.0mb,,"document.write(Icons.GetShortDescription(1, 'CurrentWeather'));  Haze",2018-05-13
21:00,11°C,11°C,320°9 Km/h,,88%,9°C,1010.0mb,,"document.write(Icons.GetShortDescription(1, 'CurrentWeather'));  Haze",2018-05-13
22:00,11°C,11°C,330°7 Km/h,,88%,9°C,1011.0mb,,"document.write(Icons.GetShortDescription(1, 'CurrentWeather'));  Haze",2018-05-13
23:00,11°C,11°C,350°6 Km/h,,88%,9°C,1011.0mb,,"document.write(Icons.GetShortDescription(2, 'CurrentWeather'));  Few Clouds at 300m Haze",2018-05-13
