Time,Temperature,Relative Temperature,Wind,Wind Gust,Rel. humidity,Dew Point,Pressure,Icon,DescriptionDetails,date
00:00,7°C,4°C,20°20 Km/h,,81%,4°C,1010.0mb,,"document.write(Icons.GetShortDescription(7, 'CurrentWeather'));  Few Clouds at 300m, Broken Clouds at 610m, Cloudy at 3000m Light Rain",2018-03-05
01:00,7°C,4°C,20°20 Km/h,,76%,3°C,1010.0mb,,"document.write(Icons.GetShortDescription(7, 'CurrentWeather'));  Few Clouds at 300m, Broken Clouds at 760m, Cloudy at 3000m Light Rain",2018-03-05
02:00,6°C,2°C,20°22 Km/h,,81%,3°C,1010.0mb,,"document.write(Icons.GetShortDescription(7, 'CurrentWeather'));  Few Clouds at 300m, Broken Clouds at 610m, Cloudy at 3000m Light Rain",2018-03-05
03:00,6°C,2°C,20°22 Km/h,,81%,3°C,1011.0mb,,"document.write(Icons.GetShortDescription(7, 'CurrentWeather'));  Few Clouds at 300m, Broken Clouds at 610m, Cloudy at 3000m Light Rain, Haze",2018-03-05
04:00,5°C,1°C,20°22 Km/h,,81%,2°C,1011.0mb,,"document.write(Icons.GetShortDescription(7, 'CurrentWeather'));  Few Clouds at 300m, Broken Clouds at 610m, Cloudy at 3000m Light Rain, Haze",2018-03-05
05:00,5°C,1°C,20°22 Km/h,,81%,2°C,1012.0mb,,"document.write(Icons.GetShortDescription(7, 'CurrentWeather'));  Few Clouds at 300m, Broken Clouds at 610m, Cloudy at 3000m Light Rain",2018-03-05
06:00,4°C,0°C,30°17 Km/h,,81%,1°C,1012.0mb,,"document.write(Icons.GetShortDescription(7, 'CurrentWeather'));  Broken Clouds at 1100m, Cloudy at 3000m Light Rain",2018-03-05
07:00,4°C,0°C,30°19 Km/h,,81%,1°C,1013.0mb,,"document.write(Icons.GetShortDescription(7, 'CurrentWeather'));  Broken Clouds at 1100m, Cloudy at 3000m Light Rain",2018-03-05
08:00,4°C,0°C,20°19 Km/h,,75%,0°C,1014.0mb,,"document.write(Icons.GetShortDescription(7, 'CurrentWeather'));  Broken Clouds at 760m, Cloudy at 3000m Light Rain",2018-03-05
09:00,4°C,0°C,20°20 Km/h,,75%,0°C,1016.0mb,,"document.write(Icons.GetShortDescription(4, 'CurrentWeather'));  Broken Clouds at 760m, Cloudy at 3000m",2018-03-05
10:00,5°C,1°C,30°19 Km/h,,70%,0°C,1016.0mb,,"document.write(Icons.GetShortDescription(3, 'CurrentWeather'));  Scattered Clouds at 760m, Broken Clouds at 3700m",2018-03-05
11:00,6°C,3°C,20°17 Km/h,,71%,1°C,1018.0mb,,"document.write(Icons.GetShortDescription(2, 'CurrentWeather'));  Scattered Clouds at 760m, Scattered Clouds at 5500m",2018-03-05
12:00,7°C,4°C,40°20 Km/h,,57%,-1°C,1018.0mb,,"document.write(Icons.GetShortDescription(3, 'CurrentWeather'));  Scattered Clouds at 910m, Broken Clouds at 5500m",2018-03-05
13:00,7°C,4°C,20°20 Km/h,,57%,-1°C,1019.0mb,,"document.write(Icons.GetShortDescription(2, 'CurrentWeather'));  Scattered Clouds at 910m",2018-03-05
14:00,9°C,6°C,10°20 Km/h,,50%,-1°C,1018.0mb,,"document.write(Icons.GetShortDescription(2, 'CurrentWeather'));  Few Clouds at 1200m",2018-03-05
15:00,9°C,6°C,20°19 Km/h,,46%,-2°C,1019.0mb,,"document.write(Icons.GetShortDescription(2, 'CurrentWeather'));  Few Clouds at 1200m, Scattered Clouds at 5500m",2018-03-05
16:00,9°C,6°C,10°19 Km/h,,46%,-2°C,1019.0mb,,"document.write(Icons.GetShortDescription(2, 'CurrentWeather'));  Few Clouds at 1200m, Scattered Clouds at 5500m",2018-03-05
17:00,8°C,5°C,350°22 Km/h,,50%,-2°C,1020.0mb,,"document.write(Icons.GetShortDescription(2, 'CurrentWeather'));  Few Clouds at 1200m",2018-03-05
18:00,7°C,3°C,10°22 Km/h,,49%,-3°C,1022.0mb,,"document.write(Icons.GetShortDescription(2, 'CurrentWeather'));  Few Clouds at 1200m",2018-03-05
19:00,5°C,1°C,10°19 Km/h,,53%,-4°C,1023.0mb,,"document.write(Icons.GetShortDescription(2, 'CurrentWeather'));  Few Clouds at 1200m",2018-03-05
20:00,3°C,0°C,10°11 Km/h,,56%,-5°C,1024.0mb,,"document.write(Icons.GetShortDescription(1, 'CurrentWeather'));",2018-03-05
21:00,3°C,0°C,30°13 Km/h,,56%,-5°C,1025.0mb,,"document.write(Icons.GetShortDescription(1, 'CurrentWeather'));",2018-03-05
22:00,2°C,-1°C,10°9 Km/h,,60%,-5°C,1025.0mb,,"document.write(Icons.GetShortDescription(1, 'CurrentWeather'));",2018-03-05
23:00,2°C,0°C,20°7 Km/h,,60%,-5°C,1025.0mb,,"document.write(Icons.GetShortDescription(1, 'CurrentWeather'));",2018-03-05
