Time,Temperature,Relative Temperature,Wind,Wind Gust,Rel. humidity,Dew Point,Pressure,Icon,DescriptionDetails,date
00:00,10°C,10°C,340°6 Km/h,,67%,4°C,1016.0mb,,"document.write(Icons.GetShortDescription(1, 'CurrentWeather'));",2018-04-29
01:00,9°C,9°C,350°4 Km/h,,71%,4°C,1016.0mb,,"document.write(Icons.GetShortDescription(1, 'CurrentWeather'));",2018-04-29
02:00,9°C,9°C,350°2 Km/h,,71%,4°C,1015.0mb,,"document.write(Icons.GetShortDescription(1, 'CurrentWeather'));",2018-04-29
03:00,8°C,8°C,260°2 Km/h,,76%,4°C,1015.0mb,,"document.write(Icons.GetShortDescription(1, 'CurrentWeather'));",2018-04-29
04:00,8°C,8°C,320°4 Km/h,,82%,5°C,1015.0mb,,"document.write(Icons.GetShortDescription(1, 'CurrentWeather'));",2018-04-29
05:00,7°C,7°C,30°2 Km/h,,81%,4°C,1015.0mb,,"document.write(Icons.GetShortDescription(1, 'CurrentWeather'));",2018-04-29
06:00,8°C,8°C,320°4 Km/h,,82%,5°C,1015.0mb,,"document.write(Icons.GetShortDescription(1, 'CurrentWeather'));",2018-04-29
07:00,10°C,10°C,300°2 Km/h,,82%,7°C,1015.0mb,,"document.write(Icons.GetShortDescription(1, 'CurrentWeather'));",2018-04-29
08:00,14°C,14°C,210°4 Km/h,,63%,7°C,1015.0mb,,"document.write(Icons.GetShortDescription(1, 'CurrentWeather'));",2018-04-29
09:00,17°C,17°C,200°6 Km/h,,39%,3°C,1015.0mb,,"document.write(Icons.GetShortDescription(1, 'CurrentWeather'));",2018-04-29
10:00,19°C,19°C,170°6 Km/h,,32%,2°C,1015.0mb,,"document.write(Icons.GetShortDescription(1, 'CurrentWeather'));",2018-04-29
11:00,20°C,20°C,220°9 Km/h,,30%,2°C,1014.0mb,,"document.write(Icons.GetShortDescription(1, 'CurrentWeather'));",2018-04-29
12:00,21°C,21°C,230°15 Km/h,,31%,3°C,1014.0mb,,"document.write(Icons.GetShortDescription(1, 'CurrentWeather'));",2018-04-29
13:00,21°C,21°C,280°15 Km/h,,29%,2°C,1013.0mb,,"document.write(Icons.GetShortDescription(1, 'CurrentWeather'));",2018-04-29
14:00,21°C,21°C,240°15 Km/h,,29%,2°C,1013.0mb,,"document.write(Icons.GetShortDescription(1, 'CurrentWeather'));",2018-04-29
15:00,21°C,21°C,260°15 Km/h,,29%,2°C,1012.0mb,,"document.write(Icons.GetShortDescription(1, 'CurrentWeather'));",2018-04-29
16:00,21°C,21°C,240°13 Km/h,,27%,1°C,1012.0mb,,"document.write(Icons.GetShortDescription(1, 'CurrentWeather'));",2018-04-29
17:00,20°C,20°C,260°11 Km/h,,33%,3°C,1011.0mb,,"document.write(Icons.GetShortDescription(1, 'CurrentWeather'));",2018-04-29
18:00,18°C,18°C,310°15 Km/h,,37%,3°C,1011.0mb,,"document.write(Icons.GetShortDescription(1, 'CurrentWeather'));",2018-04-29
19:00,17°C,17°C,310°11 Km/h,,42%,4°C,1012.0mb,,"document.write(Icons.GetShortDescription(1, 'CurrentWeather'));",2018-04-29
20:00,14°C,14°C,330°2 Km/h,,51%,4°C,1012.0mb,,"document.write(Icons.GetShortDescription(2, 'CurrentWeather'));  Few Clouds at 910m, Scattered Clouds at 5500m",2018-04-29
21:00,15°C,15°C,330°6 Km/h,,51%,5°C,1012.0mb,,"document.write(Icons.GetShortDescription(2, 'CurrentWeather'));  Few Clouds at 910m, Scattered Clouds at 5500m",2018-04-29
22:00,13°C,13°C,10°4 Km/h,,59%,5°C,1013.0mb,,"document.write(Icons.GetShortDescription(2, 'CurrentWeather'));  Few Clouds at 910m, Scattered Clouds at 5500m",2018-04-29
23:00,13°C,13°C,250°2 Km/h,,59%,5°C,1013.0mb,,"document.write(Icons.GetShortDescription(2, 'CurrentWeather'));  Few Clouds at 910m, Scattered Clouds at 5500m",2018-04-29
