Time,Temperature,Relative Temperature,Wind,Wind Gust,Rel. humidity,Dew Point,Pressure,Icon,DescriptionDetails,date
00:00,-1°C,-4°C,320°7 Km/h,,64%,-7°C,1023.0mb,,"document.write(Icons.GetShortDescription(1, 'CurrentWeather'));  Haze",2018-01-16
01:00,-2°C,-2°C,310°2 Km/h,,69%,-7°C,1022.0mb,,"document.write(Icons.GetShortDescription(1, 'CurrentWeather'));  Haze",2018-01-16
02:00,-4°C,-4°C,280°2 Km/h,,74%,-8°C,1021.0mb,,"document.write(Icons.GetShortDescription(1, 'CurrentWeather'));  Haze",2018-01-16
03:00,-2°C,-4°C,340°6 Km/h,,74%,-6°C,1022.0mb,,"document.write(Icons.GetShortDescription(1, 'CurrentWeather'));  Haze",2018-01-16
04:00,-2°C,-4°C,310°6 Km/h,,80%,-5°C,1021.0mb,,"document.write(Icons.GetShortDescription(1, 'CurrentWeather'));  Haze",2018-01-16
05:00,-1°C,-1°C,320°4 Km/h,,75%,-5°C,1021.0mb,,"document.write(Icons.GetShortDescription(1, 'CurrentWeather'));  Haze",2018-01-16
06:00,-1°C,-1°C,10°4 Km/h,,80%,-4°C,1020.0mb,,"document.write(Icons.GetShortDescription(3, 'CurrentWeather'));  Few Clouds at 910m, Broken Clouds at 4000m Haze",2018-01-16
07:00,-1°C,-1°C,330°4 Km/h,,80%,-4°C,1020.0mb,,"document.write(Icons.GetShortDescription(3, 'CurrentWeather'));  Few Clouds at 910m, Broken Clouds at 3400m Haze",2018-01-16
08:00,0°C,0°C,320°4 Km/h,,75%,-4°C,1020.0mb,,"document.write(Icons.GetShortDescription(3, 'CurrentWeather'));  Few Clouds at 910m, Broken Clouds at 3400m Haze",2018-01-16
09:00,1°C,1°C,310°4 Km/h,,75%,-3°C,1021.0mb,,"document.write(Icons.GetShortDescription(4, 'CurrentWeather'));  Few Clouds at 910m, Cloudy at 2700m Haze",2018-01-16
10:00,2°C,0°C,40°6 Km/h,,70%,-3°C,1020.0mb,,"document.write(Icons.GetShortDescription(4, 'CurrentWeather'));  Few Clouds at 910m, Cloudy at 2700m Haze",2018-01-16
11:00,3°C,2°C,30°6 Km/h,,65%,-3°C,1020.0mb,,"document.write(Icons.GetShortDescription(4, 'CurrentWeather'));  Few Clouds at 910m, Cloudy at 2700m Haze",2018-01-16
12:00,5°C,3°C,120°7 Km/h,,57%,-3°C,1018.0mb,,"document.write(Icons.GetShortDescription(4, 'CurrentWeather'));  Few Clouds at 910m, Cloudy at 3000m Haze",2018-01-16
13:00,7°C,6°C,360°6 Km/h,,49%,-3°C,1017.0mb,,"document.write(Icons.GetShortDescription(1, 'CurrentWeather'));  Haze",2018-01-16
14:00,6°C,4°C,340°11 Km/h,,49%,-4°C,1016.0mb,,"document.write(Icons.GetShortDescription(4, 'CurrentWeather'));  Few Clouds at 1400m, Cloudy at 2700m Haze",2018-01-16
15:00,5°C,3°C,300°7 Km/h,,53%,-4°C,1017.0mb,,"document.write(Icons.GetShortDescription(7, 'CurrentWeather'));  Scattered Clouds at 910m, Cloudy at 2700m Haze, Light Rain",2018-01-16
16:00,5°C,5°C,250°4 Km/h,,53%,-4°C,1017.0mb,,"document.write(Icons.GetShortDescription(7, 'CurrentWeather'));  Broken Clouds at 910m, Cloudy at 2700m Light Rain, Haze",2018-01-16
17:00,5°C,3°C,20°7 Km/h,,53%,-4°C,1016.0mb,,"document.write(Icons.GetShortDescription(4, 'CurrentWeather'));  Broken Clouds at 910m, Cloudy at 2700m Haze",2018-01-16
18:00,4°C,2°C,340°7 Km/h,,56%,-4°C,1016.0mb,,"document.write(Icons.GetShortDescription(4, 'CurrentWeather'));  Broken Clouds at 910m, Cloudy at 2700m Haze",2018-01-16
19:00,4°C,2°C,10°7 Km/h,,56%,-4°C,1016.0mb,,"document.write(Icons.GetShortDescription(4, 'CurrentWeather'));  Broken Clouds at 910m, Cloudy at 2700m Haze",2018-01-16
20:00,3°C,2°C,310°6 Km/h,,60%,-4°C,1016.0mb,,"document.write(Icons.GetShortDescription(4, 'CurrentWeather'));  Broken Clouds at 910m, Cloudy at 2700m Haze",2018-01-16
21:00,2°C,-1°C,330°11 Km/h,,65%,-4°C,1016.0mb,,"document.write(Icons.GetShortDescription(4, 'CurrentWeather'));  Broken Clouds at 910m, Cloudy at 2700m Haze",2018-01-16
22:00,2°C,-1°C,340°11 Km/h,,70%,-3°C,1016.0mb,,"document.write(Icons.GetShortDescription(4, 'CurrentWeather'));  Scattered Clouds at 1400m, Cloudy at 3700m Haze",2018-01-16
23:00,1°C,-2°C,340°9 Km/h,,75%,-3°C,1016.0mb,,"document.write(Icons.GetShortDescription(4, 'CurrentWeather'));  Scattered Clouds at 1400m, Cloudy at 3700m Haze",2018-01-16
