Time,Temperature,Relative Temperature,Wind,Wind Gust,Rel. humidity,Dew Point,Pressure,Icon,DescriptionDetails,date
00:00,-3°C,-3°C,350°2 Km/h,,54%,-11°C,1021.0mb,,"document.write(Icons.GetShortDescription(1, 'CurrentWeather'));",2018-01-22
01:00,-2°C,-6°C,350°13 Km/h,,55%,-10°C,1020.0mb,,"document.write(Icons.GetShortDescription(1, 'CurrentWeather'));",2018-01-22
02:00,-2°C,-5°C,330°9 Km/h,,51%,-11°C,1020.0mb,,"document.write(Icons.GetShortDescription(1, 'CurrentWeather'));",2018-01-22
03:00,-2°C,-5°C,340°7 Km/h,,55%,-10°C,1020.0mb,,"document.write(Icons.GetShortDescription(1, 'CurrentWeather'));",2018-01-22
04:00,-1°C,-1°C,50°2 Km/h,,51%,-10°C,1020.0mb,,"document.write(Icons.GetShortDescription(1, 'CurrentWeather'));",2018-01-22
05:00,-1°C,-1°C,320°4 Km/h,,51%,-10°C,1020.0mb,,"document.write(Icons.GetShortDescription(4, 'CurrentWeather'));  Few Clouds at 1200m, Cloudy at 6100m",2018-01-22
06:00,-1°C,-1°C,250°2 Km/h,,51%,-10°C,1019.0mb,,"document.write(Icons.GetShortDescription(4, 'CurrentWeather'));  Few Clouds at 1200m, Cloudy at 6100m",2018-01-22
07:00,-2°C,-2°C,330°4 Km/h,,51%,-11°C,1018.0mb,,"document.write(Icons.GetShortDescription(1, 'CurrentWeather'));",2018-01-22
08:00,-2°C,-2°C,20°4 Km/h,,59%,-9°C,1018.0mb,,"document.write(Icons.GetShortDescription(4, 'CurrentWeather'));  Few Clouds at 1400m, Cloudy at 3700m",2018-01-22
09:00,0°C,-2°C,20°6 Km/h,,51%,-9°C,1017.0mb,,"document.write(Icons.GetShortDescription(4, 'CurrentWeather'));  Broken Clouds at 1400m, Cloudy at 3700m",2018-01-22
10:00,1°C,1°C,20°4 Km/h,,41%,-11°C,1017.0mb,,"document.write(Icons.GetShortDescription(1, 'CurrentWeather'));",2018-01-22
11:00,3°C,0°C,130°9 Km/h,,33%,-12°C,1016.0mb,,"document.write(Icons.GetShortDescription(4, 'CurrentWeather'));  Scattered Clouds at 1100m, Cloudy at 2700m",2018-01-22
12:00,4°C,2°C,200°9 Km/h,,39%,-9°C,1015.0mb,,"document.write(Icons.GetShortDescription(4, 'CurrentWeather'));  Broken Clouds at 910m, Cloudy at 2700m",2018-01-22
13:00,4°C,1°C,210°13 Km/h,,45%,-7°C,1013.0mb,,"document.write(Icons.GetShortDescription(4, 'CurrentWeather'));  Broken Clouds at 760m, Cloudy at 2700m",2018-01-22
14:00,5°C,2°C,200°13 Km/h,,53%,-4°C,1012.0mb,,"document.write(Icons.GetShortDescription(26, 'CurrentWeather'));  Broken Clouds at 910m, Cloudy at 2700m Light Snowfall",2018-01-22
15:00,4°C,0°C,250°20 Km/h,,56%,-4°C,1012.0mb,,"document.write(Icons.GetShortDescription(7, 'CurrentWeather'));  Few Clouds at 460m, Broken Clouds at 910m, Cloudy at 2400m Light Rain",2018-01-22
15:29,2°C,-2°C,280°15 Km/h,,70%,-3°C,1012.0mb,,"document.write(Icons.GetShortDescription(26, 'CurrentWeather'));  Scattered Clouds at 300m, Broken Clouds at 910m, Cloudy at 2400m Light Rain and Snowfall, Haze",2018-01-22
16:00,1°C,-1°C,360°7 Km/h,,75%,-3°C,1012.0mb,,"document.write(Icons.GetShortDescription(26, 'CurrentWeather'));  Scattered Clouds at 300m, Broken Clouds at 610m, Cloudy at 2400m Light Rain and Snowfall, Haze",2018-01-22
17:00,1°C,-3°C,230°13 Km/h,,81%,-2°C,1012.0mb,,"document.write(Icons.GetShortDescription(26, 'CurrentWeather'));  Scattered Clouds at 150m, Broken Clouds at 610m, Cloudy at 2400m Light Rain and Snowfall, Haze",2018-01-22
17:12,1°C,-1°C,270°7 Km/h,,75%,-3°C,1012.0mb,,"document.write(Icons.GetShortDescription(26, 'CurrentWeather'));  Scattered Clouds at 90m, Broken Clouds at 610m, Cloudy at 2400m Light Snowfall, Haze",2018-01-22
17:39,0°C,-6°C,330°24 Km/h,,75%,-4°C,1012.0mb,,"document.write(Icons.GetShortDescription(26, 'CurrentWeather'));  Scattered Clouds at 120m, Broken Clouds at 610m, Cloudy at 2400m Light Snowfall, Haze",2018-01-22
18:00,-1°C,-8°C,330°28 Km/h,,80%,-4°C,1012.0mb,,"document.write(Icons.GetShortDescription(4, 'CurrentWeather'));  Few Clouds at 240m, Broken Clouds at 760m, Cloudy at 2400m Haze",2018-01-22
19:00,-1°C,-6°C,330°17 Km/h,,80%,-4°C,1013.0mb,,"document.write(Icons.GetShortDescription(4, 'CurrentWeather'));  Scattered Clouds at 300m, Broken Clouds at 760m, Cloudy at 2700m",2018-01-22
20:00,-2°C,-8°C,320°24 Km/h,,74%,-6°C,1014.0mb,,"document.write(Icons.GetShortDescription(3, 'CurrentWeather'));  Few Clouds at 460m, Broken Clouds at 910m",2018-01-22
21:00,-3°C,-9°C,310°19 Km/h,,69%,-8°C,1016.0mb,,"document.write(Icons.GetShortDescription(2, 'CurrentWeather'));  Scattered Clouds at 910m",2018-01-22
22:00,-4°C,-10°C,310°17 Km/h,,69%,-9°C,1016.0mb,,"document.write(Icons.GetShortDescription(2, 'CurrentWeather'));  Few Clouds at 910m Haze",2018-01-22
23:00,-5°C,-12°C,320°22 Km/h,,68%,-10°C,1018.0mb,,"document.write(Icons.GetShortDescription(2, 'CurrentWeather'));  Few Clouds at 910m",2018-01-22
