Time,Temperature,Relative Temperature,Wind,Wind Gust,Rel. humidity,Dew Point,Pressure,Icon,DescriptionDetails,date
00:00,-4°C,-4°C,110°2 Km/h,,74%,-8°C,1033.0mb,,"document.write(Icons.GetShortDescription(1, 'CurrentWeather'));  Haze",2018-01-14
01:00,-2°C,-6°C,120°11 Km/h,,69%,-7°C,1032.0mb,,"document.write(Icons.GetShortDescription(2, 'CurrentWeather'));  Scattered Clouds at 910m Haze",2018-01-14
02:00,-2°C,-6°C,120°11 Km/h,,69%,-7°C,1032.0mb,,"document.write(Icons.GetShortDescription(2, 'CurrentWeather'));  Scattered Clouds at 910m Haze",2018-01-14
03:00,-3°C,-7°C,130°9 Km/h,,69%,-8°C,1032.0mb,,"document.write(Icons.GetShortDescription(2, 'CurrentWeather'));  Scattered Clouds at 910m Haze",2018-01-14
04:00,-5°C,-8°C,170°7 Km/h,,74%,-9°C,1031.0mb,,"document.write(Icons.GetShortDescription(2, 'CurrentWeather'));  Few Clouds at 910m Haze",2018-01-14
05:00,-7°C,-7°C,170°4 Km/h,,73%,-11°C,1031.0mb,,"document.write(Icons.GetShortDescription(1, 'CurrentWeather'));  Haze",2018-01-14
06:00,-7°C,-10°C,170°6 Km/h,,73%,-11°C,1031.0mb,,"document.write(Icons.GetShortDescription(1, 'CurrentWeather'));  Haze",2018-01-14
07:00,-6°C,-10°C,180°7 Km/h,,80%,-9°C,1032.0mb,,"document.write(Icons.GetShortDescription(2, 'CurrentWeather'));  Few Clouds at 910m Haze",2018-01-14
07:37,-5°C,-8°C,160°7 Km/h,,74%,-9°C,1032.0mb,,"document.write(Icons.GetShortDescription(3, 'CurrentWeather'));  Broken Clouds at 910m Haze",2018-01-14
08:00,-4°C,-6°C,160°6 Km/h,,74%,-8°C,1032.0mb,,"document.write(Icons.GetShortDescription(3, 'CurrentWeather'));  Broken Clouds at 910m Haze",2018-01-14
09:00,-2°C,-6°C,130°11 Km/h,,74%,-6°C,1031.0mb,,"document.write(Icons.GetShortDescription(3, 'CurrentWeather'));  Broken Clouds at 1100m Haze",2018-01-14
10:00,-1°C,-6°C,140°15 Km/h,,69%,-6°C,1032.0mb,,"document.write(Icons.GetShortDescription(3, 'CurrentWeather'));  Broken Clouds at 1100m Haze",2018-01-14
11:00,0°C,-4°C,140°13 Km/h,,64%,-6°C,1031.0mb,,"document.write(Icons.GetShortDescription(3, 'CurrentWeather'));  Broken Clouds at 1100m Haze",2018-01-14
12:00,2°C,-2°C,150°15 Km/h,,56%,-6°C,1030.0mb,,"document.write(Icons.GetShortDescription(3, 'CurrentWeather'));  Broken Clouds at 1100m Haze",2018-01-14
13:00,4°C,0°C,140°17 Km/h,,48%,-6°C,1029.0mb,,"document.write(Icons.GetShortDescription(2, 'CurrentWeather'));  Scattered Clouds at 1100m",2018-01-14
14:00,5°C,2°C,190°17 Km/h,,49%,-5°C,1028.0mb,,"document.write(Icons.GetShortDescription(2, 'CurrentWeather'));  Scattered Clouds at 1100m",2018-01-14
15:00,6°C,3°C,170°17 Km/h,,42%,-6°C,1027.0mb,,"document.write(Icons.GetShortDescription(2, 'CurrentWeather'));  Scattered Clouds at 1200m",2018-01-14
16:00,6°C,3°C,180°17 Km/h,,46%,-5°C,1026.0mb,,"document.write(Icons.GetShortDescription(2, 'CurrentWeather'));  Few Clouds at 1200m, Scattered Clouds at 6100m",2018-01-14
17:00,5°C,2°C,180°13 Km/h,,45%,-6°C,1026.0mb,,"document.write(Icons.GetShortDescription(4, 'CurrentWeather'));  Broken Clouds at 1200m, Cloudy at 3700m",2018-01-14
18:00,4°C,1°C,170°11 Km/h,,48%,-6°C,1026.0mb,,"document.write(Icons.GetShortDescription(4, 'CurrentWeather'));  Broken Clouds at 1200m, Cloudy at 3700m",2018-01-14
19:00,4°C,1°C,180°11 Km/h,,48%,-6°C,1026.0mb,,"document.write(Icons.GetShortDescription(4, 'CurrentWeather'));  Broken Clouds at 1200m, Cloudy at 3700m",2018-01-14
20:00,3°C,2°C,200°6 Km/h,,52%,-6°C,1025.0mb,,"document.write(Icons.GetShortDescription(4, 'CurrentWeather'));  Broken Clouds at 1200m, Cloudy at 3700m",2018-01-14
21:00,3°C,2°C,140°6 Km/h,,52%,-6°C,1025.0mb,,"document.write(Icons.GetShortDescription(4, 'CurrentWeather'));  Broken Clouds at 1400m, Cloudy at 3400m",2018-01-14
22:00,4°C,1°C,160°11 Km/h,,52%,-5°C,1024.0mb,,"document.write(Icons.GetShortDescription(4, 'CurrentWeather'));  Broken Clouds at 1400m, Cloudy at 3400m",2018-01-14
23:00,4°C,2°C,180°7 Km/h,,56%,-4°C,1024.0mb,,"document.write(Icons.GetShortDescription(4, 'CurrentWeather'));  Broken Clouds at 1100m, Cloudy at 3400m",2018-01-14
