Time,Temperature,Relative Temperature,Wind,Wind Gust,Rel. humidity,Dew Point,Pressure,Icon,DescriptionDetails,date
00:00,6°C,4°C,20°7 Km/h,,76%,2°C,1018.0mb,,"document.write(Icons.GetShortDescription(7, 'CurrentWeather'));  Broken Clouds at 1100m, Cloudy at 2400m Light Rain, Haze",2018-03-19
00:43,6°C,5°C,360°6 Km/h,,81%,3°C,1018.0mb,,"document.write(Icons.GetShortDescription(7, 'CurrentWeather'));  Broken Clouds at 1100m, Cloudy at 2400m Light Rain, Haze",2018-03-19
01:00,6°C,5°C,360°6 Km/h,,81%,3°C,1018.0mb,,"document.write(Icons.GetShortDescription(7, 'CurrentWeather'));  Broken Clouds at 1100m, Cloudy at 2400m Light Rain, Haze",2018-03-19
02:00,6°C,4°C,340°7 Km/h,,81%,3°C,1017.0mb,,"document.write(Icons.GetShortDescription(7, 'CurrentWeather'));  Broken Clouds at 1100m, Cloudy at 2400m Light Rain, Haze",2018-03-19
03:00,6°C,4°C,10°9 Km/h,,81%,3°C,1016.0mb,,"document.write(Icons.GetShortDescription(7, 'CurrentWeather'));  Broken Clouds at 1100m, Cloudy at 2400m Light Rain, Haze",2018-03-19
04:00,6°C,4°C,30°7 Km/h,,81%,3°C,1015.0mb,,"document.write(Icons.GetShortDescription(7, 'CurrentWeather'));  Broken Clouds at 1100m, Cloudy at 2400m Light Rain, Haze",2018-03-19
05:00,6°C,4°C,360°9 Km/h,,81%,3°C,1015.0mb,,"document.write(Icons.GetShortDescription(7, 'CurrentWeather'));  Broken Clouds at 1200m, Cloudy at 2400m Light Rain, Haze",2018-03-19
06:00,6°C,3°C,360°15 Km/h,,81%,3°C,1015.0mb,,"document.write(Icons.GetShortDescription(7, 'CurrentWeather'));  Broken Clouds at 1200m, Cloudy at 2400m Light Rain",2018-03-19
07:00,6°C,4°C,30°9 Km/h,,81%,3°C,1015.0mb,,"document.write(Icons.GetShortDescription(4, 'CurrentWeather'));  Broken Clouds at 1200m, Cloudy at 2400m Haze",2018-03-19
08:00,7°C,6°C,360°7 Km/h,,81%,4°C,1015.0mb,,"document.write(Icons.GetShortDescription(4, 'CurrentWeather'));  Scattered Clouds at 1200m, Cloudy at 2100m Haze",2018-03-19
09:00,7°C,5°C,360°9 Km/h,,81%,4°C,1015.0mb,,"document.write(Icons.GetShortDescription(4, 'CurrentWeather'));  Broken Clouds at 1400m, Cloudy at 2400m Haze",2018-03-19
10:00,9°C,8°C,30°9 Km/h,,76%,5°C,1015.0mb,,"document.write(Icons.GetShortDescription(4, 'CurrentWeather'));  Broken Clouds at 1400m, Cloudy at 2400m",2018-03-19
11:00,10°C,9°C,30°9 Km/h,,76%,6°C,1015.0mb,,"document.write(Icons.GetShortDescription(4, 'CurrentWeather'));  Broken Clouds at 1400m, Cloudy at 3000m",2018-03-19
12:00,11°C,11°C,90°24 Km/h,,58%,3°C,1015.0mb,,"document.write(Icons.GetShortDescription(4, 'CurrentWeather'));  Broken Clouds at 1200m, Cloudy at 3000m",2018-03-19
13:00,11°C,11°C,80°17 Km/h,,58%,3°C,1015.0mb,,"document.write(Icons.GetShortDescription(4, 'CurrentWeather'));  Broken Clouds at 1200m, Cloudy at 3000m",2018-03-19
14:00,11°C,11°C,60°15 Km/h,,58%,3°C,1015.0mb,,"document.write(Icons.GetShortDescription(7, 'CurrentWeather'));  Broken Clouds at 1200m, Cloudy at 2400m Light Rain",2018-03-19
15:00,11°C,11°C,60°15 Km/h,,54%,2°C,1015.0mb,,"document.write(Icons.GetShortDescription(4, 'CurrentWeather'));  Broken Clouds at 1200m, Cloudy at 2400m",2018-03-19
16:00,10°C,8°C,80°15 Km/h,,58%,2°C,1016.0mb,,"document.write(Icons.GetShortDescription(7, 'CurrentWeather'));  Broken Clouds at 1200m, Cloudy at 3000m Light Rain",2018-03-19
17:00,9°C,6°C,90°20 Km/h,,54%,0°C,1016.0mb,,"document.write(Icons.GetShortDescription(4, 'CurrentWeather'));  Broken Clouds at 1400m, Cloudy at 3000m",2018-03-19
18:00,9°C,7°C,90°15 Km/h,,54%,0°C,1017.0mb,,"document.write(Icons.GetShortDescription(4, 'CurrentWeather'));  Scattered Clouds at 1400m, Cloudy at 2100m",2018-03-19
19:00,9°C,7°C,80°13 Km/h,,54%,0°C,1017.0mb,,"document.write(Icons.GetShortDescription(4, 'CurrentWeather'));  Scattered Clouds at 1400m, Cloudy at 1800m",2018-03-19
20:00,9°C,7°C,90°15 Km/h,,50%,-1°C,1018.0mb,,"document.write(Icons.GetShortDescription(4, 'CurrentWeather'));  Scattered Clouds at 1400m, Cloudy at 1800m",2018-03-19
21:00,9°C,6°C,90°22 Km/h,,43%,-3°C,1019.0mb,,"document.write(Icons.GetShortDescription(3, 'CurrentWeather'));  Scattered Clouds at 1400m, Broken Clouds at 1800m",2018-03-19
22:00,8°C,4°C,90°28 Km/h,,43%,-4°C,1020.0mb,,"document.write(Icons.GetShortDescription(3, 'CurrentWeather'));  Scattered Clouds at 1400m, Broken Clouds at 2100m",2018-03-19
23:00,7°C,3°C,80°22 Km/h,,46%,-4°C,1021.0mb,,"document.write(Icons.GetShortDescription(2, 'CurrentWeather'));  Few Clouds at 1200m, Scattered Clouds at 2100m",2018-03-19
