Time,Temperature,Relative Temperature,Wind,Wind Gust,Rel. humidity,Dew Point,Pressure,Icon,DescriptionDetails,date
00:00,8°C,8°C,320°4 Km/h,,37%,-6°C,1022.0mb,,"document.write(Icons.GetShortDescription(1, 'CurrentWeather'));",2018-04-13
01:00,6°C,6°C,270°4 Km/h,,53%,-3°C,1023.0mb,,"document.write(Icons.GetShortDescription(1, 'CurrentWeather'));",2018-04-13
02:00,6°C,6°C,360°4 Km/h,,49%,-4°C,1023.0mb,,"document.write(Icons.GetShortDescription(1, 'CurrentWeather'));",2018-04-13
03:00,6°C,6°C,80°2 Km/h,,53%,-3°C,1024.0mb,,"document.write(Icons.GetShortDescription(1, 'CurrentWeather'));",2018-04-13
04:00,8°C,7°C,350°7 Km/h,,46%,-3°C,1024.0mb,,"document.write(Icons.GetShortDescription(1, 'CurrentWeather'));",2018-04-13
05:00,7°C,6°C,340°7 Km/h,,61%,0°C,1024.0mb,,"document.write(Icons.GetShortDescription(1, 'CurrentWeather'));",2018-04-13
06:00,7°C,7°C,320°2 Km/h,,61%,0°C,1025.0mb,,"document.write(Icons.GetShortDescription(1, 'CurrentWeather'));",2018-04-13
07:00,7°C,6°C,350°7 Km/h,,66%,1°C,1025.0mb,,"document.write(Icons.GetShortDescription(1, 'CurrentWeather'));",2018-04-13
08:00,10°C,10°C,330°4 Km/h,,50%,0°C,1025.0mb,,"document.write(Icons.GetShortDescription(1, 'CurrentWeather'));",2018-04-13
09:00,13°C,13°C,360°4 Km/h,,31%,-4°C,1025.0mb,,"document.write(Icons.GetShortDescription(1, 'CurrentWeather'));",2018-04-13
10:00,16°C,16°C,100°20 Km/h,,20%,-7°C,1025.0mb,,"document.write(Icons.GetShortDescription(1, 'CurrentWeather'));",2018-04-13
11:00,17°C,17°C,90°20 Km/h,,19%,-7°C,1025.0mb,,"document.write(Icons.GetShortDescription(1, 'CurrentWeather'));",2018-04-13
12:00,19°C,19°C,110°20 Km/h,,15%,-8°C,1024.0mb,,"document.write(Icons.GetShortDescription(1, 'CurrentWeather'));",2018-04-13
13:00,19°C,19°C,100°15 Km/h,,14%,-9°C,1023.0mb,,"document.write(Icons.GetShortDescription(1, 'CurrentWeather'));",2018-04-13
14:00,18°C,18°C,100°13 Km/h,,15%,-9°C,1023.0mb,,"document.write(Icons.GetShortDescription(1, 'CurrentWeather'));",2018-04-13
15:00,19°C,19°C,80°13 Km/h,,14%,-9°C,1022.0mb,,"document.write(Icons.GetShortDescription(1, 'CurrentWeather'));",2018-04-13
16:00,18°C,18°C,60°11 Km/h,,16%,-8°C,1021.0mb,,"document.write(Icons.GetShortDescription(1, 'CurrentWeather'));",2018-04-13
17:00,18°C,18°C,60°11 Km/h,,18%,-7°C,1021.0mb,,"document.write(Icons.GetShortDescription(1, 'CurrentWeather'));",2018-04-13
18:00,18°C,18°C,40°9 Km/h,,19%,-6°C,1020.0mb,,"document.write(Icons.GetShortDescription(1, 'CurrentWeather'));",2018-04-13
19:00,17°C,17°C,50°7 Km/h,,20%,-6°C,1020.0mb,,"document.write(Icons.GetShortDescription(1, 'CurrentWeather'));",2018-04-13
20:00,17°C,17°C,60°9 Km/h,,22%,-5°C,1019.0mb,,"document.write(Icons.GetShortDescription(1, 'CurrentWeather'));",2018-04-13
21:00,15°C,15°C,Calm,,25%,-5°C,1019.0mb,,"document.write(Icons.GetShortDescription(1, 'CurrentWeather'));",2018-04-13
22:00,16°C,16°C,180°6 Km/h,,27%,-3°C,1019.0mb,,"document.write(Icons.GetShortDescription(1, 'CurrentWeather'));",2018-04-13
23:00,16°C,16°C,170°15 Km/h,,25%,-4°C,1019.0mb,,"document.write(Icons.GetShortDescription(4, 'CurrentWeather'));  Scattered Clouds at 910m, Cloudy at 3000m",2018-04-13
