Time,Temperature,Relative Temperature,Wind,Wind Gust,Rel. humidity,Dew Point,Pressure,Icon,DescriptionDetails,date
00:00,3°C,-2°C,290°26 Km/h,,60%,-4°C,1012.0mb,,"document.write(Icons.GetShortDescription(2, 'CurrentWeather'));  Scattered Clouds at 910m",2018-04-07
01:00,3°C,-2°C,290°22 Km/h,,60%,-4°C,1012.0mb,,"document.write(Icons.GetShortDescription(2, 'CurrentWeather'));  Scattered Clouds at 910m",2018-04-07
01:08,3°C,-2°C,290°20 Km/h,,60%,-4°C,1012.0mb,,"document.write(Icons.GetShortDescription(7, 'CurrentWeather'));  Broken Clouds at 910m Light Rain",2018-04-07
02:00,2°C,-3°C,290°19 Km/h,,65%,-4°C,1012.0mb,,"document.write(Icons.GetShortDescription(26, 'CurrentWeather'));  Broken Clouds at 760m Light Rain and Snowfall",2018-04-07
03:00,2°C,-3°C,300°22 Km/h,,65%,-4°C,1012.0mb,,"document.write(Icons.GetShortDescription(3, 'CurrentWeather'));  Broken Clouds at 910m",2018-04-07
04:00,2°C,-3°C,290°20 Km/h,,60%,-5°C,1012.0mb,,"document.write(Icons.GetShortDescription(3, 'CurrentWeather'));  Broken Clouds at 1400m",2018-04-07
05:00,2°C,-2°C,300°17 Km/h,,56%,-6°C,1012.0mb,,"document.write(Icons.GetShortDescription(2, 'CurrentWeather'));  Scattered Clouds at 1400m",2018-04-07
06:00,2°C,-2°C,290°15 Km/h,,52%,-7°C,1013.0mb,,"document.write(Icons.GetShortDescription(2, 'CurrentWeather'));  Scattered Clouds at 1400m",2018-04-07
07:00,2°C,-2°C,290°15 Km/h,,48%,-8°C,1013.0mb,,"document.write(Icons.GetShortDescription(2, 'CurrentWeather'));  Few Clouds at 1400m",2018-04-07
08:00,4°C,0°C,300°20 Km/h,,39%,-9°C,1014.0mb,,"document.write(Icons.GetShortDescription(1, 'CurrentWeather'));",2018-04-07
09:00,4°C,-1°C,320°30 Km/h,,39%,-9°C,1014.0mb,,"document.write(Icons.GetShortDescription(2, 'CurrentWeather'));  Few Clouds at 1200m, Scattered Clouds at 5500m",2018-04-07
10:00,5°C,0°C,320°26 Km/h,,36%,-9°C,1014.0mb,,"document.write(Icons.GetShortDescription(3, 'CurrentWeather'));  Few Clouds at 1200m, Broken Clouds at 4600m",2018-04-07
11:00,6°C,2°C,310°28 Km/h,,31%,-10°C,1014.0mb,,"document.write(Icons.GetShortDescription(3, 'CurrentWeather'));  Few Clouds at 1200m, Broken Clouds at 4600m",2018-04-07
12:00,7°C,3°C,320°31 Km/h,,29%,-10°C,1014.0mb,,"document.write(Icons.GetShortDescription(3, 'CurrentWeather'));  Few Clouds at 1200m, Broken Clouds at 4600m",2018-04-07
13:00,9°C,6°C,310°22 Km/h,,23%,-11°C,1014.0mb,,"document.write(Icons.GetShortDescription(2, 'CurrentWeather'));  Few Clouds at 1200m",2018-04-07
14:00,8°C,4°C,280°30 Km/h,,34%,-7°C,1014.0mb,,"document.write(Icons.GetShortDescription(2, 'CurrentWeather'));  Few Clouds at 1200m",2018-04-07
15:00,8°C,3°C,280°37 Km/h,,37%,-6°C,1014.0mb,,"document.write(Icons.GetShortDescription(2, 'CurrentWeather'));  Few Clouds at 1200m",2018-04-07
16:00,8°C,3°C,280°37 Km/h,,37%,-6°C,1014.0mb,,"document.write(Icons.GetShortDescription(2, 'CurrentWeather'));  Few Clouds at 1200m",2018-04-07
17:00,7°C,2°C,280°39 Km/h,,39%,-6°C,1014.0mb,,"document.write(Icons.GetShortDescription(2, 'CurrentWeather'));  Few Clouds at 1200m",2018-04-07
18:00,6°C,1°C,270°33 Km/h,,42%,-6°C,1014.0mb,,"document.write(Icons.GetShortDescription(1, 'CurrentWeather'));",2018-04-07
19:00,5°C,1°C,270°24 Km/h,,42%,-7°C,1015.0mb,,"document.write(Icons.GetShortDescription(1, 'CurrentWeather'));",2018-04-07
20:00,5°C,1°C,280°24 Km/h,,39%,-8°C,1015.0mb,,"document.write(Icons.GetShortDescription(1, 'CurrentWeather'));",2018-04-07
21:00,4°C,0°C,290°20 Km/h,,39%,-9°C,1016.0mb,,"document.write(Icons.GetShortDescription(1, 'CurrentWeather'));",2018-04-07
22:00,4°C,1°C,280°15 Km/h,,36%,-10°C,1017.0mb,,"document.write(Icons.GetShortDescription(1, 'CurrentWeather'));",2018-04-07
23:00,3°C,0°C,280°11 Km/h,,41%,-9°C,1017.0mb,,"document.write(Icons.GetShortDescription(1, 'CurrentWeather'));",2018-04-07
