Time,Temperature,Relative Temperature,Wind,Wind Gust,Rel. humidity,Dew Point,Pressure,Icon,DescriptionDetails,date
00:00,10°C,9°C,350°7 Km/h,,82%,7°C,1013.0mb,,"document.write(Icons.GetShortDescription(4, 'CurrentWeather'));  Broken Clouds at 910m, Cloudy at 2400m",2018-04-24
00:57,10°C,8°C,350°11 Km/h,,82%,7°C,1013.0mb,,"document.write(Icons.GetShortDescription(7, 'CurrentWeather'));  Broken Clouds at 760m, Cloudy at 2400m Light Rain",2018-04-24
01:00,10°C,8°C,360°11 Km/h,,82%,7°C,1013.0mb,,"document.write(Icons.GetShortDescription(7, 'CurrentWeather'));  Broken Clouds at 760m, Cloudy at 2400m Light Rain",2018-04-24
02:00,10°C,9°C,10°9 Km/h,,82%,7°C,1012.0mb,,"document.write(Icons.GetShortDescription(7, 'CurrentWeather'));  Broken Clouds at 760m, Cloudy at 2400m Light Rain",2018-04-24
03:00,10°C,9°C,10°9 Km/h,,82%,7°C,1012.0mb,,"document.write(Icons.GetShortDescription(7, 'CurrentWeather'));  Broken Clouds at 760m, Cloudy at 2400m Light Rain",2018-04-24
04:00,10°C,9°C,20°9 Km/h,,82%,7°C,1012.0mb,,"document.write(Icons.GetShortDescription(7, 'CurrentWeather'));  Broken Clouds at 760m, Cloudy at 2400m Light Drizzle",2018-04-24
05:00,9°C,7°C,360°13 Km/h,,87%,7°C,1012.0mb,,"document.write(Icons.GetShortDescription(4, 'CurrentWeather'));  Broken Clouds at 760m, Cloudy at 2400m",2018-04-24
06:00,10°C,8°C,20°15 Km/h,,76%,6°C,1012.0mb,,"document.write(Icons.GetShortDescription(4, 'CurrentWeather'));  Broken Clouds at 760m, Cloudy at 2400m",2018-04-24
07:00,10°C,8°C,10°15 Km/h,,76%,6°C,1012.0mb,,"document.write(Icons.GetShortDescription(4, 'CurrentWeather'));  Broken Clouds at 1100m, Cloudy at 2400m",2018-04-24
08:00,11°C,11°C,20°11 Km/h,,77%,7°C,1012.0mb,,"document.write(Icons.GetShortDescription(4, 'CurrentWeather'));  Broken Clouds at 1200m, Cloudy at 2400m",2018-04-24
09:00,12°C,12°C,30°13 Km/h,,72%,7°C,1012.0mb,,"document.write(Icons.GetShortDescription(3, 'CurrentWeather'));  Broken Clouds at 1200m",2018-04-24
10:00,13°C,13°C,40°13 Km/h,,67%,7°C,1011.0mb,,"document.write(Icons.GetShortDescription(3, 'CurrentWeather'));  Broken Clouds at 1200m",2018-04-24
11:00,14°C,14°C,50°17 Km/h,,63%,7°C,1011.0mb,,"document.write(Icons.GetShortDescription(3, 'CurrentWeather'));  Broken Clouds at 1200m",2018-04-24
12:00,15°C,15°C,50°20 Km/h,,55%,6°C,1011.0mb,,"document.write(Icons.GetShortDescription(3, 'CurrentWeather'));  Broken Clouds at 1200m",2018-04-24
13:00,16°C,16°C,30°19 Km/h,,55%,7°C,1011.0mb,,"document.write(Icons.GetShortDescription(3, 'CurrentWeather'));  Broken Clouds at 1200m",2018-04-24
14:00,16°C,16°C,40°17 Km/h,,52%,6°C,1011.0mb,,"document.write(Icons.GetShortDescription(3, 'CurrentWeather'));  Broken Clouds at 1200m",2018-04-24
15:00,15°C,15°C,20°20 Km/h,,55%,6°C,1010.0mb,,"document.write(Icons.GetShortDescription(3, 'CurrentWeather'));  Broken Clouds at 1200m",2018-04-24
16:00,15°C,15°C,20°22 Km/h,,51%,5°C,1011.0mb,,"document.write(Icons.GetShortDescription(3, 'CurrentWeather'));  Broken Clouds at 1200m",2018-04-24
17:00,15°C,15°C,30°20 Km/h,,51%,5°C,1011.0mb,,"document.write(Icons.GetShortDescription(3, 'CurrentWeather'));  Few Clouds at 1200m, Broken Clouds at 1800m",2018-04-24
18:00,14°C,14°C,20°20 Km/h,,48%,3°C,1011.0mb,,"document.write(Icons.GetShortDescription(3, 'CurrentWeather'));  Few Clouds at 1200m, Broken Clouds at 1800m",2018-04-24
19:00,13°C,13°C,20°11 Km/h,,51%,3°C,1012.0mb,,"document.write(Icons.GetShortDescription(3, 'CurrentWeather'));  Few Clouds at 1200m, Broken Clouds at 2400m",2018-04-24
20:00,13°C,13°C,20°13 Km/h,,47%,2°C,1013.0mb,,"document.write(Icons.GetShortDescription(1, 'CurrentWeather'));",2018-04-24
21:00,12°C,12°C,20°13 Km/h,,44%,0°C,1013.0mb,,"document.write(Icons.GetShortDescription(1, 'CurrentWeather'));",2018-04-24
22:00,11°C,11°C,20°11 Km/h,,44%,-1°C,1013.0mb,,"document.write(Icons.GetShortDescription(1, 'CurrentWeather'));",2018-04-24
23:00,9°C,8°C,10°6 Km/h,,54%,0°C,1014.0mb,,"document.write(Icons.GetShortDescription(1, 'CurrentWeather'));",2018-04-24
