Time,Temperature,Relative Temperature,Wind,Wind Gust,Rel. humidity,Dew Point,Pressure,Icon,DescriptionDetails,date
00:00,18°C,18°C,310°9 Km/h,,78%,14°C,1011.0mb,,"document.write(Icons.GetShortDescription(4, 'CurrentWeather'));  Broken Clouds at 910m, Cloudy at 3400m Haze",2018-05-02
01:00,17°C,17°C,350°9 Km/h,,83%,14°C,1010.0mb,,"document.write(Icons.GetShortDescription(4, 'CurrentWeather'));  Broken Clouds at 910m, Cloudy at 3400m Haze",2018-05-02
02:00,17°C,17°C,340°7 Km/h,,83%,14°C,1010.0mb,,"document.write(Icons.GetShortDescription(7, 'CurrentWeather'));  Broken Clouds at 910m, Cloudy at 3400m Light Rain, Haze",2018-05-02
03:00,17°C,17°C,340°7 Km/h,,83%,14°C,1009.0mb,,"document.write(Icons.GetShortDescription(4, 'CurrentWeather'));  Broken Clouds at 910m, Cloudy at 3400m Haze",2018-05-02
04:00,17°C,17°C,290°4 Km/h,,83%,14°C,1008.0mb,,"document.write(Icons.GetShortDescription(7, 'CurrentWeather'));  Broken Clouds at 910m, Cloudy at 3400m Light Rain, Haze",2018-05-02
05:00,17°C,17°C,20°4 Km/h,,83%,14°C,1007.0mb,,"document.write(Icons.GetShortDescription(7, 'CurrentWeather'));  Broken Clouds at 910m, Cloudy at 3400m Light Rain, Haze",2018-05-02
05:21,17°C,17°C,350°2 Km/h,,83%,14°C,1007.0mb,,"document.write(Icons.GetShortDescription(7, 'CurrentWeather'));  Broken Clouds at 760m, Cloudy at 2400m Light Rain, Haze",2018-05-02
06:00,17°C,17°C,300°2 Km/h,,88%,15°C,1007.0mb,,"document.write(Icons.GetShortDescription(7, 'CurrentWeather'));  Broken Clouds at 760m, Cloudy at 2400m Light Rain, Haze",2018-05-02
07:00,17°C,17°C,20°4 Km/h,,88%,15°C,1007.0mb,,"document.write(Icons.GetShortDescription(7, 'CurrentWeather'));  Broken Clouds at 760m, Cloudy at 2400m Light Rain, Haze",2018-05-02
08:00,18°C,18°C,110°11 Km/h,,83%,15°C,1006.0mb,,"document.write(Icons.GetShortDescription(7, 'CurrentWeather'));  Few Clouds at 300m, Broken Clouds at 760m, Cloudy at 2400m Light Rain, Haze",2018-05-02
09:00,18°C,18°C,60°6 Km/h,,83%,15°C,1006.0mb,,"document.write(Icons.GetShortDescription(7, 'CurrentWeather'));  Scattered Clouds at 300m, Broken Clouds at 760m, Cloudy at 2400m Light Rain, Haze",2018-05-02
09:16,18°C,18°C,90°6 Km/h,,83%,15°C,1006.0mb,,"document.write(Icons.GetShortDescription(4, 'CurrentWeather'));  Scattered Clouds at 300m, Broken Clouds at 760m, Cloudy at 2400m Haze",2018-05-02
10:00,18°C,18°C,60°7 Km/h,,83%,15°C,1005.0mb,,"document.write(Icons.GetShortDescription(4, 'CurrentWeather'));  Scattered Clouds at 300m, Broken Clouds at 760m, Cloudy at 2400m Haze",2018-05-02
11:00,18°C,18°C,330°9 Km/h,,83%,15°C,1005.0mb,,"document.write(Icons.GetShortDescription(7, 'CurrentWeather'));  Scattered Clouds at 300m, Broken Clouds at 760m, Cloudy at 2400m Light Rain, Haze",2018-05-02
11:13,18°C,18°C,310°9 Km/h,,83%,15°C,1005.0mb,,"document.write(Icons.GetShortDescription(7, 'CurrentWeather'));  Scattered Clouds at 300m, Broken Clouds at 760m, Cloudy at 2400m Light Rain, Haze",2018-05-02
12:00,18°C,18°C,350°6 Km/h,,83%,15°C,1004.0mb,,"document.write(Icons.GetShortDescription(7, 'CurrentWeather'));  Scattered Clouds at 300m, Broken Clouds at 760m, Cloudy at 2400m Light Rain, Haze",2018-05-02
12:18,18°C,18°C,10°4 Km/h,,88%,16°C,1004.0mb,,"document.write(Icons.GetShortDescription(4, 'CurrentWeather'));  Scattered Clouds at 150m, Broken Clouds at 760m, Cloudy at 2400m Haze",2018-05-02
12:45,19°C,19°C,240°7 Km/h,,83%,16°C,1003.0mb,,"document.write(Icons.GetShortDescription(4, 'CurrentWeather'));  Few Clouds at 300m, Broken Clouds at 910m, Cloudy at 2400m Haze",2018-05-02
13:00,19°C,19°C,310°9 Km/h,,83%,16°C,1003.0mb,,"document.write(Icons.GetShortDescription(4, 'CurrentWeather'));  Few Clouds at 150m, Broken Clouds at 910m, Cloudy at 2400m Haze",2018-05-02
13:20,17°C,17°C,300°20 Km/h,,83%,14°C,1003.0mb,,"document.write(Icons.GetShortDescription(4, 'CurrentWeather'));  Scattered Clouds at 150m, Broken Clouds at 760m, Cloudy at 2400m Haze",2018-05-02
14:00,17°C,17°C,250°11 Km/h,,83%,14°C,1002.0mb,,"document.write(Icons.GetShortDescription(4, 'CurrentWeather'));  Scattered Clouds at 210m, Broken Clouds at 760m, Cloudy at 2400m Haze",2018-05-02
14:13,17°C,17°C,250°11 Km/h,,83%,14°C,1002.0mb,,"document.write(Icons.GetShortDescription(4, 'CurrentWeather'));  Scattered Clouds at 270m, Broken Clouds at 760m, Cloudy at 2400m Haze",2018-05-02
14:33,16°C,16°C,250°17 Km/h,,83%,13°C,1002.0mb,,"document.write(Icons.GetShortDescription(7, 'CurrentWeather'));  Scattered Clouds at 150m, Broken Clouds at 760m, Cloudy at 2400m Light Rain, Haze",2018-05-02
15:00,15°C,15°C,240°15 Km/h,,88%,13°C,1002.0mb,,"document.write(Icons.GetShortDescription(7, 'CurrentWeather'));  Scattered Clouds at 120m, Broken Clouds at 760m, Cloudy at 2400m Light Rain, Haze",2018-05-02
15:40,15°C,15°C,280°20 Km/h,,82%,12°C,1001.0mb,,"document.write(Icons.GetShortDescription(4, 'CurrentWeather'));  Scattered Clouds at 180m, Broken Clouds at 760m, Cloudy at 2400m Haze",2018-05-02
16:00,14°C,14°C,270°24 Km/h,,82%,11°C,1001.0mb,,"document.write(Icons.GetShortDescription(4, 'CurrentWeather'));  Scattered Clouds at 210m, Broken Clouds at 760m, Cloudy at 2400m Haze",2018-05-02
16:33,13°C,13°C,240°13 Km/h,,82%,10°C,1002.0mb,,"document.write(Icons.GetShortDescription(4, 'CurrentWeather'));  Scattered Clouds at 300m, Broken Clouds at 910m, Cloudy at 2400m",2018-05-02
17:00,13°C,13°C,270°11 Km/h,,82%,10°C,1001.0mb,,"document.write(Icons.GetShortDescription(4, 'CurrentWeather'));  Scattered Clouds at 300m, Broken Clouds at 910m, Cloudy at 2400m",2018-05-02
18:00,13°C,13°C,280°15 Km/h,,82%,10°C,1002.0mb,,"document.write(Icons.GetShortDescription(7, 'CurrentWeather'));  Scattered Clouds at 240m, Broken Clouds at 760m, Cloudy at 2400m Light Rain",2018-05-02
19:00,12°C,12°C,310°28 Km/h,,77%,8°C,1003.0mb,,"document.write(Icons.GetShortDescription(7, 'CurrentWeather'));  Few Clouds at 300m, Broken Clouds at 760m, Cloudy at 2400m Light Rain, Haze",2018-05-02
20:00,11°C,11°C,290°20 Km/h,,82%,8°C,1004.0mb,,"document.write(Icons.GetShortDescription(7, 'CurrentWeather'));  Scattered Clouds at 300m, Broken Clouds at 760m, Cloudy at 2400m Light Rain",2018-05-02
21:00,11°C,11°C,300°24 Km/h,,77%,7°C,1005.0mb,,"document.write(Icons.GetShortDescription(3, 'CurrentWeather'));  Few Clouds at 300m, Broken Clouds at 760m",2018-05-02
22:00,11°C,11°C,310°24 Km/h,,72%,6°C,1006.0mb,,"document.write(Icons.GetShortDescription(3, 'CurrentWeather'));  Broken Clouds at 760m",2018-05-02
23:00,10°C,7°C,320°28 Km/h,,71%,5°C,1007.0mb,,"document.write(Icons.GetShortDescription(3, 'CurrentWeather'));  Broken Clouds at 760m",2018-05-02
