Time,Temperature,Relative Temperature,Wind,Wind Gust,Rel. humidity,Dew Point,Pressure,Icon,DescriptionDetails,date
00:00,11°C,11°C,360°6 Km/h,,62%,4°C,1020.0mb,,"document.write(Icons.GetShortDescription(1, 'CurrentWeather'));",2018-04-20
01:00,10°C,10°C,20°2 Km/h,,67%,4°C,1020.0mb,,"document.write(Icons.GetShortDescription(1, 'CurrentWeather'));",2018-04-20
02:00,10°C,10°C,320°6 Km/h,,71%,5°C,1020.0mb,,"document.write(Icons.GetShortDescription(1, 'CurrentWeather'));",2018-04-20
03:00,9°C,9°C,340°4 Km/h,,76%,5°C,1020.0mb,,"document.write(Icons.GetShortDescription(2, 'CurrentWeather'));  Few Clouds at 1200m",2018-04-20
04:00,8°C,8°C,320°4 Km/h,,76%,4°C,1020.0mb,,"document.write(Icons.GetShortDescription(2, 'CurrentWeather'));  Few Clouds at 1200m Haze",2018-04-20
05:00,9°C,9°C,350°4 Km/h,,76%,5°C,1020.0mb,,"document.write(Icons.GetShortDescription(1, 'CurrentWeather'));  Haze",2018-04-20
06:00,8°C,8°C,360°2 Km/h,,82%,5°C,1020.0mb,,"document.write(Icons.GetShortDescription(1, 'CurrentWeather'));",2018-04-20
07:00,10°C,10°C,320°6 Km/h,,76%,6°C,1021.0mb,,"document.write(Icons.GetShortDescription(1, 'CurrentWeather'));",2018-04-20
08:00,13°C,13°C,350°4 Km/h,,67%,7°C,1021.0mb,,"document.write(Icons.GetShortDescription(1, 'CurrentWeather'));",2018-04-20
09:00,16°C,16°C,50°2 Km/h,,52%,6°C,1021.0mb,,"document.write(Icons.GetShortDescription(1, 'CurrentWeather'));",2018-04-20
10:00,19°C,19°C,190°6 Km/h,,43%,6°C,1021.0mb,,"document.write(Icons.GetShortDescription(1, 'CurrentWeather'));",2018-04-20
11:00,21°C,21°C,160°7 Km/h,,35%,5°C,1021.0mb,,"document.write(Icons.GetShortDescription(1, 'CurrentWeather'));",2018-04-20
12:00,23°C,22°C,190°6 Km/h,,31%,5°C,1021.0mb,,"document.write(Icons.GetShortDescription(1, 'CurrentWeather'));",2018-04-20
13:00,24°C,23°C,330°9 Km/h,,29%,5°C,1020.0mb,,"document.write(Icons.GetShortDescription(1, 'CurrentWeather'));",2018-04-20
14:00,24°C,23°C,270°11 Km/h,,29%,5°C,1019.0mb,,"document.write(Icons.GetShortDescription(1, 'CurrentWeather'));",2018-04-20
15:00,24°C,23°C,310°17 Km/h,,31%,6°C,1019.0mb,,"document.write(Icons.GetShortDescription(1, 'CurrentWeather'));",2018-04-20
16:00,23°C,22°C,300°17 Km/h,,36%,7°C,1018.0mb,,"document.write(Icons.GetShortDescription(1, 'CurrentWeather'));",2018-04-20
17:00,24°C,23°C,320°9 Km/h,,31%,6°C,1018.0mb,,"document.write(Icons.GetShortDescription(1, 'CurrentWeather'));",2018-04-20
18:00,22°C,21°C,300°13 Km/h,,33%,5°C,1018.0mb,,"document.write(Icons.GetShortDescription(1, 'CurrentWeather'));",2018-04-20
19:00,19°C,19°C,300°11 Km/h,,40%,5°C,1018.0mb,,"document.write(Icons.GetShortDescription(1, 'CurrentWeather'));",2018-04-20
20:00,17°C,17°C,310°6 Km/h,,49%,6°C,1019.0mb,,"document.write(Icons.GetShortDescription(1, 'CurrentWeather'));",2018-04-20
21:00,15°C,15°C,310°6 Km/h,,59%,7°C,1019.0mb,,"document.write(Icons.GetShortDescription(1, 'CurrentWeather'));",2018-04-20
22:00,15°C,15°C,70°6 Km/h,,59%,7°C,1019.0mb,,"document.write(Icons.GetShortDescription(1, 'CurrentWeather'));",2018-04-20
23:00,13°C,13°C,300°2 Km/h,,67%,7°C,1019.0mb,,"document.write(Icons.GetShortDescription(1, 'CurrentWeather'));",2018-04-20
