Time,Temperature,Relative Temperature,Wind,Wind Gust,Rel. humidity,Dew Point,Pressure,Icon,DescriptionDetails,date
00:00,14°C,14°C,180°13 Km/h,,88%,12°C,1016.0mb,,"document.write(Icons.GetShortDescription(3, 'CurrentWeather'));  Scattered Clouds at 240m, Broken Clouds at 610m Haze",2018-04-04
01:00,14°C,14°C,220°7 Km/h,,88%,12°C,1016.0mb,,"document.write(Icons.GetShortDescription(7, 'CurrentWeather'));  Scattered Clouds at 240m, Broken Clouds at 610m Light Rain, Haze",2018-04-04
01:46,14°C,14°C,220°2 Km/h,,82%,11°C,1015.0mb,,"document.write(Icons.GetShortDescription(7, 'CurrentWeather'));  Scattered Clouds at 240m, Broken Clouds at 610m, Cloudy at 2400m Rain, Haze",2018-04-04
02:00,14°C,14°C,210°6 Km/h,,88%,12°C,1015.0mb,,"document.write(Icons.GetShortDescription(7, 'CurrentWeather'));  Scattered Clouds at 240m, Broken Clouds at 610m, Cloudy at 2400m Rain, Haze",2018-04-04
03:00,14°C,14°C,220°7 Km/h,,88%,12°C,1014.0mb,,"document.write(Icons.GetShortDescription(7, 'CurrentWeather'));  Scattered Clouds at 240m, Broken Clouds at 610m, Cloudy at 2400m Rain, Haze",2018-04-04
04:00,12°C,12°C,300°20 Km/h,,88%,10°C,1015.0mb,,"document.write(Icons.GetShortDescription(7, 'CurrentWeather'));  Scattered Clouds at 240m, Broken Clouds at 610m, Cloudy at 2400m Light Rain, Haze",2018-04-04
04:37,11°C,11°C,330°28 Km/h,,82%,8°C,1015.0mb,,"document.write(Icons.GetShortDescription(7, 'CurrentWeather'));  Scattered Clouds at 240m, Broken Clouds at 610m, Cloudy at 2400m Light Rain, Partial Fog",2018-04-04
05:00,10°C,8°C,340°17 Km/h,,88%,8°C,1015.0mb,,"document.write(Icons.GetShortDescription(7, 'CurrentWeather'));  Scattered Clouds at 240m, Broken Clouds at 610m, Cloudy at 2400m Light Rain, Partial Fog",2018-04-04
05:34,10°C,7°C,360°22 Km/h,,88%,8°C,1015.0mb,,"document.write(Icons.GetShortDescription(7, 'CurrentWeather'));  Few Clouds at 300m, Broken Clouds at 910m, Cloudy at 2400m Light Drizzle, Haze",2018-04-04
06:00,10°C,8°C,360°17 Km/h,,82%,7°C,1016.0mb,,"document.write(Icons.GetShortDescription(4, 'CurrentWeather'));  Few Clouds at 300m, Broken Clouds at 910m, Cloudy at 2400m",2018-04-04
07:00,10°C,8°C,360°17 Km/h,,76%,6°C,1016.0mb,,"document.write(Icons.GetShortDescription(4, 'CurrentWeather'));  Few Clouds at 300m, Broken Clouds at 1100m, Cloudy at 2400m",2018-04-04
08:00,9°C,6°C,340°19 Km/h,,82%,6°C,1018.0mb,,"document.write(Icons.GetShortDescription(4, 'CurrentWeather'));  Few Clouds at 300m, Scattered Clouds at 1100m, Cloudy at 2400m",2018-04-04
09:00,9°C,7°C,20°15 Km/h,,76%,5°C,1018.0mb,,"document.write(Icons.GetShortDescription(7, 'CurrentWeather'));  Scattered Clouds at 1200m, Cloudy at 2400m Light Rain",2018-04-04
10:00,10°C,8°C,360°17 Km/h,,76%,6°C,1018.0mb,,"document.write(Icons.GetShortDescription(3, 'CurrentWeather'));  Broken Clouds at 610m, Broken Clouds at 2700m",2018-04-04
11:00,12°C,12°C,360°13 Km/h,,67%,6°C,1019.0mb,,"document.write(Icons.GetShortDescription(3, 'CurrentWeather'));  Broken Clouds at 610m, Broken Clouds at 2700m",2018-04-04
12:00,12°C,12°C,10°15 Km/h,,67%,6°C,1019.0mb,,"document.write(Icons.GetShortDescription(3, 'CurrentWeather'));  Broken Clouds at 760m",2018-04-04
13:00,14°C,14°C,10°13 Km/h,,59%,6°C,1019.0mb,,"document.write(Icons.GetShortDescription(2, 'CurrentWeather'));  Scattered Clouds at 910m",2018-04-04
14:00,16°C,16°C,360°11 Km/h,,55%,7°C,1018.0mb,,"document.write(Icons.GetShortDescription(2, 'CurrentWeather'));  Scattered Clouds at 1100m",2018-04-04
15:00,17°C,17°C,70°7 Km/h,,45%,5°C,1018.0mb,,"document.write(Icons.GetShortDescription(2, 'CurrentWeather'));  Few Clouds at 1100m",2018-04-04
16:00,17°C,17°C,120°11 Km/h,,42%,4°C,1018.0mb,,"document.write(Icons.GetShortDescription(2, 'CurrentWeather'));  Few Clouds at 1100m",2018-04-04
17:00,17°C,17°C,120°13 Km/h,,42%,4°C,1018.0mb,,"document.write(Icons.GetShortDescription(2, 'CurrentWeather'));  Few Clouds at 1200m",2018-04-04
18:00,16°C,16°C,130°19 Km/h,,45%,4°C,1017.0mb,,"document.write(Icons.GetShortDescription(2, 'CurrentWeather'));  Few Clouds at 1200m, Scattered Clouds at 6100m",2018-04-04
19:00,14°C,14°C,120°15 Km/h,,51%,4°C,1018.0mb,,"document.write(Icons.GetShortDescription(2, 'CurrentWeather'));  Few Clouds at 1200m",2018-04-04
20:00,13°C,13°C,130°20 Km/h,,55%,4°C,1018.0mb,,"document.write(Icons.GetShortDescription(1, 'CurrentWeather'));",2018-04-04
21:00,12°C,12°C,120°15 Km/h,,58%,4°C,1020.0mb,,"document.write(Icons.GetShortDescription(2, 'CurrentWeather'));  Few Clouds at 1200m",2018-04-04
22:00,12°C,12°C,70°13 Km/h,,54%,3°C,1021.0mb,,"document.write(Icons.GetShortDescription(3, 'CurrentWeather'));  Few Clouds at 1200m, Broken Clouds at 5500m",2018-04-04
23:00,11°C,11°C,90°17 Km/h,,54%,2°C,1021.0mb,,"document.write(Icons.GetShortDescription(3, 'CurrentWeather'));  Few Clouds at 1200m, Broken Clouds at 5500m",2018-04-04
