Time,Temperature,Relative Temperature,Wind,Wind Gust,Rel. humidity,Dew Point,Pressure,Icon,DescriptionDetails,date
00:00,-6°C,-11°C,20°11 Km/h,,74%,-10°C,1015.0mb,,"document.write(Icons.GetShortDescription(26, 'CurrentWeather'));  Few Clouds at 300m, Broken Clouds at 910m, Cloudy at 3000m Light Snowfall, Haze",2018-01-10
01:00,-7°C,-11°C,360°9 Km/h,,73%,-11°C,1015.0mb,,"document.write(Icons.GetShortDescription(26, 'CurrentWeather'));  Few Clouds at 300m, Broken Clouds at 910m, Cloudy at 3000m Light Snowfall",2018-01-10
02:00,-6°C,-6°C,320°4 Km/h,,74%,-10°C,1015.0mb,,"document.write(Icons.GetShortDescription(3, 'CurrentWeather'));  Broken Clouds at 910m",2018-01-10
03:00,-8°C,-11°C,310°6 Km/h,,73%,-12°C,1016.0mb,,"document.write(Icons.GetShortDescription(2, 'CurrentWeather'));  Scattered Clouds at 910m",2018-01-10
04:00,-11°C,-11°C,300°4 Km/h,,79%,-14°C,1016.0mb,,"document.write(Icons.GetShortDescription(1, 'CurrentWeather'));",2018-01-10
05:00,-10°C,-14°C,300°7 Km/h,,73%,-14°C,1016.0mb,,"document.write(Icons.GetShortDescription(1, 'CurrentWeather'));",2018-01-10
06:00,-11°C,-14°C,350°6 Km/h,,79%,-14°C,1016.0mb,,"document.write(Icons.GetShortDescription(1, 'CurrentWeather'));",2018-01-10
07:00,-10°C,-10°C,260°2 Km/h,,79%,-13°C,1017.0mb,,"document.write(Icons.GetShortDescription(1, 'CurrentWeather'));",2018-01-10
08:00,-10°C,-15°C,340°9 Km/h,,73%,-14°C,1017.0mb,,"document.write(Icons.GetShortDescription(1, 'CurrentWeather'));",2018-01-10
09:00,-8°C,-12°C,330°7 Km/h,,73%,-12°C,1018.0mb,,"document.write(Icons.GetShortDescription(2, 'CurrentWeather'));  Few Clouds at 910m",2018-01-10
10:00,-7°C,-13°C,340°17 Km/h,,63%,-13°C,1019.0mb,,"document.write(Icons.GetShortDescription(2, 'CurrentWeather'));  Few Clouds at 910m",2018-01-10
11:00,-6°C,-13°C,330°22 Km/h,,58%,-13°C,1019.0mb,,"document.write(Icons.GetShortDescription(2, 'CurrentWeather'));  Few Clouds at 910m",2018-01-10
12:00,-6°C,-13°C,330°20 Km/h,,54%,-14°C,1018.0mb,,"document.write(Icons.GetShortDescription(2, 'CurrentWeather'));  Few Clouds at 910m",2018-01-10
13:00,-5°C,-12°C,330°22 Km/h,,54%,-13°C,1018.0mb,,"document.write(Icons.GetShortDescription(2, 'CurrentWeather'));  Few Clouds at 910m",2018-01-10
14:00,-5°C,-12°C,330°24 Km/h,,46%,-15°C,1018.0mb,,"document.write(Icons.GetShortDescription(2, 'CurrentWeather'));  Few Clouds at 910m",2018-01-10
15:00,-6°C,-14°C,340°26 Km/h,,45%,-16°C,1018.0mb,,"document.write(Icons.GetShortDescription(2, 'CurrentWeather'));  Few Clouds at 910m",2018-01-10
16:00,-6°C,-14°C,320°30 Km/h,,35%,-19°C,1019.0mb,,"document.write(Icons.GetShortDescription(2, 'CurrentWeather'));  Few Clouds at 910m",2018-01-10
17:00,-7°C,-14°C,310°22 Km/h,,35%,-20°C,1020.0mb,,"document.write(Icons.GetShortDescription(2, 'CurrentWeather'));  Few Clouds at 910m",2018-01-10
18:00,-8°C,-15°C,310°20 Km/h,,38%,-20°C,1021.0mb,,"document.write(Icons.GetShortDescription(2, 'CurrentWeather'));  Few Clouds at 910m",2018-01-10
19:00,-9°C,-15°C,310°15 Km/h,,41%,-20°C,1022.0mb,,"document.write(Icons.GetShortDescription(1, 'CurrentWeather'));",2018-01-10
20:00,-10°C,-17°C,320°15 Km/h,,44%,-20°C,1022.0mb,,"document.write(Icons.GetShortDescription(1, 'CurrentWeather'));",2018-01-10
21:00,-10°C,-18°C,320°19 Km/h,,44%,-20°C,1023.0mb,,"document.write(Icons.GetShortDescription(1, 'CurrentWeather'));",2018-01-10
22:00,-10°C,-18°C,320°20 Km/h,,44%,-20°C,1023.0mb,,"document.write(Icons.GetShortDescription(1, 'CurrentWeather'));",2018-01-10
23:00,-10°C,-16°C,310°13 Km/h,,48%,-19°C,1024.0mb,,"document.write(Icons.GetShortDescription(1, 'CurrentWeather'));",2018-01-10
