Time,Temperature,Relative Temperature,Wind,Wind Gust,Rel. humidity,Dew Point,Pressure,Icon,DescriptionDetails,date
00:00,7°C,5°C,300°11 Km/h,,71%,2°C,1010.0mb,,"document.write(Icons.GetShortDescription(3, 'CurrentWeather'));  Scattered Clouds at 1200m, Broken Clouds at 4300m",2018-04-15
01:00,7°C,6°C,290°6 Km/h,,71%,2°C,1010.0mb,,"document.write(Icons.GetShortDescription(1, 'CurrentWeather'));",2018-04-15
02:00,6°C,4°C,280°7 Km/h,,76%,2°C,1010.0mb,,"document.write(Icons.GetShortDescription(1, 'CurrentWeather'));",2018-04-15
03:00,6°C,4°C,280°7 Km/h,,76%,2°C,1010.0mb,,"document.write(Icons.GetShortDescription(1, 'CurrentWeather'));",2018-04-15
04:00,6°C,5°C,270°6 Km/h,,76%,2°C,1010.0mb,,"document.write(Icons.GetShortDescription(2, 'CurrentWeather'));  Few Clouds at 1400m",2018-04-15
05:00,4°C,4°C,30°4 Km/h,,81%,1°C,1011.0mb,,"document.write(Icons.GetShortDescription(2, 'CurrentWeather'));  Scattered Clouds at 1200m",2018-04-15
06:00,4°C,4°C,230°2 Km/h,,81%,1°C,1011.0mb,,"document.write(Icons.GetShortDescription(2, 'CurrentWeather'));  Scattered Clouds at 1100m Haze",2018-04-15
07:00,5°C,5°C,180°2 Km/h,,87%,3°C,1011.0mb,,"document.write(Icons.GetShortDescription(2, 'CurrentWeather'));  Few Clouds at 1100m Haze",2018-04-15
08:00,9°C,9°C,Calm,,76%,5°C,1012.0mb,,"document.write(Icons.GetShortDescription(2, 'CurrentWeather'));  Few Clouds at 1100m",2018-04-15
09:00,9°C,8°C,320°6 Km/h,,71%,4°C,1012.0mb,,"document.write(Icons.GetShortDescription(3, 'CurrentWeather'));  Few Clouds at 1200m, Broken Clouds at 6100m",2018-04-15
10:00,11°C,11°C,300°13 Km/h,,58%,3°C,1013.0mb,,"document.write(Icons.GetShortDescription(2, 'CurrentWeather'));  Few Clouds at 760m",2018-04-15
11:00,12°C,12°C,300°13 Km/h,,54%,3°C,1012.0mb,,"document.write(Icons.GetShortDescription(2, 'CurrentWeather'));  Few Clouds at 910m",2018-04-15
12:00,12°C,12°C,10°11 Km/h,,51%,2°C,1012.0mb,,"document.write(Icons.GetShortDescription(3, 'CurrentWeather'));  Few Clouds at 910m, Broken Clouds at 5500m",2018-04-15
13:00,13°C,13°C,280°17 Km/h,,51%,3°C,1012.0mb,,"document.write(Icons.GetShortDescription(3, 'CurrentWeather'));  Scattered Clouds at 910m, Broken Clouds at 5500m",2018-04-15
14:00,13°C,13°C,270°17 Km/h,,55%,4°C,1011.0mb,,"document.write(Icons.GetShortDescription(3, 'CurrentWeather'));  Scattered Clouds at 910m, Broken Clouds at 5500m",2018-04-15
15:00,12°C,12°C,280°20 Km/h,,54%,3°C,1012.0mb,,"document.write(Icons.GetShortDescription(3, 'CurrentWeather'));  Scattered Clouds at 910m, Broken Clouds at 5500m",2018-04-15
16:00,12°C,12°C,280°17 Km/h,,58%,4°C,1013.0mb,,"document.write(Icons.GetShortDescription(3, 'CurrentWeather'));  Scattered Clouds at 910m, Broken Clouds at 5500m",2018-04-15
17:00,11°C,11°C,280°19 Km/h,,58%,3°C,1013.0mb,,"document.write(Icons.GetShortDescription(2, 'CurrentWeather'));  Scattered Clouds at 910m",2018-04-15
18:00,12°C,12°C,280°15 Km/h,,54%,3°C,1013.0mb,,"document.write(Icons.GetShortDescription(2, 'CurrentWeather'));  Few Clouds at 910m",2018-04-15
19:00,10°C,8°C,270°11 Km/h,,58%,2°C,1014.0mb,,"document.write(Icons.GetShortDescription(2, 'CurrentWeather'));  Few Clouds at 910m",2018-04-15
20:00,9°C,8°C,270°6 Km/h,,62%,2°C,1014.0mb,,"document.write(Icons.GetShortDescription(2, 'CurrentWeather'));  Few Clouds at 910m",2018-04-15
21:00,9°C,7°C,310°11 Km/h,,58%,1°C,1015.0mb,,"document.write(Icons.GetShortDescription(1, 'CurrentWeather'));",2018-04-15
22:00,9°C,6°C,310°20 Km/h,,54%,0°C,1016.0mb,,"document.write(Icons.GetShortDescription(1, 'CurrentWeather'));",2018-04-15
23:00,8°C,7°C,270°6 Km/h,,53%,-1°C,1017.0mb,,"document.write(Icons.GetShortDescription(1, 'CurrentWeather'));",2018-04-15
