Time,Temperature,Relative Temperature,Wind,Wind Gust,Rel. humidity,Dew Point,Pressure,Icon,DescriptionDetails,date
00:00,0°C,-3°C,340°9 Km/h,,60%,-7°C,1030.0mb,,"document.write(Icons.GetShortDescription(1, 'CurrentWeather'));",2018-03-07
01:00,0°C,-2°C,340°6 Km/h,,60%,-7°C,1030.0mb,,"document.write(Icons.GetShortDescription(1, 'CurrentWeather'));",2018-03-07
02:00,0°C,-3°C,340°7 Km/h,,64%,-6°C,1031.0mb,,"document.write(Icons.GetShortDescription(1, 'CurrentWeather'));",2018-03-07
03:00,0°C,-3°C,340°7 Km/h,,64%,-6°C,1030.0mb,,"document.write(Icons.GetShortDescription(1, 'CurrentWeather'));",2018-03-07
04:00,0°C,-3°C,360°7 Km/h,,69%,-5°C,1030.0mb,,"document.write(Icons.GetShortDescription(1, 'CurrentWeather'));",2018-03-07
05:00,0°C,-2°C,360°6 Km/h,,69%,-5°C,1031.0mb,,"document.write(Icons.GetShortDescription(1, 'CurrentWeather'));",2018-03-07
06:00,2°C,-1°C,90°9 Km/h,,65%,-4°C,1031.0mb,,"document.write(Icons.GetShortDescription(1, 'CurrentWeather'));",2018-03-07
07:00,3°C,-1°C,110°17 Km/h,,60%,-4°C,1031.0mb,,"document.write(Icons.GetShortDescription(1, 'CurrentWeather'));",2018-03-07
08:00,4°C,0°C,110°17 Km/h,,56%,-4°C,1031.0mb,,"document.write(Icons.GetShortDescription(1, 'CurrentWeather'));",2018-03-07
09:00,5°C,2°C,120°17 Km/h,,53%,-4°C,1030.0mb,,"document.write(Icons.GetShortDescription(1, 'CurrentWeather'));",2018-03-07
10:00,6°C,2°C,120°20 Km/h,,49%,-4°C,1030.0mb,,"document.write(Icons.GetShortDescription(1, 'CurrentWeather'));",2018-03-07
11:00,7°C,3°C,110°24 Km/h,,49%,-3°C,1029.0mb,,"document.write(Icons.GetShortDescription(1, 'CurrentWeather'));",2018-03-07
12:00,8°C,5°C,110°19 Km/h,,43%,-4°C,1027.0mb,,"document.write(Icons.GetShortDescription(1, 'CurrentWeather'));",2018-03-07
13:00,9°C,7°C,150°15 Km/h,,40%,-4°C,1027.0mb,,"document.write(Icons.GetShortDescription(1, 'CurrentWeather'));",2018-03-07
14:00,10°C,9°C,150°7 Km/h,,37%,-4°C,1026.0mb,,"document.write(Icons.GetShortDescription(1, 'CurrentWeather'));",2018-03-07
15:00,10°C,9°C,70°9 Km/h,,37%,-4°C,1025.0mb,,"document.write(Icons.GetShortDescription(1, 'CurrentWeather'));",2018-03-07
16:00,10°C,8°C,100°15 Km/h,,37%,-4°C,1025.0mb,,"document.write(Icons.GetShortDescription(3, 'CurrentWeather'));  Few Clouds at 1200m, Broken Clouds at 4000m",2018-03-07
17:00,10°C,9°C,100°9 Km/h,,37%,-4°C,1024.0mb,,"document.write(Icons.GetShortDescription(4, 'CurrentWeather'));  Few Clouds at 1200m, Cloudy at 3400m",2018-03-07
18:00,9°C,8°C,40°6 Km/h,,40%,-4°C,1024.0mb,,"document.write(Icons.GetShortDescription(4, 'CurrentWeather'));  Broken Clouds at 1200m, Cloudy at 3000m",2018-03-07
19:00,9°C,8°C,170°6 Km/h,,40%,-4°C,1024.0mb,,"document.write(Icons.GetShortDescription(4, 'CurrentWeather'));  Broken Clouds at 1200m, Cloudy at 3000m",2018-03-07
20:00,8°C,7°C,330°6 Km/h,,50%,-2°C,1025.0mb,,"document.write(Icons.GetShortDescription(4, 'CurrentWeather'));  Broken Clouds at 910m, Cloudy at 2700m",2018-03-07
21:00,7°C,7°C,310°4 Km/h,,57%,-1°C,1025.0mb,,"document.write(Icons.GetShortDescription(7, 'CurrentWeather'));  Broken Clouds at 910m, Cloudy at 2400m Light Rain",2018-03-07
22:00,6°C,6°C,190°2 Km/h,,61%,-1°C,1025.0mb,,"document.write(Icons.GetShortDescription(7, 'CurrentWeather'));  Broken Clouds at 910m, Cloudy at 2400m Light Rain",2018-03-07
23:00,5°C,5°C,240°4 Km/h,,76%,1°C,1025.0mb,,"document.write(Icons.GetShortDescription(7, 'CurrentWeather'));  Broken Clouds at 610m, Cloudy at 2100m Light Rain, Haze",2018-03-07
