Time,Temperature,Relative Temperature,Wind,Wind Gust,Rel. humidity,Dew Point,Pressure,Icon,DescriptionDetails,date
00:00,1°C,1°C,Calm,,75%,-3°C,1021.0mb,,"document.write(Icons.GetShortDescription(3, 'CurrentWeather'));  Scattered Clouds at 910m, Broken Clouds at 5500m Haze",2018-01-18
01:00,1°C,1°C,210°4 Km/h,,75%,-3°C,1020.0mb,,"document.write(Icons.GetShortDescription(3, 'CurrentWeather'));  Broken Clouds at 910m, Broken Clouds at 5500m Haze",2018-01-18
02:00,1°C,-1°C,340°6 Km/h,,81%,-2°C,1021.0mb,,"document.write(Icons.GetShortDescription(3, 'CurrentWeather'));  Broken Clouds at 610m, Broken Clouds at 5500m Haze",2018-01-18
03:00,2°C,2°C,40°2 Km/h,,75%,-2°C,1022.0mb,,"document.write(Icons.GetShortDescription(3, 'CurrentWeather'));  Broken Clouds at 610m, Broken Clouds at 5500m Haze",2018-01-18
04:00,1°C,1°C,350°4 Km/h,,81%,-2°C,1021.0mb,,"document.write(Icons.GetShortDescription(3, 'CurrentWeather'));  Scattered Clouds at 610m, Broken Clouds at 5500m Haze",2018-01-18
04:25,0°C,0°C,330°4 Km/h,,80%,-3°C,1021.0mb,,"document.write(Icons.GetShortDescription(3, 'CurrentWeather'));  Scattered Clouds at 610m, Broken Clouds at 5500m Haze",2018-01-18
05:00,-1°C,-1°C,90°2 Km/h,,80%,-4°C,1021.0mb,,"document.write(Icons.GetShortDescription(3, 'CurrentWeather'));  Few Clouds at 300m, Broken Clouds at 910m, Broken Clouds at 5500m Haze",2018-01-18
05:47,-1°C,-1°C,320°4 Km/h,,86%,-3°C,1021.0mb,,"document.write(Icons.GetShortDescription(3, 'CurrentWeather'));  Broken Clouds at 210m, Broken Clouds at 910m Fog",2018-01-18
06:00,0°C,0°C,340°4 Km/h,,80%,-3°C,1021.0mb,,"document.write(Icons.GetShortDescription(3, 'CurrentWeather'));  Broken Clouds at 210m, Broken Clouds at 610m Fog",2018-01-18
07:00,-2°C,-2°C,240°4 Km/h,,86%,-4°C,1022.0mb,,"document.write(Icons.GetShortDescription(3, 'CurrentWeather'));  Broken Clouds at 210m, Broken Clouds at 610m Partial Fog",2018-01-18
07:11,0°C,0°C,250°4 Km/h,,80%,-3°C,1022.0mb,,"document.write(Icons.GetShortDescription(1, 'CurrentWeather'));  Haze",2018-01-18
08:00,-2°C,-2°C,310°4 Km/h,,86%,-4°C,1022.0mb,,"document.write(Icons.GetShortDescription(1, 'CurrentWeather'));  Haze",2018-01-18
09:00,0°C,-3°C,320°7 Km/h,,80%,-3°C,1023.0mb,,"document.write(Icons.GetShortDescription(3, 'CurrentWeather'));  Few Clouds at 910m, Broken Clouds at 3700m Haze",2018-01-18
10:00,0°C,-4°C,350°11 Km/h,,80%,-3°C,1024.0mb,,"document.write(Icons.GetShortDescription(3, 'CurrentWeather'));  Few Clouds at 910m, Broken Clouds at 3700m Haze",2018-01-18
11:00,1°C,-3°C,330°13 Km/h,,75%,-3°C,1025.0mb,,"document.write(Icons.GetShortDescription(3, 'CurrentWeather'));  Scattered Clouds at 910m, Broken Clouds at 3700m Haze",2018-01-18
12:00,2°C,-1°C,320°11 Km/h,,70%,-3°C,1024.0mb,,"document.write(Icons.GetShortDescription(3, 'CurrentWeather'));  Scattered Clouds at 910m, Broken Clouds at 3700m Haze",2018-01-18
13:00,3°C,0°C,330°11 Km/h,,65%,-3°C,1024.0mb,,"document.write(Icons.GetShortDescription(3, 'CurrentWeather'));  Scattered Clouds at 910m, Broken Clouds at 4600m Haze",2018-01-18
14:00,3°C,0°C,330°9 Km/h,,56%,-5°C,1023.0mb,,"document.write(Icons.GetShortDescription(3, 'CurrentWeather'));  Few Clouds at 910m, Broken Clouds at 4600m",2018-01-18
15:00,3°C,-1°C,320°15 Km/h,,45%,-8°C,1023.0mb,,"document.write(Icons.GetShortDescription(3, 'CurrentWeather'));  Few Clouds at 910m, Broken Clouds at 5500m",2018-01-18
16:00,3°C,-1°C,330°19 Km/h,,38%,-10°C,1024.0mb,,"document.write(Icons.GetShortDescription(3, 'CurrentWeather'));  Few Clouds at 910m, Broken Clouds at 5500m",2018-01-18
17:00,2°C,-2°C,330°13 Km/h,,44%,-9°C,1024.0mb,,"document.write(Icons.GetShortDescription(3, 'CurrentWeather'));  Few Clouds at 910m, Broken Clouds at 5500m",2018-01-18
18:00,1°C,-2°C,290°9 Km/h,,44%,-10°C,1024.0mb,,"document.write(Icons.GetShortDescription(1, 'CurrentWeather'));",2018-01-18
19:00,1°C,-2°C,310°11 Km/h,,41%,-11°C,1025.0mb,,"document.write(Icons.GetShortDescription(1, 'CurrentWeather'));",2018-01-18
20:00,0°C,-3°C,300°9 Km/h,,44%,-11°C,1025.0mb,,"document.write(Icons.GetShortDescription(1, 'CurrentWeather'));",2018-01-18
21:00,0°C,0°C,340°4 Km/h,,44%,-11°C,1026.0mb,,"document.write(Icons.GetShortDescription(1, 'CurrentWeather'));",2018-01-18
22:00,-1°C,-1°C,340°4 Km/h,,51%,-10°C,1026.0mb,,"document.write(Icons.GetShortDescription(1, 'CurrentWeather'));",2018-01-18
23:00,-1°C,-4°C,360°9 Km/h,,51%,-10°C,1026.0mb,,"document.write(Icons.GetShortDescription(1, 'CurrentWeather'));",2018-01-18
