Time,Temperature,Relative Temperature,Wind,Wind Gust,Rel. humidity,Dew Point,Pressure,Icon,DescriptionDetails,date
00:00,15°C,15°C,170°6 Km/h,,68%,9°C,1017.0mb,,"document.write(Icons.GetShortDescription(3, 'CurrentWeather'));  Scattered Clouds at 760m, Broken Clouds at 2400m",2018-03-15
01:00,15°C,15°C,200°9 Km/h,,68%,9°C,1017.0mb,,"document.write(Icons.GetShortDescription(3, 'CurrentWeather'));  Broken Clouds at 760m, Broken Clouds at 3000m",2018-03-15
02:00,16°C,16°C,200°13 Km/h,,63%,9°C,1016.0mb,,"document.write(Icons.GetShortDescription(4, 'CurrentWeather'));  Broken Clouds at 760m, Cloudy at 3000m",2018-03-15
03:00,16°C,16°C,210°15 Km/h,,68%,10°C,1015.0mb,,"document.write(Icons.GetShortDescription(7, 'CurrentWeather'));  Broken Clouds at 610m, Cloudy at 2400m Light Rain",2018-03-15
03:43,15°C,15°C,190°20 Km/h,,72%,10°C,1014.0mb,,"document.write(Icons.GetShortDescription(7, 'CurrentWeather'));  Scattered Clouds at 300m, Broken Clouds at 760m, Cloudy at 2100m Rain, Haze",2018-03-15
04:00,14°C,14°C,190°19 Km/h,,82%,11°C,1014.0mb,,"document.write(Icons.GetShortDescription(7, 'CurrentWeather'));  Scattered Clouds at 300m, Broken Clouds at 760m, Cloudy at 2100m Rain, Haze",2018-03-15
05:00,14°C,14°C,200°13 Km/h,,82%,11°C,1014.0mb,,"document.write(Icons.GetShortDescription(7, 'CurrentWeather'));  Scattered Clouds at 300m, Broken Clouds at 760m, Cloudy at 2100m Light Rain, Haze",2018-03-15
06:00,14°C,14°C,220°7 Km/h,,88%,12°C,1014.0mb,,"document.write(Icons.GetShortDescription(7, 'CurrentWeather'));  Scattered Clouds at 240m, Broken Clouds at 760m, Cloudy at 2100m Rain, Haze",2018-03-15
06:13,14°C,14°C,200°13 Km/h,,88%,12°C,1013.0mb,,"document.write(Icons.GetShortDescription(7, 'CurrentWeather'));  Scattered Clouds at 240m, Broken Clouds at 760m, Cloudy at 2100m Heavy Rain, Haze",2018-03-15
07:00,14°C,14°C,210°6 Km/h,,82%,11°C,1013.0mb,,"document.write(Icons.GetShortDescription(7, 'CurrentWeather'));  Scattered Clouds at 240m, Broken Clouds at 610m, Cloudy at 2100m Rain, Haze",2018-03-15
08:00,14°C,14°C,170°2 Km/h,,82%,11°C,1013.0mb,,"document.write(Icons.GetShortDescription(7, 'CurrentWeather'));  Few Clouds at 150m, Broken Clouds at 760m, Cloudy at 2100m Light Rain, Haze",2018-03-15
09:00,14°C,14°C,220°9 Km/h,,88%,12°C,1013.0mb,,"document.write(Icons.GetShortDescription(7, 'CurrentWeather'));  Few Clouds at 150m, Broken Clouds at 760m, Cloudy at 2100m Light Rain, Haze",2018-03-15
10:00,13°C,13°C,230°13 Km/h,,88%,11°C,1013.0mb,,"document.write(Icons.GetShortDescription(7, 'CurrentWeather'));  Few Clouds at 150m, Broken Clouds at 760m, Cloudy at 2100m Light Rain, Haze",2018-03-15
11:00,13°C,13°C,250°15 Km/h,,88%,11°C,1013.0mb,,"document.write(Icons.GetShortDescription(7, 'CurrentWeather'));  Few Clouds at 150m, Broken Clouds at 760m, Cloudy at 2100m Light Rain, Haze",2018-03-15
12:00,12°C,12°C,210°9 Km/h,,88%,10°C,1012.0mb,,"document.write(Icons.GetShortDescription(7, 'CurrentWeather'));  Scattered Clouds at 120m, Broken Clouds at 760m, Cloudy at 2100m Light Drizzle, Haze",2018-03-15
13:00,11°C,11°C,240°13 Km/h,,88%,9°C,1012.0mb,,"document.write(Icons.GetShortDescription(4, 'CurrentWeather'));  Scattered Clouds at 90m, Broken Clouds at 760m, Cloudy at 2100m Haze",2018-03-15
14:00,11°C,11°C,240°11 Km/h,,88%,9°C,1012.0mb,,"document.write(Icons.GetShortDescription(4, 'CurrentWeather'));  Scattered Clouds at 60m, Broken Clouds at 760m, Cloudy at 2100m Haze",2018-03-15
14:42,10°C,8°C,300°19 Km/h,,82%,7°C,1012.0mb,,"document.write(Icons.GetShortDescription(4, 'CurrentWeather'));  Scattered Clouds at 90m, Broken Clouds at 760m, Cloudy at 2100m Haze",2018-03-15
15:00,9°C,7°C,290°13 Km/h,,87%,7°C,1012.0mb,,"document.write(Icons.GetShortDescription(4, 'CurrentWeather'));  Scattered Clouds at 90m, Broken Clouds at 760m, Cloudy at 2100m Haze",2018-03-15
15:48,10°C,10°C,350°6 Km/h,,88%,8°C,1012.0mb,,"document.write(Icons.GetShortDescription(7, 'CurrentWeather'));  Scattered Clouds at 60m, Broken Clouds at 760m, Cloudy at 2100m Light Rain, Haze",2018-03-15
16:00,10°C,9°C,350°7 Km/h,,88%,8°C,1012.0mb,,"document.write(Icons.GetShortDescription(7, 'CurrentWeather'));  Scattered Clouds at 60m, Broken Clouds at 760m, Cloudy at 2100m Light Rain, Haze",2018-03-15
17:00,9°C,8°C,290°7 Km/h,,87%,7°C,1012.0mb,,"document.write(Icons.GetShortDescription(4, 'CurrentWeather'));  Scattered Clouds at 60m, Broken Clouds at 760m, Cloudy at 2100m Haze",2018-03-15
18:00,9°C,8°C,320°7 Km/h,,94%,8°C,1012.0mb,,"document.write(Icons.GetShortDescription(4, 'CurrentWeather'));  Scattered Clouds at 90m, Broken Clouds at 760m, Cloudy at 2100m Haze",2018-03-15
19:00,9°C,8°C,300°7 Km/h,,94%,8°C,1013.0mb,,"document.write(Icons.GetShortDescription(4, 'CurrentWeather'));  Scattered Clouds at 90m, Broken Clouds at 760m, Cloudy at 2100m Haze",2018-03-15
20:00,10°C,9°C,300°9 Km/h,,88%,8°C,1013.0mb,,"document.write(Icons.GetShortDescription(4, 'CurrentWeather'));  Scattered Clouds at 150m, Broken Clouds at 760m, Cloudy at 2400m Haze",2018-03-15
21:00,9°C,6°C,320°19 Km/h,,87%,7°C,1014.0mb,,"document.write(Icons.GetShortDescription(3, 'CurrentWeather'));  Scattered Clouds at 300m, Broken Clouds at 760m Haze",2018-03-15
22:00,9°C,6°C,340°26 Km/h,,76%,5°C,1015.0mb,,"document.write(Icons.GetShortDescription(3, 'CurrentWeather'));  Scattered Clouds at 460m, Broken Clouds at 760m Haze",2018-03-15
23:00,8°C,5°C,340°22 Km/h,,82%,5°C,1016.0mb,,"document.write(Icons.GetShortDescription(3, 'CurrentWeather'));  Scattered Clouds at 460m, Broken Clouds at 760m",2018-03-15
