Time,Temperature,Relative Temperature,Wind,Wind Gust,Rel. humidity,Dew Point,Pressure,Icon,DescriptionDetails,date
00:00,4°C,4°C,40°2 Km/h,,65%,-2°C,1022.0mb,,"document.write(Icons.GetShortDescription(1, 'CurrentWeather'));",2018-03-24
01:00,3°C,3°C,360°2 Km/h,,70%,-2°C,1022.0mb,,"document.write(Icons.GetShortDescription(1, 'CurrentWeather'));  Haze",2018-03-24
02:00,4°C,4°C,360°2 Km/h,,65%,-2°C,1022.0mb,,"document.write(Icons.GetShortDescription(1, 'CurrentWeather'));  Haze",2018-03-24
03:00,4°C,3°C,160°6 Km/h,,65%,-2°C,1022.0mb,,"document.write(Icons.GetShortDescription(7, 'CurrentWeather'));  Broken Clouds at 1100m, Broken Clouds at 2400m Light Drizzle, Haze",2018-03-24
04:00,4°C,4°C,220°4 Km/h,,65%,-2°C,1022.0mb,,"document.write(Icons.GetShortDescription(3, 'CurrentWeather'));  Scattered Clouds at 1100m, Broken Clouds at 2400m Haze",2018-03-24
05:00,3°C,1°C,140°7 Km/h,,60%,-4°C,1022.0mb,,"document.write(Icons.GetShortDescription(3, 'CurrentWeather'));  Scattered Clouds at 1100m, Broken Clouds at 2400m Haze",2018-03-24
06:00,2°C,2°C,160°4 Km/h,,65%,-4°C,1022.0mb,,"document.write(Icons.GetShortDescription(2, 'CurrentWeather'));  Scattered Clouds at 1100m Haze",2018-03-24
07:00,2°C,0°C,170°7 Km/h,,75%,-2°C,1022.0mb,,"document.write(Icons.GetShortDescription(2, 'CurrentWeather'));  Scattered Clouds at 1100m Haze",2018-03-24
08:00,5°C,4°C,180°6 Km/h,,66%,-1°C,1023.0mb,,"document.write(Icons.GetShortDescription(2, 'CurrentWeather'));  Few Clouds at 460m, Scattered Clouds at 1100m Haze",2018-03-24
09:00,6°C,4°C,170°11 Km/h,,57%,-2°C,1023.0mb,,"document.write(Icons.GetShortDescription(3, 'CurrentWeather'));  Few Clouds at 460m, Broken Clouds at 1100m Haze",2018-03-24
10:00,8°C,6°C,230°9 Km/h,,50%,-2°C,1023.0mb,,"document.write(Icons.GetShortDescription(3, 'CurrentWeather'));  Few Clouds at 460m, Broken Clouds at 1100m Haze",2018-03-24
11:00,9°C,7°C,190°11 Km/h,,54%,0°C,1023.0mb,,"document.write(Icons.GetShortDescription(2, 'CurrentWeather'));  Few Clouds at 460m, Scattered Clouds at 1100m Haze",2018-03-24
12:00,10°C,8°C,240°11 Km/h,,58%,2°C,1023.0mb,,"document.write(Icons.GetShortDescription(2, 'CurrentWeather'));  Few Clouds at 460m, Scattered Clouds at 1100m Haze",2018-03-24
13:00,11°C,11°C,240°13 Km/h,,54%,2°C,1022.0mb,,"document.write(Icons.GetShortDescription(2, 'CurrentWeather'));  Few Clouds at 460m, Scattered Clouds at 1100m Haze",2018-03-24
14:00,11°C,11°C,240°15 Km/h,,58%,3°C,1022.0mb,,"document.write(Icons.GetShortDescription(2, 'CurrentWeather'));  Few Clouds at 460m, Scattered Clouds at 1100m Haze",2018-03-24
15:00,10°C,8°C,230°17 Km/h,,62%,3°C,1021.0mb,,"document.write(Icons.GetShortDescription(2, 'CurrentWeather'));  Few Clouds at 460m, Scattered Clouds at 1100m Haze",2018-03-24
16:00,10°C,8°C,220°13 Km/h,,62%,3°C,1021.0mb,,"document.write(Icons.GetShortDescription(2, 'CurrentWeather'));  Few Clouds at 460m, Scattered Clouds at 1100m Haze",2018-03-24
17:00,8°C,5°C,220°19 Km/h,,71%,3°C,1021.0mb,,"document.write(Icons.GetShortDescription(2, 'CurrentWeather'));  Few Clouds at 300m, Scattered Clouds at 910m Haze",2018-03-24
18:00,7°C,5°C,230°13 Km/h,,76%,3°C,1022.0mb,,"document.write(Icons.GetShortDescription(3, 'CurrentWeather'));  Scattered Clouds at 300m, Broken Clouds at 910m Haze",2018-03-24
19:00,7°C,5°C,230°11 Km/h,,76%,3°C,1022.0mb,,"document.write(Icons.GetShortDescription(3, 'CurrentWeather'));  Scattered Clouds at 240m, Broken Clouds at 910m Haze",2018-03-24
20:00,7°C,6°C,280°7 Km/h,,76%,3°C,1023.0mb,,"document.write(Icons.GetShortDescription(3, 'CurrentWeather'));  Scattered Clouds at 180m, Broken Clouds at 910m Haze",2018-03-24
21:00,7°C,6°C,260°6 Km/h,,76%,3°C,1023.0mb,,"document.write(Icons.GetShortDescription(3, 'CurrentWeather'));  Scattered Clouds at 180m, Broken Clouds at 910m Haze",2018-03-24
22:00,6°C,4°C,300°7 Km/h,,81%,3°C,1023.0mb,,"document.write(Icons.GetShortDescription(3, 'CurrentWeather'));  Scattered Clouds at 150m, Broken Clouds at 910m Haze",2018-03-24
23:00,6°C,4°C,230°7 Km/h,,81%,3°C,1024.0mb,,"document.write(Icons.GetShortDescription(3, 'CurrentWeather'));  Scattered Clouds at 180m, Broken Clouds at 910m Haze",2018-03-24
