Time,Temperature,Relative Temperature,Wind,Wind Gust,Rel. humidity,Dew Point,Pressure,Icon,DescriptionDetails,date
00:00,2°C,0°C,200°7 Km/h,,75%,-2°C,1017.0mb,,"document.write(Icons.GetShortDescription(1, 'CurrentWeather'));",2018-03-23
01:00,1°C,1°C,340°2 Km/h,,75%,-3°C,1017.0mb,,"document.write(Icons.GetShortDescription(1, 'CurrentWeather'));",2018-03-23
02:00,0°C,0°C,60°4 Km/h,,75%,-4°C,1017.0mb,,"document.write(Icons.GetShortDescription(1, 'CurrentWeather'));  Haze",2018-03-23
03:00,-1°C,-1°C,140°4 Km/h,,80%,-4°C,1017.0mb,,"document.write(Icons.GetShortDescription(2, 'CurrentWeather'));  Few Clouds at 300m Haze",2018-03-23
04:00,1°C,-1°C,160°7 Km/h,,75%,-3°C,1018.0mb,,"document.write(Icons.GetShortDescription(2, 'CurrentWeather'));  Few Clouds at 300m Haze",2018-03-23
05:00,1°C,-1°C,150°7 Km/h,,81%,-2°C,1018.0mb,,"document.write(Icons.GetShortDescription(2, 'CurrentWeather'));  Scattered Clouds at 300m Haze",2018-03-23
06:00,1°C,-2°C,150°9 Km/h,,81%,-2°C,1018.0mb,,"document.write(Icons.GetShortDescription(2, 'CurrentWeather'));  Scattered Clouds at 300m Haze",2018-03-23
07:00,2°C,-1°C,160°9 Km/h,,81%,-1°C,1019.0mb,,"document.write(Icons.GetShortDescription(2, 'CurrentWeather'));  Scattered Clouds at 300m Haze",2018-03-23
07:46,3°C,1°C,180°7 Km/h,,75%,-1°C,1020.0mb,,"document.write(Icons.GetShortDescription(2, 'CurrentWeather'));  Scattered Clouds at 460m Haze",2018-03-23
08:00,3°C,2°C,180°6 Km/h,,75%,-1°C,1020.0mb,,"document.write(Icons.GetShortDescription(2, 'CurrentWeather'));  Scattered Clouds at 460m Haze",2018-03-23
09:00,4°C,2°C,180°7 Km/h,,70%,-1°C,1020.0mb,,"document.write(Icons.GetShortDescription(2, 'CurrentWeather'));  Few Clouds at 460m, Scattered Clouds at 910m",2018-03-23
10:00,6°C,5°C,190°6 Km/h,,66%,0°C,1021.0mb,,"document.write(Icons.GetShortDescription(2, 'CurrentWeather'));  Few Clouds at 550m, Scattered Clouds at 910m",2018-03-23
11:00,7°C,6°C,170°7 Km/h,,57%,-1°C,1021.0mb,,"document.write(Icons.GetShortDescription(1, 'CurrentWeather'));",2018-03-23
12:00,10°C,9°C,200°9 Km/h,,47%,-1°C,1020.0mb,,"document.write(Icons.GetShortDescription(1, 'CurrentWeather'));",2018-03-23
13:00,10°C,8°C,230°11 Km/h,,47%,-1°C,1020.0mb,,"document.write(Icons.GetShortDescription(1, 'CurrentWeather'));",2018-03-23
14:00,11°C,11°C,240°13 Km/h,,35%,-4°C,1019.0mb,,"document.write(Icons.GetShortDescription(1, 'CurrentWeather'));",2018-03-23
15:00,11°C,11°C,230°13 Km/h,,35%,-4°C,1019.0mb,,"document.write(Icons.GetShortDescription(1, 'CurrentWeather'));",2018-03-23
16:00,11°C,11°C,300°15 Km/h,,26%,-8°C,1019.0mb,,"document.write(Icons.GetShortDescription(1, 'CurrentWeather'));",2018-03-23
17:00,10°C,8°C,300°15 Km/h,,35%,-5°C,1019.0mb,,"document.write(Icons.GetShortDescription(1, 'CurrentWeather'));",2018-03-23
18:00,8°C,6°C,280°11 Km/h,,43%,-4°C,1019.0mb,,"document.write(Icons.GetShortDescription(1, 'CurrentWeather'));",2018-03-23
19:00,6°C,3°C,300°15 Km/h,,53%,-3°C,1020.0mb,,"document.write(Icons.GetShortDescription(1, 'CurrentWeather'));",2018-03-23
20:00,5°C,3°C,300°9 Km/h,,61%,-2°C,1020.0mb,,"document.write(Icons.GetShortDescription(1, 'CurrentWeather'));",2018-03-23
21:00,4°C,2°C,360°7 Km/h,,65%,-2°C,1021.0mb,,"document.write(Icons.GetShortDescription(1, 'CurrentWeather'));",2018-03-23
22:00,4°C,4°C,340°2 Km/h,,56%,-4°C,1021.0mb,,"document.write(Icons.GetShortDescription(1, 'CurrentWeather'));",2018-03-23
23:00,4°C,3°C,330°6 Km/h,,61%,-3°C,1022.0mb,,"document.write(Icons.GetShortDescription(1, 'CurrentWeather'));",2018-03-23
