Time,Temperature,Relative Temperature,Wind,Wind Gust,Rel. humidity,Dew Point,Pressure,Icon,DescriptionDetails,date
00:00,3°C,3°C,190°2 Km/h,,56%,-5°C,1024.0mb,,"document.write(Icons.GetShortDescription(4, 'CurrentWeather'));  Broken Clouds at 910m, Cloudy at 3400m",2018-01-15
01:00,3°C,2°C,170°6 Km/h,,60%,-4°C,1024.0mb,,"document.write(Icons.GetShortDescription(4, 'CurrentWeather'));  Broken Clouds at 910m, Cloudy at 3000m",2018-01-15
02:00,3°C,0°C,170°13 Km/h,,60%,-4°C,1024.0mb,,"document.write(Icons.GetShortDescription(4, 'CurrentWeather'));  Broken Clouds at 1200m, Cloudy at 3000m",2018-01-15
03:00,3°C,0°C,170°13 Km/h,,65%,-3°C,1023.0mb,,"document.write(Icons.GetShortDescription(4, 'CurrentWeather'));  Broken Clouds at 1100m, Cloudy at 3000m",2018-01-15
04:00,4°C,1°C,210°13 Km/h,,65%,-2°C,1023.0mb,,"document.write(Icons.GetShortDescription(4, 'CurrentWeather'));  Few Clouds at 460m, Broken Clouds at 1100m, Cloudy at 3000m",2018-01-15
05:00,4°C,1°C,210°11 Km/h,,70%,-1°C,1023.0mb,,"document.write(Icons.GetShortDescription(4, 'CurrentWeather'));  Few Clouds at 460m, Broken Clouds at 1100m, Cloudy at 3000m",2018-01-15
06:00,4°C,3°C,210°6 Km/h,,75%,0°C,1023.0mb,,"document.write(Icons.GetShortDescription(7, 'CurrentWeather'));  Few Clouds at 460m, Broken Clouds at 1100m, Cloudy at 3000m Light Rain, Haze",2018-01-15
07:00,3°C,1°C,230°7 Km/h,,81%,0°C,1023.0mb,,"document.write(Icons.GetShortDescription(3, 'CurrentWeather'));  Broken Clouds at 910m, Broken Clouds at 3000m, Scattered Clouds at 910m Haze",2018-01-15
08:00,3°C,2°C,250°6 Km/h,,81%,0°C,1024.0mb,,"document.write(Icons.GetShortDescription(2, 'CurrentWeather'));  Few Clouds at 610m Haze",2018-01-15
09:00,3°C,1°C,280°7 Km/h,,81%,0°C,1024.0mb,,"document.write(Icons.GetShortDescription(2, 'CurrentWeather'));  Few Clouds at 610m Haze",2018-01-15
10:00,4°C,1°C,300°11 Km/h,,75%,0°C,1025.0mb,,"document.write(Icons.GetShortDescription(1, 'CurrentWeather'));",2018-01-15
11:00,6°C,4°C,290°7 Km/h,,71%,1°C,1026.0mb,,"document.write(Icons.GetShortDescription(2, 'CurrentWeather'));  Few Clouds at 760m",2018-01-15
12:00,6°C,4°C,350°11 Km/h,,66%,0°C,1025.0mb,,"document.write(Icons.GetShortDescription(2, 'CurrentWeather'));  Few Clouds at 760m",2018-01-15
13:00,6°C,4°C,340°9 Km/h,,61%,-1°C,1025.0mb,,"document.write(Icons.GetShortDescription(1, 'CurrentWeather'));  Haze",2018-01-15
14:00,7°C,5°C,340°13 Km/h,,34%,-8°C,1023.0mb,,"document.write(Icons.GetShortDescription(1, 'CurrentWeather'));",2018-01-15
15:00,7°C,5°C,350°11 Km/h,,34%,-8°C,1023.0mb,,"document.write(Icons.GetShortDescription(1, 'CurrentWeather'));",2018-01-15
16:00,6°C,3°C,340°13 Km/h,,39%,-7°C,1023.0mb,,"document.write(Icons.GetShortDescription(1, 'CurrentWeather'));",2018-01-15
17:00,5°C,3°C,340°7 Km/h,,42%,-7°C,1023.0mb,,"document.write(Icons.GetShortDescription(1, 'CurrentWeather'));",2018-01-15
18:00,3°C,2°C,340°6 Km/h,,52%,-6°C,1023.0mb,,"document.write(Icons.GetShortDescription(1, 'CurrentWeather'));",2018-01-15
19:00,2°C,2°C,330°4 Km/h,,52%,-7°C,1023.0mb,,"document.write(Icons.GetShortDescription(1, 'CurrentWeather'));",2018-01-15
20:00,2°C,2°C,320°2 Km/h,,56%,-6°C,1023.0mb,,"document.write(Icons.GetShortDescription(1, 'CurrentWeather'));  Haze",2018-01-15
21:00,1°C,-1°C,330°6 Km/h,,60%,-6°C,1023.0mb,,"document.write(Icons.GetShortDescription(1, 'CurrentWeather'));  Haze",2018-01-15
22:00,0°C,-2°C,310°6 Km/h,,60%,-7°C,1023.0mb,,"document.write(Icons.GetShortDescription(1, 'CurrentWeather'));  Haze",2018-01-15
23:00,-1°C,-1°C,30°4 Km/h,,64%,-7°C,1022.0mb,,"document.write(Icons.GetShortDescription(1, 'CurrentWeather'));  Haze",2018-01-15
